AAACCAAAGAAAGGAG-1	HTO5	CD22_B1_nonint_2261
AAACCAAAGACAGGAT-1	HTO1	CD22_m971
AAACCAAAGACTCGAC-1	HTO5	CD22_B1_nonint_2261
AAACCAAAGAGGGACC-1	HTO4	CD22_A11_int_1411
AAACCAAAGCCCATTT-1	HTO2	CD22_i61_2
AAACCAAAGCTACTTC-1	HTO5	CD22_B1_nonint_2261
AAACCAAAGCTTGTAG-1	HTO1	CD22_m971
AAACCAAAGGCACCCA-1	HTO1	CD22_m971
AAACCAGCAACTGAGA-1	HTO2	CD22_i61_2
AAACCAGCAGCGGTAG-1	HTO2	CD22_i61_2
AAACCATTCATACGCA-1	HTO5	CD22_B1_nonint_2261
AAACCATTCATATGTA-1	HTO3	CD22_A3_nonint_4434
AAACCATTCCAAGCTA-1	HTO2	CD22_i61_2
AAACCATTCCCTGCTA-1	HTO3	CD22_A3_nonint_4434
AAACCATTCCCTTCAG-1	HTO3	CD22_A3_nonint_4434
AAACCATTCCTAAGCA-1	HTO5	CD22_B1_nonint_2261
AAACCATTCGTTGTCT-1	HTO4	CD22_A11_int_1411
AAACCCATCAATTCCC-1	HTO1	CD22_m971
AAACCCATCAGCAGTC-1	HTO4	CD22_A11_int_1411
AAACCCATCAGTCAGC-1	HTO2	CD22_i61_2
AAACCCATCCAATAGT-1	HTO4	CD22_A11_int_1411
AAACCCATCCTGCAAA-1	HTO1	CD22_m971
AAACCCATCCTTGTCG-1	HTO3	CD22_A3_nonint_4434
AAACCCATCGCCAATA-1	HTO2	CD22_i61_2
AAACCCATCGTGACGT-1	HTO4	CD22_A11_int_1411
AAACCCATCGTTGCCC-1	HTO4	CD22_A11_int_1411
AAACCCCAGAAAGTGC-1	HTO5	CD22_B1_nonint_2261
AAACCCCAGAAGCGAT-1	HTO2	CD22_i61_2
AAACCCCAGCCCTTGC-1	HTO3	CD22_A3_nonint_4434
AAACCCCAGGGGAGCT-1	HTO2	CD22_i61_2
AAACCCCAGGTCATGC-1	HTO1	CD22_m971
AAACCCCAGGTCCGCA-1	HTO4	CD22_A11_int_1411
AAACCGACAAGTCGAA-1	HTO3	CD22_A3_nonint_4434
AAACCGACAATACCCG-1	HTO4	CD22_A11_int_1411
AAACCGACACTCATTT-1	HTO5	CD22_B1_nonint_2261
AAACCGACAGCTAGGG-1	HTO2	CD22_i61_2
AAACCGCTCAAGTTCG-1	HTO2	CD22_i61_2
AAACCGCTCACAATCG-1	HTO1	CD22_m971
AAACCGCTCATAAGCT-1	HTO1	CD22_m971
AAACCGGAGACAACCC-1	HTO5	CD22_B1_nonint_2261
AAACCGGAGACTCGAC-1	HTO4	CD22_A11_int_1411
AAACCGGAGAGGCAGC-1	HTO5	CD22_B1_nonint_2261
AAACCGGAGAGGTTAA-1	HTO2	CD22_i61_2
AAACCGGAGATGACGG-1	HTO2	CD22_i61_2
AAACCGGAGGTCATCA-1	HTO5	CD22_B1_nonint_2261
AAACCGTGTATGCAGT-1	HTO3	CD22_A3_nonint_4434
AAACCGTGTCATAAGC-1	HTO2	CD22_i61_2
AAACCGTGTCATACAA-1	HTO2	CD22_i61_2
AAACCGTGTGCTGGGT-1	HTO5	CD22_B1_nonint_2261
AAACCTCCAAAGCTTC-1	HTO3	CD22_A3_nonint_4434
AAACCTCCAACATTAT-1	HTO1	CD22_m971
AAACCTCCACATGTCG-1	HTO1	CD22_m971
AAACCTCCACCCTGAA-1	HTO3	CD22_A3_nonint_4434
AAACCTCCACTACGCA-1	HTO5	CD22_B1_nonint_2261
AAACCTCCAGCCTTAG-1	HTO1	CD22_m971
AAACCTCCAGTCTTAA-1	HTO1	CD22_m971
AAACCTGTCAGTCAGC-1	HTO3	CD22_A3_nonint_4434
AAACCTGTCATAGGGG-1	HTO4	CD22_A11_int_1411
AAACCTGTCCTCAGGG-1	HTO5	CD22_B1_nonint_2261
AAACGATCAAACCAGA-1	HTO2	CD22_i61_2
AAACGATCAAGGATCA-1	HTO2	CD22_i61_2
AAACGATCACGCAATT-1	HTO5	CD22_B1_nonint_2261
AAACGATCAGCAGGAT-1	HTO5	CD22_B1_nonint_2261
AAACGATCAGCTCCAA-1	HTO5	CD22_B1_nonint_2261
AAACGATCAGGAGTCG-1	HTO2	CD22_i61_2
AAACGATCAGTCTAAC-1	HTO4	CD22_A11_int_1411
AAACGATCAGTGTAAG-1	HTO4	CD22_A11_int_1411
AAACGCACACAATCAC-1	HTO1	CD22_m971
AAACGCACAGGCTACC-1	HTO3	CD22_A3_nonint_4434
AAACGCGAGAACGACG-1	HTO3	CD22_A3_nonint_4434
AAACGCGAGAGCGACA-1	HTO4	CD22_A11_int_1411
AAACGCGAGCCCATGG-1	HTO3	CD22_A3_nonint_4434
AAACGCGAGCTTGATG-1	HTO5	CD22_B1_nonint_2261
AAACGCTGTACTCATT-1	HTO3	CD22_A3_nonint_4434
AAACGCTGTCATAAGC-1	HTO5	CD22_B1_nonint_2261
AAACGCTGTCGCACCC-1	HTO5	CD22_B1_nonint_2261
AAACGCTGTGTGGGCT-1	HTO5	CD22_B1_nonint_2261
AAACGGAGTAATTCAG-1	HTO2	CD22_i61_2
AAACGGAGTCCGCCGT-1	HTO4	CD22_A11_int_1411
AAACGGAGTCGTAGTG-1	HTO2	CD22_i61_2
AAACGGAGTCTGCATC-1	HTO5	CD22_B1_nonint_2261
AAACGGAGTGCACAGC-1	HTO3	CD22_A3_nonint_4434
AAACGGAGTGCGGTTA-1	HTO5	CD22_B1_nonint_2261
AAACGGCCAATGAATA-1	HTO3	CD22_A3_nonint_4434
AAACGGCCACAGCGAG-1	HTO5	CD22_B1_nonint_2261
AAACGGCCACCACTCT-1	HTO1	CD22_m971
AAACGGCCACGCAACC-1	HTO5	CD22_B1_nonint_2261
AAACGGCCAGTTGGGG-1	HTO4	CD22_A11_int_1411
AAACGGTAGCAATTGT-1	HTO3	CD22_A3_nonint_4434
AAACGGTAGGTAATGA-1	HTO1	CD22_m971
AAACGTAAGAAACGTA-1	HTO3	CD22_A3_nonint_4434
AAACGTAAGAGCATTT-1	HTO1	CD22_m971
AAACGTAAGAGGCGAC-1	HTO5	CD22_B1_nonint_2261
AAACGTAAGCGGATTC-1	HTO2	CD22_i61_2
AAACGTAAGCTTAGGC-1	HTO2	CD22_i61_2
AAACGTAAGGTAGAAC-1	HTO4	CD22_A11_int_1411
AAACGTAAGGTGCGTT-1	HTO3	CD22_A3_nonint_4434
AAACGTAAGGTTGATT-1	HTO5	CD22_B1_nonint_2261
AAACTAACAACGTAAG-1	HTO2	CD22_i61_2
AAACTAACAATGACCT-1	HTO4	CD22_A11_int_1411
AAACTAACACAACGAA-1	HTO2	CD22_i61_2
AAACTAACACCTAGGC-1	HTO5	CD22_B1_nonint_2261
AAACTACTCCGCACTC-1	HTO5	CD22_B1_nonint_2261
AAACTACTCCGGAATC-1	HTO3	CD22_A3_nonint_4434
AAACTAGAGAGGTACG-1	HTO2	CD22_i61_2
AAACTAGAGATCCACA-1	HTO2	CD22_i61_2
AAACTAGAGATTGTGT-1	HTO3	CD22_A3_nonint_4434
AAACTAGAGCTACGTA-1	HTO5	CD22_B1_nonint_2261
AAACTAGAGGGACAAT-1	HTO3	CD22_A3_nonint_4434
AAACTCCCAAGGTTAG-1	HTO2	CD22_i61_2
AAACTCCCACAAGACA-1	HTO5	CD22_B1_nonint_2261
AAACTCCCACGGACCT-1	HTO1	CD22_m971
AAACTCCCAGGCGGTA-1	HTO2	CD22_i61_2
AAACTGCGTCAGTGCA-1	HTO3	CD22_A3_nonint_4434
AAACTGCGTCATGTGG-1	HTO1	CD22_m971
AAACTGCGTGGAATCT-1	HTO2	CD22_i61_2
AAACTTATCATGGTGC-1	HTO4	CD22_A11_int_1411
AAACTTATCCATGCTT-1	HTO5	CD22_B1_nonint_2261
AAACTTATCCTGCAAA-1	HTO5	CD22_B1_nonint_2261
AAACTTATCGGGCTTG-1	HTO5	CD22_B1_nonint_2261
AAAGCAATCAATCCTC-1	HTO5	CD22_B1_nonint_2261
AAAGCAATCACGCTCC-1	HTO2	CD22_i61_2
AAAGCAATCATAGCAT-1	HTO5	CD22_B1_nonint_2261
AAAGCAATCATGAGTT-1	HTO3	CD22_A3_nonint_4434
AAAGCAATCGCTCTCA-1	HTO2	CD22_i61_2
AAAGCATCAACGACCC-1	HTO1	CD22_m971
AAAGCATCAAGCGAGT-1	HTO1	CD22_m971
AAAGCATCACCCTATC-1	HTO2	CD22_i61_2
AAAGCATCAGGCTACC-1	HTO5	CD22_B1_nonint_2261
AAAGCATCAGTCAATC-1	HTO5	CD22_B1_nonint_2261
AAAGCCACAAACGAGC-1	HTO1	CD22_m971
AAAGCCACAAGAGATT-1	HTO5	CD22_B1_nonint_2261
AAAGCCACAATGACAG-1	HTO5	CD22_B1_nonint_2261
AAAGCCACACCAAGGG-1	HTO4	CD22_A11_int_1411
AAAGCCACACCACTCT-1	HTO1	CD22_m971
AAAGCCCTCAAATCCG-1	HTO2	CD22_i61_2
AAAGCCCTCACGCGTG-1	HTO1	CD22_m971
AAAGCCCTCACTTAAA-1	HTO2	CD22_i61_2
AAAGCCCTCCGGTAAC-1	HTO1	CD22_m971
AAAGCCCTCGCTAATG-1	HTO2	CD22_i61_2
AAAGCCCTCGGACCCA-1	HTO5	CD22_B1_nonint_2261
AAAGCCCTCGTCCAAA-1	HTO2	CD22_i61_2
AAAGCCCTCGTTCATC-1	HTO5	CD22_B1_nonint_2261
AAAGCCGAGACGACGA-1	HTO2	CD22_i61_2
AAAGCCGAGGCAACAG-1	HTO2	CD22_i61_2
AAAGCCTGTAGGGTAA-1	HTO4	CD22_A11_int_1411
AAAGCCTGTCAATTCT-1	HTO3	CD22_A3_nonint_4434
AAAGCCTGTCAGCCTT-1	HTO2	CD22_i61_2
AAAGCCTGTGCTTCGT-1	HTO5	CD22_B1_nonint_2261
AAAGCGAGTATGGGCC-1	HTO3	CD22_A3_nonint_4434
AAAGCGAGTCGCACCC-1	HTO2	CD22_i61_2
AAAGCGCCACAGTCAT-1	HTO2	CD22_i61_2
AAAGCGCCAGGTAAAT-1	HTO3	CD22_A3_nonint_4434
AAAGCGTAGATCCGTA-1	HTO3	CD22_A3_nonint_4434
AAAGCGTAGCACCCGA-1	HTO5	CD22_B1_nonint_2261
AAAGCTAAGACATTCG-1	HTO1	CD22_m971
AAAGCTCGTCATCGAG-1	HTO4	CD22_A11_int_1411
AAAGCTCGTCCCTGTG-1	HTO2	CD22_i61_2
AAAGCTCGTCTGTACC-1	HTO5	CD22_B1_nonint_2261
AAAGGAACAACTCACG-1	HTO2	CD22_i61_2
AAAGGAACAATGCTAC-1	HTO3	CD22_A3_nonint_4434
AAAGGAGAGCATGTAT-1	HTO3	CD22_A3_nonint_4434
AAAGGAGAGCTTAGGC-1	HTO4	CD22_A11_int_1411
AAAGGAGAGGCAATCC-1	HTO2	CD22_i61_2
AAAGGCCCAAGCAGTA-1	HTO1	CD22_m971
AAAGGCCCACACAGAA-1	HTO2	CD22_i61_2
AAAGGCCCACTACATA-1	HTO1	CD22_m971
AAAGGCCCACTGGGGA-1	HTO5	CD22_B1_nonint_2261
AAAGGGGCAAACATAA-1	HTO1	CD22_m971
AAAGGGGCAATAGCAG-1	HTO1	CD22_m971
AAAGGGGCAATGCCCA-1	HTO2	CD22_i61_2
AAAGGGGCAGTATACC-1	HTO3	CD22_A3_nonint_4434
AAAGGGGCAGTCTGCA-1	HTO3	CD22_A3_nonint_4434
AAAGGGTTCCCTTCTC-1	HTO1	CD22_m971
AAAGGGTTCCGCAATA-1	HTO5	CD22_B1_nonint_2261
AAAGGGTTCCGTCAAA-1	HTO2	CD22_i61_2
AAAGGGTTCGTAACCA-1	HTO2	CD22_i61_2
AAAGGTATCACCTTAC-1	HTO4	CD22_A11_int_1411
AAAGGTATCACGGTGT-1	HTO5	CD22_B1_nonint_2261
AAAGGTATCAGACACC-1	HTO5	CD22_B1_nonint_2261
AAAGGTATCAGGTGTC-1	HTO1	CD22_m971
AAAGGTATCAGTTGCA-1	HTO1	CD22_m971
AAAGGTATCCTCCGGT-1	HTO5	CD22_B1_nonint_2261
AAAGGTATCGGCTGCA-1	HTO3	CD22_A3_nonint_4434
AAAGGTATCGTGTCGG-1	HTO2	CD22_i61_2
AAAGGTCAGCGGCCTA-1	HTO3	CD22_A3_nonint_4434
AAAGGTCAGGTAATAG-1	HTO1	CD22_m971
AAAGTCAAGAGGCCAA-1	HTO3	CD22_A3_nonint_4434
AAAGTCAAGCCGTCAG-1	HTO1	CD22_m971
AAAGTCAAGGCCTATA-1	HTO2	CD22_i61_2
AAAGTCAAGGTAGGCA-1	HTO3	CD22_A3_nonint_4434
AAAGTGCAGACGTATT-1	HTO1	CD22_m971
AAAGTGCAGAGGGTGC-1	HTO5	CD22_B1_nonint_2261
AAAGTGCAGCACCAAC-1	HTO1	CD22_m971
AAAGTGCAGCAGGGGT-1	HTO2	CD22_i61_2
AAAGTGGGTCATCGCT-1	HTO3	CD22_A3_nonint_4434
AAAGTGGGTGGAGTAA-1	HTO3	CD22_A3_nonint_4434
AAAGTGGGTGGCATTG-1	HTO1	CD22_m971
AAAGTTACAAACGGTA-1	HTO5	CD22_B1_nonint_2261
AAAGTTACAACGTCGC-1	HTO3	CD22_A3_nonint_4434
AAAGTTACAAGCCGAG-1	HTO5	CD22_B1_nonint_2261
AAAGTTACACATGATC-1	HTO1	CD22_m971
AAAGTTACACCTGCAA-1	HTO1	CD22_m971
AAAGTTACACGGTATT-1	HTO3	CD22_A3_nonint_4434
AAAGTTACACTCACCT-1	HTO4	CD22_A11_int_1411
AAAGTTACAGTATAGG-1	HTO2	CD22_i61_2
AAATCAACAATATCTG-1	HTO2	CD22_i61_2
AAATCAACAGGTAACA-1	HTO1	CD22_m971
AAATCACTCAACTCCT-1	HTO2	CD22_i61_2
AAATCACTCATAATGC-1	HTO4	CD22_A11_int_1411
AAATCACTCATCCGCC-1	HTO4	CD22_A11_int_1411
AAATCACTCATTACAA-1	HTO4	CD22_A11_int_1411
AAATCACTCCATTGTC-1	HTO3	CD22_A3_nonint_4434
AAATCACTCCGGCATG-1	HTO5	CD22_B1_nonint_2261
AAATCAGAGAGAAGCT-1	HTO4	CD22_A11_int_1411
AAATCCAGTCCAAAGT-1	HTO4	CD22_A11_int_1411
AAATCCAGTCTAACTT-1	HTO5	CD22_B1_nonint_2261
AAATCCAGTGCTTTCA-1	HTO5	CD22_B1_nonint_2261
AAATCCCCAACCACAT-1	HTO1	CD22_m971
AAATCCCCAACGTCGC-1	HTO5	CD22_B1_nonint_2261
AAATCCCCAGGCGGTA-1	HTO1	CD22_m971
AAATCCGTCAGGAATA-1	HTO2	CD22_i61_2
AAATCTATCAGTTAGT-1	HTO2	CD22_i61_2
AAATCTATCCGTTCTG-1	HTO5	CD22_B1_nonint_2261
AAATCTATCGCTTCAT-1	HTO1	CD22_m971
AAATCTGGTACGTCAG-1	HTO3	CD22_A3_nonint_4434
AAATCTGGTATCGCGA-1	HTO4	CD22_A11_int_1411
AAATCTTCAAATACAA-1	HTO5	CD22_B1_nonint_2261
AAATCTTCAAGCAAGC-1	HTO1	CD22_m971
AAATCTTCACTAAACC-1	HTO2	CD22_i61_2
AAATGACCACATATGC-1	HTO3	CD22_A3_nonint_4434
AAATGACCACCAGCTA-1	HTO1	CD22_m971
AAATGACCACGATGGG-1	HTO1	CD22_m971
AAATGACCAGTATCAC-1	HTO5	CD22_B1_nonint_2261
AAATGCTTCACGCAAC-1	HTO1	CD22_m971
AAATGCTTCACGGTCG-1	HTO5	CD22_B1_nonint_2261
AAATGCTTCATGCGTA-1	HTO2	CD22_i61_2
AAATGCTTCCTAAACG-1	HTO5	CD22_B1_nonint_2261
AAATGCTTCGCACTCC-1	HTO3	CD22_A3_nonint_4434
AAATGCTTCGCCACTC-1	HTO5	CD22_B1_nonint_2261
AAATGCTTCGGGTCAT-1	HTO5	CD22_B1_nonint_2261
AAATGGCAGACTATCG-1	HTO3	CD22_A3_nonint_4434
AAATGGCAGCCTTGCC-1	HTO1	CD22_m971
AAATGGCAGCTTGTAG-1	HTO2	CD22_i61_2
AAATGGCAGGCGAGTA-1	HTO1	CD22_m971
AAATGGGGTACTGGAT-1	HTO1	CD22_m971
AAATGGGGTAGTTTAG-1	HTO1	CD22_m971
AAATGGGGTCAATCCC-1	HTO2	CD22_i61_2
AAATGGGGTGCCATTC-1	HTO5	CD22_B1_nonint_2261
AAATGGGGTGGCAATT-1	HTO3	CD22_A3_nonint_4434
AAATGGGGTGGCTGTA-1	HTO2	CD22_i61_2
AAATGGTCACCTGCAA-1	HTO4	CD22_A11_int_1411
AAATGGTCACTAGGGG-1	HTO4	CD22_A11_int_1411
AAATGTCTCATAATCA-1	HTO5	CD22_B1_nonint_2261
AAATGTCTCATGCTTC-1	HTO1	CD22_m971
AAATGTCTCGCACCCT-1	HTO1	CD22_m971
AAATGTCTCGGTTCGG-1	HTO3	CD22_A3_nonint_4434
AAATTCGGTACCCATC-1	HTO2	CD22_i61_2
AAATTCGGTAGAGTAG-1	HTO2	CD22_i61_2
AAATTCGGTATGAGCT-1	HTO1	CD22_m971
AAATTCGGTGGATGGG-1	HTO4	CD22_A11_int_1411
AAATTCTCAACATCCG-1	HTO2	CD22_i61_2
AAATTCTCACCGGAAG-1	HTO5	CD22_B1_nonint_2261
AAATTGCTCAAGCACC-1	HTO3	CD22_A3_nonint_4434
AAATTGCTCAATTATG-1	HTO2	CD22_i61_2
AAATTGCTCACTGCCC-1	HTO1	CD22_m971
AAATTGCTCCCGGTTC-1	HTO5	CD22_B1_nonint_2261
AAATTGCTCCGAATCA-1	HTO4	CD22_A11_int_1411
AAATTGCTCGCTTTCG-1	HTO4	CD22_A11_int_1411
AAATTGCTCGGGCCTA-1	HTO3	CD22_A3_nonint_4434
AAATTGGAGCCTTAGA-1	HTO4	CD22_A11_int_1411
AAATTTCCAACATATT-1	HTO5	CD22_B1_nonint_2261
AAATTTCCAACTATAT-1	HTO5	CD22_B1_nonint_2261
AAATTTCCAATCTGAC-1	HTO1	CD22_m971
AAATTTCCACAAGCGG-1	HTO3	CD22_A3_nonint_4434
AAATTTCCACACCGTA-1	HTO4	CD22_A11_int_1411
AAATTTCCACCAATTA-1	HTO4	CD22_A11_int_1411
AAATTTCCAGTAACCT-1	HTO5	CD22_B1_nonint_2261
AACACCCAGCAAGCTC-1	HTO3	CD22_A3_nonint_4434
AACACCCAGCCGTAGT-1	HTO5	CD22_B1_nonint_2261
AACACCCAGCGACAAG-1	HTO3	CD22_A3_nonint_4434
AACACCCAGCTACGAC-1	HTO5	CD22_B1_nonint_2261
AACACCCAGGCACGTT-1	HTO1	CD22_m971
AACACCCAGGCGAATG-1	HTO1	CD22_m971
AACACCCAGGCGTCAT-1	HTO2	CD22_i61_2
AACACCTCAAAACTCC-1	HTO2	CD22_i61_2
AACACCTCAACAGAGC-1	HTO1	CD22_m971
AACACCTCAATCACTA-1	HTO2	CD22_i61_2
AACACCTCAGTAAAGT-1	HTO1	CD22_m971
AACACGCTCAACTCCT-1	HTO2	CD22_i61_2
AACACGCTCAGCATTG-1	HTO3	CD22_A3_nonint_4434
AACACGCTCCCTATAC-1	HTO4	CD22_A11_int_1411
AACACGCTCGCCCGTT-1	HTO2	CD22_i61_2
AACACTCCACTCGACA-1	HTO1	CD22_m971
AACACTCCAGGTATCT-1	HTO5	CD22_B1_nonint_2261
AACAGACAGAGCGGTA-1	HTO2	CD22_i61_2
AACAGACAGATGGTGG-1	HTO3	CD22_A3_nonint_4434
AACAGACAGCTGCGAT-1	HTO2	CD22_i61_2
AACAGACAGGCGTAGA-1	HTO2	CD22_i61_2
AACAGAGGTATCATCT-1	HTO1	CD22_m971
AACAGAGGTCCCTAGT-1	HTO5	CD22_B1_nonint_2261
AACAGAGGTGGTGCCG-1	HTO5	CD22_B1_nonint_2261
AACAGCCTCAAGCTTG-1	HTO5	CD22_B1_nonint_2261
AACAGCCTCAATTATG-1	HTO3	CD22_A3_nonint_4434
AACAGCCTCACTCCGC-1	HTO1	CD22_m971
AACAGCCTCCTAGCCC-1	HTO5	CD22_B1_nonint_2261
AACAGGAGTAAATCTG-1	HTO3	CD22_A3_nonint_4434
AACAGGAGTAGAGGTA-1	HTO5	CD22_B1_nonint_2261
AACAGGAGTATTATCC-1	HTO1	CD22_m971
AACAGGAGTATTGTAG-1	HTO4	CD22_A11_int_1411
AACAGGAGTCGCTCTG-1	HTO2	CD22_i61_2
AACAGGAGTGCGAGAG-1	HTO5	CD22_B1_nonint_2261
AACAGGAGTGTTAGCG-1	HTO1	CD22_m971
AACAGGGTCAACCATG-1	HTO4	CD22_A11_int_1411
AACAGGGTCACACGGT-1	HTO2	CD22_i61_2
AACAGGGTCATGTGGC-1	HTO5	CD22_B1_nonint_2261
AACAGGGTCCCTATAC-1	HTO4	CD22_A11_int_1411
AACAGGGTCGTACATG-1	HTO3	CD22_A3_nonint_4434
AACAGGTAGAACGGAT-1	HTO2	CD22_i61_2
AACAGGTAGACTATCG-1	HTO1	CD22_m971
AACAGGTAGACTTCAG-1	HTO3	CD22_A3_nonint_4434
AACAGGTAGCTTAGTG-1	HTO1	CD22_m971
AACAGGTAGGCCCCAA-1	HTO2	CD22_i61_2
AACATAACACACTTAA-1	HTO4	CD22_A11_int_1411
AACATAACAGCGTATT-1	HTO2	CD22_i61_2
AACATAGAGACACGGA-1	HTO1	CD22_m971
AACATAGAGGGAATTA-1	HTO2	CD22_i61_2
AACATGCGTGTAGGTT-1	HTO3	CD22_A3_nonint_4434
AACATGGCAAAAGGCC-1	HTO4	CD22_A11_int_1411
AACATGGCAACGTGGG-1	HTO4	CD22_A11_int_1411
AACATGGCACAATACC-1	HTO3	CD22_A3_nonint_4434
AACATGGCACCATACG-1	HTO5	CD22_B1_nonint_2261
AACATGGCACTGGCAC-1	HTO5	CD22_B1_nonint_2261
AACATGGCAGCATAGA-1	HTO4	CD22_A11_int_1411
AACATGGCAGGATCAA-1	HTO3	CD22_A3_nonint_4434
AACATGGCAGGGCTAG-1	HTO1	CD22_m971
AACATGGCAGTACGCC-1	HTO3	CD22_A3_nonint_4434
AACATTATCACTTTCA-1	HTO3	CD22_A3_nonint_4434
AACATTATCAGACTCA-1	HTO4	CD22_A11_int_1411
AACATTATCCCTGATT-1	HTO5	CD22_B1_nonint_2261
AACATTATCCTCCTTC-1	HTO2	CD22_i61_2
AACATTATCCTGATTC-1	HTO3	CD22_A3_nonint_4434
AACATTATCCTGTATC-1	HTO1	CD22_m971
AACATTATCGCCCTAC-1	HTO2	CD22_i61_2
AACATTATCGTTCACT-1	HTO2	CD22_i61_2
AACATTGGTAACAGAG-1	HTO1	CD22_m971
AACATTGGTAGTGCGC-1	HTO5	CD22_B1_nonint_2261
AACATTGGTCCAGAAT-1	HTO1	CD22_m971
AACATTGGTGCTAGTG-1	HTO2	CD22_i61_2
AACATTTCAAGAAGCC-1	HTO1	CD22_m971
AACATTTCAAGCGTAA-1	HTO4	CD22_A11_int_1411
AACATTTCACACTATA-1	HTO3	CD22_A3_nonint_4434
AACATTTCAGGTATTC-1	HTO5	CD22_B1_nonint_2261
AACCACTCAAAACTCC-1	HTO5	CD22_B1_nonint_2261
AACCACTCAAATACAA-1	HTO3	CD22_A3_nonint_4434
AACCACTCACTAAACC-1	HTO5	CD22_B1_nonint_2261
AACCAGACAAACTCAC-1	HTO3	CD22_A3_nonint_4434
AACCAGACAAGGGACT-1	HTO3	CD22_A3_nonint_4434
AACCAGACAGCGCATC-1	HTO2	CD22_i61_2
AACCAGACAGCTCAAT-1	HTO4	CD22_A11_int_1411
AACCAGACAGTCTATA-1	HTO5	CD22_B1_nonint_2261
AACCAGGAGAATATCC-1	HTO2	CD22_i61_2
AACCAGGAGACAGCAG-1	HTO2	CD22_i61_2
AACCAGGAGACCTACA-1	HTO4	CD22_A11_int_1411
AACCAGGAGCTGACGT-1	HTO1	CD22_m971
AACCAGGAGGCCATGT-1	HTO2	CD22_i61_2
AACCAGGAGGTATCCA-1	HTO3	CD22_A3_nonint_4434
AACCATCCAAGGTTCT-1	HTO5	CD22_B1_nonint_2261
AACCATCCAATACGGA-1	HTO5	CD22_B1_nonint_2261
AACCATCCACCGCATA-1	HTO2	CD22_i61_2
AACCATCCACGATAGA-1	HTO3	CD22_A3_nonint_4434
AACCATCCAGGTAACA-1	HTO5	CD22_B1_nonint_2261
AACCATCCAGTCGGAG-1	HTO2	CD22_i61_2
AACCATGTCCATATCC-1	HTO5	CD22_B1_nonint_2261
AACCATGTCCCAAAGC-1	HTO4	CD22_A11_int_1411
AACCATTAGAAAGCGT-1	HTO3	CD22_A3_nonint_4434
AACCATTAGCACGTAC-1	HTO2	CD22_i61_2
AACCATTAGCCAGTAC-1	HTO5	CD22_B1_nonint_2261
AACCATTAGCGTACAC-1	HTO1	CD22_m971
AACCATTAGCTTGATG-1	HTO5	CD22_B1_nonint_2261
AACCCAATCACATATA-1	HTO4	CD22_A11_int_1411
AACCCAATCACTATAA-1	HTO4	CD22_A11_int_1411
AACCCAATCGCCTAAA-1	HTO2	CD22_i61_2
AACCCAATCGGTTGTA-1	HTO2	CD22_i61_2
AACCCACAGAAGGTGT-1	HTO4	CD22_A11_int_1411
AACCCACAGAGCAAGT-1	HTO2	CD22_i61_2
AACCCACAGAGGGTAT-1	HTO3	CD22_A3_nonint_4434
AACCCACAGCCTCACC-1	HTO2	CD22_i61_2
AACCCACAGCGTCTCC-1	HTO1	CD22_m971
AACCCACAGGTTCGAC-1	HTO5	CD22_B1_nonint_2261
AACCCATCAACTGAGA-1	HTO4	CD22_A11_int_1411
AACCCATCAGCATAAG-1	HTO1	CD22_m971
AACCCCGAGAAGTACA-1	HTO3	CD22_A3_nonint_4434
AACCCCGAGCTAAGCC-1	HTO1	CD22_m971
AACCCCGAGGCAACAG-1	HTO5	CD22_B1_nonint_2261
AACCCCGAGGCGAAGC-1	HTO2	CD22_i61_2
AACCCCGAGGTAAGAC-1	HTO2	CD22_i61_2
AACCCCTGTCCCTCTC-1	HTO2	CD22_i61_2
AACCCGAGTAAGGAAT-1	HTO3	CD22_A3_nonint_4434
AACCCGAGTACTCCCG-1	HTO1	CD22_m971
AACCCGAGTAGGACGG-1	HTO3	CD22_A3_nonint_4434
AACCCGAGTATGGTTA-1	HTO5	CD22_B1_nonint_2261
AACCCGTAGACTTTGG-1	HTO4	CD22_A11_int_1411
AACCCGTAGCATGCGT-1	HTO3	CD22_A3_nonint_4434
AACCCGTAGCGGTTAC-1	HTO5	CD22_B1_nonint_2261
AACCCGTAGGCCATAC-1	HTO3	CD22_A3_nonint_4434
AACCCGTAGGTAAGTA-1	HTO2	CD22_i61_2
AACCCTTTCACGTGGT-1	HTO5	CD22_B1_nonint_2261
AACCCTTTCAGTACAT-1	HTO3	CD22_A3_nonint_4434
AACCCTTTCATAACAC-1	HTO1	CD22_m971
AACCCTTTCATAACTA-1	HTO3	CD22_A3_nonint_4434
AACCCTTTCCGGCAAT-1	HTO4	CD22_A11_int_1411
AACCGAACAAAGCGTA-1	HTO4	CD22_A11_int_1411
AACCGAACAAAGTACG-1	HTO1	CD22_m971
AACCGAACACAGGTAA-1	HTO2	CD22_i61_2
AACCGAACAGCTGACC-1	HTO2	CD22_i61_2
AACCGAACAGTATGTC-1	HTO3	CD22_A3_nonint_4434
AACCGCAGTACCAGAT-1	HTO2	CD22_i61_2
AACCGCAGTACTCGCT-1	HTO1	CD22_m971
AACCGCAGTATGAGCT-1	HTO2	CD22_i61_2
AACCGCAGTCACGCGG-1	HTO3	CD22_A3_nonint_4434
AACCGCAGTCATACGG-1	HTO5	CD22_B1_nonint_2261
AACCGCAGTCGCCCTA-1	HTO1	CD22_m971
AACCGGCGTCTAGTAA-1	HTO3	CD22_A3_nonint_4434
AACCGGCGTCTCGCAT-1	HTO5	CD22_B1_nonint_2261
AACCGGCGTGGTGGAG-1	HTO4	CD22_A11_int_1411
AACCGGGCAAAGCCAA-1	HTO2	CD22_i61_2
AACCGGGCAACAACAG-1	HTO2	CD22_i61_2
AACCGGGCAATTCGGT-1	HTO3	CD22_A3_nonint_4434
AACCGGGCACATAGTC-1	HTO1	CD22_m971
AACCGGGCACCTACTC-1	HTO1	CD22_m971
AACCGGGCAGCTTACG-1	HTO2	CD22_i61_2
AACCGTGGTATGAGTC-1	HTO1	CD22_m971
AACCGTGGTATTATGG-1	HTO5	CD22_B1_nonint_2261
AACCGTGGTGGAAAGC-1	HTO1	CD22_m971
AACCTACCAACATAGG-1	HTO1	CD22_m971
AACCTACCAAGTACGA-1	HTO2	CD22_i61_2
AACCTACCAATCGTAC-1	HTO3	CD22_A3_nonint_4434
AACCTACCACCCTAGA-1	HTO3	CD22_A3_nonint_4434
AACCTACCAGGACGCA-1	HTO5	CD22_B1_nonint_2261
AACCTACCAGTCATCG-1	HTO5	CD22_B1_nonint_2261
AACCTTACAACTCGGC-1	HTO3	CD22_A3_nonint_4434
AACCTTACAAGCGCGA-1	HTO2	CD22_i61_2
AACCTTACACAGGTAA-1	HTO5	CD22_B1_nonint_2261
AACGAAATCACTCCGC-1	HTO2	CD22_i61_2
AACGAAATCATCAGGC-1	HTO5	CD22_B1_nonint_2261
AACGAAATCGTAGGCT-1	HTO1	CD22_m971
AACGAACAGACAAGTA-1	HTO4	CD22_A11_int_1411
AACGAACAGAGGACGC-1	HTO2	CD22_i61_2
AACGAACAGCATGGTC-1	HTO4	CD22_A11_int_1411
AACGAACAGCCAGAGA-1	HTO3	CD22_A3_nonint_4434
AACGAACAGCTCAGGT-1	HTO5	CD22_B1_nonint_2261
AACGAACAGGGCTAGA-1	HTO5	CD22_B1_nonint_2261
AACGAAGGTACGAAAG-1	HTO3	CD22_A3_nonint_4434
AACGAAGGTAGGAGTA-1	HTO3	CD22_A3_nonint_4434
AACGAAGGTAGTCGGC-1	HTO1	CD22_m971
AACGAAGGTCATCTTG-1	HTO3	CD22_A3_nonint_4434
AACGAAGGTCTATAAG-1	HTO4	CD22_A11_int_1411
AACGAAGGTGTGTCAG-1	HTO1	CD22_m971
AACGACGAGATAGGCG-1	HTO1	CD22_m971
AACGACGAGGGGTTTC-1	HTO2	CD22_i61_2
AACGAGAGTGCCATAG-1	HTO2	CD22_i61_2
AACGAGCCAAGCGTAA-1	HTO5	CD22_B1_nonint_2261
AACGAGCCACCCTAAG-1	HTO1	CD22_m971
AACGAGCCACGAGTAA-1	HTO5	CD22_B1_nonint_2261
AACGATAAGATTGTGT-1	HTO2	CD22_i61_2
AACGATAAGCAATTCG-1	HTO4	CD22_A11_int_1411
AACGATAAGCATATCG-1	HTO2	CD22_i61_2
AACGATAAGCCACATA-1	HTO3	CD22_A3_nonint_4434
AACGATAAGCGGGGAT-1	HTO1	CD22_m971
AACGATAAGGCTCTAA-1	HTO2	CD22_i61_2
AACGCAACAAGTACTC-1	HTO3	CD22_A3_nonint_4434
AACGCAACACCACAGC-1	HTO1	CD22_m971
AACGCAACACCATTAA-1	HTO3	CD22_A3_nonint_4434
AACGCAACACTATACA-1	HTO2	CD22_i61_2
AACGCAACAGGGTATA-1	HTO5	CD22_B1_nonint_2261
AACGCAACAGTTAACC-1	HTO5	CD22_B1_nonint_2261
AACGCACTCATGTAGT-1	HTO5	CD22_B1_nonint_2261
AACGCACTCCATCGGG-1	HTO2	CD22_i61_2
AACGCACTCCCTGTCA-1	HTO2	CD22_i61_2
AACGCACTCCGTAACA-1	HTO3	CD22_A3_nonint_4434
AACGCATGTAAGTAGG-1	HTO3	CD22_A3_nonint_4434
AACGCATGTCAAGTTA-1	HTO1	CD22_m971
AACGCATGTCAGCAAT-1	HTO3	CD22_A3_nonint_4434
AACGCATGTCAGCCTT-1	HTO3	CD22_A3_nonint_4434
AACGCATGTGCACGTA-1	HTO3	CD22_A3_nonint_4434
AACGCATGTGGGCAAG-1	HTO3	CD22_A3_nonint_4434
AACGCCAGTACAGAAG-1	HTO2	CD22_i61_2
AACGCCAGTACTCATT-1	HTO4	CD22_A11_int_1411
AACGCCAGTCATCGAG-1	HTO3	CD22_A3_nonint_4434
AACGCCAGTCTGTATT-1	HTO2	CD22_i61_2
AACGCCAGTGCCTGGG-1	HTO3	CD22_A3_nonint_4434
AACGCGAAGAGCTTAT-1	HTO4	CD22_A11_int_1411
AACGCGAAGATGGAGT-1	HTO4	CD22_A11_int_1411
AACGCGAAGCGAAGCA-1	HTO1	CD22_m971
AACGCGAAGCTGCTAA-1	HTO2	CD22_i61_2
AACGCGGCAAGTACTC-1	HTO4	CD22_A11_int_1411
AACGCGGCACGCATAT-1	HTO5	CD22_B1_nonint_2261
AACGCGGCACTATAGC-1	HTO4	CD22_A11_int_1411
AACGCGGCAGTAACCT-1	HTO2	CD22_i61_2
AACGCGGCAGTACGAA-1	HTO1	CD22_m971
AACGCGGCAGTTGAAG-1	HTO3	CD22_A3_nonint_4434
AACGCTGGTGGCGGTT-1	HTO3	CD22_A3_nonint_4434
AACGCTGGTGTAAGCT-1	HTO2	CD22_i61_2
AACGGATAGAATATCC-1	HTO1	CD22_m971
AACGGATAGACTTCAG-1	HTO2	CD22_i61_2
AACGGATAGAGTGCGA-1	HTO2	CD22_i61_2
AACGGCAAGACTCAGC-1	HTO4	CD22_A11_int_1411
AACGGCAAGAGACATA-1	HTO1	CD22_m971
AACGGCAAGCAATAGA-1	HTO5	CD22_B1_nonint_2261
AACGGCAAGCAGTCTA-1	HTO5	CD22_B1_nonint_2261
AACGGCAAGCTAACAT-1	HTO3	CD22_A3_nonint_4434
AACGGCAAGGCAGGGT-1	HTO3	CD22_A3_nonint_4434
AACGGCGCAAAAGGGG-1	HTO2	CD22_i61_2
AACGGCGCAAAATGGT-1	HTO2	CD22_i61_2
AACGGCGCAATAACCC-1	HTO3	CD22_A3_nonint_4434
AACGGCGCAGTATGGA-1	HTO2	CD22_i61_2
AACGGCTTCAACGCAC-1	HTO2	CD22_i61_2
AACGGCTTCAAGCTTG-1	HTO3	CD22_A3_nonint_4434
AACGGCTTCACAATAC-1	HTO1	CD22_m971
AACGGCTTCATTCAAA-1	HTO3	CD22_A3_nonint_4434
AACGGCTTCCAGCAGT-1	HTO1	CD22_m971
AACGGCTTCCCACATT-1	HTO2	CD22_i61_2
AACGGCTTCCCTATGT-1	HTO4	CD22_A11_int_1411
AACGGCTTCCTAATGG-1	HTO2	CD22_i61_2
AACGGCTTCCTGATTC-1	HTO2	CD22_i61_2
AACGGCTTCGTCGAAC-1	HTO2	CD22_i61_2
AACGGGCAGAACGGGC-1	HTO3	CD22_A3_nonint_4434
AACGGGCAGAACGTTT-1	HTO3	CD22_A3_nonint_4434
AACGGGCAGCTTAGTG-1	HTO4	CD22_A11_int_1411
AACGGGTCAAACTCCG-1	HTO4	CD22_A11_int_1411
AACGGGTCAATTCTAG-1	HTO4	CD22_A11_int_1411
AACGGGTCAGCGTATT-1	HTO2	CD22_i61_2
AACGGTACAAAACTAA-1	HTO4	CD22_A11_int_1411
AACGGTACAACTCGAT-1	HTO3	CD22_A3_nonint_4434
AACGGTACAAGGCGCA-1	HTO3	CD22_A3_nonint_4434
AACGGTACACTAATAT-1	HTO3	CD22_A3_nonint_4434
AACGTAAAGCCGTAAC-1	HTO2	CD22_i61_2
AACGTAAAGGGGCTAA-1	HTO3	CD22_A3_nonint_4434
AACGTAAAGGTATGGG-1	HTO2	CD22_i61_2
AACGTAAAGGTTGGAG-1	HTO1	CD22_m971
AACGTATTCAGAAGTA-1	HTO5	CD22_B1_nonint_2261
AACGTATTCAGCCCTC-1	HTO5	CD22_B1_nonint_2261
AACGTATTCCTTCGCA-1	HTO2	CD22_i61_2
AACGTATTCGCTATAG-1	HTO4	CD22_A11_int_1411
AACGTATTCGGTACTA-1	HTO4	CD22_A11_int_1411
AACGTATTCGTCCGCT-1	HTO4	CD22_A11_int_1411
AACGTCGGTATTACAG-1	HTO2	CD22_i61_2
AACGTCGGTGCCTGCC-1	HTO2	CD22_i61_2
AACGTGCTCACTAACG-1	HTO3	CD22_A3_nonint_4434
AACGTGCTCACTCGTT-1	HTO5	CD22_B1_nonint_2261
AACGTGCTCCGTATCT-1	HTO1	CD22_m971
AACGTGGAGACGACAG-1	HTO1	CD22_m971
AACGTGGAGAGTGTAA-1	HTO2	CD22_i61_2
AACGTGGAGATGCGGA-1	HTO3	CD22_A3_nonint_4434
AACGTGGAGGCACGAA-1	HTO2	CD22_i61_2
AACGTGGAGGGGCATA-1	HTO1	CD22_m971
AACGTGGAGGGGTTTC-1	HTO1	CD22_m971
AACGTTCCACCCAGAC-1	HTO5	CD22_B1_nonint_2261
AACGTTCCACTATTCT-1	HTO3	CD22_A3_nonint_4434
AACGTTCCAGCAACCC-1	HTO1	CD22_m971
AACGTTCCAGTATAGG-1	HTO3	CD22_A3_nonint_4434
AACGTTCCAGTTAGTC-1	HTO1	CD22_m971
AACGTTCCAGTTCACG-1	HTO4	CD22_A11_int_1411
AACGTTGTCAGGTAAA-1	HTO5	CD22_B1_nonint_2261
AACGTTGTCATGGCAC-1	HTO2	CD22_i61_2
AACGTTGTCCAAGTGC-1	HTO2	CD22_i61_2
AACGTTGTCGGCTCGA-1	HTO5	CD22_B1_nonint_2261
AACGTTTAGACATTCG-1	HTO3	CD22_A3_nonint_4434
AACGTTTAGATGGCGA-1	HTO5	CD22_B1_nonint_2261
AACGTTTAGCCATCGG-1	HTO2	CD22_i61_2
AACGTTTAGCGAGTAG-1	HTO3	CD22_A3_nonint_4434
AACGTTTAGGCGAAGC-1	HTO2	CD22_i61_2
AACTAAGAGGTATGGG-1	HTO2	CD22_i61_2
AACTAAGAGGTCGGAA-1	HTO2	CD22_i61_2
AACTACCCACAGTCGC-1	HTO2	CD22_i61_2
AACTACCCACTGACAT-1	HTO4	CD22_A11_int_1411
AACTAGAAGATACAGA-1	HTO5	CD22_B1_nonint_2261
AACTAGAAGATCCTAG-1	HTO1	CD22_m971
AACTAGAAGCATGGAG-1	HTO1	CD22_m971
AACTAGAAGCCCACAG-1	HTO4	CD22_A11_int_1411
AACTAGAAGCGGGGAT-1	HTO3	CD22_A3_nonint_4434
AACTAGAAGCTCATGA-1	HTO3	CD22_A3_nonint_4434
AACTAGAAGCTCGAGT-1	HTO1	CD22_m971
AACTAGAAGGTAGGCA-1	HTO5	CD22_B1_nonint_2261
AACTAGGCACGCGTAC-1	HTO1	CD22_m971
AACTAGGCAGCTACAT-1	HTO2	CD22_i61_2
AACTCACCAATACGCT-1	HTO1	CD22_m971
AACTCACCACCTAAAC-1	HTO5	CD22_B1_nonint_2261
AACTCACCAGCGACCT-1	HTO5	CD22_B1_nonint_2261
AACTCATAGCAAATGA-1	HTO2	CD22_i61_2
AACTCATAGCAACCCG-1	HTO2	CD22_i61_2
AACTCATAGCCCTTTG-1	HTO4	CD22_A11_int_1411
AACTCATAGCTACGTA-1	HTO3	CD22_A3_nonint_4434
AACTCATAGCTATAAC-1	HTO3	CD22_A3_nonint_4434
AACTCATAGGCGGAGT-1	HTO5	CD22_B1_nonint_2261
AACTCATAGGCGGATA-1	HTO5	CD22_B1_nonint_2261
AACTCATAGGCTACAC-1	HTO5	CD22_B1_nonint_2261
AACTCCCGTACTCAGG-1	HTO1	CD22_m971
AACTCCCGTATGCGCA-1	HTO2	CD22_i61_2
AACTCCCGTCACGGCG-1	HTO2	CD22_i61_2
AACTCCCGTCAGGTAT-1	HTO5	CD22_B1_nonint_2261
AACTCCCGTCCTAGTC-1	HTO4	CD22_A11_int_1411
AACTCCGCAAAAGCAT-1	HTO2	CD22_i61_2
AACTCCGCAAACGGCG-1	HTO4	CD22_A11_int_1411
AACTCCGCAAGGTTAG-1	HTO2	CD22_i61_2
AACTCCGCAAGTGGGT-1	HTO1	CD22_m971
AACTCCGCAATAACCC-1	HTO4	CD22_A11_int_1411
AACTCCGCAATCAAGG-1	HTO1	CD22_m971
AACTCCGCACAATCAC-1	HTO5	CD22_B1_nonint_2261
AACTCCGCACGTCTAG-1	HTO1	CD22_m971
AACTCCGCACTATAAT-1	HTO5	CD22_B1_nonint_2261
AACTCCGCAGTGGACG-1	HTO4	CD22_A11_int_1411
AACTCGGGTACCTGCT-1	HTO5	CD22_B1_nonint_2261
AACTCGGGTCGTCGGG-1	HTO1	CD22_m971
AACTCGGGTGTGTGCA-1	HTO1	CD22_m971
AACTCGGGTGTTCTCA-1	HTO1	CD22_m971
AACTCTACAATAGTAA-1	HTO1	CD22_m971
AACTCTACAATTACCA-1	HTO4	CD22_A11_int_1411
AACTCTACACTAGGCC-1	HTO3	CD22_A3_nonint_4434
AACTCTACAGGATGAC-1	HTO3	CD22_A3_nonint_4434
AACTCTCTCCCTTCTC-1	HTO1	CD22_m971
AACTGAAAGATAACGA-1	HTO3	CD22_A3_nonint_4434
AACTGCATCAAATGTC-1	HTO4	CD22_A11_int_1411
AACTGCATCACAATTA-1	HTO2	CD22_i61_2
AACTGCATCAGCAGTC-1	HTO3	CD22_A3_nonint_4434
AACTGCATCATGAAAG-1	HTO1	CD22_m971
AACTGCATCCACCCAC-1	HTO2	CD22_i61_2
AACTGCATCCTGAACA-1	HTO2	CD22_i61_2
AACTGCATCCTGACAA-1	HTO5	CD22_B1_nonint_2261
AACTGCATCGCTTCTG-1	HTO1	CD22_m971
AACTGCATCGGAATGG-1	HTO4	CD22_A11_int_1411
AACTGCGGTAACAGGA-1	HTO1	CD22_m971
AACTGCGGTCGCGGAT-1	HTO2	CD22_i61_2
AACTGCGGTCTACGGA-1	HTO1	CD22_m971
AACTTCGAGAAGCGAT-1	HTO3	CD22_A3_nonint_4434
AACTTCGAGACAAGCG-1	HTO3	CD22_A3_nonint_4434
AACTTCGAGACAGGAT-1	HTO2	CD22_i61_2
AACTTCGAGCAATTGT-1	HTO4	CD22_A11_int_1411
AACTTCGAGCTCGTAA-1	HTO1	CD22_m971
AACTTCGAGGCACGAA-1	HTO2	CD22_i61_2
AACTTCGAGGTCCACG-1	HTO5	CD22_B1_nonint_2261
AACTTCTGTCGAGGAG-1	HTO2	CD22_i61_2
AACTTCTGTCGCACCC-1	HTO2	CD22_i61_2
AACTTCTGTCTGCAAG-1	HTO3	CD22_A3_nonint_4434
AACTTCTGTGCTAGTG-1	HTO5	CD22_B1_nonint_2261
AACTTCTGTGTTATGA-1	HTO1	CD22_m971
AACTTGTAGACGACGA-1	HTO3	CD22_A3_nonint_4434
AACTTGTAGGGACGGT-1	HTO5	CD22_B1_nonint_2261
AACTTGTAGGGTAGGC-1	HTO1	CD22_m971
AACTTGTAGGTCCTAA-1	HTO2	CD22_i61_2
AACTTGTAGGTTCTAG-1	HTO5	CD22_B1_nonint_2261
AACTTTCGTACACCCT-1	HTO4	CD22_A11_int_1411
AACTTTCGTACAGAAG-1	HTO1	CD22_m971
AACTTTCGTCGAAGGG-1	HTO2	CD22_i61_2
AACTTTCGTGCGTAGC-1	HTO4	CD22_A11_int_1411
AACTTTCGTGGGCAAG-1	HTO3	CD22_A3_nonint_4434
AACTTTCGTGGGGCTT-1	HTO2	CD22_i61_2
AACTTTCGTGGTAATC-1	HTO2	CD22_i61_2
AAGCAAATCAATTCCC-1	HTO2	CD22_i61_2
AAGCAAGGTACAGAAG-1	HTO1	CD22_m971
AAGCAAGGTAGGCCCG-1	HTO4	CD22_A11_int_1411
AAGCAAGGTATCATTC-1	HTO3	CD22_A3_nonint_4434
AAGCAAGGTATCTCAT-1	HTO5	CD22_B1_nonint_2261
AAGCAAGGTCCGCATT-1	HTO2	CD22_i61_2
AAGCAAGGTCTGTCTA-1	HTO4	CD22_A11_int_1411
AAGCAAGGTGGCTTGA-1	HTO1	CD22_m971
AAGCAAGGTGTATTCT-1	HTO1	CD22_m971
AAGCAAGGTGTCGAAT-1	HTO3	CD22_A3_nonint_4434
AAGCAATCAATCATCA-1	HTO3	CD22_A3_nonint_4434
AAGCAATCACCGTTTC-1	HTO3	CD22_A3_nonint_4434
AAGCAATCAGGACAAC-1	HTO5	CD22_B1_nonint_2261
AAGCACCTCACGCTAA-1	HTO5	CD22_B1_nonint_2261
AAGCACCTCACGTCAA-1	HTO1	CD22_m971
AAGCACCTCAGGTAAA-1	HTO1	CD22_m971
AAGCACCTCCGAATTG-1	HTO1	CD22_m971
AAGCACCTCCTAACTC-1	HTO1	CD22_m971
AAGCACCTCCTGTTCG-1	HTO4	CD22_A11_int_1411
AAGCACCTCGGCAATC-1	HTO1	CD22_m971
AAGCATAAGAACTTGT-1	HTO1	CD22_m971
AAGCATAAGAGTATAG-1	HTO2	CD22_i61_2
AAGCATAAGCTCTGGG-1	HTO5	CD22_B1_nonint_2261
AAGCATAAGGCGTAGA-1	HTO3	CD22_A3_nonint_4434
AAGCATAAGGTAATTC-1	HTO5	CD22_B1_nonint_2261
AAGCATAAGGTCCAGT-1	HTO3	CD22_A3_nonint_4434
AAGCATCGTATGCCTC-1	HTO2	CD22_i61_2
AAGCATCGTCATACGG-1	HTO5	CD22_B1_nonint_2261
AAGCATCGTCTGATAA-1	HTO2	CD22_i61_2
AAGCATCGTGGAGCCT-1	HTO1	CD22_m971
AAGCATGCACTGGAGG-1	HTO1	CD22_m971
AAGCATGCAGCCTGAC-1	HTO2	CD22_i61_2
AAGCATTTCAAGTTCG-1	HTO5	CD22_B1_nonint_2261
AAGCATTTCACTTAAA-1	HTO3	CD22_A3_nonint_4434
AAGCATTTCCATTACC-1	HTO5	CD22_B1_nonint_2261
AAGCCAACAAATGCGA-1	HTO5	CD22_B1_nonint_2261
AAGCCAACAACACGCC-1	HTO5	CD22_B1_nonint_2261
AAGCCAACAACTCCCT-1	HTO1	CD22_m971
AAGCCAACAATTACCA-1	HTO1	CD22_m971
AAGCCAACAGTACATC-1	HTO4	CD22_A11_int_1411
AAGCCACTCCTAGCCC-1	HTO2	CD22_i61_2
AAGCCACTCCTGCACC-1	HTO4	CD22_A11_int_1411
AAGCCAGAGACCTACA-1	HTO5	CD22_B1_nonint_2261
AAGCCAGAGCAAGATA-1	HTO2	CD22_i61_2
AAGCCAGAGGTCTAGC-1	HTO2	CD22_i61_2
AAGCCATGTAAGTCTA-1	HTO4	CD22_A11_int_1411
AAGCCATGTAAGTGCT-1	HTO1	CD22_m971
AAGCCATGTACTTCAT-1	HTO5	CD22_B1_nonint_2261
AAGCCATGTCATGGAT-1	HTO4	CD22_A11_int_1411
AAGCCATGTCCTGATC-1	HTO1	CD22_m971
AAGCCATGTCTACGGA-1	HTO4	CD22_A11_int_1411
AAGCCATGTCTTGTGC-1	HTO1	CD22_m971
AAGCCATGTGCTCCGC-1	HTO1	CD22_m971
AAGCCCAGTAATTGTG-1	HTO2	CD22_i61_2
AAGCCCAGTATTCTGT-1	HTO3	CD22_A3_nonint_4434
AAGCCCAGTCACCCAT-1	HTO2	CD22_i61_2
AAGCCCAGTCGGGTTA-1	HTO1	CD22_m971
AAGCCCAGTCGGTTCT-1	HTO5	CD22_B1_nonint_2261
AAGCCCAGTCTTGATT-1	HTO5	CD22_B1_nonint_2261
AAGCCCAGTGTCGGCG-1	HTO3	CD22_A3_nonint_4434
AAGCCGAAGAGGGACC-1	HTO5	CD22_B1_nonint_2261
AAGCCGAAGGCAAGCA-1	HTO5	CD22_B1_nonint_2261
AAGCCGAAGGTCTGTA-1	HTO2	CD22_i61_2
AAGCCGCGTACCAGAT-1	HTO5	CD22_B1_nonint_2261
AAGCCGGCACGTCGTA-1	HTO4	CD22_A11_int_1411
AAGCCTATCAGTGCTA-1	HTO1	CD22_m971
AAGCGATAGCGTCATA-1	HTO1	CD22_m971
AAGCGATAGCTGTAAT-1	HTO3	CD22_A3_nonint_4434
AAGCGATAGGCTTCCC-1	HTO2	CD22_i61_2
AAGCGATAGGTCCGCA-1	HTO2	CD22_i61_2
AAGCGCCGTAAGCAAG-1	HTO5	CD22_B1_nonint_2261
AAGCGCCGTACGTTGG-1	HTO5	CD22_B1_nonint_2261
AAGCGGCAGACAGGAT-1	HTO4	CD22_A11_int_1411
AAGCGGCAGCAATATC-1	HTO1	CD22_m971
AAGCGGCAGCCTAATG-1	HTO1	CD22_m971
AAGCGGCAGGGGTACA-1	HTO1	CD22_m971
AAGCGGCAGGTCGCCA-1	HTO4	CD22_A11_int_1411
AAGCGTACAAGCGAAC-1	HTO3	CD22_A3_nonint_4434
AAGCGTACAATTGCTA-1	HTO3	CD22_A3_nonint_4434
AAGCGTACACTACGCA-1	HTO4	CD22_A11_int_1411
AAGCGTCTCCACAACA-1	HTO2	CD22_i61_2
AAGCGTCTCCATTCAC-1	HTO2	CD22_i61_2
AAGCGTCTCCTATCCG-1	HTO2	CD22_i61_2
AAGCGTCTCGCGGATT-1	HTO5	CD22_B1_nonint_2261
AAGCGTGAGATCTTGG-1	HTO4	CD22_A11_int_1411
AAGCGTTGTATGGCCA-1	HTO5	CD22_B1_nonint_2261
AAGCTAAAGATATACC-1	HTO1	CD22_m971
AAGCTAAAGCATTCAG-1	HTO4	CD22_A11_int_1411
AAGCTAGCACGTTCAG-1	HTO3	CD22_A3_nonint_4434
AAGCTATTCAACCATG-1	HTO2	CD22_i61_2
AAGCTATTCCCAAAGC-1	HTO2	CD22_i61_2
AAGCTCATCACAGACC-1	HTO1	CD22_m971
AAGCTCATCACTCATC-1	HTO2	CD22_i61_2
AAGCTCATCACTTGCT-1	HTO2	CD22_i61_2
AAGCTCATCATCTTCA-1	HTO5	CD22_B1_nonint_2261
AAGCTCATCATGTAAC-1	HTO2	CD22_i61_2
AAGCTCATCGCACCCT-1	HTO4	CD22_A11_int_1411
AAGCTCATCGTGAACC-1	HTO5	CD22_B1_nonint_2261
AAGCTCTCAAGGGCAT-1	HTO4	CD22_A11_int_1411
AAGCTTCCAACCAGAA-1	HTO2	CD22_i61_2
AAGCTTCCACACCGTA-1	HTO1	CD22_m971
AAGCTTCCAGCTAGCC-1	HTO2	CD22_i61_2
AAGCTTCCAGGAATCA-1	HTO3	CD22_A3_nonint_4434
AAGCTTTAGCCACTAA-1	HTO2	CD22_i61_2
AAGCTTTAGGGTTAGG-1	HTO5	CD22_B1_nonint_2261
AAGGAATGTAAATTCG-1	HTO2	CD22_i61_2
AAGGAATGTACGTCAG-1	HTO2	CD22_i61_2
AAGGAATGTAGAGGGT-1	HTO5	CD22_B1_nonint_2261
AAGGAATGTGTGTATA-1	HTO5	CD22_B1_nonint_2261
AAGGACCCACAGTCGC-1	HTO4	CD22_A11_int_1411
AAGGACCCACTAACCG-1	HTO4	CD22_A11_int_1411
AAGGACCCAGTCAAGA-1	HTO2	CD22_i61_2
AAGGAGGCAAGCAGTA-1	HTO1	CD22_m971
AAGGAGGCAAGCATTC-1	HTO4	CD22_A11_int_1411
AAGGAGGCAAGTCGGG-1	HTO1	CD22_m971
AAGGAGGCAAGTGTTC-1	HTO3	CD22_A3_nonint_4434
AAGGAGGCACAACTCG-1	HTO2	CD22_i61_2
AAGGAGGCACTGTAAC-1	HTO4	CD22_A11_int_1411
AAGGAGGCAGTGCATT-1	HTO4	CD22_A11_int_1411
AAGGAGGCAGTTAGTC-1	HTO1	CD22_m971
AAGGCACCACAGTTTA-1	HTO4	CD22_A11_int_1411
AAGGCACCACATTGGT-1	HTO5	CD22_B1_nonint_2261
AAGGCACCACCACCAA-1	HTO1	CD22_m971
AAGGCACCACTGGGCT-1	HTO2	CD22_i61_2
AAGGCACCAGGATGAC-1	HTO5	CD22_B1_nonint_2261
AAGGCATAGAAGGTTA-1	HTO5	CD22_B1_nonint_2261
AAGGCATAGACGAACG-1	HTO4	CD22_A11_int_1411
AAGGCATAGACTTACG-1	HTO4	CD22_A11_int_1411
AAGGCATAGCGTTAAT-1	HTO5	CD22_B1_nonint_2261
AAGGCCCGTAGGCGGA-1	HTO3	CD22_A3_nonint_4434
AAGGCCCGTATAGCGT-1	HTO2	CD22_i61_2
AAGGCCCGTCAGCCTT-1	HTO1	CD22_m971
AAGGCCCGTCCTTAAT-1	HTO1	CD22_m971
AAGGCCCGTGCGATGC-1	HTO3	CD22_A3_nonint_4434
AAGGCCCGTGGCATAT-1	HTO3	CD22_A3_nonint_4434
AAGGCCGCACACAACT-1	HTO5	CD22_B1_nonint_2261
AAGGCCGCACTCCGAA-1	HTO5	CD22_B1_nonint_2261
AAGGCCGCAGGGAGAA-1	HTO4	CD22_A11_int_1411
AAGGCGCAGAGCCCAT-1	HTO1	CD22_m971
AAGGCGCAGAGTTAAG-1	HTO2	CD22_i61_2
AAGGCGCAGCAGGGAC-1	HTO4	CD22_A11_int_1411
AAGGCGCAGCTTCGTT-1	HTO2	CD22_i61_2
AAGGCGCAGGTTGCCG-1	HTO2	CD22_i61_2
AAGGCTCTCAAATTGC-1	HTO5	CD22_B1_nonint_2261
AAGGCTCTCACCCATT-1	HTO4	CD22_A11_int_1411
AAGGCTCTCACTATCC-1	HTO2	CD22_i61_2
AAGGCTCTCAGTTTAA-1	HTO5	CD22_B1_nonint_2261
AAGGCTCTCGCATCAA-1	HTO4	CD22_A11_int_1411
AAGGCTGAGAGCAAGT-1	HTO3	CD22_A3_nonint_4434
AAGGCTGAGATACGAA-1	HTO4	CD22_A11_int_1411
AAGGCTGAGCTGCAGT-1	HTO3	CD22_A3_nonint_4434
AAGGCTGAGGCTAACC-1	HTO2	CD22_i61_2
AAGGCTGAGGTGGGTA-1	HTO3	CD22_A3_nonint_4434
AAGGGACGTAAAGTGG-1	HTO3	CD22_A3_nonint_4434
AAGGGACGTAACAGAG-1	HTO5	CD22_B1_nonint_2261
AAGGGACGTACTACGG-1	HTO5	CD22_B1_nonint_2261
AAGGGACGTCGCCGTC-1	HTO2	CD22_i61_2
AAGGGAGCAAAAGCAT-1	HTO4	CD22_A11_int_1411
AAGGGAGCAACCTCAG-1	HTO2	CD22_i61_2
AAGGGAGCAACCTTAA-1	HTO5	CD22_B1_nonint_2261
AAGGGAGCAATTACCA-1	HTO4	CD22_A11_int_1411
AAGGGAGCACAACTAC-1	HTO5	CD22_B1_nonint_2261
AAGGGAGCACTCGGGT-1	HTO1	CD22_m971
AAGGGAGCAGGATTAG-1	HTO5	CD22_B1_nonint_2261
AAGGGCATCACCAAGC-1	HTO4	CD22_A11_int_1411
AAGGGCATCACGCTCC-1	HTO5	CD22_B1_nonint_2261
AAGGGCATCATTAAGC-1	HTO2	CD22_i61_2
AAGGGCATCCCTAGGG-1	HTO5	CD22_B1_nonint_2261
AAGGGCATCGGTCCCT-1	HTO2	CD22_i61_2
AAGGGCCAGAACCAGG-1	HTO1	CD22_m971
AAGGGCCAGAAGCGTG-1	HTO1	CD22_m971
AAGGGCCAGACGCGAA-1	HTO5	CD22_B1_nonint_2261
AAGGGCCAGACGTCAC-1	HTO1	CD22_m971
AAGGGCCAGCCCTTAT-1	HTO4	CD22_A11_int_1411
AAGGGCCAGCCCTTGC-1	HTO5	CD22_B1_nonint_2261
AAGGGCCAGCGGGGAT-1	HTO4	CD22_A11_int_1411
AAGGGCCAGGCGTTAC-1	HTO5	CD22_B1_nonint_2261
AAGGGGACAATGTGTC-1	HTO1	CD22_m971
AAGGGGCTCATTACAA-1	HTO4	CD22_A11_int_1411
AAGGGGCTCCAAGTAT-1	HTO1	CD22_m971
AAGGGGCTCCGTCGTC-1	HTO2	CD22_i61_2
AAGGGGCTCCTGTACT-1	HTO2	CD22_i61_2
AAGGGGCTCGCCCGTT-1	HTO5	CD22_B1_nonint_2261
AAGGGTAGTACTTCTG-1	HTO2	CD22_i61_2
AAGGGTAGTCATATTC-1	HTO2	CD22_i61_2
AAGGGTAGTCGCTATC-1	HTO2	CD22_i61_2
AAGGGTAGTCTAGGTG-1	HTO5	CD22_B1_nonint_2261
AAGGGTAGTGCTCTGT-1	HTO2	CD22_i61_2
AAGGGTGTCATAACAC-1	HTO1	CD22_m971
AAGGGTTAGACCCGAT-1	HTO4	CD22_A11_int_1411
AAGGGTTAGAGGGGCT-1	HTO5	CD22_B1_nonint_2261
AAGGGTTAGCAGGCTT-1	HTO4	CD22_A11_int_1411
AAGGGTTAGCATGTAT-1	HTO4	CD22_A11_int_1411
AAGGGTTAGCTGCAAC-1	HTO5	CD22_B1_nonint_2261
AAGGGTTAGGCTACCG-1	HTO2	CD22_i61_2
AAGGGTTAGGTCACGT-1	HTO2	CD22_i61_2
AAGGTAATCACTAACG-1	HTO3	CD22_A3_nonint_4434
AAGGTAATCCGCCTAC-1	HTO1	CD22_m971
AAGGTAATCGGGCATT-1	HTO1	CD22_m971
AAGGTAATCGGGGTAA-1	HTO4	CD22_A11_int_1411
AAGGTAGGTAGTCGGC-1	HTO1	CD22_m971
AAGGTAGGTCTATAAG-1	HTO4	CD22_A11_int_1411
AAGGTAGGTGGTATGT-1	HTO4	CD22_A11_int_1411
AAGGTAGGTGTCCTTA-1	HTO3	CD22_A3_nonint_4434
AAGGTAGGTGTGGCCG-1	HTO3	CD22_A3_nonint_4434
AAGGTCTGTAGGCAGG-1	HTO2	CD22_i61_2
AAGGTCTGTATATCAG-1	HTO2	CD22_i61_2
AAGGTCTGTCATTTCG-1	HTO5	CD22_B1_nonint_2261
AAGGTCTGTCTATCGC-1	HTO4	CD22_A11_int_1411
AAGGTGTAGATACGAA-1	HTO1	CD22_m971
AAGGTGTAGATCGACC-1	HTO2	CD22_i61_2
AAGGTGTAGCTGCGAT-1	HTO5	CD22_B1_nonint_2261
AAGGTTAAGAATGGCG-1	HTO1	CD22_m971
AAGGTTAAGACCATGC-1	HTO3	CD22_A3_nonint_4434
AAGGTTAAGACGTCAC-1	HTO5	CD22_B1_nonint_2261
AAGGTTAAGCCATTAG-1	HTO3	CD22_A3_nonint_4434
AAGGTTAAGCGTCTCC-1	HTO1	CD22_m971
AAGGTTAAGCTAAACT-1	HTO5	CD22_B1_nonint_2261
AAGGTTAAGGGAGATT-1	HTO1	CD22_m971
AAGGTTAAGGGAGGTC-1	HTO2	CD22_i61_2
AAGGTTAAGGGTGATG-1	HTO1	CD22_m971
AAGGTTAAGGTCGGTT-1	HTO5	CD22_B1_nonint_2261
AAGGTTCGTCGGAATT-1	HTO4	CD22_A11_int_1411
AAGTAACCAAGCCGTC-1	HTO4	CD22_A11_int_1411
AAGTAACCACATTAGC-1	HTO3	CD22_A3_nonint_4434
AAGTAACCACCGCATA-1	HTO5	CD22_B1_nonint_2261
AAGTAACCACTAACCG-1	HTO1	CD22_m971
AAGTAACCACTTAGTA-1	HTO1	CD22_m971
AAGTAACCACTTCTAT-1	HTO4	CD22_A11_int_1411
AAGTACAAGATCCTAG-1	HTO5	CD22_B1_nonint_2261
AAGTACAAGATGCCAC-1	HTO1	CD22_m971
AAGTACAAGATTGGTT-1	HTO2	CD22_i61_2
AAGTACAAGGGTGAAT-1	HTO5	CD22_B1_nonint_2261
AAGTACAAGGTCTGTA-1	HTO2	CD22_i61_2
AAGTACGCACATGCCA-1	HTO5	CD22_B1_nonint_2261
AAGTACGCACCTTCTA-1	HTO3	CD22_A3_nonint_4434
AAGTACGCAGCCTTTC-1	HTO4	CD22_A11_int_1411
AAGTACGCAGGATTTC-1	HTO4	CD22_A11_int_1411
AAGTAGCAGATACAAG-1	HTO5	CD22_B1_nonint_2261
AAGTAGCAGGTCCAGT-1	HTO2	CD22_i61_2
AAGTAGGGTAAGGCCC-1	HTO2	CD22_i61_2
AAGTAGGGTGCTATCC-1	HTO2	CD22_i61_2
AAGTAGGGTGGAATTC-1	HTO3	CD22_A3_nonint_4434
AAGTAGGGTGTATTCT-1	HTO5	CD22_B1_nonint_2261
AAGTATACAACGCACC-1	HTO1	CD22_m971
AAGTATACAATGACCT-1	HTO4	CD22_A11_int_1411
AAGTATACACATGAAG-1	HTO2	CD22_i61_2
AAGTATACAGTGTTAC-1	HTO3	CD22_A3_nonint_4434
AAGTCCATCCCACGCT-1	HTO1	CD22_m971
AAGTCCATCCTGTACT-1	HTO1	CD22_m971
AAGTCCGGTAAACGGA-1	HTO5	CD22_B1_nonint_2261
AAGTCCGGTACTAATG-1	HTO2	CD22_i61_2
AAGTCCGGTCACCGCC-1	HTO5	CD22_B1_nonint_2261
AAGTCCGGTGGTAGGG-1	HTO3	CD22_A3_nonint_4434
AAGTCGCTCATGGCGT-1	HTO3	CD22_A3_nonint_4434
AAGTCGCTCCACCGCT-1	HTO4	CD22_A11_int_1411
AAGTCGCTCCTATGTC-1	HTO3	CD22_A3_nonint_4434
AAGTCGCTCGCTGAGT-1	HTO4	CD22_A11_int_1411
AAGTCGCTCGCTTCCA-1	HTO1	CD22_m971
AAGTCTAGTCGCACCC-1	HTO2	CD22_i61_2
AAGTCTAGTCGCGTGG-1	HTO5	CD22_B1_nonint_2261
AAGTCTAGTGCTTAGG-1	HTO5	CD22_B1_nonint_2261
AAGTCTAGTGTCGCTT-1	HTO2	CD22_i61_2
AAGTCTCCAAGCGCTC-1	HTO4	CD22_A11_int_1411
AAGTCTCCAATGTGAG-1	HTO5	CD22_B1_nonint_2261
AAGTCTCCACACAGCC-1	HTO5	CD22_B1_nonint_2261
AAGTGAGGTACATTCT-1	HTO4	CD22_A11_int_1411
AAGTGAGGTATATGTG-1	HTO5	CD22_B1_nonint_2261
AAGTGAGGTGGTTGGC-1	HTO5	CD22_B1_nonint_2261
AAGTGCACAAGCTTCG-1	HTO4	CD22_A11_int_1411
AAGTGCACAAGGACTA-1	HTO5	CD22_B1_nonint_2261
AAGTGCACAAGGGCAT-1	HTO1	CD22_m971
AAGTGCACAAGGGGAA-1	HTO1	CD22_m971
AAGTGCACAATATTCG-1	HTO4	CD22_A11_int_1411
AAGTGCACACCGACAC-1	HTO2	CD22_i61_2
AAGTGCACACTGTAAC-1	HTO4	CD22_A11_int_1411
AAGTGCACACTTCTAT-1	HTO3	CD22_A3_nonint_4434
AAGTGCACAGCGCATC-1	HTO2	CD22_i61_2
AAGTGCACAGGCATTT-1	HTO2	CD22_i61_2
AAGTGCACAGTTGGTT-1	HTO4	CD22_A11_int_1411
AAGTGCTGTAACGAAG-1	HTO3	CD22_A3_nonint_4434
AAGTGCTGTCCAGTAG-1	HTO5	CD22_B1_nonint_2261
AAGTGCTGTGCTTTCA-1	HTO4	CD22_A11_int_1411
AAGTGTAAGAAACGGT-1	HTO3	CD22_A3_nonint_4434
AAGTGTAAGAGTTGGG-1	HTO2	CD22_i61_2
AAGTGTAAGGCTTACA-1	HTO2	CD22_i61_2
AAGTGTAAGGCTTTAG-1	HTO2	CD22_i61_2
AAGTGTCGTAACTCCC-1	HTO3	CD22_A3_nonint_4434
AAGTGTCGTAAGCCCA-1	HTO3	CD22_A3_nonint_4434
AAGTGTCGTACGCTTC-1	HTO2	CD22_i61_2
AAGTGTCGTATGTTAG-1	HTO2	CD22_i61_2
AAGTGTCGTGTTACCC-1	HTO3	CD22_A3_nonint_4434
AAGTTCCCAACGTTCG-1	HTO5	CD22_B1_nonint_2261
AAGTTCCCAACTGTCG-1	HTO3	CD22_A3_nonint_4434
AAGTTCCCAAGTTACC-1	HTO2	CD22_i61_2
AAGTTCCCACGGAAAC-1	HTO2	CD22_i61_2
AAGTTCCCACTACTCC-1	HTO2	CD22_i61_2
AAGTTCCCAGTCCGTA-1	HTO4	CD22_A11_int_1411
AAGTTCGTCATCATCC-1	HTO1	CD22_m971
AAGTTCGTCCACCATT-1	HTO1	CD22_m971
AAGTTCGTCCATATCC-1	HTO2	CD22_i61_2
AAGTTGCGTCCTTCGG-1	HTO2	CD22_i61_2
AAGTTGCGTCTTATGT-1	HTO3	CD22_A3_nonint_4434
AAGTTGCGTGTAGAAG-1	HTO4	CD22_A11_int_1411
AAGTTTGGTCATAAGC-1	HTO2	CD22_i61_2
AATACAACAAACCAGA-1	HTO1	CD22_m971
AATACAACAAACGGCG-1	HTO2	CD22_i61_2
AATACAACAAGCAAAT-1	HTO1	CD22_m971
AATACAACAATAGGGC-1	HTO3	CD22_A3_nonint_4434
AATACAACACCTAACG-1	HTO2	CD22_i61_2
AATACAACAGTGTTAC-1	HTO3	CD22_A3_nonint_4434
AATACAGAGAATCTGT-1	HTO5	CD22_B1_nonint_2261
AATACAGAGACGAAGT-1	HTO4	CD22_A11_int_1411
AATACAGAGACTCAGC-1	HTO5	CD22_B1_nonint_2261
AATACAGAGAGGCGAC-1	HTO3	CD22_A3_nonint_4434
AATACAGAGATGGGTG-1	HTO2	CD22_i61_2
AATACAGAGCACCACG-1	HTO4	CD22_A11_int_1411
AATACAGAGCGCCAAT-1	HTO5	CD22_B1_nonint_2261
AATACCCCAAGCGATA-1	HTO5	CD22_B1_nonint_2261
AATACCCCAAGGGCAT-1	HTO2	CD22_i61_2
AATACCCCAATCCTAA-1	HTO4	CD22_A11_int_1411
AATACCCCACTCATTT-1	HTO1	CD22_m971
AATACCCCACTGAAAG-1	HTO2	CD22_i61_2
AATACCCCAGCAATAG-1	HTO1	CD22_m971
AATACCCCAGGTAAAT-1	HTO5	CD22_B1_nonint_2261
AATACGAAGAAGCGTG-1	HTO1	CD22_m971
AATACGAAGACGGAGC-1	HTO4	CD22_A11_int_1411
AATACGAAGCACAAGG-1	HTO5	CD22_B1_nonint_2261
AATACGAAGCAGGGGT-1	HTO1	CD22_m971
AATACGAAGGCACCCA-1	HTO5	CD22_B1_nonint_2261
AATACGTTCAACCAAT-1	HTO4	CD22_A11_int_1411
AATACGTTCACTTCGT-1	HTO5	CD22_B1_nonint_2261
AATACGTTCATAGGGG-1	HTO5	CD22_B1_nonint_2261
AATACGTTCCAATCAG-1	HTO1	CD22_m971
AATACGTTCCCATAAG-1	HTO1	CD22_m971
AATACGTTCGTAGATT-1	HTO3	CD22_A3_nonint_4434
AATACTGGTAATGTGC-1	HTO2	CD22_i61_2
AATACTGGTAGCAGTT-1	HTO2	CD22_i61_2
AATACTGGTAGGACGG-1	HTO1	CD22_m971
AATACTGGTATGCAGT-1	HTO5	CD22_B1_nonint_2261
AATACTGGTCGACTTC-1	HTO4	CD22_A11_int_1411
AATACTGGTCTAAAGC-1	HTO4	CD22_A11_int_1411
AATATAGCAATACCTA-1	HTO5	CD22_B1_nonint_2261
AATATAGCACCTCACT-1	HTO2	CD22_i61_2
AATATAGCACTTAGTA-1	HTO3	CD22_A3_nonint_4434
AATATAGCAGCGGTCT-1	HTO5	CD22_B1_nonint_2261
AATATCATCAAAGCAA-1	HTO2	CD22_i61_2
AATATCATCAGCCGCA-1	HTO1	CD22_m971
AATATCATCATGTCCT-1	HTO1	CD22_m971
AATATCCAGAAGCGTG-1	HTO4	CD22_A11_int_1411
AATATCCAGCAAGATA-1	HTO4	CD22_A11_int_1411
AATATCCAGCCATGGT-1	HTO1	CD22_m971
AATATCCAGCTGTGCG-1	HTO3	CD22_A3_nonint_4434
AATATCTCAACAATCC-1	HTO1	CD22_m971
AATATCTCACGTTATA-1	HTO1	CD22_m971
AATATTCCAAACTACC-1	HTO5	CD22_B1_nonint_2261
AATATTCCAGTCGCAC-1	HTO1	CD22_m971
AATATTGTCATACAAC-1	HTO2	CD22_i61_2
AATATTGTCCCAGCTC-1	HTO1	CD22_m971
AATATTGTCCGATACA-1	HTO5	CD22_B1_nonint_2261
AATATTGTCGGAGCTT-1	HTO3	CD22_A3_nonint_4434
AATCAAGAGAACTTCG-1	HTO2	CD22_i61_2
AATCACCCAGTGGGAT-1	HTO4	CD22_A11_int_1411
AATCAGCGTAGGTATC-1	HTO1	CD22_m971
AATCAGCGTAGTGCGC-1	HTO2	CD22_i61_2
AATCAGCGTGGCGTTA-1	HTO5	CD22_B1_nonint_2261
AATCATATCACATCTC-1	HTO5	CD22_B1_nonint_2261
AATCATATCCACTTCG-1	HTO5	CD22_B1_nonint_2261
AATCATATCCTGACAA-1	HTO5	CD22_B1_nonint_2261
AATCCCCGTAAGCGTT-1	HTO4	CD22_A11_int_1411
AATCCCCGTAGAGTGA-1	HTO5	CD22_B1_nonint_2261
AATCCCCGTCCGCCGT-1	HTO2	CD22_i61_2
AATCCCCGTCGCGTAA-1	HTO4	CD22_A11_int_1411
AATCCCCGTCTATGTT-1	HTO1	CD22_m971
AATCCCCGTGGTACTG-1	HTO3	CD22_A3_nonint_4434
AATCCCCGTGTCCCTG-1	HTO1	CD22_m971
AATCCCGCAAGCATTC-1	HTO3	CD22_A3_nonint_4434
AATCCCGCACAATCCG-1	HTO5	CD22_B1_nonint_2261
AATCCCTTCACACTTC-1	HTO3	CD22_A3_nonint_4434
AATCCCTTCCGTATCT-1	HTO3	CD22_A3_nonint_4434
AATCCCTTCGCATACA-1	HTO2	CD22_i61_2
AATCCGGGTAACATGC-1	HTO1	CD22_m971
AATCCGGGTCCATTTG-1	HTO3	CD22_A3_nonint_4434
AATCCGGGTCGAAGCC-1	HTO3	CD22_A3_nonint_4434
AATCCGGGTCGATTCC-1	HTO4	CD22_A11_int_1411
AATCCGGGTCGCCCGT-1	HTO3	CD22_A3_nonint_4434
AATCCGGGTGGATTCG-1	HTO2	CD22_i61_2
AATCCGTCAAACTCAC-1	HTO5	CD22_B1_nonint_2261
AATCCGTCAAATTACT-1	HTO2	CD22_i61_2
AATCCGTCAAATTCGC-1	HTO5	CD22_B1_nonint_2261
AATCCGTCAACGCCAC-1	HTO3	CD22_A3_nonint_4434
AATCCGTCAACGTGCC-1	HTO3	CD22_A3_nonint_4434
AATCCGTCAACTCCGA-1	HTO4	CD22_A11_int_1411
AATCCGTCACCCTAGA-1	HTO4	CD22_A11_int_1411
AATCCGTCACCCTATC-1	HTO1	CD22_m971
AATCCGTCACTCCGAA-1	HTO1	CD22_m971
AATCCGTCAGGCATTT-1	HTO4	CD22_A11_int_1411
AATCCTCTCAACGTTG-1	HTO2	CD22_i61_2
AATCCTCTCAGGAATA-1	HTO4	CD22_A11_int_1411
AATCCTCTCGCGTGCA-1	HTO5	CD22_B1_nonint_2261
AATCCTCTCGGTATAT-1	HTO3	CD22_A3_nonint_4434
AATCCTCTCGTCCCTA-1	HTO3	CD22_A3_nonint_4434
AATCGAGCAAAGTAAC-1	HTO3	CD22_A3_nonint_4434
AATCGAGCAAATCCCG-1	HTO2	CD22_i61_2
AATCGAGCAACGTGCC-1	HTO4	CD22_A11_int_1411
AATCGAGCAAGGACTA-1	HTO1	CD22_m971
AATCGAGCAAGGCTCC-1	HTO5	CD22_B1_nonint_2261
AATCGAGCAATGTCCG-1	HTO1	CD22_m971
AATCGAGCACATTAGC-1	HTO5	CD22_B1_nonint_2261
AATCGCATCAACGGCT-1	HTO5	CD22_B1_nonint_2261
AATCGCATCAATCATA-1	HTO2	CD22_i61_2
AATCGCATCAATGTAC-1	HTO2	CD22_i61_2
AATCGCATCATACTCC-1	HTO5	CD22_B1_nonint_2261
AATCGCATCGGGCATT-1	HTO1	CD22_m971
AATCGCGGTATATGTG-1	HTO1	CD22_m971
AATCGCGGTCATGCAG-1	HTO1	CD22_m971
AATCGCGGTGGATTCG-1	HTO3	CD22_A3_nonint_4434
AATCGCGGTGGTCTCT-1	HTO3	CD22_A3_nonint_4434
AATCGGACAACACTAC-1	HTO5	CD22_B1_nonint_2261
AATCGGACAATGTCCG-1	HTO2	CD22_i61_2
AATCGGACACTCACTC-1	HTO2	CD22_i61_2
AATCGGACACTCGGAC-1	HTO1	CD22_m971
AATCGGACAGCATAAG-1	HTO1	CD22_m971
AATCGGCTCACCATCT-1	HTO5	CD22_B1_nonint_2261
AATCGGCTCACTCCTG-1	HTO5	CD22_B1_nonint_2261
AATCGGCTCAGCACGT-1	HTO5	CD22_B1_nonint_2261
AATCGGCTCCAGCATA-1	HTO2	CD22_i61_2
AATCGGCTCCGACCCT-1	HTO4	CD22_A11_int_1411
AATCGGCTCGCTTATC-1	HTO4	CD22_A11_int_1411
AATCGGCTCGGCGTCA-1	HTO1	CD22_m971
AATCGTGTCGGACCTG-1	HTO2	CD22_i61_2
AATCGTGTCGTTACTC-1	HTO2	CD22_i61_2
AATCTAGGTCACGTAG-1	HTO3	CD22_A3_nonint_4434
AATCTAGGTCCCAAAG-1	HTO4	CD22_A11_int_1411
AATCTAGGTCGCGTAA-1	HTO5	CD22_B1_nonint_2261
AATCTAGGTCGTTAAA-1	HTO3	CD22_A3_nonint_4434
AATCTAGGTCTCATAT-1	HTO3	CD22_A3_nonint_4434
AATCTAGGTGCTATGG-1	HTO3	CD22_A3_nonint_4434
AATCTAGGTGTCTGAG-1	HTO5	CD22_B1_nonint_2261
AATCTATCACGACCTA-1	HTO1	CD22_m971
AATCTCACACCCAACA-1	HTO4	CD22_A11_int_1411
AATCTCACACTGAAAG-1	HTO1	CD22_m971
AATCTCCTCAACTGCA-1	HTO5	CD22_B1_nonint_2261
AATCTCCTCAAGCACC-1	HTO4	CD22_A11_int_1411
AATCTCCTCACGCCTC-1	HTO4	CD22_A11_int_1411
AATCTCCTCACTCTTA-1	HTO4	CD22_A11_int_1411
AATCTCCTCATCAATA-1	HTO2	CD22_i61_2
AATCTCTGTCTCCTGG-1	HTO4	CD22_A11_int_1411
AATCTCTGTGTGCCTT-1	HTO2	CD22_i61_2
AATCTGGTCAGCTGTA-1	HTO5	CD22_B1_nonint_2261
AATCTGGTCGCGAGTT-1	HTO3	CD22_A3_nonint_4434
AATCTGGTCGCTCCAC-1	HTO4	CD22_A11_int_1411
AATCTGGTCGGGCTTG-1	HTO2	CD22_i61_2
AATCTGTAGAAAGGAG-1	HTO5	CD22_B1_nonint_2261
AATCTGTAGACAATGA-1	HTO2	CD22_i61_2
AATCTGTAGACTACAT-1	HTO5	CD22_B1_nonint_2261
AATCTGTAGATAGTAG-1	HTO4	CD22_A11_int_1411
AATCTGTAGCGTACGT-1	HTO2	CD22_i61_2
AATCTTCGTACTCGCT-1	HTO1	CD22_m971
AATCTTCGTGGAACTT-1	HTO5	CD22_B1_nonint_2261
AATGAACCAAATCCGT-1	HTO2	CD22_i61_2
AATGAACCAATATTAC-1	HTO4	CD22_A11_int_1411
AATGAACCACGGCACT-1	HTO4	CD22_A11_int_1411
AATGAACCACTCCGAA-1	HTO4	CD22_A11_int_1411
AATGACAAGACATATC-1	HTO5	CD22_B1_nonint_2261
AATGACAAGCAACGAG-1	HTO5	CD22_B1_nonint_2261
AATGACGCAAATTAAG-1	HTO5	CD22_B1_nonint_2261
AATGACGCAACCCATG-1	HTO3	CD22_A3_nonint_4434
AATGACGCAATGAATA-1	HTO3	CD22_A3_nonint_4434
AATGACGCAGCGTAGG-1	HTO2	CD22_i61_2
AATGATGAGAATGGTA-1	HTO3	CD22_A3_nonint_4434
AATGATGAGCCAATAT-1	HTO1	CD22_m971
AATGATGAGCGTAGCT-1	HTO3	CD22_A3_nonint_4434
AATGATGAGCTGCTAA-1	HTO5	CD22_B1_nonint_2261
AATGATGAGGCTAACC-1	HTO4	CD22_A11_int_1411
AATGATGAGGGCTTCG-1	HTO1	CD22_m971
AATGCAAAGCAGCCAT-1	HTO3	CD22_A3_nonint_4434
AATGCAAAGGTTAGGG-1	HTO1	CD22_m971
AATGCCCAGACAGTTT-1	HTO3	CD22_A3_nonint_4434
AATGCCCAGATCCGAC-1	HTO4	CD22_A11_int_1411
AATGCCCAGCTACGTA-1	HTO1	CD22_m971
AATGCGACAAATTAAG-1	HTO3	CD22_A3_nonint_4434
AATGCGACAATCGCCA-1	HTO2	CD22_i61_2
AATGCGACACAACCCA-1	HTO5	CD22_B1_nonint_2261
AATGCGACACAAGCGG-1	HTO5	CD22_B1_nonint_2261
AATGCGCTCAACGTTG-1	HTO2	CD22_i61_2
AATGCGCTCAAGCATT-1	HTO4	CD22_A11_int_1411
AATGCGCTCACAGACC-1	HTO5	CD22_B1_nonint_2261
AATGCGCTCCCAGCTC-1	HTO3	CD22_A3_nonint_4434
AATGCGCTCCCCACTA-1	HTO2	CD22_i61_2
AATGCGCTCCCTGACC-1	HTO3	CD22_A3_nonint_4434
AATGCGCTCCCTTAGT-1	HTO3	CD22_A3_nonint_4434
AATGCGGAGAAACGTA-1	HTO4	CD22_A11_int_1411
AATGCGGAGATACAAG-1	HTO2	CD22_i61_2
AATGCGGAGATCATCG-1	HTO4	CD22_A11_int_1411
AATGCGGAGCACTACA-1	HTO5	CD22_B1_nonint_2261
AATGCGGAGCGACAAG-1	HTO4	CD22_A11_int_1411
AATGCGGAGGTCTGCG-1	HTO4	CD22_A11_int_1411
AATGGAGGTACCATCC-1	HTO3	CD22_A3_nonint_4434
AATGGAGGTAGGTTGT-1	HTO2	CD22_i61_2
AATGGAGGTCGCGTGG-1	HTO3	CD22_A3_nonint_4434
AATGGCACAACAATTT-1	HTO1	CD22_m971
AATGGCACAACCATAC-1	HTO4	CD22_A11_int_1411
AATGGCACAAGCAAAT-1	HTO3	CD22_A3_nonint_4434
AATGGCACAATCATCA-1	HTO1	CD22_m971
AATGGCACAATGGGGT-1	HTO5	CD22_B1_nonint_2261
AATGGCACACTAACGT-1	HTO3	CD22_A3_nonint_4434
AATGGCACAGGACTAA-1	HTO5	CD22_B1_nonint_2261
AATGGCGAGAGACGAT-1	HTO2	CD22_i61_2
AATGGCGAGAGTTGCC-1	HTO3	CD22_A3_nonint_4434
AATGGCGAGCACTGCG-1	HTO1	CD22_m971
AATGGCGAGCGAGTAG-1	HTO2	CD22_i61_2
AATGGCTGTAAACTGC-1	HTO1	CD22_m971
AATGGCTGTAAATTCG-1	HTO3	CD22_A3_nonint_4434
AATGGCTGTAATCCGG-1	HTO5	CD22_B1_nonint_2261
AATGGCTGTAATGGAG-1	HTO3	CD22_A3_nonint_4434
AATGGCTGTGCACTAG-1	HTO5	CD22_B1_nonint_2261
AATGGCTGTGTACGTG-1	HTO1	CD22_m971
AATGGGAGTACATTAG-1	HTO2	CD22_i61_2
AATGGGAGTAGTGTAC-1	HTO3	CD22_A3_nonint_4434
AATGGGAGTCAGGCCG-1	HTO5	CD22_B1_nonint_2261
AATGGGAGTCAGGTGC-1	HTO5	CD22_B1_nonint_2261
AATGGGAGTCTGGATG-1	HTO2	CD22_i61_2
AATGGGAGTGCTACAG-1	HTO1	CD22_m971
AATGGGAGTGGCAATT-1	HTO1	CD22_m971
AATGGGAGTGGTAAAG-1	HTO5	CD22_B1_nonint_2261
AATGGGTAGACATAAG-1	HTO5	CD22_B1_nonint_2261
AATGGGTAGCAGCTGT-1	HTO1	CD22_m971
AATGGGTAGCATCGAC-1	HTO1	CD22_m971
AATGGGTAGGGAAACT-1	HTO1	CD22_m971
AATGGGTAGGGAGCGT-1	HTO2	CD22_i61_2
AATGGGTAGGTAAGAC-1	HTO2	CD22_i61_2
AATGGGTAGGTCTGGT-1	HTO5	CD22_B1_nonint_2261
AATGGTAAGATCTTGG-1	HTO3	CD22_A3_nonint_4434
AATGGTAAGATGCATT-1	HTO1	CD22_m971
AATGGTAAGATGGTGG-1	HTO3	CD22_A3_nonint_4434
AATGGTAAGCCTTAGA-1	HTO1	CD22_m971
AATGGTAAGCGTAGCT-1	HTO2	CD22_i61_2
AATGGTAAGCTAAACT-1	HTO3	CD22_A3_nonint_4434
AATGGTCGTACAGGTT-1	HTO5	CD22_B1_nonint_2261
AATGGTCGTATGTGTA-1	HTO5	CD22_B1_nonint_2261
AATGGTCGTATTACAG-1	HTO4	CD22_A11_int_1411
AATGGTCGTCAGTTCC-1	HTO2	CD22_i61_2
AATGGTCGTCTGACTC-1	HTO2	CD22_i61_2
AATGGTTTCAGTGGCT-1	HTO1	CD22_m971
AATGGTTTCCATCACT-1	HTO4	CD22_A11_int_1411
AATGGTTTCCGAACAC-1	HTO2	CD22_i61_2
AATGGTTTCCTCCATG-1	HTO1	CD22_m971
AATGGTTTCCTGTTCG-1	HTO5	CD22_B1_nonint_2261
AATGGTTTCGGGCTAT-1	HTO2	CD22_i61_2
AATGGTTTCGTTGCCC-1	HTO3	CD22_A3_nonint_4434
AATGTACTCCATGGGT-1	HTO2	CD22_i61_2
AATGTACTCGTCAACA-1	HTO1	CD22_m971
AATGTAGAGGGCTCAT-1	HTO1	CD22_m971
AATGTAGAGGTAGGTG-1	HTO5	CD22_B1_nonint_2261
AATGTCAGTAGGCCCG-1	HTO1	CD22_m971
AATGTCAGTATGTGTA-1	HTO3	CD22_A3_nonint_4434
AATGTCAGTGCCTGGG-1	HTO1	CD22_m971
AATGTCAGTGTGGGCT-1	HTO2	CD22_i61_2
AATGTCAGTGTTAGCG-1	HTO4	CD22_A11_int_1411
AATGTGCGTACGTCAG-1	HTO2	CD22_i61_2
AATGTGCGTAGCGTGC-1	HTO4	CD22_A11_int_1411
AATGTGCGTAGGCAGG-1	HTO2	CD22_i61_2
AATGTGCGTATTGGGT-1	HTO1	CD22_m971
AATGTGCGTCATACGG-1	HTO3	CD22_A3_nonint_4434
AATGTTATCATCGCGG-1	HTO2	CD22_i61_2
AATGTTATCGGAAAGT-1	HTO3	CD22_A3_nonint_4434
AATGTTCAGACCCTTT-1	HTO1	CD22_m971
AATGTTGGTACAGAAG-1	HTO3	CD22_A3_nonint_4434
AATGTTGGTACCCATC-1	HTO3	CD22_A3_nonint_4434
AATGTTGGTCACACTC-1	HTO3	CD22_A3_nonint_4434
AATGTTGGTCCAAGAT-1	HTO2	CD22_i61_2
AATGTTGGTGTGTATA-1	HTO3	CD22_A3_nonint_4434
AATTAAGCAAACCTAC-1	HTO2	CD22_i61_2
AATTAAGCAACCCTAG-1	HTO2	CD22_i61_2
AATTAAGCAAGCGCCT-1	HTO3	CD22_A3_nonint_4434
AATTAAGCACAATCCG-1	HTO1	CD22_m971
AATTAAGCAGCAATAG-1	HTO2	CD22_i61_2
AATTAAGCAGCACCTA-1	HTO1	CD22_m971
AATTACCAGAAACGTA-1	HTO1	CD22_m971
AATTACCAGACCTTTC-1	HTO2	CD22_i61_2
AATTACCAGAGAGGTT-1	HTO5	CD22_B1_nonint_2261
AATTACCAGAGCGGTA-1	HTO4	CD22_A11_int_1411
AATTACCAGATATCAC-1	HTO2	CD22_i61_2
AATTACCAGCGAACGA-1	HTO2	CD22_i61_2
AATTACCAGCTGTACA-1	HTO1	CD22_m971
AATTACCAGGGACGAC-1	HTO1	CD22_m971
AATTACTCAATCAAGG-1	HTO2	CD22_i61_2
AATTACTCAATTAAAG-1	HTO2	CD22_i61_2
AATTACTCACACTACG-1	HTO5	CD22_B1_nonint_2261
AATTACTCACGCGAAG-1	HTO1	CD22_m971
AATTACTCACGGAAAC-1	HTO5	CD22_B1_nonint_2261
AATTACTCAGGAAACC-1	HTO2	CD22_i61_2
AATTATGTCAGCATCA-1	HTO2	CD22_i61_2
AATTATGTCGTGCGCA-1	HTO5	CD22_B1_nonint_2261
AATTATGTCGTTACCT-1	HTO3	CD22_A3_nonint_4434
AATTCAGGTATATGTG-1	HTO3	CD22_A3_nonint_4434
AATTCAGGTATATTCC-1	HTO4	CD22_A11_int_1411
AATTCAGGTATGCGAT-1	HTO5	CD22_B1_nonint_2261
AATTCAGGTCTCGGTT-1	HTO3	CD22_A3_nonint_4434
AATTCCACAAATATTC-1	HTO4	CD22_A11_int_1411
AATTCCACAATACCTA-1	HTO5	CD22_B1_nonint_2261
AATTCCACACGCGACT-1	HTO4	CD22_A11_int_1411
AATTCCACAGCTCAAT-1	HTO4	CD22_A11_int_1411
AATTCCCTCGGCTTCC-1	HTO2	CD22_i61_2
AATTCCCTCGTACGTA-1	HTO5	CD22_B1_nonint_2261
AATTCCGAGCGGCCTA-1	HTO1	CD22_m971
AATTCCTGTAACTCCC-1	HTO4	CD22_A11_int_1411
AATTCCTGTGCTAGAT-1	HTO1	CD22_m971
AATTCCTGTGGTCAAT-1	HTO3	CD22_A3_nonint_4434
AATTCGCCAATTCGGT-1	HTO5	CD22_B1_nonint_2261
AATTCGCCACAGTTAC-1	HTO3	CD22_A3_nonint_4434
AATTCGCCACATTAGC-1	HTO1	CD22_m971
AATTCGCCACGCGACT-1	HTO3	CD22_A3_nonint_4434
AATTCGCCAGCGGTCT-1	HTO4	CD22_A11_int_1411
AATTCGCCAGGTGCGA-1	HTO5	CD22_B1_nonint_2261
AATTCGCCAGTGGGAT-1	HTO3	CD22_A3_nonint_4434
AATTCGGTCATTCGTC-1	HTO1	CD22_m971
AATTCGGTCCCGCCAT-1	HTO4	CD22_A11_int_1411
AATTCGTAGACGGGTA-1	HTO5	CD22_B1_nonint_2261
AATTCGTAGAGCGATG-1	HTO5	CD22_B1_nonint_2261
AATTCGTAGCACTCAA-1	HTO4	CD22_A11_int_1411
AATTCGTAGCCTAGTA-1	HTO4	CD22_A11_int_1411
AATTCGTAGCTAAGGG-1	HTO3	CD22_A3_nonint_4434
AATTGAACAACATGCT-1	HTO3	CD22_A3_nonint_4434
AATTGAACAACCTCTC-1	HTO2	CD22_i61_2
AATTGAACAATGGCCC-1	HTO3	CD22_A3_nonint_4434
AATTGAACAATGGCGG-1	HTO2	CD22_i61_2
AATTGAACACACTCTC-1	HTO5	CD22_B1_nonint_2261
AATTGAGAGAAGGCTG-1	HTO5	CD22_B1_nonint_2261
AATTGAGAGACGGCAA-1	HTO1	CD22_m971
AATTGAGAGAGCGTAG-1	HTO1	CD22_m971
AATTGAGAGATCTTGG-1	HTO4	CD22_A11_int_1411
AATTGAGAGCAATATC-1	HTO2	CD22_i61_2
AATTGAGAGCCAAGCT-1	HTO5	CD22_B1_nonint_2261
AATTGAGAGCTACAGC-1	HTO3	CD22_A3_nonint_4434
AATTGCCCAATAACCC-1	HTO4	CD22_A11_int_1411
AATTGCCCACCCACAA-1	HTO2	CD22_i61_2
AATTGGCGTAAATCCA-1	HTO5	CD22_B1_nonint_2261
AATTGGCGTATGAGAG-1	HTO2	CD22_i61_2
AATTGGCGTCAGGATT-1	HTO3	CD22_A3_nonint_4434
AATTGGCGTCCAGCTT-1	HTO2	CD22_i61_2
AATTGGCGTGCTCGTT-1	HTO2	CD22_i61_2
AATTGGGCAAATATTC-1	HTO5	CD22_B1_nonint_2261
AATTGGGCAAGTATCC-1	HTO5	CD22_B1_nonint_2261
AATTGGGCAATCAACC-1	HTO4	CD22_A11_int_1411
AATTGGGCACAATGGA-1	HTO5	CD22_B1_nonint_2261
AATTGGGCACATGGTT-1	HTO1	CD22_m971
AATTGGGCACGCATCA-1	HTO4	CD22_A11_int_1411
AATTGGGCACTCACTC-1	HTO5	CD22_B1_nonint_2261
AATTGGGCAGGGACAT-1	HTO4	CD22_A11_int_1411
AATTGGGCAGTATTCA-1	HTO5	CD22_B1_nonint_2261
AATTGGTTCGCAACGT-1	HTO1	CD22_m971
AATTGTATCAAATCCG-1	HTO5	CD22_B1_nonint_2261
AATTGTATCACCCTGC-1	HTO2	CD22_i61_2
AATTGTATCACTCTCG-1	HTO4	CD22_A11_int_1411
AATTGTATCGCTCTAT-1	HTO5	CD22_B1_nonint_2261
AATTGTATCGTAGCAC-1	HTO1	CD22_m971
AATTGTCAGCATTAAC-1	HTO2	CD22_i61_2
AATTGTCAGCTATGTG-1	HTO3	CD22_A3_nonint_4434
AATTGTGGTATCTGTT-1	HTO5	CD22_B1_nonint_2261
AATTGTGGTGTGTATA-1	HTO1	CD22_m971
AATTTCCGTAACCGCA-1	HTO2	CD22_i61_2
AATTTCCGTAGTCGCA-1	HTO2	CD22_i61_2
AATTTCCGTATCTGTT-1	HTO5	CD22_B1_nonint_2261
AATTTCCGTCAGGCCG-1	HTO2	CD22_i61_2
AATTTCCGTGCTATCC-1	HTO2	CD22_i61_2
AATTTCGCAAAATCTT-1	HTO3	CD22_A3_nonint_4434
AATTTCGCAACACGAA-1	HTO3	CD22_A3_nonint_4434
AATTTCGCAACAGACA-1	HTO5	CD22_B1_nonint_2261
AATTTCGCACTACATA-1	HTO2	CD22_i61_2
AATTTCGCAGCCATAT-1	HTO1	CD22_m971
AATTTCGCAGTTACTA-1	HTO1	CD22_m971
AATTTGCAGCCATACA-1	HTO5	CD22_B1_nonint_2261
AATTTGGGTAGTCCGA-1	HTO3	CD22_A3_nonint_4434
AATTTGGGTGCCTGCC-1	HTO5	CD22_B1_nonint_2261
AATTTGGGTGGCGCAT-1	HTO3	CD22_A3_nonint_4434
ACAACAGCAAGTACGA-1	HTO3	CD22_A3_nonint_4434
ACAACAGCACTATCCC-1	HTO1	CD22_m971
ACAACAGCAGTAAACG-1	HTO1	CD22_m971
ACAACATTCAATCTGG-1	HTO3	CD22_A3_nonint_4434
ACAACATTCACATTCC-1	HTO5	CD22_B1_nonint_2261
ACAACATTCAGTATCG-1	HTO4	CD22_A11_int_1411
ACAACATTCATTGGCA-1	HTO5	CD22_B1_nonint_2261
ACAACATTCCCGGGTA-1	HTO3	CD22_A3_nonint_4434
ACAACCATCAAATCTA-1	HTO3	CD22_A3_nonint_4434
ACAACCATCACGGTCG-1	HTO5	CD22_B1_nonint_2261
ACAACCATCAGTGGCT-1	HTO5	CD22_B1_nonint_2261
ACAACCATCCGTATCT-1	HTO1	CD22_m971
ACAACCCAGACACGGA-1	HTO3	CD22_A3_nonint_4434
ACAACCCAGAGTCCAC-1	HTO2	CD22_i61_2
ACAACCCAGAGTGCGA-1	HTO2	CD22_i61_2
ACAACCCAGCCTAGCG-1	HTO2	CD22_i61_2
ACAACCCAGCGTGGAA-1	HTO1	CD22_m971
ACAACCCAGCTATCGA-1	HTO5	CD22_B1_nonint_2261
ACAACCCAGCTGCGTG-1	HTO1	CD22_m971
ACAACCCAGGTGGGTA-1	HTO1	CD22_m971
ACAACCTCACGTACGC-1	HTO2	CD22_i61_2
ACAACCTCAGTGAGCG-1	HTO3	CD22_A3_nonint_4434
ACAACGCTCGCTTCCA-1	HTO3	CD22_A3_nonint_4434
ACAACGGAGAACTAAG-1	HTO2	CD22_i61_2
ACAACGGAGACACCCG-1	HTO2	CD22_i61_2
ACAACGGAGAGGATTA-1	HTO1	CD22_m971
ACAACGGAGATAACGA-1	HTO2	CD22_i61_2
ACAACGGAGCTATCGA-1	HTO1	CD22_m971
ACAACGGAGGCTTGTA-1	HTO2	CD22_i61_2
ACAACGGAGGGAAGCC-1	HTO2	CD22_i61_2
ACAACGGAGGTGCCAT-1	HTO5	CD22_B1_nonint_2261
ACAACGTGTAAGTAGG-1	HTO3	CD22_A3_nonint_4434
ACAACGTGTAAGTGAG-1	HTO2	CD22_i61_2
ACAACGTGTAGCGTTG-1	HTO4	CD22_A11_int_1411
ACAACGTGTCAAGTTA-1	HTO3	CD22_A3_nonint_4434
ACAACGTGTCTACAGG-1	HTO2	CD22_i61_2
ACAACGTGTCTGACTC-1	HTO4	CD22_A11_int_1411
ACAACGTGTGCTGCCC-1	HTO1	CD22_m971
ACAACGTGTGTACGTG-1	HTO1	CD22_m971
ACAACGTGTGTCTGAG-1	HTO1	CD22_m971
ACAACTGTCACTTCTA-1	HTO2	CD22_i61_2
ACAACTGTCGCCTCTA-1	HTO2	CD22_i61_2
ACAACTGTCGTATGTG-1	HTO5	CD22_B1_nonint_2261
ACAACTGTCGTGCTCC-1	HTO3	CD22_A3_nonint_4434
ACAAGACAGCATTTCC-1	HTO1	CD22_m971
ACAAGACAGCCGTAGT-1	HTO3	CD22_A3_nonint_4434
ACAAGACAGCGGGTTT-1	HTO4	CD22_A11_int_1411
ACAAGACAGGCAACAG-1	HTO4	CD22_A11_int_1411
ACAAGACAGGGTATCC-1	HTO3	CD22_A3_nonint_4434
ACAAGACAGGTAGCTC-1	HTO3	CD22_A3_nonint_4434
ACAAGAGGTACTGCGA-1	HTO3	CD22_A3_nonint_4434
ACAAGAGGTGGTCAGC-1	HTO5	CD22_B1_nonint_2261
ACAAGATCACGTCGGT-1	HTO4	CD22_A11_int_1411
ACAAGATCACTAACTA-1	HTO2	CD22_i61_2
ACAAGATCAGGACCGA-1	HTO4	CD22_A11_int_1411
ACAAGCCTCAACTGCA-1	HTO2	CD22_i61_2
ACAAGCCTCACGCTAA-1	HTO1	CD22_m971
ACAAGCCTCCATCGGG-1	HTO3	CD22_A3_nonint_4434
ACAAGCCTCGTGTCGG-1	HTO4	CD22_A11_int_1411
ACAAGCGAGAGAAGCT-1	HTO2	CD22_i61_2
ACAAGCGAGATAGTGA-1	HTO5	CD22_B1_nonint_2261
ACAAGCGAGGCTACAC-1	HTO5	CD22_B1_nonint_2261
ACAAGCTGTCAGGTAT-1	HTO4	CD22_A11_int_1411
ACAAGCTGTCGCATCT-1	HTO5	CD22_B1_nonint_2261
ACAAGCTGTCGGTATG-1	HTO2	CD22_i61_2
ACAAGGAGTACTACTT-1	HTO4	CD22_A11_int_1411
ACAAGGAGTGGCTAAT-1	HTO1	CD22_m971
ACAAGTAAGCATGGTC-1	HTO1	CD22_m971
ACAAGTAAGGTTCAGC-1	HTO5	CD22_B1_nonint_2261
ACAAGTCGTACGTCTC-1	HTO1	CD22_m971
ACAAGTCGTCACCCTG-1	HTO1	CD22_m971
ACAAGTCGTCGCTTCG-1	HTO2	CD22_i61_2
ACAAGTCGTCTCGTCG-1	HTO4	CD22_A11_int_1411
ACAAGTCGTCTGGTAG-1	HTO4	CD22_A11_int_1411
ACAAGTCGTGGGGATG-1	HTO1	CD22_m971
ACAATACTCAGTTAGT-1	HTO5	CD22_B1_nonint_2261
ACAATACTCCATCACT-1	HTO3	CD22_A3_nonint_4434
ACAATACTCCTTCGCA-1	HTO3	CD22_A3_nonint_4434
ACAATAGAGAATGGCG-1	HTO5	CD22_B1_nonint_2261
ACAATAGAGCACCCGA-1	HTO2	CD22_i61_2
ACAATAGAGCTGACCG-1	HTO2	CD22_i61_2
ACAATAGAGGGGTAAT-1	HTO1	CD22_m971
ACAATCCCAACACCCA-1	HTO5	CD22_B1_nonint_2261
ACAATCCCACCCATTC-1	HTO3	CD22_A3_nonint_4434
ACAATCGTCACTCGGG-1	HTO2	CD22_i61_2
ACAATCGTCCCAATTC-1	HTO4	CD22_A11_int_1411
ACAATCGTCGCATCAA-1	HTO2	CD22_i61_2
ACAATGAAGGCTCAGT-1	HTO4	CD22_A11_int_1411
ACAATGAAGGGACGTA-1	HTO3	CD22_A3_nonint_4434
ACAATGGCAACCTACG-1	HTO1	CD22_m971
ACAATGGCAAGACGAC-1	HTO3	CD22_A3_nonint_4434
ACAATGGCACGGTGTC-1	HTO3	CD22_A3_nonint_4434
ACAATGGCACTCGCAA-1	HTO5	CD22_B1_nonint_2261
ACAATTATCAAATCTA-1	HTO3	CD22_A3_nonint_4434
ACAATTATCCTGGTAA-1	HTO5	CD22_B1_nonint_2261
ACAATTATCGCGTTAA-1	HTO4	CD22_A11_int_1411
ACAATTCAGACCTATG-1	HTO3	CD22_A3_nonint_4434
ACAATTGGTAGCGCGT-1	HTO5	CD22_B1_nonint_2261
ACAATTGGTCTAACGG-1	HTO5	CD22_B1_nonint_2261
ACAATTGGTCTCGGTT-1	HTO1	CD22_m971
ACAATTGGTCTGGAAT-1	HTO4	CD22_A11_int_1411
ACAATTGGTCTTGTAT-1	HTO5	CD22_B1_nonint_2261
ACAATTTCACATCAGT-1	HTO4	CD22_A11_int_1411
ACAATTTCACGATAAG-1	HTO4	CD22_A11_int_1411
ACAATTTCAGCGTAGG-1	HTO1	CD22_m971
ACACAAGCACTTGACG-1	HTO5	CD22_B1_nonint_2261
ACACAAGCAGCCAACC-1	HTO5	CD22_B1_nonint_2261
ACACAATTCAAATTGC-1	HTO3	CD22_A3_nonint_4434
ACACAATTCACGTATG-1	HTO3	CD22_A3_nonint_4434
ACACAATTCATGGTTG-1	HTO2	CD22_i61_2
ACACAATTCATTCGTC-1	HTO5	CD22_B1_nonint_2261
ACACAATTCCCCTTAG-1	HTO5	CD22_B1_nonint_2261
ACACAATTCCGACCCT-1	HTO1	CD22_m971
ACACAATTCCGTATCT-1	HTO5	CD22_B1_nonint_2261
ACACAATTCCTCGAAA-1	HTO2	CD22_i61_2
ACACAATTCGTGATAT-1	HTO5	CD22_B1_nonint_2261
ACACACATCATTGGGC-1	HTO4	CD22_A11_int_1411
ACACACATCCAATTAA-1	HTO4	CD22_A11_int_1411
ACACACATCCATTCAC-1	HTO4	CD22_A11_int_1411
ACACACATCCTCGCAC-1	HTO2	CD22_i61_2
ACACACATCGCAACTA-1	HTO2	CD22_i61_2
ACACACATCGTTCATC-1	HTO2	CD22_i61_2
ACACAGACACAAGGCG-1	HTO1	CD22_m971
ACACAGACAGCTACCA-1	HTO4	CD22_A11_int_1411
ACACAGACAGGGGCTA-1	HTO2	CD22_i61_2
ACACATGTCAACAGCC-1	HTO1	CD22_m971
ACACATGTCCCGGGTA-1	HTO4	CD22_A11_int_1411
ACACATGTCCCTAACT-1	HTO5	CD22_B1_nonint_2261
ACACATGTCCGGTAAC-1	HTO5	CD22_B1_nonint_2261
ACACATGTCCTGCTAT-1	HTO4	CD22_A11_int_1411
ACACATGTCGCGTAAC-1	HTO1	CD22_m971
ACACATTAGACCCTTT-1	HTO2	CD22_i61_2
ACACATTAGCACGGTT-1	HTO4	CD22_A11_int_1411
ACACATTAGCGAGTCT-1	HTO1	CD22_m971
ACACATTAGCGTGGAA-1	HTO5	CD22_B1_nonint_2261
ACACATTAGGCTCTAA-1	HTO2	CD22_i61_2
ACACATTAGGGTAGTG-1	HTO4	CD22_A11_int_1411
ACACCCACAACACTTA-1	HTO4	CD22_A11_int_1411
ACACCCACAACTTCAA-1	HTO5	CD22_B1_nonint_2261
ACACCCACACCACGGT-1	HTO2	CD22_i61_2
ACACCCACACCTAGCA-1	HTO2	CD22_i61_2
ACACCCACACTGGGCT-1	HTO4	CD22_A11_int_1411
ACACCCTGTAGCGTGC-1	HTO1	CD22_m971
ACACCCTGTCCAGTAG-1	HTO2	CD22_i61_2
ACACCCTGTCCAGTTC-1	HTO2	CD22_i61_2
ACACCCTGTCCGGTAA-1	HTO1	CD22_m971
ACACCCTGTCTACAGG-1	HTO3	CD22_A3_nonint_4434
ACACCCTGTGCAAGCC-1	HTO5	CD22_B1_nonint_2261
ACACCCTGTGCCTTCG-1	HTO3	CD22_A3_nonint_4434
ACACCCTGTGCGCTGG-1	HTO5	CD22_B1_nonint_2261
ACACCCTGTGGGACCT-1	HTO2	CD22_i61_2
ACACCTTTCAACGTTG-1	HTO2	CD22_i61_2
ACACCTTTCAGACGCT-1	HTO5	CD22_B1_nonint_2261
ACACCTTTCCACAGGT-1	HTO4	CD22_A11_int_1411
ACACCTTTCGTCCGCT-1	HTO2	CD22_i61_2
ACACGAACAAAGCATG-1	HTO1	CD22_m971
ACACGAACAATAGCAG-1	HTO3	CD22_A3_nonint_4434
ACACGAACACAAACCT-1	HTO4	CD22_A11_int_1411
ACACGAACACCAGGGA-1	HTO3	CD22_A3_nonint_4434
ACACGAACACGTAGCC-1	HTO4	CD22_A11_int_1411
ACACGAACACTTCATT-1	HTO2	CD22_i61_2
ACACGCCCAAACCTAC-1	HTO4	CD22_A11_int_1411
ACACGCCCAAAGGAGG-1	HTO4	CD22_A11_int_1411
ACACGCCCAACGCAGG-1	HTO4	CD22_A11_int_1411
ACACGCCCAACTGCAT-1	HTO2	CD22_i61_2
ACACGCCCAGGCAATA-1	HTO5	CD22_B1_nonint_2261
ACACGGAAGACCCACG-1	HTO3	CD22_A3_nonint_4434
ACACGGAAGCAACCCG-1	HTO2	CD22_i61_2
ACACGGAAGCATTCGA-1	HTO5	CD22_B1_nonint_2261
ACACGGAAGCCCATTT-1	HTO2	CD22_i61_2
ACACGGAAGCCGTTGG-1	HTO5	CD22_B1_nonint_2261
ACACGGAAGCTTCGTT-1	HTO5	CD22_B1_nonint_2261
ACACGGGCAACGTGGG-1	HTO2	CD22_i61_2
ACACGGGCAGTATGGA-1	HTO1	CD22_m971
ACACGGGCAGTCAATC-1	HTO3	CD22_A3_nonint_4434
ACACGGGCAGTCGCAC-1	HTO5	CD22_B1_nonint_2261
ACACGGTTCCAGCAAC-1	HTO5	CD22_B1_nonint_2261
ACACGGTTCCCGCATC-1	HTO2	CD22_i61_2
ACACGTATCACATTCC-1	HTO5	CD22_B1_nonint_2261
ACACGTATCAGTCAGC-1	HTO5	CD22_B1_nonint_2261
ACACGTATCCTTCATA-1	HTO2	CD22_i61_2
ACACGTATCGCCTTGC-1	HTO3	CD22_A3_nonint_4434
ACACGTATCGGCCAAT-1	HTO1	CD22_m971
ACACGTATCGTCTCCA-1	HTO2	CD22_i61_2
ACACTACCAACTCGCA-1	HTO2	CD22_i61_2
ACACTACCAATCAGGA-1	HTO5	CD22_B1_nonint_2261
ACACTACCACAACTAC-1	HTO1	CD22_m971
ACACTACCAGCTAGGG-1	HTO1	CD22_m971
ACACTCCGTAAGCCCA-1	HTO5	CD22_B1_nonint_2261
ACACTCCGTACAGCGC-1	HTO5	CD22_B1_nonint_2261
ACACTCCGTACGCCGG-1	HTO4	CD22_A11_int_1411
ACACTCCGTACTCGAG-1	HTO3	CD22_A3_nonint_4434
ACACTCCGTCAGTTAA-1	HTO5	CD22_B1_nonint_2261
ACACTCCGTCCTAGTC-1	HTO2	CD22_i61_2
ACACTCCGTCGCAGTA-1	HTO1	CD22_m971
ACACTCCGTCGCGCTC-1	HTO4	CD22_A11_int_1411
ACACTCCGTCTATCGC-1	HTO3	CD22_A3_nonint_4434
ACACTCCGTCTGCATC-1	HTO1	CD22_m971
ACACTCCGTGTGAAAG-1	HTO4	CD22_A11_int_1411
ACACTCGCAAGGAATT-1	HTO2	CD22_i61_2
ACACTCGCACATAGCT-1	HTO5	CD22_B1_nonint_2261
ACACTCGCACCGTACA-1	HTO5	CD22_B1_nonint_2261
ACACTCGCACTTCGTC-1	HTO4	CD22_A11_int_1411
ACACTTACAATGCACT-1	HTO2	CD22_i61_2
ACACTTACACTGCGTA-1	HTO1	CD22_m971
ACACTTCTCAGTACTG-1	HTO3	CD22_A3_nonint_4434
ACACTTCTCGTATAGT-1	HTO3	CD22_A3_nonint_4434
ACACTTCTCGTGGCCA-1	HTO3	CD22_A3_nonint_4434
ACAGAACAGCTAGGTC-1	HTO1	CD22_m971
ACAGAACAGGTGAGAT-1	HTO5	CD22_B1_nonint_2261
ACAGAAGGTAATGTCA-1	HTO4	CD22_A11_int_1411
ACAGAAGGTACTACGG-1	HTO4	CD22_A11_int_1411
ACAGAAGGTAGTATGC-1	HTO4	CD22_A11_int_1411
ACAGAAGGTATAATCG-1	HTO1	CD22_m971
ACAGAAGGTATCCGTC-1	HTO2	CD22_i61_2
ACAGAAGGTGTTCATT-1	HTO2	CD22_i61_2
ACAGAATCACTAACCG-1	HTO2	CD22_i61_2
ACAGAATCAGCGTATT-1	HTO1	CD22_m971
ACAGAATCAGTATACC-1	HTO2	CD22_i61_2
ACAGAATCAGTTGGGG-1	HTO1	CD22_m971
ACAGACACAATTAAAG-1	HTO1	CD22_m971
ACAGACACACATCGGC-1	HTO1	CD22_m971
ACAGACACACGTCAGC-1	HTO5	CD22_B1_nonint_2261
ACAGACACACTGACCA-1	HTO2	CD22_i61_2
ACAGACGAGATTATGC-1	HTO4	CD22_A11_int_1411
ACAGACGAGCCATAAT-1	HTO2	CD22_i61_2
ACAGACGAGCCATGCG-1	HTO1	CD22_m971
ACAGACGAGGGCTAGA-1	HTO5	CD22_B1_nonint_2261
ACAGAGCCACACCGTA-1	HTO5	CD22_B1_nonint_2261
ACAGCACTCACATTCC-1	HTO5	CD22_B1_nonint_2261
ACAGCACTCCCATACT-1	HTO5	CD22_B1_nonint_2261
ACAGCACTCGGAAACG-1	HTO3	CD22_A3_nonint_4434
ACAGCACTCGGGCTCA-1	HTO5	CD22_B1_nonint_2261
ACAGCACTCGTTAAGT-1	HTO2	CD22_i61_2
ACAGCAGAGAATACAG-1	HTO2	CD22_i61_2
ACAGCAGAGATGGCGA-1	HTO3	CD22_A3_nonint_4434
ACAGCAGAGCCAAGCT-1	HTO4	CD22_A11_int_1411
ACAGCAGAGGGAATGT-1	HTO5	CD22_B1_nonint_2261
ACAGCAGAGGGGATCA-1	HTO3	CD22_A3_nonint_4434
ACAGCATGTATGCTCC-1	HTO4	CD22_A11_int_1411
ACAGCATGTCCTCTGG-1	HTO2	CD22_i61_2
ACAGCATGTCGCTGCC-1	HTO1	CD22_m971
ACAGCATGTGGCTTAG-1	HTO4	CD22_A11_int_1411
ACAGCATGTGTAATTG-1	HTO5	CD22_B1_nonint_2261
ACAGCCCCAATGCTAC-1	HTO2	CD22_i61_2
ACAGCCTAGATGGGTG-1	HTO3	CD22_A3_nonint_4434
ACAGCCTAGCGCGATT-1	HTO3	CD22_A3_nonint_4434
ACAGCCTAGCTCGATA-1	HTO3	CD22_A3_nonint_4434
ACAGCCTAGGGTTTCA-1	HTO2	CD22_i61_2
ACAGCCTAGGTTCTAG-1	HTO4	CD22_A11_int_1411
ACAGCGAAGCGCATTA-1	HTO5	CD22_B1_nonint_2261
ACAGCGAAGCGGTCAT-1	HTO4	CD22_A11_int_1411
ACAGCGCGTATATCCT-1	HTO5	CD22_B1_nonint_2261
ACAGCGCGTCCTTAAT-1	HTO2	CD22_i61_2
ACAGCGGCAGGCAATA-1	HTO2	CD22_i61_2
ACAGCGGCAGGTAGCG-1	HTO2	CD22_i61_2
ACAGCGTTCCATTCGT-1	HTO3	CD22_A3_nonint_4434
ACAGCGTTCCCTGAAA-1	HTO2	CD22_i61_2
ACAGCGTTCCGGTCCT-1	HTO1	CD22_m971
ACAGCGTTCGCGAAAG-1	HTO2	CD22_i61_2
ACAGCTATCACACCTT-1	HTO1	CD22_m971
ACAGCTATCAGCCCTC-1	HTO2	CD22_i61_2
ACAGCTATCATCTTCA-1	HTO3	CD22_A3_nonint_4434
ACAGCTATCCATCGCC-1	HTO1	CD22_m971
ACAGGACCAATGGCGG-1	HTO5	CD22_B1_nonint_2261
ACAGGACCAGGTAAAT-1	HTO1	CD22_m971
ACAGGATAGAGAATCA-1	HTO5	CD22_B1_nonint_2261
ACAGGATAGAGGGTGC-1	HTO2	CD22_i61_2
ACAGGATAGCCGGATT-1	HTO3	CD22_A3_nonint_4434
ACAGGCCGTCTCGGTT-1	HTO3	CD22_A3_nonint_4434
ACAGGCCGTGCGGTTA-1	HTO1	CD22_m971
ACAGGCTTCATGAGTT-1	HTO4	CD22_A11_int_1411
ACAGGCTTCCAGCAGT-1	HTO5	CD22_B1_nonint_2261
ACAGGGTCAAAATTTC-1	HTO4	CD22_A11_int_1411
ACAGGGTCAAATATAG-1	HTO3	CD22_A3_nonint_4434
ACAGGGTCAATTGTAT-1	HTO2	CD22_i61_2
ACAGGGTCACCAATAC-1	HTO2	CD22_i61_2
ACAGGTCTCAAAGTTC-1	HTO5	CD22_B1_nonint_2261
ACAGGTCTCACTCGTT-1	HTO2	CD22_i61_2
ACAGGTCTCCGCAGCA-1	HTO2	CD22_i61_2
ACAGGTCTCCTCAGGG-1	HTO1	CD22_m971
ACAGGTCTCCTCGGCT-1	HTO2	CD22_i61_2
ACAGGTCTCGGATTGC-1	HTO4	CD22_A11_int_1411
ACAGGTTGTATCTTCG-1	HTO3	CD22_A3_nonint_4434
ACAGGTTGTCAGGTAT-1	HTO5	CD22_B1_nonint_2261
ACAGGTTGTCATACAA-1	HTO5	CD22_B1_nonint_2261
ACAGGTTGTCCGACAA-1	HTO3	CD22_A3_nonint_4434
ACAGGTTGTCGCATAG-1	HTO1	CD22_m971
ACAGGTTGTCGCCTAT-1	HTO2	CD22_i61_2
ACAGGTTGTGCACTAG-1	HTO5	CD22_B1_nonint_2261
ACAGGTTGTGTCACGA-1	HTO1	CD22_m971
ACAGTCTCAACAGTCT-1	HTO4	CD22_A11_int_1411
ACAGTCTCAATCAACC-1	HTO4	CD22_A11_int_1411
ACAGTCTCAATCGAGA-1	HTO1	CD22_m971
ACAGTCTCACCCTATC-1	HTO5	CD22_B1_nonint_2261
ACAGTTAGTACGAGTT-1	HTO4	CD22_A11_int_1411
ACAGTTAGTCCGTAAG-1	HTO2	CD22_i61_2
ACAGTTAGTGGAACCC-1	HTO5	CD22_B1_nonint_2261
ACAGTTAGTGTATAGC-1	HTO5	CD22_B1_nonint_2261
ACAGTTAGTGTCTATT-1	HTO1	CD22_m971
ACAGTTGTCCGATGGT-1	HTO4	CD22_A11_int_1411
ACAGTTGTCGCAATTG-1	HTO2	CD22_i61_2
ACAGTTGTCGGTTAGC-1	HTO2	CD22_i61_2
ACAGTTGTCGTATCTC-1	HTO1	CD22_m971
ACAGTTTAGAAGGTGT-1	HTO4	CD22_A11_int_1411
ACAGTTTAGCCTTCAT-1	HTO5	CD22_B1_nonint_2261
ACAGTTTAGGGGACGT-1	HTO2	CD22_i61_2
ACAGTTTAGGGTAGTG-1	HTO4	CD22_A11_int_1411
ACAGTTTAGGTAAGTA-1	HTO5	CD22_B1_nonint_2261
ACATAACTCGGACCCA-1	HTO3	CD22_A3_nonint_4434
ACATAAGAGACTATGT-1	HTO2	CD22_i61_2
ACATAAGAGCAAGAGT-1	HTO4	CD22_A11_int_1411
ACATAAGAGGGCGATA-1	HTO5	CD22_B1_nonint_2261
ACATACCCAAATCGAG-1	HTO2	CD22_i61_2
ACATACCCAACAGAAT-1	HTO3	CD22_A3_nonint_4434
ACATACCCAAGACAGC-1	HTO4	CD22_A11_int_1411
ACATACCCAATCATGC-1	HTO4	CD22_A11_int_1411
ACATACCCAATGAATA-1	HTO4	CD22_A11_int_1411
ACATACCCACCTAGCA-1	HTO1	CD22_m971
ACATACCCACTGGGGA-1	HTO4	CD22_A11_int_1411
ACATACCCAGCATCCA-1	HTO1	CD22_m971
ACATACCCAGTGAAAT-1	HTO2	CD22_i61_2
ACATACGTCCGAAACC-1	HTO2	CD22_i61_2
ACATACGTCCGAACAC-1	HTO4	CD22_A11_int_1411
ACATACGTCGCTGAGT-1	HTO3	CD22_A3_nonint_4434
ACATACGTCGGAATGG-1	HTO4	CD22_A11_int_1411
ACATACGTCGGCCCTT-1	HTO1	CD22_m971
ACATAGAAGCGTGAGA-1	HTO3	CD22_A3_nonint_4434
ACATAGCGTACATCTT-1	HTO5	CD22_B1_nonint_2261
ACATAGCGTGTTACCC-1	HTO1	CD22_m971
ACATAGCGTGTTCGAG-1	HTO1	CD22_m971
ACATAGGCAAAGCCGG-1	HTO3	CD22_A3_nonint_4434
ACATAGGCAACGGACG-1	HTO3	CD22_A3_nonint_4434
ACATAGGCAAGCAAGC-1	HTO1	CD22_m971
ACATAGGCAATCCTAA-1	HTO3	CD22_A3_nonint_4434
ACATAGGCACATGGTT-1	HTO2	CD22_i61_2
ACATAGGCACCGAATT-1	HTO2	CD22_i61_2
ACATAGGCACTATAAT-1	HTO5	CD22_B1_nonint_2261
ACATAGGCAGGTCATT-1	HTO2	CD22_i61_2
ACATATATCCAAATCG-1	HTO1	CD22_m971
ACATATATCCCACTTG-1	HTO1	CD22_m971
ACATATATCGTATCAG-1	HTO5	CD22_B1_nonint_2261
ACATATCAGAGGTAAC-1	HTO5	CD22_B1_nonint_2261
ACATATCAGCTCGTTT-1	HTO5	CD22_B1_nonint_2261
ACATATGGTACAGAAG-1	HTO4	CD22_A11_int_1411
ACATATGGTCATTCCA-1	HTO5	CD22_B1_nonint_2261
ACATATGGTCTTCAAT-1	HTO1	CD22_m971
ACATATGGTGGACCGT-1	HTO5	CD22_B1_nonint_2261
ACATATGGTGGGGAAT-1	HTO3	CD22_A3_nonint_4434
ACATATGGTGTGCGGT-1	HTO4	CD22_A11_int_1411
ACATATTCAAGGACTA-1	HTO2	CD22_i61_2
ACATATTCAATAGTAA-1	HTO3	CD22_A3_nonint_4434
ACATATTCAATGACGA-1	HTO4	CD22_A11_int_1411
ACATATTCACCCTTAC-1	HTO3	CD22_A3_nonint_4434
ACATCACCACACTATA-1	HTO5	CD22_B1_nonint_2261
ACATCACCACGGCTTA-1	HTO4	CD22_A11_int_1411
ACATCACCACTAAGCT-1	HTO1	CD22_m971
ACATCACCAGGAAACC-1	HTO3	CD22_A3_nonint_4434
ACATCACCAGGTTGCC-1	HTO5	CD22_B1_nonint_2261
ACATCAGTCACTCTGT-1	HTO1	CD22_m971
ACATCAGTCATGGCCG-1	HTO3	CD22_A3_nonint_4434
ACATCAGTCATGTCGA-1	HTO1	CD22_m971
ACATCAGTCCATACCT-1	HTO5	CD22_B1_nonint_2261
ACATCAGTCCCACCGT-1	HTO5	CD22_B1_nonint_2261
ACATCAGTCCGTATTC-1	HTO4	CD22_A11_int_1411
ACATCAGTCGTCTCGC-1	HTO1	CD22_m971
ACATCATAGAAAGGTC-1	HTO5	CD22_B1_nonint_2261
ACATCATAGAGGCTGA-1	HTO5	CD22_B1_nonint_2261
ACATCATAGATAACGA-1	HTO2	CD22_i61_2
ACATCATAGATTCAGT-1	HTO1	CD22_m971
ACATCATAGCATTCAG-1	HTO2	CD22_i61_2
ACATCATAGGGGATAT-1	HTO5	CD22_B1_nonint_2261
ACATCCAAGAAGCTAA-1	HTO1	CD22_m971
ACATCCAAGACAACCC-1	HTO4	CD22_A11_int_1411
ACATCCAAGATTGGTT-1	HTO1	CD22_m971
ACATCCAAGCTCGAAC-1	HTO1	CD22_m971
ACATCCAAGGCGATAG-1	HTO4	CD22_A11_int_1411
ACATCCAAGGGCGGAT-1	HTO2	CD22_i61_2
ACATCCAAGGGCGTAA-1	HTO5	CD22_B1_nonint_2261
ACATCCCGTATCTGGG-1	HTO1	CD22_m971
ACATCCCGTCAATATG-1	HTO4	CD22_A11_int_1411
ACATCCCGTCCGGTAA-1	HTO1	CD22_m971
ACATCCCGTCCTAATT-1	HTO1	CD22_m971
ACATCCCGTGGCTGTA-1	HTO2	CD22_i61_2
ACATCCCGTGTGGCGT-1	HTO1	CD22_m971
ACATCCGCAATTATCG-1	HTO4	CD22_A11_int_1411
ACATCCGCACAGCTCA-1	HTO2	CD22_i61_2
ACATCCGCACGTAAAG-1	HTO4	CD22_A11_int_1411
ACATCCGCAGCTAATC-1	HTO2	CD22_i61_2
ACATCTCTCACTGTCT-1	HTO3	CD22_A3_nonint_4434
ACATCTCTCAGTTTCC-1	HTO5	CD22_B1_nonint_2261
ACATCTCTCCAATAGT-1	HTO5	CD22_B1_nonint_2261
ACATCTCTCCAGTCCC-1	HTO4	CD22_A11_int_1411
ACATCTTGTAGCTTCC-1	HTO1	CD22_m971
ACATCTTGTAGTCGAT-1	HTO5	CD22_B1_nonint_2261
ACATCTTGTCATCTAT-1	HTO3	CD22_A3_nonint_4434
ACATCTTGTCGATCAG-1	HTO5	CD22_B1_nonint_2261
ACATCTTGTCGTCTGT-1	HTO2	CD22_i61_2
ACATCTTGTCGTTAGG-1	HTO1	CD22_m971
ACATCTTGTGCGAAGG-1	HTO1	CD22_m971
ACATCTTGTGGACTAT-1	HTO5	CD22_B1_nonint_2261
ACATGAAAGAACCATT-1	HTO4	CD22_A11_int_1411
ACATGAAAGAGAAGCT-1	HTO3	CD22_A3_nonint_4434
ACATGAAAGCCAAAGG-1	HTO2	CD22_i61_2
ACATGAAAGGGAGCGT-1	HTO1	CD22_m971
ACATGAAAGGTGCTGT-1	HTO3	CD22_A3_nonint_4434
ACATGCCAGACGAGGC-1	HTO3	CD22_A3_nonint_4434
ACATGCCAGAGTGCGA-1	HTO3	CD22_A3_nonint_4434
ACATGCCAGCCGTCAG-1	HTO1	CD22_m971
ACATGCCAGCGTATAT-1	HTO1	CD22_m971
ACATGCCAGGTTGGAG-1	HTO5	CD22_B1_nonint_2261
ACATGCTCAAAATCTT-1	HTO5	CD22_B1_nonint_2261
ACATGCTCAAGGACCG-1	HTO5	CD22_B1_nonint_2261
ACATGCTCAATCAGAG-1	HTO2	CD22_i61_2
ACATGCTCAATCATGC-1	HTO5	CD22_B1_nonint_2261
ACATGCTCACCTTACC-1	HTO4	CD22_A11_int_1411
ACATGGACAATCCAAC-1	HTO2	CD22_i61_2
ACATGGACAATGTGAG-1	HTO1	CD22_m971
ACATGGACAATTAATC-1	HTO2	CD22_i61_2
ACATGGACACAGGCGA-1	HTO3	CD22_A3_nonint_4434
ACATGGACACCTTCCG-1	HTO3	CD22_A3_nonint_4434
ACATGGACACTACATA-1	HTO2	CD22_i61_2
ACATGGACACTTAGTA-1	HTO2	CD22_i61_2
ACATGGACAGCGCTAC-1	HTO1	CD22_m971
ACATGGGAGACGTATT-1	HTO4	CD22_A11_int_1411
ACATGGGAGAGCCCAT-1	HTO3	CD22_A3_nonint_4434
ACATGGGAGCAAAGGT-1	HTO5	CD22_B1_nonint_2261
ACATGGGAGCCTCTTG-1	HTO4	CD22_A11_int_1411
ACATGGGAGGTGAGTG-1	HTO4	CD22_A11_int_1411
ACATGTCCAAATGACG-1	HTO2	CD22_i61_2
ACATGTCCACCCACAA-1	HTO1	CD22_m971
ACATGTCCACGCGTAC-1	HTO3	CD22_A3_nonint_4434
ACATGTCCAGCGTGTC-1	HTO2	CD22_i61_2
ACATGTGTCACACCTT-1	HTO2	CD22_i61_2
ACATGTGTCACCCCTA-1	HTO3	CD22_A3_nonint_4434
ACATGTGTCAGGCCAT-1	HTO5	CD22_B1_nonint_2261
ACATGTGTCATGCGGT-1	HTO1	CD22_m971
ACATGTGTCATGTCAG-1	HTO4	CD22_A11_int_1411
ACATGTGTCCCATCAT-1	HTO3	CD22_A3_nonint_4434
ACATGTTAGACCAATT-1	HTO2	CD22_i61_2
ACATGTTAGAGTGTAA-1	HTO2	CD22_i61_2
ACATGTTAGCCTAGAC-1	HTO3	CD22_A3_nonint_4434
ACATGTTAGCGATTCA-1	HTO4	CD22_A11_int_1411
ACATGTTAGCGGGTTT-1	HTO3	CD22_A3_nonint_4434
ACATGTTAGGGGTGTA-1	HTO1	CD22_m971
ACATGTTAGGTCGCCA-1	HTO2	CD22_i61_2
ACATTAATCACATTGG-1	HTO2	CD22_i61_2
ACATTAATCCTCGCTA-1	HTO1	CD22_m971
ACATTAATCGGCTGCA-1	HTO3	CD22_A3_nonint_4434
ACATTAGGTAAAGTGG-1	HTO5	CD22_B1_nonint_2261
ACATTAGGTATCACCC-1	HTO5	CD22_B1_nonint_2261
ACATTAGGTGCTAGAT-1	HTO2	CD22_i61_2
ACATTATCAGGACCTC-1	HTO5	CD22_B1_nonint_2261
ACATTCCTCAGACTGC-1	HTO3	CD22_A3_nonint_4434
ACATTCCTCCACAGGT-1	HTO1	CD22_m971
ACATTCCTCCTCCATG-1	HTO1	CD22_m971
ACATTCCTCGGATGTC-1	HTO1	CD22_m971
ACATTCGAGAAAGTCA-1	HTO2	CD22_i61_2
ACATTCGAGAATGTAG-1	HTO1	CD22_m971
ACATTCGAGCAAGTTT-1	HTO1	CD22_m971
ACATTCGAGCGTAATT-1	HTO1	CD22_m971
ACATTCGAGCTGAATT-1	HTO3	CD22_A3_nonint_4434
ACATTCGAGCTGGTCG-1	HTO2	CD22_i61_2
ACATTCGAGGCCCAAT-1	HTO3	CD22_A3_nonint_4434
ACATTCGAGGCGGAGT-1	HTO5	CD22_B1_nonint_2261
ACATTCGAGGGGGTTA-1	HTO2	CD22_i61_2
ACATTCGAGGTTGATT-1	HTO5	CD22_B1_nonint_2261
ACATTCTGTCTGTACC-1	HTO4	CD22_A11_int_1411
ACATTCTGTGTGTCCT-1	HTO2	CD22_i61_2
ACATTGGTCAAGCTAT-1	HTO4	CD22_A11_int_1411
ACATTGGTCAATATCA-1	HTO1	CD22_m971
ACATTGGTCACAAGCC-1	HTO3	CD22_A3_nonint_4434
ACATTGGTCATCGACA-1	HTO5	CD22_B1_nonint_2261
ACATTGGTCCAGCCTC-1	HTO2	CD22_i61_2
ACATTGGTCCGTAAAT-1	HTO1	CD22_m971
ACATTTCGTCATCGGA-1	HTO1	CD22_m971
ACATTTCGTCCAACGA-1	HTO5	CD22_B1_nonint_2261
ACATTTCGTCCGCTTG-1	HTO2	CD22_i61_2
ACATTTCGTCTGATAA-1	HTO5	CD22_B1_nonint_2261
ACATTTCGTGCTCTGT-1	HTO2	CD22_i61_2
ACATTTCGTGTGTCCT-1	HTO3	CD22_A3_nonint_4434
ACCAAATTCAACCCAA-1	HTO4	CD22_A11_int_1411
ACCAAATTCATGGGTC-1	HTO3	CD22_A3_nonint_4434
ACCAAATTCCGGACCA-1	HTO2	CD22_i61_2
ACCAAATTCCGTTCGC-1	HTO5	CD22_B1_nonint_2261
ACCAAATTCGTAGCGT-1	HTO5	CD22_B1_nonint_2261
ACCAACATCAGACAGG-1	HTO5	CD22_B1_nonint_2261
ACCAACATCAGCCGCA-1	HTO2	CD22_i61_2
ACCAACATCCAGGATC-1	HTO2	CD22_i61_2
ACCAACATCCGAAGTC-1	HTO5	CD22_B1_nonint_2261
ACCAACATCCGGAAAG-1	HTO5	CD22_B1_nonint_2261
ACCAACTCAAACACTC-1	HTO4	CD22_A11_int_1411
ACCAACTCAAGCATTC-1	HTO2	CD22_i61_2
ACCAACTCACAATTAT-1	HTO2	CD22_i61_2
ACCAACTCACGAAGTA-1	HTO4	CD22_A11_int_1411
ACCAACTCACTAAAGG-1	HTO2	CD22_i61_2
ACCAAGACACCAATAC-1	HTO2	CD22_i61_2
ACCAAGACACGTAATC-1	HTO3	CD22_A3_nonint_4434
ACCAAGCTCAACGTAT-1	HTO4	CD22_A11_int_1411
ACCAAGCTCAATCCTC-1	HTO1	CD22_m971
ACCAAGCTCCTCATTA-1	HTO3	CD22_A3_nonint_4434
ACCAAGCTCCTTGTCG-1	HTO2	CD22_i61_2
ACCAAGCTCGTCGCTC-1	HTO2	CD22_i61_2
ACCAATGTCCGATAGC-1	HTO5	CD22_B1_nonint_2261
ACCAATGTCCTATACC-1	HTO2	CD22_i61_2
ACCAATTAGCATCACA-1	HTO5	CD22_B1_nonint_2261
ACCAATTAGGTCGACT-1	HTO5	CD22_B1_nonint_2261
ACCACAATCACAGCGT-1	HTO2	CD22_i61_2
ACCACAATCCGACGCA-1	HTO3	CD22_A3_nonint_4434
ACCACAATCCGGAAAG-1	HTO5	CD22_B1_nonint_2261
ACCACATCAACTGAAG-1	HTO2	CD22_i61_2
ACCACATCAATGATCC-1	HTO2	CD22_i61_2
ACCACATCAGTGAAGC-1	HTO5	CD22_B1_nonint_2261
ACCACCTGTACTATGA-1	HTO5	CD22_B1_nonint_2261
ACCACCTGTATCGCAG-1	HTO4	CD22_A11_int_1411
ACCACCTGTCGATAGT-1	HTO3	CD22_A3_nonint_4434
ACCACGAGTAAGGAAT-1	HTO2	CD22_i61_2
ACCACGAGTACCTGTC-1	HTO5	CD22_B1_nonint_2261
ACCACGAGTAGGCCCG-1	HTO4	CD22_A11_int_1411
ACCACGTAGAGCTTAT-1	HTO1	CD22_m971
ACCACGTAGCGGTCAT-1	HTO4	CD22_A11_int_1411
ACCACGTAGCGTATAT-1	HTO2	CD22_i61_2
ACCACTCGTAAGCGTT-1	HTO4	CD22_A11_int_1411
ACCACTCGTAGAGATG-1	HTO2	CD22_i61_2
ACCACTCGTCACGTAG-1	HTO1	CD22_m971
ACCACTCGTCTCGCTG-1	HTO4	CD22_A11_int_1411
ACCAGAACAAACGTTC-1	HTO1	CD22_m971
ACCAGAACAAAGCTTC-1	HTO5	CD22_B1_nonint_2261
ACCAGAACAACCCGAC-1	HTO3	CD22_A3_nonint_4434
ACCAGAACACGGTATT-1	HTO5	CD22_B1_nonint_2261
ACCAGAACACTAGAAG-1	HTO1	CD22_m971
ACCAGAACAGTTAACC-1	HTO2	CD22_i61_2
ACCAGAGAGAATCTGT-1	HTO2	CD22_i61_2
ACCAGATGTACCATGG-1	HTO5	CD22_B1_nonint_2261
ACCAGATGTAGGCATT-1	HTO5	CD22_B1_nonint_2261
ACCAGATGTCCCTGTG-1	HTO1	CD22_m971
ACCAGGAAGAAGTGTA-1	HTO5	CD22_B1_nonint_2261
ACCAGGAAGCGCCTAG-1	HTO3	CD22_A3_nonint_4434
ACCAGGAAGGTGAGTG-1	HTO5	CD22_B1_nonint_2261
ACCATACCAAGCTTTA-1	HTO5	CD22_B1_nonint_2261
ACCATACCACCTTGAG-1	HTO2	CD22_i61_2
ACCATACCACGGGTAG-1	HTO3	CD22_A3_nonint_4434
ACCATCCGTAGGGGAT-1	HTO1	CD22_m971
ACCATCCGTAGTCGAT-1	HTO2	CD22_i61_2
ACCATCCGTCACTTTG-1	HTO2	CD22_i61_2
ACCATCCGTCCCAAAG-1	HTO1	CD22_m971
ACCATCCGTGCCTGCC-1	HTO3	CD22_A3_nonint_4434
ACCATCCGTGTGAGTT-1	HTO4	CD22_A11_int_1411
ACCATCGCAAATCTAT-1	HTO4	CD22_A11_int_1411
ACCATCGCAACAAGAT-1	HTO4	CD22_A11_int_1411
ACCATCGCAACGTCCA-1	HTO3	CD22_A3_nonint_4434
ACCATCGCACACACGC-1	HTO3	CD22_A3_nonint_4434
ACCATCGCACCTTTCA-1	HTO5	CD22_B1_nonint_2261
ACCATCGCAGTCACGC-1	HTO2	CD22_i61_2
ACCATCTTCACCTCCA-1	HTO2	CD22_i61_2
ACCATCTTCACGTCCC-1	HTO1	CD22_m971
ACCATCTTCATCCGTT-1	HTO1	CD22_m971
ACCATCTTCCGATCGG-1	HTO2	CD22_i61_2
ACCATCTTCCGGTATA-1	HTO2	CD22_i61_2
ACCATCTTCGTGGCAT-1	HTO3	CD22_A3_nonint_4434
ACCATGCAGAACGGAT-1	HTO5	CD22_B1_nonint_2261
ACCATGCAGCAAGCTC-1	HTO2	CD22_i61_2
ACCATGGGTACAGGCC-1	HTO5	CD22_B1_nonint_2261
ACCATGGGTATATTCC-1	HTO2	CD22_i61_2
ACCATGGGTATTACAG-1	HTO1	CD22_m971
ACCATGGGTATTGCTT-1	HTO5	CD22_B1_nonint_2261
ACCATGGGTCATATTC-1	HTO3	CD22_A3_nonint_4434
ACCATGGGTCTAGTAA-1	HTO5	CD22_B1_nonint_2261
ACCATGGGTGCCAAAT-1	HTO5	CD22_B1_nonint_2261
ACCATGGGTGCGCGAT-1	HTO1	CD22_m971
ACCATGGGTGGACGGA-1	HTO3	CD22_A3_nonint_4434
ACCATGGGTGTGTTCC-1	HTO3	CD22_A3_nonint_4434
ACCATTCTCAGCAGTC-1	HTO1	CD22_m971
ACCATTCTCCGGCAAT-1	HTO3	CD22_A3_nonint_4434
ACCATTCTCCTTCGTG-1	HTO5	CD22_B1_nonint_2261
ACCATTCTCGCTTTAC-1	HTO5	CD22_B1_nonint_2261
ACCCAAATCATGAATC-1	HTO5	CD22_B1_nonint_2261
ACCCAAATCGTTAGGC-1	HTO2	CD22_i61_2
ACCCAACAGAATTCCG-1	HTO2	CD22_i61_2
ACCCAACAGACTCAGC-1	HTO3	CD22_A3_nonint_4434
ACCCAACAGAGGGTGC-1	HTO2	CD22_i61_2
ACCCAACAGAGTAATG-1	HTO1	CD22_m971
ACCCAACAGCTCAGGT-1	HTO4	CD22_A11_int_1411
ACCCAACAGGGCTGAA-1	HTO5	CD22_B1_nonint_2261
ACCCACACAACATCAC-1	HTO2	CD22_i61_2
ACCCACACACTCGGGT-1	HTO3	CD22_A3_nonint_4434
ACCCACACAGTTAATT-1	HTO4	CD22_A11_int_1411
ACCCACGAGAATTGTC-1	HTO1	CD22_m971
ACCCACGAGATTAACC-1	HTO1	CD22_m971
ACCCATAAGACCCTTT-1	HTO2	CD22_i61_2
ACCCATAAGATCCAAT-1	HTO1	CD22_m971
ACCCATAAGATCTGCA-1	HTO4	CD22_A11_int_1411
ACCCATAAGCGCCTGA-1	HTO3	CD22_A3_nonint_4434
ACCCATAAGCGTCTAA-1	HTO2	CD22_i61_2
ACCCATAAGCTGAATT-1	HTO3	CD22_A3_nonint_4434
ACCCATAAGCTTCTAC-1	HTO2	CD22_i61_2
ACCCATAAGGTGCGTT-1	HTO2	CD22_i61_2
ACCCATAAGGTTCTAG-1	HTO2	CD22_i61_2
ACCCATCGTACGGTGC-1	HTO2	CD22_i61_2
ACCCATCGTACGTTCC-1	HTO4	CD22_A11_int_1411
ACCCATCGTAGCGTTG-1	HTO3	CD22_A3_nonint_4434
ACCCATCGTCACGCCC-1	HTO3	CD22_A3_nonint_4434
ACCCATCGTCCTTGCG-1	HTO1	CD22_m971
ACCCATCGTCGCATCT-1	HTO5	CD22_B1_nonint_2261
ACCCATGCAAAGCCAA-1	HTO2	CD22_i61_2
ACCCATGCACAATTAT-1	HTO4	CD22_A11_int_1411
ACCCATGCACTCACTC-1	HTO3	CD22_A3_nonint_4434
ACCCATTTCACCATTC-1	HTO5	CD22_B1_nonint_2261
ACCCATTTCCCGGTTC-1	HTO2	CD22_i61_2
ACCCATTTCGTCTTAC-1	HTO1	CD22_m971
ACCCCAACACGAACCC-1	HTO3	CD22_A3_nonint_4434
ACCCCAACAGCATGCC-1	HTO1	CD22_m971
ACCCCAACAGCGGGTA-1	HTO4	CD22_A11_int_1411
ACCCCAGAGAATGACA-1	HTO3	CD22_A3_nonint_4434
ACCCCAGAGAGCTTAT-1	HTO2	CD22_i61_2
ACCCCAGAGCCGACAT-1	HTO5	CD22_B1_nonint_2261
ACCCCAGAGCGGATTC-1	HTO2	CD22_i61_2
ACCCCAGAGCGTAGAG-1	HTO3	CD22_A3_nonint_4434
ACCCCAGAGGTTAGCC-1	HTO4	CD22_A11_int_1411
ACCCCATGTATCCTGC-1	HTO2	CD22_i61_2
ACCCCATGTATGGCGC-1	HTO2	CD22_i61_2
ACCCCATGTCCAGATG-1	HTO2	CD22_i61_2
ACCCCATGTGCAAGCC-1	HTO3	CD22_A3_nonint_4434
ACCCCGTTCAAATGTC-1	HTO1	CD22_m971
ACCCCGTTCAGCAGTC-1	HTO2	CD22_i61_2
ACCCCGTTCAGGCTTA-1	HTO5	CD22_B1_nonint_2261
ACCCCTATCACCCAAA-1	HTO4	CD22_A11_int_1411
ACCCCTATCGGACTTA-1	HTO5	CD22_B1_nonint_2261
ACCCCTGGTACCCCAT-1	HTO3	CD22_A3_nonint_4434
ACCCCTGGTATTGCCC-1	HTO2	CD22_i61_2
ACCCCTGGTCAGCATG-1	HTO3	CD22_A3_nonint_4434
ACCCCTGGTCATTAAG-1	HTO4	CD22_A11_int_1411
ACCCCTGGTCCGTAAG-1	HTO2	CD22_i61_2
ACCCCTGGTCCTCATA-1	HTO4	CD22_A11_int_1411
ACCCCTGGTCGAGTGC-1	HTO1	CD22_m971
ACCCCTGGTCGTGGGT-1	HTO3	CD22_A3_nonint_4434
ACCCCTGGTGGAATGA-1	HTO2	CD22_i61_2
ACCCCTGGTGGCAATT-1	HTO2	CD22_i61_2
ACCCCTGGTGGCCCCT-1	HTO4	CD22_A11_int_1411
ACCCCTGGTGGGGATG-1	HTO4	CD22_A11_int_1411
ACCCCTGGTGTTCGAG-1	HTO4	CD22_A11_int_1411
ACCCGACCACAACAGA-1	HTO4	CD22_A11_int_1411
ACCCGACCACCCTTTA-1	HTO4	CD22_A11_int_1411
ACCCGACCAGCAGCCT-1	HTO5	CD22_B1_nonint_2261
ACCCGACCAGGACCTC-1	HTO2	CD22_i61_2
ACCCGACCAGGCATTT-1	HTO1	CD22_m971
ACCCGATAGAAAGCTA-1	HTO5	CD22_B1_nonint_2261
ACCCGATAGAGTAAGC-1	HTO2	CD22_i61_2
ACCCGATAGCAACATT-1	HTO4	CD22_A11_int_1411
ACCCGATAGCACAGCT-1	HTO3	CD22_A3_nonint_4434
ACCCGATAGCCATTAG-1	HTO1	CD22_m971
ACCCGATAGCCGTATA-1	HTO5	CD22_B1_nonint_2261
ACCCGATAGCGAAGAT-1	HTO2	CD22_i61_2
ACCCGATAGGTCCAGT-1	HTO1	CD22_m971
ACCCGATAGGTCTAGC-1	HTO3	CD22_A3_nonint_4434
ACCCGCAAGACCTGCG-1	HTO2	CD22_i61_2
ACCCGCAAGAGCAACG-1	HTO1	CD22_m971
ACCCGCAAGAGGATTA-1	HTO3	CD22_A3_nonint_4434
ACCCGCAAGAGTTAGA-1	HTO5	CD22_B1_nonint_2261
ACCCGCAAGATAGCGG-1	HTO3	CD22_A3_nonint_4434
ACCCGCAAGATCGATT-1	HTO5	CD22_B1_nonint_2261
ACCCGCAAGCAACGAG-1	HTO5	CD22_B1_nonint_2261
ACCCGCAAGGGCTTGT-1	HTO4	CD22_A11_int_1411
ACCCGCAAGGGTACGA-1	HTO3	CD22_A3_nonint_4434
ACCCGCTTCAACACGC-1	HTO3	CD22_A3_nonint_4434
ACCCGCTTCACACAAT-1	HTO5	CD22_B1_nonint_2261
ACCCGCTTCAGTCAGC-1	HTO2	CD22_i61_2
ACCCGCTTCCACTCTG-1	HTO1	CD22_m971
ACCCGCTTCCCAATTC-1	HTO3	CD22_A3_nonint_4434
ACCCGCTTCCCACGCT-1	HTO1	CD22_m971
ACCCGCTTCCGGCATG-1	HTO3	CD22_A3_nonint_4434
ACCCGCTTCCGTCGCT-1	HTO2	CD22_i61_2
ACCCGCTTCGGGTCCA-1	HTO1	CD22_m971
ACCCGTACAAAGCTAG-1	HTO1	CD22_m971
ACCCGTACAAGTGCCC-1	HTO1	CD22_m971
ACCCGTACACCACCAA-1	HTO4	CD22_A11_int_1411
ACCCGTACAGCGTGCT-1	HTO5	CD22_B1_nonint_2261
ACCCGTACAGTACGAA-1	HTO5	CD22_B1_nonint_2261
ACCCGTGAGATACGAA-1	HTO1	CD22_m971
ACCCGTGAGCAATATC-1	HTO1	CD22_m971
ACCCGTGAGGGGTAGC-1	HTO2	CD22_i61_2
ACCCGTGAGGGTCTGT-1	HTO2	CD22_i61_2
ACCCGTTGTCTAGTAA-1	HTO3	CD22_A3_nonint_4434
ACCCGTTGTGGATAAG-1	HTO1	CD22_m971
ACCCGTTGTGGGTGCT-1	HTO2	CD22_i61_2
ACCCGTTGTGGTAGCC-1	HTO1	CD22_m971
ACCCTAAAGAATGTAG-1	HTO1	CD22_m971
ACCCTAAAGAGTTGGG-1	HTO3	CD22_A3_nonint_4434
ACCCTAAAGGTAGTGG-1	HTO5	CD22_B1_nonint_2261
ACCCTAGCAAAGTATA-1	HTO3	CD22_A3_nonint_4434
ACCCTAGCAATAAGAC-1	HTO2	CD22_i61_2
ACCCTAGCAATATTCG-1	HTO5	CD22_B1_nonint_2261
ACCCTAGCACCTAAAC-1	HTO4	CD22_A11_int_1411
ACCCTAGCACGCCTAA-1	HTO4	CD22_A11_int_1411
ACCCTAGCAGTTCTCC-1	HTO1	CD22_m971
ACCCTATTCAAGCGTC-1	HTO2	CD22_i61_2
ACCCTATTCACGCGTG-1	HTO4	CD22_A11_int_1411
ACCCTATTCCATGGGT-1	HTO5	CD22_B1_nonint_2261
ACCCTATTCCATTGTC-1	HTO1	CD22_m971
ACCCTATTCGCACCTC-1	HTO5	CD22_B1_nonint_2261
ACCCTATTCGCTATAG-1	HTO5	CD22_B1_nonint_2261
ACCCTATTCGGGCCTA-1	HTO2	CD22_i61_2
ACCCTCTCAAACTCAC-1	HTO1	CD22_m971
ACCCTCTCAATGACCT-1	HTO4	CD22_A11_int_1411
ACCCTCTCAATGGCCC-1	HTO4	CD22_A11_int_1411
ACCCTCTCAATGGGAC-1	HTO4	CD22_A11_int_1411
ACCCTCTCAGTCTATA-1	HTO3	CD22_A3_nonint_4434
ACCCTCTCAGTGGCAG-1	HTO1	CD22_m971
ACCCTCTCAGTGGCGA-1	HTO5	CD22_B1_nonint_2261
ACCCTCTCAGTGGTAA-1	HTO4	CD22_A11_int_1411
ACCCTGCTCATAGGGG-1	HTO4	CD22_A11_int_1411
ACCCTGCTCATCGGCG-1	HTO2	CD22_i61_2
ACCCTGCTCCTATGTC-1	HTO2	CD22_i61_2
ACCCTGCTCCTTCGTG-1	HTO3	CD22_A3_nonint_4434
ACCCTGCTCGCAGTAC-1	HTO2	CD22_i61_2
ACCCTGCTCGCATAAT-1	HTO3	CD22_A3_nonint_4434
ACCCTGCTCGCTTATC-1	HTO5	CD22_B1_nonint_2261
ACCCTTAGTAGTCCGA-1	HTO1	CD22_m971
ACCCTTAGTATCGCTC-1	HTO1	CD22_m971
ACCCTTAGTATTCGTT-1	HTO2	CD22_i61_2
ACCCTTAGTCGTTAAA-1	HTO5	CD22_B1_nonint_2261
ACCCTTAGTCGTTAGG-1	HTO1	CD22_m971
ACCCTTAGTCTCTAAT-1	HTO3	CD22_A3_nonint_4434
ACCCTTAGTGCAATGT-1	HTO2	CD22_i61_2
ACCCTTAGTGTGTTAA-1	HTO5	CD22_B1_nonint_2261
ACCCTTAGTGTTCGAG-1	HTO3	CD22_A3_nonint_4434
ACCCTTTAGACCTTAG-1	HTO4	CD22_A11_int_1411
ACCCTTTAGAGCTTAT-1	HTO2	CD22_i61_2
ACCCTTTAGCAACATT-1	HTO3	CD22_A3_nonint_4434
ACCCTTTAGCCAAAGG-1	HTO2	CD22_i61_2
ACCCTTTAGCCTGCGA-1	HTO2	CD22_i61_2
ACCTAACCAACTCGAT-1	HTO5	CD22_B1_nonint_2261
ACCTAACCAAGTGCCC-1	HTO3	CD22_A3_nonint_4434
ACCTAACCACAACGGG-1	HTO4	CD22_A11_int_1411
ACCTAACCAGCTGACC-1	HTO2	CD22_i61_2
ACCTAACCAGGCATTT-1	HTO2	CD22_i61_2
ACCTACAAGCGCTCGA-1	HTO2	CD22_i61_2
ACCTACAAGCGTTAGC-1	HTO2	CD22_i61_2
ACCTACAAGCTGGCAT-1	HTO2	CD22_i61_2
ACCTACAAGGGGACGT-1	HTO1	CD22_m971
ACCTACGCAAGCGATA-1	HTO4	CD22_A11_int_1411
ACCTACGCAAGTGCAA-1	HTO1	CD22_m971
ACCTACGCAGTCCTAG-1	HTO1	CD22_m971
ACCTACTTCACACGGT-1	HTO1	CD22_m971
ACCTACTTCACATACG-1	HTO1	CD22_m971
ACCTACTTCATACCCT-1	HTO1	CD22_m971
ACCTACTTCCAATCAG-1	HTO4	CD22_A11_int_1411
ACCTACTTCCTCCGAC-1	HTO4	CD22_A11_int_1411
ACCTAGGGTAATGTTG-1	HTO4	CD22_A11_int_1411
ACCTAGGGTACATTCT-1	HTO1	CD22_m971
ACCTAGGGTGGGTCTA-1	HTO3	CD22_A3_nonint_4434
ACCTAGTCAATGCACT-1	HTO3	CD22_A3_nonint_4434
ACCTAGTCACCGACTA-1	HTO4	CD22_A11_int_1411
ACCTATACAAGGACTA-1	HTO2	CD22_i61_2
ACCTATACAATTACCA-1	HTO4	CD22_A11_int_1411
ACCTATACACCAGGGA-1	HTO4	CD22_A11_int_1411
ACCTATACACCTAGGC-1	HTO2	CD22_i61_2
ACCTATACACTAGTTA-1	HTO2	CD22_i61_2
ACCTATACACTGCAAT-1	HTO1	CD22_m971
ACCTATGAGACCATGC-1	HTO3	CD22_A3_nonint_4434
ACCTATGAGACTAATC-1	HTO2	CD22_i61_2
ACCTATGAGCCAAGCT-1	HTO2	CD22_i61_2
ACCTATGAGGCTCAAC-1	HTO3	CD22_A3_nonint_4434
ACCTATTGTAACATGC-1	HTO3	CD22_A3_nonint_4434
ACCTATTGTAACGAGA-1	HTO2	CD22_i61_2
ACCTATTGTAGCTGAT-1	HTO5	CD22_B1_nonint_2261
ACCTATTGTATATTGG-1	HTO1	CD22_m971
ACCTATTGTCAGTCTC-1	HTO5	CD22_B1_nonint_2261
ACCTATTGTCCTCGAT-1	HTO1	CD22_m971
ACCTATTGTCGAGTCA-1	HTO2	CD22_i61_2
ACCTATTGTCGGGTAC-1	HTO2	CD22_i61_2
ACCTATTGTCTAGCTC-1	HTO5	CD22_B1_nonint_2261
ACCTATTGTGTCGTCT-1	HTO5	CD22_B1_nonint_2261
ACCTCAGCAACTTAGC-1	HTO5	CD22_B1_nonint_2261
ACCTCAGCACCACTAG-1	HTO5	CD22_B1_nonint_2261
ACCTCAGCACGAGCGA-1	HTO5	CD22_B1_nonint_2261
ACCTCATTCACCATTC-1	HTO2	CD22_i61_2
ACCTCATTCACCTCAT-1	HTO1	CD22_m971
ACCTCATTCAGACGCT-1	HTO2	CD22_i61_2
ACCTCATTCGCTTATC-1	HTO3	CD22_A3_nonint_4434
ACCTCATTCGGTCCCT-1	HTO1	CD22_m971
ACCTCATTCGTATTAA-1	HTO4	CD22_A11_int_1411
ACCTCCATCAGTTGTG-1	HTO5	CD22_B1_nonint_2261
ACCTCCATCATGATGT-1	HTO4	CD22_A11_int_1411
ACCTCCATCCATTCAC-1	HTO3	CD22_A3_nonint_4434
ACCTCCATCGGTCAAC-1	HTO2	CD22_i61_2
ACCTCCATCGTATCGA-1	HTO2	CD22_i61_2
ACCTCCATCGTTGTCT-1	HTO5	CD22_B1_nonint_2261
ACCTCCGGTACCTCCG-1	HTO5	CD22_B1_nonint_2261
ACCTCCGGTGCTTCTA-1	HTO3	CD22_A3_nonint_4434
ACCTCTCCAAAGTTCC-1	HTO2	CD22_i61_2
ACCTCTCCAAGACAAT-1	HTO1	CD22_m971
ACCTCTCCAAGCGCCT-1	HTO4	CD22_A11_int_1411
ACCTCTCCAATGCCGC-1	HTO5	CD22_B1_nonint_2261
ACCTCTCCACCTTTCA-1	HTO1	CD22_m971
ACCTCTCCAGGATGGT-1	HTO2	CD22_i61_2
ACCTCTGTCCGGTATA-1	HTO5	CD22_B1_nonint_2261
ACCTGCACAAATTCCA-1	HTO1	CD22_m971
ACCTGCACAAGCGATA-1	HTO1	CD22_m971
ACCTGCACAGGTATTC-1	HTO1	CD22_m971
ACCTGCACAGTGCGAG-1	HTO5	CD22_B1_nonint_2261
ACCTGCGAGACTATGT-1	HTO5	CD22_B1_nonint_2261
ACCTGCGAGCCTGTGG-1	HTO1	CD22_m971
ACCTGCTGTAGTTGCG-1	HTO5	CD22_B1_nonint_2261
ACCTGCTGTCCAGTAG-1	HTO2	CD22_i61_2
ACCTGCTGTCGAGTCA-1	HTO2	CD22_i61_2
ACCTGCTGTGCTTAGG-1	HTO4	CD22_A11_int_1411
ACCTGCTGTGTGTCCT-1	HTO1	CD22_m971
ACCTGTAAGACGTCCG-1	HTO5	CD22_B1_nonint_2261
ACCTGTAAGCCTGCAG-1	HTO2	CD22_i61_2
ACCTGTAAGCTCATAG-1	HTO3	CD22_A3_nonint_4434
ACCTGTCGTAATTGTG-1	HTO4	CD22_A11_int_1411
ACCTGTCGTACGTTCC-1	HTO1	CD22_m971
ACCTGTCGTATGATGC-1	HTO3	CD22_A3_nonint_4434
ACCTGTCGTGTAAGGA-1	HTO3	CD22_A3_nonint_4434
ACCTTAACAAATTGCC-1	HTO2	CD22_i61_2
ACCTTAACAACCTAGT-1	HTO2	CD22_i61_2
ACCTTAACAAGTACTC-1	HTO1	CD22_m971
ACCTTAACAAGTCATC-1	HTO2	CD22_i61_2
ACCTTAACACACGCAC-1	HTO2	CD22_i61_2
ACCTTAACACTAACGT-1	HTO1	CD22_m971
ACCTTAACACTCGGGT-1	HTO2	CD22_i61_2
ACCTTAACAGGTTAGA-1	HTO1	CD22_m971
ACCTTACTCAAGTTCG-1	HTO5	CD22_B1_nonint_2261
ACCTTACTCCCTTTAA-1	HTO1	CD22_m971
ACCTTACTCCGTACAA-1	HTO5	CD22_B1_nonint_2261
ACCTTAGAGATGCCCG-1	HTO2	CD22_i61_2
ACCTTAGAGCCGTCGA-1	HTO4	CD22_A11_int_1411
ACCTTAGAGCGTTTAG-1	HTO3	CD22_A3_nonint_4434
ACCTTAGAGCTGGTTA-1	HTO2	CD22_i61_2
ACCTTAGAGGGTTAGG-1	HTO5	CD22_B1_nonint_2261
ACCTTATGTAGTTTAG-1	HTO5	CD22_B1_nonint_2261
ACCTTATGTATCAGGT-1	HTO2	CD22_i61_2
ACCTTATGTCTACTGC-1	HTO5	CD22_B1_nonint_2261
ACCTTATGTCTTCTCT-1	HTO3	CD22_A3_nonint_4434
ACCTTATGTGGGTTTG-1	HTO5	CD22_B1_nonint_2261
ACCTTGCGTACTTATC-1	HTO1	CD22_m971
ACCTTGCGTAGACTCG-1	HTO3	CD22_A3_nonint_4434
ACCTTGCGTATACTAG-1	HTO2	CD22_i61_2
ACCTTGCGTATATGTG-1	HTO2	CD22_i61_2
ACCTTGCGTATCCGAG-1	HTO3	CD22_A3_nonint_4434
ACCTTGCGTATTCGGG-1	HTO2	CD22_i61_2
ACCTTGCGTCTATAAG-1	HTO2	CD22_i61_2
ACCTTGCGTGGGAGAT-1	HTO4	CD22_A11_int_1411
ACCTTTCAGACATCAT-1	HTO2	CD22_i61_2
ACCTTTCAGAGCGGAC-1	HTO4	CD22_A11_int_1411
ACCTTTCAGAGTGCAG-1	HTO4	CD22_A11_int_1411
ACCTTTCAGCTCATGA-1	HTO3	CD22_A3_nonint_4434
ACCTTTGGTACTACTT-1	HTO1	CD22_m971
ACCTTTGGTAGCGCGT-1	HTO2	CD22_i61_2
ACCTTTGGTCACGCCC-1	HTO2	CD22_i61_2
ACCTTTGGTCATAGCG-1	HTO4	CD22_A11_int_1411
ACCTTTGGTCTCCGGC-1	HTO4	CD22_A11_int_1411
ACCTTTGGTGCGTTAG-1	HTO5	CD22_B1_nonint_2261
ACCTTTGGTGGTGTCA-1	HTO5	CD22_B1_nonint_2261
ACCTTTGGTGTCTATT-1	HTO3	CD22_A3_nonint_4434
ACGAAATCAATCTGAC-1	HTO1	CD22_m971
ACGAAATCAATTCGTA-1	HTO2	CD22_i61_2
ACGAAATCAGCGACCT-1	HTO1	CD22_m971
ACGAACACAAGTACTC-1	HTO4	CD22_A11_int_1411
ACGAACACACATACCG-1	HTO5	CD22_B1_nonint_2261
ACGAACACAGCCTTAG-1	HTO3	CD22_A3_nonint_4434
ACGAACACAGCTATCG-1	HTO3	CD22_A3_nonint_4434
ACGAACACAGTGCGGA-1	HTO5	CD22_B1_nonint_2261
ACGAACCTCAGTCAGC-1	HTO4	CD22_A11_int_1411
ACGAACCTCCTCGGGA-1	HTO5	CD22_B1_nonint_2261
ACGAACCTCGCCATGG-1	HTO1	CD22_m971
ACGAACGAGACATGAA-1	HTO2	CD22_i61_2
ACGAACGAGCCAAAGG-1	HTO2	CD22_i61_2
ACGAACGAGCCTACGG-1	HTO5	CD22_B1_nonint_2261
ACGAACGAGCGCGTAT-1	HTO5	CD22_B1_nonint_2261
ACGAACGAGCGTTTGA-1	HTO1	CD22_m971
ACGAACGAGCTCTGGG-1	HTO2	CD22_i61_2
ACGAAGCCAACTAATT-1	HTO4	CD22_A11_int_1411
ACGAAGCCACCTCTCG-1	HTO2	CD22_i61_2
ACGAAGCCACCTTCTA-1	HTO1	CD22_m971
ACGAAGCCACTGCACA-1	HTO4	CD22_A11_int_1411
ACGAAGCCAGTTAGCT-1	HTO5	CD22_B1_nonint_2261
ACGAAGTAGAAACTAG-1	HTO1	CD22_m971
ACGAAGTAGAACGTGG-1	HTO3	CD22_A3_nonint_4434
ACGAAGTAGATACGGG-1	HTO3	CD22_A3_nonint_4434
ACGAAGTAGATTCAGT-1	HTO5	CD22_B1_nonint_2261
ACGAAGTAGCAAACCC-1	HTO1	CD22_m971
ACGAAGTAGCGACAGA-1	HTO1	CD22_m971
ACGAAGTAGGCCATTA-1	HTO3	CD22_A3_nonint_4434
ACGAAGTAGGCGATAG-1	HTO3	CD22_A3_nonint_4434
ACGACACTCACTTAAA-1	HTO3	CD22_A3_nonint_4434
ACGACACTCATGGTAT-1	HTO2	CD22_i61_2
ACGACACTCCAATGCA-1	HTO2	CD22_i61_2
ACGACACTCCATTCAC-1	HTO2	CD22_i61_2
ACGACACTCCGATGGT-1	HTO2	CD22_i61_2
ACGACACTCCGGGAAA-1	HTO1	CD22_m971
ACGACACTCCTATCAC-1	HTO2	CD22_i61_2
ACGACAGAGCACTACA-1	HTO3	CD22_A3_nonint_4434
ACGACAGAGCATTAAC-1	HTO1	CD22_m971
ACGACAGAGCCTGCAG-1	HTO1	CD22_m971
ACGACAGAGCTAAGCC-1	HTO3	CD22_A3_nonint_4434
ACGACCCCAAGGGACT-1	HTO2	CD22_i61_2
ACGACCCCACCTTGAG-1	HTO1	CD22_m971
ACGACCCCACTACGCA-1	HTO4	CD22_A11_int_1411
ACGACCCCAGCGTGTC-1	HTO2	CD22_i61_2
ACGACGAAGAATCTGT-1	HTO3	CD22_A3_nonint_4434
ACGACGAAGCACTTTC-1	HTO3	CD22_A3_nonint_4434
ACGACGAAGGGTGATG-1	HTO2	CD22_i61_2
ACGACGAAGGTTAGTT-1	HTO3	CD22_A3_nonint_4434
ACGACTATCAGGTGTC-1	HTO4	CD22_A11_int_1411
ACGACTATCAGTTGTG-1	HTO3	CD22_A3_nonint_4434
ACGACTATCCATCGCC-1	HTO3	CD22_A3_nonint_4434
ACGACTATCCCATGCC-1	HTO3	CD22_A3_nonint_4434
ACGACTATCCCATTCG-1	HTO2	CD22_i61_2
ACGACTATCCCGGTTC-1	HTO4	CD22_A11_int_1411
ACGACTATCCGGGTCA-1	HTO4	CD22_A11_int_1411
ACGACTATCGTCCATT-1	HTO1	CD22_m971
ACGAGACCACCCATAG-1	HTO2	CD22_i61_2
ACGAGACCACCGCATA-1	HTO1	CD22_m971
ACGAGACCAGCATCAT-1	HTO1	CD22_m971
ACGAGCTTCAAACCGC-1	HTO5	CD22_B1_nonint_2261
ACGAGCTTCAACCTCT-1	HTO2	CD22_i61_2
ACGAGCTTCAAGCAAA-1	HTO5	CD22_B1_nonint_2261
ACGAGCTTCCTGTACT-1	HTO1	CD22_m971
ACGAGCTTCGCGAAAG-1	HTO5	CD22_B1_nonint_2261
ACGAGGCAGAAAGCGT-1	HTO2	CD22_i61_2
ACGAGGCAGAACGGCA-1	HTO5	CD22_B1_nonint_2261
ACGAGGCAGACCAATT-1	HTO5	CD22_B1_nonint_2261
ACGAGGCAGATTGGTT-1	HTO3	CD22_A3_nonint_4434
ACGAGGCAGCATTTCC-1	HTO1	CD22_m971
ACGAGGCAGCTATGGC-1	HTO2	CD22_i61_2
ACGAGGCAGGCTCGAT-1	HTO1	CD22_m971
ACGAGGCAGGGACGGT-1	HTO5	CD22_B1_nonint_2261
ACGAGGTCAAAGGGAG-1	HTO2	CD22_i61_2
ACGAGGTCACGCTCAA-1	HTO4	CD22_A11_int_1411
ACGAGTTGTAGCATCG-1	HTO4	CD22_A11_int_1411
ACGAGTTGTCACCGTT-1	HTO4	CD22_A11_int_1411
ACGATAGCAAACGGCG-1	HTO1	CD22_m971
ACGATAGCAAGGCCGA-1	HTO4	CD22_A11_int_1411
ACGATAGCAATTAATC-1	HTO1	CD22_m971
ACGATAGCACTACGCA-1	HTO3	CD22_A3_nonint_4434
ACGATATTCACCTCAT-1	HTO1	CD22_m971
ACGATATTCACGTCAA-1	HTO2	CD22_i61_2
ACGATATTCATTATCT-1	HTO3	CD22_A3_nonint_4434
ACGATGGAGACGAAGT-1	HTO1	CD22_m971
ACGATGGAGATGCGGA-1	HTO3	CD22_A3_nonint_4434
ACGATGGAGCTCGATA-1	HTO1	CD22_m971
ACGATGGAGGTGTATT-1	HTO2	CD22_i61_2
ACGCAACTCAGCCTCC-1	HTO3	CD22_A3_nonint_4434
ACGCAACTCCGGTGCA-1	HTO5	CD22_B1_nonint_2261
ACGCAACTCGGCGATT-1	HTO5	CD22_B1_nonint_2261
ACGCAATGTACCTTAT-1	HTO1	CD22_m971
ACGCAATGTCCTCATA-1	HTO2	CD22_i61_2
ACGCAATGTGCTCCTG-1	HTO5	CD22_B1_nonint_2261
ACGCAATGTGGGTGTC-1	HTO3	CD22_A3_nonint_4434
ACGCAATGTGGTAGGG-1	HTO1	CD22_m971
ACGCACCCACCAGATT-1	HTO1	CD22_m971
ACGCACCCACTAATAT-1	HTO2	CD22_i61_2
ACGCAGGCAACCTCTC-1	HTO4	CD22_A11_int_1411
ACGCAGGCAATAACTT-1	HTO1	CD22_m971
ACGCAGGCACAGCGAG-1	HTO5	CD22_B1_nonint_2261
ACGCAGGCACCTGACA-1	HTO4	CD22_A11_int_1411
ACGCAGTTCCTGACAA-1	HTO2	CD22_i61_2
ACGCATATCAAGGCTC-1	HTO4	CD22_A11_int_1411
ACGCATATCATTATCT-1	HTO1	CD22_m971
ACGCATATCCCATTCG-1	HTO5	CD22_B1_nonint_2261
ACGCATGGTACAAGTC-1	HTO2	CD22_i61_2
ACGCATGGTATACCCC-1	HTO1	CD22_m971
ACGCATGGTCCTTTAG-1	HTO3	CD22_A3_nonint_4434
ACGCATGGTCTGGCTT-1	HTO5	CD22_B1_nonint_2261
ACGCATGGTGCGCGAT-1	HTO2	CD22_i61_2
ACGCCACCACAGCGAG-1	HTO3	CD22_A3_nonint_4434
ACGCCACCACCGTCAA-1	HTO4	CD22_A11_int_1411
ACGCCACCAGGTATTC-1	HTO3	CD22_A3_nonint_4434
ACGCCACCAGTGAGGT-1	HTO2	CD22_i61_2
ACGCCACCAGTGATTC-1	HTO2	CD22_i61_2
ACGCCATAGATCGGAG-1	HTO2	CD22_i61_2
ACGCCATAGCTATCAG-1	HTO1	CD22_m971
ACGCCCAAGAAGCTTT-1	HTO4	CD22_A11_int_1411
ACGCCCAAGCCGATTA-1	HTO1	CD22_m971
ACGCCCAAGCGTTAGC-1	HTO5	CD22_B1_nonint_2261
ACGCCCAAGCTCTCCA-1	HTO5	CD22_B1_nonint_2261
ACGCCCAAGGCCTGAT-1	HTO1	CD22_m971
ACGCCCTTCACTAAAC-1	HTO3	CD22_A3_nonint_4434
ACGCCCTTCCTCACGC-1	HTO2	CD22_i61_2
ACGCCCTTCGGACATC-1	HTO5	CD22_B1_nonint_2261
ACGCCCTTCGTAATCG-1	HTO4	CD22_A11_int_1411
ACGCCCTTCGTTCGCC-1	HTO2	CD22_i61_2
ACGCCGGGTAAGTCTA-1	HTO5	CD22_B1_nonint_2261
ACGCCGGGTAGCTGTG-1	HTO5	CD22_B1_nonint_2261
ACGCCGGGTAGGCATT-1	HTO1	CD22_m971
ACGCCGGGTATGGTCG-1	HTO4	CD22_A11_int_1411
ACGCCGGGTCAAACGT-1	HTO3	CD22_A3_nonint_4434
ACGCCGGGTCGGTTCT-1	HTO1	CD22_m971
ACGCCGGGTGCTAGTG-1	HTO4	CD22_A11_int_1411
ACGCCTCTCAACGCAC-1	HTO5	CD22_B1_nonint_2261
ACGCCTCTCAATGTGT-1	HTO2	CD22_i61_2
ACGCCTCTCACACTTC-1	HTO2	CD22_i61_2
ACGCCTCTCACCACTT-1	HTO2	CD22_i61_2
ACGCCTCTCCTGCGTC-1	HTO2	CD22_i61_2
ACGCCTCTCGCTAATG-1	HTO5	CD22_B1_nonint_2261
ACGCGAAAGAGGTGAT-1	HTO4	CD22_A11_int_1411
ACGCGAAAGCACGGTT-1	HTO4	CD22_A11_int_1411
ACGCGAAAGCATGCAC-1	HTO5	CD22_B1_nonint_2261
ACGCGAAAGCCATCAA-1	HTO3	CD22_A3_nonint_4434
ACGCGAGCAGCATGGG-1	HTO4	CD22_A11_int_1411
ACGCGAGCAGTTAGAG-1	HTO3	CD22_A3_nonint_4434
ACGCGCATCAGTGATT-1	HTO5	CD22_B1_nonint_2261
ACGCGCATCATGGCCG-1	HTO5	CD22_B1_nonint_2261
ACGCGCATCGTGCATA-1	HTO3	CD22_A3_nonint_4434
ACGCGCGGTATGAGTC-1	HTO1	CD22_m971
ACGCGCGGTGCGCCTC-1	HTO2	CD22_i61_2
ACGCGCGGTGTGTTAA-1	HTO1	CD22_m971
ACGCGCTCAAGCGTCC-1	HTO3	CD22_A3_nonint_4434
ACGCGCTCAAGGACAC-1	HTO1	CD22_m971
ACGCGTCCAAGAATAC-1	HTO2	CD22_i61_2
ACGCGTCCACTTAGTA-1	HTO3	CD22_A3_nonint_4434
ACGCGTCCAGGTTGGG-1	HTO3	CD22_A3_nonint_4434
ACGCGTGTCATACAAC-1	HTO1	CD22_m971
ACGCGTGTCCGACGCA-1	HTO3	CD22_A3_nonint_4434
ACGCGTGTCGCTAACA-1	HTO2	CD22_i61_2
ACGCGTTAGCAAACTT-1	HTO5	CD22_B1_nonint_2261
ACGCGTTAGCCAAATT-1	HTO2	CD22_i61_2
ACGCGTTAGGCGTTTA-1	HTO4	CD22_A11_int_1411
ACGCGTTAGGTAAGGT-1	HTO1	CD22_m971
ACGCTAATCACTATCC-1	HTO2	CD22_i61_2
ACGCTAATCACTCCAT-1	HTO2	CD22_i61_2
ACGCTAATCATCGCGG-1	HTO3	CD22_A3_nonint_4434
ACGCTAATCGCTAACA-1	HTO5	CD22_B1_nonint_2261
ACGCTAATCGGTCAAC-1	HTO2	CD22_i61_2
ACGCTAATCGTAGTCA-1	HTO3	CD22_A3_nonint_4434
ACGCTCACAACGAGAC-1	HTO1	CD22_m971
ACGCTCACACGATTAC-1	HTO5	CD22_B1_nonint_2261
ACGCTCACACGGTGTC-1	HTO5	CD22_B1_nonint_2261
ACGCTCACACTCGGGT-1	HTO3	CD22_A3_nonint_4434
ACGCTCACAGTTAATT-1	HTO1	CD22_m971
ACGCTCCTCACATGTG-1	HTO4	CD22_A11_int_1411
ACGCTCCTCCACCCTA-1	HTO5	CD22_B1_nonint_2261
ACGCTCCTCCGAATGC-1	HTO4	CD22_A11_int_1411
ACGCTCCTCGCCCGTT-1	HTO3	CD22_A3_nonint_4434
ACGCTGAGTATCGTGG-1	HTO1	CD22_m971
ACGCTGAGTCTACTAT-1	HTO3	CD22_A3_nonint_4434
ACGCTGAGTGTTAGTA-1	HTO5	CD22_B1_nonint_2261
ACGCTGTAGCATAACT-1	HTO1	CD22_m971
ACGCTGTAGCGGGGAT-1	HTO1	CD22_m971
ACGCTGTAGGGGTTGA-1	HTO3	CD22_A3_nonint_4434
ACGCTTCGTAAATTCG-1	HTO5	CD22_B1_nonint_2261
ACGCTTCGTAGGTAAG-1	HTO4	CD22_A11_int_1411
ACGCTTCGTAGTCCAG-1	HTO3	CD22_A3_nonint_4434
ACGCTTCGTATGAGTC-1	HTO2	CD22_i61_2
ACGCTTCGTCCATAGG-1	HTO1	CD22_m971
ACGCTTCGTCCTATGC-1	HTO2	CD22_i61_2
ACGCTTCGTCTATGTT-1	HTO3	CD22_A3_nonint_4434
ACGGACGCAAATCTAT-1	HTO1	CD22_m971
ACGGACGCAGGAATAT-1	HTO2	CD22_i61_2
ACGGAGCAGAATCTGT-1	HTO1	CD22_m971
ACGGAGCAGAGCAACG-1	HTO4	CD22_A11_int_1411
ACGGAGCAGATTCACG-1	HTO4	CD22_A11_int_1411
ACGGAGCAGCCATAGC-1	HTO2	CD22_i61_2
ACGGAGCAGGGGATCA-1	HTO2	CD22_i61_2
ACGGATTGTAATACTG-1	HTO4	CD22_A11_int_1411
ACGGATTGTATCTCTG-1	HTO3	CD22_A3_nonint_4434
ACGGATTGTATGGCGC-1	HTO5	CD22_B1_nonint_2261
ACGGATTGTCCTAGAG-1	HTO5	CD22_B1_nonint_2261
ACGGCAAAGAACGTAA-1	HTO3	CD22_A3_nonint_4434
ACGGCAAAGACGTCAC-1	HTO3	CD22_A3_nonint_4434
ACGGCAAAGACTGCAC-1	HTO1	CD22_m971
ACGGCAAAGAGGTAAC-1	HTO4	CD22_A11_int_1411
ACGGCAAAGGGGATCA-1	HTO5	CD22_B1_nonint_2261
ACGGCAGCAACCCACA-1	HTO4	CD22_A11_int_1411
ACGGCAGCAACTGAAG-1	HTO5	CD22_B1_nonint_2261
ACGGCAGCACCTAGGC-1	HTO3	CD22_A3_nonint_4434
ACGGCCATCACACAAT-1	HTO4	CD22_A11_int_1411
ACGGCCATCAGCCGCA-1	HTO5	CD22_B1_nonint_2261
ACGGCCATCCCGTGTC-1	HTO5	CD22_B1_nonint_2261
ACGGCCATCGCGTGTG-1	HTO2	CD22_i61_2
ACGGCCATCGCTTCGC-1	HTO4	CD22_A11_int_1411
ACGGCCATCGTATCGA-1	HTO1	CD22_m971
ACGGCCATCGTGATAT-1	HTO4	CD22_A11_int_1411
ACGGGATCAAATCCCG-1	HTO2	CD22_i61_2
ACGGGATCAACATACC-1	HTO1	CD22_m971
ACGGGATCAATCCAAC-1	HTO4	CD22_A11_int_1411
ACGGGATCACCAGCTA-1	HTO2	CD22_i61_2
ACGGGATCACCTTACC-1	HTO2	CD22_i61_2
ACGGGATCAGGAACCG-1	HTO3	CD22_A3_nonint_4434
ACGGGCTGTCACGGCG-1	HTO2	CD22_i61_2
ACGGGGTAGACACGGA-1	HTO2	CD22_i61_2
ACGGGGTAGCATAGCC-1	HTO5	CD22_B1_nonint_2261
ACGGGGTAGGCGCATT-1	HTO4	CD22_A11_int_1411
ACGGGGTAGGTCCTAA-1	HTO1	CD22_m971
ACGGGTAAGCCATTTC-1	HTO2	CD22_i61_2
ACGGGTAAGCCTAGTA-1	HTO4	CD22_A11_int_1411
ACGGGTAAGCCTGACG-1	HTO3	CD22_A3_nonint_4434
ACGGGTAAGGTATACT-1	HTO3	CD22_A3_nonint_4434
ACGGGTCGTAGCAATC-1	HTO3	CD22_A3_nonint_4434
ACGGGTCGTAGCTGGC-1	HTO5	CD22_B1_nonint_2261
ACGGGTCGTATAATCG-1	HTO2	CD22_i61_2
ACGGGTCGTATTATCC-1	HTO1	CD22_m971
ACGGGTTTCAATCTGG-1	HTO2	CD22_i61_2
ACGGGTTTCCAATCGA-1	HTO5	CD22_B1_nonint_2261
ACGGGTTTCGTACATG-1	HTO1	CD22_m971
ACGGTCAGTAATTCAG-1	HTO2	CD22_i61_2
ACGGTCAGTACTGGGC-1	HTO5	CD22_B1_nonint_2261
ACGGTCAGTAGGTTCG-1	HTO4	CD22_A11_int_1411
ACGGTCAGTCAATGTA-1	HTO5	CD22_B1_nonint_2261
ACGGTCAGTCGCGTAA-1	HTO5	CD22_B1_nonint_2261
ACGGTCAGTCTTCTCT-1	HTO5	CD22_B1_nonint_2261
ACGGTCAGTGCACAGC-1	HTO3	CD22_A3_nonint_4434
ACGGTCCCAACCTCTC-1	HTO4	CD22_A11_int_1411
ACGGTCCCAATCCGCA-1	HTO5	CD22_B1_nonint_2261
ACGGTCCCAATTAAAG-1	HTO1	CD22_m971
ACGGTCCCACCGTACA-1	HTO3	CD22_A3_nonint_4434
ACGGTCCCACGCACGT-1	HTO2	CD22_i61_2
ACGGTCCCAGCTTTAA-1	HTO2	CD22_i61_2
ACGGTCCCAGGTCATT-1	HTO4	CD22_A11_int_1411
ACGGTCGTCAACGGCT-1	HTO5	CD22_B1_nonint_2261
ACGGTCGTCGTACTTC-1	HTO2	CD22_i61_2
ACGGTGCGTCAAGGCC-1	HTO5	CD22_B1_nonint_2261
ACGGTGCGTCGATCAG-1	HTO3	CD22_A3_nonint_4434
ACGGTGCGTCTGTACC-1	HTO3	CD22_A3_nonint_4434
ACGGTGCGTGGCCCCT-1	HTO1	CD22_m971
ACGGTGTTCACACATG-1	HTO1	CD22_m971
ACGGTGTTCACTTACC-1	HTO2	CD22_i61_2
ACGGTGTTCAGTTTAA-1	HTO5	CD22_B1_nonint_2261
ACGGTGTTCCGAGCAT-1	HTO5	CD22_B1_nonint_2261
ACGGTGTTCGTATCAG-1	HTO4	CD22_A11_int_1411
ACGGTTATCATGCGTA-1	HTO5	CD22_B1_nonint_2261
ACGGTTATCCACTCCA-1	HTO1	CD22_m971
ACGGTTATCCAGTCAA-1	HTO3	CD22_A3_nonint_4434
ACGGTTATCGGCGATT-1	HTO4	CD22_A11_int_1411
ACGGTTGGTAAGGTAG-1	HTO3	CD22_A3_nonint_4434
ACGGTTGGTACGCAAT-1	HTO4	CD22_A11_int_1411
ACGGTTGGTAGCTGGC-1	HTO3	CD22_A3_nonint_4434
ACGGTTGGTGCTCGTT-1	HTO2	CD22_i61_2
ACGTAAGCAATATCAT-1	HTO1	CD22_m971
ACGTAAGCAATGTGAG-1	HTO3	CD22_A3_nonint_4434
ACGTAAGCACATGAAG-1	HTO4	CD22_A11_int_1411
ACGTAATTCCGGGTAT-1	HTO1	CD22_m971
ACGTAATTCGGTACGT-1	HTO3	CD22_A3_nonint_4434
ACGTACTCAAGACGAC-1	HTO2	CD22_i61_2
ACGTACTCACATAACC-1	HTO5	CD22_B1_nonint_2261
ACGTACTCACGTAAAG-1	HTO1	CD22_m971
ACGTATGTCACATATA-1	HTO1	CD22_m971
ACGTATGTCAGGCTTA-1	HTO3	CD22_A3_nonint_4434
ACGTATGTCCCACTTG-1	HTO1	CD22_m971
ACGTATGTCGCAATAT-1	HTO1	CD22_m971
ACGTATTAGAAATCAG-1	HTO4	CD22_A11_int_1411
ACGTATTAGAGGAGTT-1	HTO1	CD22_m971
ACGTATTAGCGTACCG-1	HTO2	CD22_i61_2
ACGTATTAGGTTCATG-1	HTO4	CD22_A11_int_1411
ACGTATTAGGTTCGAC-1	HTO5	CD22_B1_nonint_2261
ACGTCAATCAGGCACT-1	HTO1	CD22_m971
ACGTCAATCATGTAAC-1	HTO1	CD22_m971
ACGTCACAGGCGCATT-1	HTO5	CD22_B1_nonint_2261
ACGTCACAGGTAGAGT-1	HTO4	CD22_A11_int_1411
ACGTCAGGTCATGTCC-1	HTO5	CD22_B1_nonint_2261
ACGTCAGGTCGATTGG-1	HTO2	CD22_i61_2
ACGTCAGGTGGTGTAT-1	HTO3	CD22_A3_nonint_4434
ACGTCCACAACTCCGA-1	HTO2	CD22_i61_2
ACGTCCACACAATACC-1	HTO2	CD22_i61_2
ACGTCCACACAGTGGG-1	HTO3	CD22_A3_nonint_4434
ACGTCCACAGCGAAAC-1	HTO2	CD22_i61_2
ACGTCCACAGTAGCGG-1	HTO2	CD22_i61_2
ACGTCCCTCATCTCAC-1	HTO5	CD22_B1_nonint_2261
ACGTCCCTCATGTAGT-1	HTO5	CD22_B1_nonint_2261
ACGTCCCTCCCAATAG-1	HTO2	CD22_i61_2
ACGTCCCTCCCTAAAG-1	HTO1	CD22_m971
ACGTCCCTCGGACACT-1	HTO2	CD22_i61_2
ACGTCCCTCGTTCATC-1	HTO2	CD22_i61_2
ACGTCCGAGACAGCGA-1	HTO1	CD22_m971
ACGTCCGAGACGCCAT-1	HTO4	CD22_A11_int_1411
ACGTCCGAGACGGAGC-1	HTO3	CD22_A3_nonint_4434
ACGTCGCCACCTCACT-1	HTO1	CD22_m971
ACGTCGCCACGATGTT-1	HTO2	CD22_i61_2
ACGTCGCCAGCCTCTT-1	HTO1	CD22_m971
ACGTCGCCAGTACAAG-1	HTO2	CD22_i61_2
ACGTCGGTCACGCATA-1	HTO2	CD22_i61_2
ACGTCGGTCACGGTGT-1	HTO3	CD22_A3_nonint_4434
ACGTCGGTCACTTACC-1	HTO2	CD22_i61_2
ACGTCGGTCAGCGCAT-1	HTO5	CD22_B1_nonint_2261
ACGTCTCGTAATCAGC-1	HTO1	CD22_m971
ACGTCTCGTATGAGGA-1	HTO2	CD22_i61_2
ACGTCTCGTCGCCATT-1	HTO2	CD22_i61_2
ACGTCTCGTCGCTTTA-1	HTO5	CD22_B1_nonint_2261
ACGTCTCGTCGTAGGC-1	HTO3	CD22_A3_nonint_4434
ACGTCTCGTGCGCTCC-1	HTO2	CD22_i61_2
ACGTGATGTATCGCTC-1	HTO3	CD22_A3_nonint_4434
ACGTGATGTCTCGGTT-1	HTO2	CD22_i61_2
ACGTGATGTCTGGCTT-1	HTO2	CD22_i61_2
ACGTGCAGTAGAGGTA-1	HTO3	CD22_A3_nonint_4434
ACGTGCAGTCAGCGGT-1	HTO1	CD22_m971
ACGTGCAGTCCCTTGG-1	HTO1	CD22_m971
ACGTGCAGTGCTAGTG-1	HTO3	CD22_A3_nonint_4434
ACGTGCAGTGGAGCGA-1	HTO5	CD22_B1_nonint_2261
ACGTGCAGTGGCGCTG-1	HTO5	CD22_B1_nonint_2261
ACGTGCCCAAACATGG-1	HTO4	CD22_A11_int_1411
ACGTGCCCAATATGCC-1	HTO4	CD22_A11_int_1411
ACGTGCCCAATATTAC-1	HTO4	CD22_A11_int_1411
ACGTGCCCACACGTCA-1	HTO1	CD22_m971
ACGTGCCCACGAAGGT-1	HTO2	CD22_i61_2
ACGTGCCCACGGCACT-1	HTO2	CD22_i61_2
ACGTGCCCAGTCAAGA-1	HTO5	CD22_B1_nonint_2261
ACGTGGGCAACAAGAT-1	HTO3	CD22_A3_nonint_4434
ACGTGGGCAACATAGG-1	HTO5	CD22_B1_nonint_2261
ACGTGGGCAAGGCGCA-1	HTO4	CD22_A11_int_1411
ACGTGGGCACCGGAAG-1	HTO2	CD22_i61_2
ACGTGGGCACGAAGGT-1	HTO1	CD22_m971
ACGTGGTTCAACTCCT-1	HTO3	CD22_A3_nonint_4434
ACGTGGTTCAGGTTCA-1	HTO2	CD22_i61_2
ACGTGGTTCCAACTTC-1	HTO1	CD22_m971
ACGTGGTTCCAGCCTC-1	HTO5	CD22_B1_nonint_2261
ACGTGGTTCGGAAAGT-1	HTO2	CD22_i61_2
ACGTGGTTCGTGATAT-1	HTO5	CD22_B1_nonint_2261
ACGTGTCAGCCCTTGC-1	HTO2	CD22_i61_2
ACGTTACCAAGTTGAG-1	HTO1	CD22_m971
ACGTTACCAATCGCGC-1	HTO2	CD22_i61_2
ACGTTACCACGCTTTC-1	HTO2	CD22_i61_2
ACGTTACCACTACTCC-1	HTO1	CD22_m971
ACGTTACCAGTCAAGA-1	HTO5	CD22_B1_nonint_2261
ACGTTATAGCACCCGA-1	HTO4	CD22_A11_int_1411
ACGTTATAGCATGCAC-1	HTO3	CD22_A3_nonint_4434
ACGTTATAGCCACAAC-1	HTO4	CD22_A11_int_1411
ACGTTATAGCGTACGT-1	HTO5	CD22_B1_nonint_2261
ACGTTATAGCTCCTCA-1	HTO5	CD22_B1_nonint_2261
ACGTTATAGCTTAAGT-1	HTO5	CD22_B1_nonint_2261
ACGTTCCGTAGGCAGG-1	HTO5	CD22_B1_nonint_2261
ACGTTCCGTCTACAGG-1	HTO1	CD22_m971
ACGTTCCGTGCGCGAT-1	HTO1	CD22_m971
ACGTTCCGTGTCATCC-1	HTO4	CD22_A11_int_1411
ACGTTCGCAACAGGAC-1	HTO1	CD22_m971
ACGTTCGCACAACTAC-1	HTO1	CD22_m971
ACGTTCGCACGACCTA-1	HTO2	CD22_i61_2
ACGTTCGCACGGACCT-1	HTO1	CD22_m971
ACGTTCGCACGTTATA-1	HTO2	CD22_i61_2
ACGTTCGCAGTGTCGC-1	HTO5	CD22_B1_nonint_2261
ACGTTGGGTAACTGCG-1	HTO4	CD22_A11_int_1411
ACGTTGGGTACTACCC-1	HTO2	CD22_i61_2
ACGTTGGGTCAGTTGG-1	HTO1	CD22_m971
ACGTTGGGTCGCTCGC-1	HTO1	CD22_m971
ACGTTGGGTGGAAGTA-1	HTO1	CD22_m971
ACGTTTACAAATTACT-1	HTO5	CD22_B1_nonint_2261
ACGTTTACAATATTCG-1	HTO3	CD22_A3_nonint_4434
ACGTTTACACTAAGCT-1	HTO3	CD22_A3_nonint_4434
ACTAAACTCATCGGAC-1	HTO1	CD22_m971
ACTAAACTCCGGTATA-1	HTO2	CD22_i61_2
ACTAACCCAGCGCGAA-1	HTO2	CD22_i61_2
ACTAACCCAGGGTTCC-1	HTO2	CD22_i61_2
ACTAACCCAGGTCTAT-1	HTO5	CD22_B1_nonint_2261
ACTAACGTCAGTGGCT-1	HTO1	CD22_m971
ACTAACGTCCAAATCG-1	HTO3	CD22_A3_nonint_4434
ACTAACGTCCTACTTA-1	HTO4	CD22_A11_int_1411
ACTAACGTCGCGTGTG-1	HTO1	CD22_m971
ACTAACGTCGTTGCTT-1	HTO3	CD22_A3_nonint_4434
ACTAAGCGTCCAAAGT-1	HTO5	CD22_B1_nonint_2261
ACTAAGCGTCCGCCTA-1	HTO2	CD22_i61_2
ACTAAGCGTCTGGTCT-1	HTO4	CD22_A11_int_1411
ACTAAGCGTGCCCGAG-1	HTO5	CD22_B1_nonint_2261
ACTAAGCGTGCTCTGT-1	HTO4	CD22_A11_int_1411
ACTAAGCGTGTTATAG-1	HTO3	CD22_A3_nonint_4434
ACTAAGGCAAATATCT-1	HTO5	CD22_B1_nonint_2261
ACTAAGGCAACCCCAA-1	HTO5	CD22_B1_nonint_2261
ACTAAGGCAAGCTTTA-1	HTO1	CD22_m971
ACTAAGGCACCTAAAC-1	HTO2	CD22_i61_2
ACTAAGGCAGCTCCAA-1	HTO2	CD22_i61_2
ACTAATATCAGGGTCT-1	HTO3	CD22_A3_nonint_4434
ACTAATATCCATGGCG-1	HTO2	CD22_i61_2
ACTAATATCGGCGTCA-1	HTO4	CD22_A11_int_1411
ACTAATCAGGCGAATG-1	HTO5	CD22_B1_nonint_2261
ACTAATGGTACGTTCC-1	HTO3	CD22_A3_nonint_4434
ACTAATGGTCCAACAG-1	HTO1	CD22_m971
ACTAATTCAAAAGGAA-1	HTO5	CD22_B1_nonint_2261
ACTAATTCAAGTTAGG-1	HTO2	CD22_i61_2
ACTAATTCACCCAAAT-1	HTO2	CD22_i61_2
ACTAATTCAGTCAAGA-1	HTO3	CD22_A3_nonint_4434
ACTACAAGTCCCTGAT-1	HTO1	CD22_m971
ACTACAAGTCGCTATC-1	HTO4	CD22_A11_int_1411
ACTACAAGTCTTCTCT-1	HTO1	CD22_m971
ACTACAAGTGGGTTAT-1	HTO5	CD22_B1_nonint_2261
ACTACAAGTGTAACGT-1	HTO1	CD22_m971
ACTACATAGAACGTAA-1	HTO5	CD22_B1_nonint_2261
ACTACATAGATTCGTG-1	HTO1	CD22_m971
ACTACATAGCGATTGC-1	HTO3	CD22_A3_nonint_4434
ACTACATAGCGCACAT-1	HTO2	CD22_i61_2
ACTACATAGGTCATCA-1	HTO5	CD22_B1_nonint_2261
ACTACCCGTACTCAGG-1	HTO4	CD22_A11_int_1411
ACTACCCGTCAGGCCG-1	HTO5	CD22_B1_nonint_2261
ACTACCTTCATCTCCG-1	HTO5	CD22_B1_nonint_2261
ACTACCTTCCAGCAGT-1	HTO2	CD22_i61_2
ACTACCTTCGGACACT-1	HTO2	CD22_i61_2
ACTACGGGTAATCTAG-1	HTO3	CD22_A3_nonint_4434
ACTACGGGTACATTAG-1	HTO5	CD22_B1_nonint_2261
ACTACGGGTACTTTCG-1	HTO4	CD22_A11_int_1411
ACTACGGGTCAATATG-1	HTO2	CD22_i61_2
ACTACGGGTCCAGAAT-1	HTO3	CD22_A3_nonint_4434
ACTACGGGTCGTAGTG-1	HTO1	CD22_m971
ACTACGGGTGTTGTCC-1	HTO4	CD22_A11_int_1411
ACTACTCTCAAACCCA-1	HTO4	CD22_A11_int_1411
ACTACTCTCACGTAAT-1	HTO2	CD22_i61_2
ACTACTCTCACTGACA-1	HTO1	CD22_m971
ACTACTCTCGTTGACA-1	HTO4	CD22_A11_int_1411
ACTACTTGTAGCGGGA-1	HTO2	CD22_i61_2
ACTACTTGTAGGATAG-1	HTO3	CD22_A3_nonint_4434
ACTACTTGTATCCGGA-1	HTO2	CD22_i61_2
ACTACTTGTGTTGGGC-1	HTO3	CD22_A3_nonint_4434
ACTATAATCACCCGCT-1	HTO5	CD22_B1_nonint_2261
ACTATAATCACGTGGT-1	HTO2	CD22_i61_2
ACTATAATCCCATTCG-1	HTO5	CD22_B1_nonint_2261
ACTATAATCGCTTCCA-1	HTO5	CD22_B1_nonint_2261
ACTATAGGTAAGTGAG-1	HTO2	CD22_i61_2
ACTATAGGTAGGAGGT-1	HTO1	CD22_m971
ACTATAGGTCAGGCCG-1	HTO2	CD22_i61_2
ACTATAGGTCCGACAA-1	HTO2	CD22_i61_2
ACTATAGGTCCGGTAA-1	HTO4	CD22_A11_int_1411
ACTATAGGTGTTGCGA-1	HTO4	CD22_A11_int_1411
ACTATATCAACCCGAC-1	HTO2	CD22_i61_2
ACTATATCAATATTAC-1	HTO3	CD22_A3_nonint_4434
ACTATATCAATCAAGG-1	HTO2	CD22_i61_2
ACTATATCACAATACC-1	HTO2	CD22_i61_2
ACTATATCACCAGGCT-1	HTO2	CD22_i61_2
ACTATATCACTAGCGC-1	HTO1	CD22_m971
ACTATATCAGTCTGCA-1	HTO3	CD22_A3_nonint_4434
ACTATATCAGTTAGTC-1	HTO4	CD22_A11_int_1411
ACTATCACAACACTTA-1	HTO5	CD22_B1_nonint_2261
ACTATCACAAGTCGCC-1	HTO5	CD22_B1_nonint_2261
ACTATCACACCTACCT-1	HTO4	CD22_A11_int_1411
ACTATCACACCTCTCG-1	HTO3	CD22_A3_nonint_4434
ACTATCACAGTACGCC-1	HTO5	CD22_B1_nonint_2261
ACTATCCTCAAACCCA-1	HTO5	CD22_B1_nonint_2261
ACTATCCTCACTGTCT-1	HTO4	CD22_A11_int_1411
ACTATCCTCCACCCAC-1	HTO2	CD22_i61_2
ACTATCCTCCTGGGTG-1	HTO2	CD22_i61_2
ACTATCGAGAACGGGC-1	HTO4	CD22_A11_int_1411
ACTATCGAGCGTGCAT-1	HTO2	CD22_i61_2
ACTATCGAGCTGTGGT-1	HTO5	CD22_B1_nonint_2261
ACTATCGAGGGCTAGA-1	HTO2	CD22_i61_2
ACTATGAGTACGCGCG-1	HTO3	CD22_A3_nonint_4434
ACTATGAGTACTTATC-1	HTO1	CD22_m971
ACTATGAGTCGCTTGT-1	HTO4	CD22_A11_int_1411
ACTATGAGTGTGCGGT-1	HTO3	CD22_A3_nonint_4434
ACTATGAGTGTTATGA-1	HTO5	CD22_B1_nonint_2261
ACTATGTAGCTGTGCG-1	HTO4	CD22_A11_int_1411
ACTATGTAGGCTGGTT-1	HTO2	CD22_i61_2
ACTATGTAGGGAAATC-1	HTO2	CD22_i61_2
ACTATGTAGGGGAATT-1	HTO2	CD22_i61_2
ACTATGTAGGGTCGTT-1	HTO1	CD22_m971
ACTATTCGTAGTTAGC-1	HTO1	CD22_m971
ACTATTCGTCACACCT-1	HTO2	CD22_i61_2
ACTATTCGTCATACAA-1	HTO2	CD22_i61_2
ACTCACGCAAGCTTCG-1	HTO3	CD22_A3_nonint_4434
ACTCAGCAGATCCCAA-1	HTO2	CD22_i61_2
ACTCAGCAGCAAGACG-1	HTO2	CD22_i61_2
ACTCAGCAGCCTTTCG-1	HTO2	CD22_i61_2
ACTCAGCAGCTTGTCT-1	HTO5	CD22_B1_nonint_2261
ACTCAGCAGGGTTAGG-1	HTO3	CD22_A3_nonint_4434
ACTCAGGGTAGTCCAG-1	HTO5	CD22_B1_nonint_2261
ACTCAGGGTCAGCAAT-1	HTO5	CD22_B1_nonint_2261
ACTCAGGGTCGATTCC-1	HTO2	CD22_i61_2
ACTCAGGGTGCTCCGC-1	HTO2	CD22_i61_2
ACTCAGGGTGTGCAAT-1	HTO4	CD22_A11_int_1411
ACTCATACAAGCAGTA-1	HTO1	CD22_m971
ACTCATACACATATGC-1	HTO2	CD22_i61_2
ACTCATCTCACTCGTT-1	HTO4	CD22_A11_int_1411
ACTCATTGTAGTCCAG-1	HTO2	CD22_i61_2
ACTCATTGTATCTTGT-1	HTO1	CD22_m971
ACTCATTGTCGCATAG-1	HTO5	CD22_B1_nonint_2261
ACTCATTGTCTGTGGA-1	HTO4	CD22_A11_int_1411
ACTCATTGTGTGTCGA-1	HTO2	CD22_i61_2
ACTCCAAAGAACCCGT-1	HTO3	CD22_A3_nonint_4434
ACTCCAAAGAGGGGCT-1	HTO1	CD22_m971
ACTCCAAAGAGTTGAA-1	HTO5	CD22_B1_nonint_2261
ACTCCAAAGATTCACG-1	HTO5	CD22_B1_nonint_2261
ACTCCAAAGCTACAGC-1	HTO5	CD22_B1_nonint_2261
ACTCCAAAGGGTCGTT-1	HTO4	CD22_A11_int_1411
ACTCCATTCATGGTCA-1	HTO2	CD22_i61_2
ACTCCATTCCGGTATA-1	HTO5	CD22_B1_nonint_2261
ACTCCATTCGCCTAAA-1	HTO4	CD22_A11_int_1411
ACTCCCATCAGTATTA-1	HTO2	CD22_i61_2
ACTCCCATCATCTTCA-1	HTO5	CD22_B1_nonint_2261
ACTCCCATCCTACATC-1	HTO3	CD22_A3_nonint_4434
ACTCCCATCCTCCGAC-1	HTO4	CD22_A11_int_1411
ACTCCCATCGTTAAGT-1	HTO2	CD22_i61_2
ACTCCCGGTCCAACGA-1	HTO1	CD22_m971
ACTCCCGGTGCATCAG-1	HTO2	CD22_i61_2
ACTCCCTCAAGCCGTC-1	HTO3	CD22_A3_nonint_4434
ACTCCGACAAACACTC-1	HTO5	CD22_B1_nonint_2261
ACTCCGACAATGGGAC-1	HTO4	CD22_A11_int_1411
ACTCCGACACAATAGG-1	HTO2	CD22_i61_2
ACTCCGACACTCGGTA-1	HTO3	CD22_A3_nonint_4434
ACTCCGACACTGGGAG-1	HTO3	CD22_A3_nonint_4434
ACTCCGACAGCAACCC-1	HTO5	CD22_B1_nonint_2261
ACTCCGACAGTAGCCC-1	HTO4	CD22_A11_int_1411
ACTCCGACAGTTAAGG-1	HTO3	CD22_A3_nonint_4434
ACTCCGCTCAACGAAA-1	HTO4	CD22_A11_int_1411
ACTCCGCTCAAGGTAA-1	HTO1	CD22_m971
ACTCCGCTCACACTTC-1	HTO1	CD22_m971
ACTCCGCTCACCCCGT-1	HTO4	CD22_A11_int_1411
ACTCCGCTCCGAAACC-1	HTO2	CD22_i61_2
ACTCCGCTCGGCAATC-1	HTO2	CD22_i61_2
ACTCCTGTCAAATCCG-1	HTO2	CD22_i61_2
ACTCCTGTCAAGCTAT-1	HTO3	CD22_A3_nonint_4434
ACTCCTGTCATGTCCT-1	HTO4	CD22_A11_int_1411
ACTCCTGTCCTAATCC-1	HTO4	CD22_A11_int_1411
ACTCGACAGAAGTGTA-1	HTO3	CD22_A3_nonint_4434
ACTCGACAGAGGCCAA-1	HTO2	CD22_i61_2
ACTCGACAGCATAGGG-1	HTO1	CD22_m971
ACTCGAGGTATTACAG-1	HTO4	CD22_A11_int_1411
ACTCGAGGTATTGTCT-1	HTO2	CD22_i61_2
ACTCGAGGTCAATTCT-1	HTO1	CD22_m971
ACTCGAGGTCGACAGC-1	HTO2	CD22_i61_2
ACTCGAGGTGCGATGC-1	HTO5	CD22_B1_nonint_2261
ACTCGAGGTGGCATTG-1	HTO5	CD22_B1_nonint_2261
ACTCGAGGTGTAATTG-1	HTO1	CD22_m971
ACTCGATCACATGCGC-1	HTO5	CD22_B1_nonint_2261
ACTCGATCACATTCAA-1	HTO5	CD22_B1_nonint_2261
ACTCGATCACCACAAT-1	HTO2	CD22_i61_2
ACTCGATCACGCAATT-1	HTO2	CD22_i61_2
ACTCGATCAGCATCGC-1	HTO3	CD22_A3_nonint_4434
ACTCGATCAGTGAAGC-1	HTO2	CD22_i61_2
ACTCGCACAACATATT-1	HTO4	CD22_A11_int_1411
ACTCGCACAAGCGCAG-1	HTO5	CD22_B1_nonint_2261
ACTCGCACACGTATCG-1	HTO2	CD22_i61_2
ACTCGCACACTACGCA-1	HTO5	CD22_B1_nonint_2261
ACTCGCACACTGCAAT-1	HTO1	CD22_m971
ACTCGCACAGCCTCTT-1	HTO5	CD22_B1_nonint_2261
ACTCGCCTCAGGCCCA-1	HTO2	CD22_i61_2
ACTCGCCTCGCAAGCT-1	HTO2	CD22_i61_2
ACTCGCTGTCACGAAT-1	HTO1	CD22_m971
ACTCGCTGTCAGTGCA-1	HTO2	CD22_i61_2
ACTCGCTGTCCTTTAG-1	HTO1	CD22_m971
ACTCGCTGTGGCTTAG-1	HTO5	CD22_B1_nonint_2261
ACTCGCTGTGGTTGAT-1	HTO4	CD22_A11_int_1411
ACTCGCTGTGTGAAAG-1	HTO2	CD22_i61_2
ACTCGGCCAAATGAAC-1	HTO5	CD22_B1_nonint_2261
ACTCGGCCAAGTCTCG-1	HTO5	CD22_B1_nonint_2261
ACTCGGCCACCAAATC-1	HTO1	CD22_m971
ACTCGGCCACCGGACT-1	HTO3	CD22_A3_nonint_4434
ACTCGGCCAGTTCTCC-1	HTO2	CD22_i61_2
ACTCGGGTCAACTCCT-1	HTO5	CD22_B1_nonint_2261
ACTCGGGTCGGAAAGT-1	HTO5	CD22_B1_nonint_2261
ACTCTATGTCCGCTTG-1	HTO1	CD22_m971
ACTCTATGTCCTGATC-1	HTO5	CD22_B1_nonint_2261
ACTCTATGTCTATTGT-1	HTO5	CD22_B1_nonint_2261
ACTCTATGTGCCCCTA-1	HTO3	CD22_A3_nonint_4434
ACTCTCCCAAGAATTA-1	HTO4	CD22_A11_int_1411
ACTCTCCCAAGCCATT-1	HTO1	CD22_m971
ACTCTCCCAATGGTAG-1	HTO5	CD22_B1_nonint_2261
ACTCTCCCACTACTAA-1	HTO5	CD22_B1_nonint_2261
ACTCTCGTCAATCCCT-1	HTO4	CD22_A11_int_1411
ACTCTCGTCACAATAC-1	HTO2	CD22_i61_2
ACTCTCGTCAGTCAGC-1	HTO2	CD22_i61_2
ACTCTCGTCCCTTAGT-1	HTO2	CD22_i61_2
ACTCTCGTCCTATACC-1	HTO2	CD22_i61_2
ACTCTCGTCCTCTAAC-1	HTO4	CD22_A11_int_1411
ACTCTCGTCGCAAGTC-1	HTO2	CD22_i61_2
ACTCTCGTCGCTGTGG-1	HTO5	CD22_B1_nonint_2261
ACTCTGTTCCCATTCG-1	HTO5	CD22_B1_nonint_2261
ACTCTGTTCCGATAGC-1	HTO1	CD22_m971
ACTCTGTTCCTAACTC-1	HTO2	CD22_i61_2
ACTCTGTTCGCGCATG-1	HTO3	CD22_A3_nonint_4434
ACTCTTATCACGCATA-1	HTO5	CD22_B1_nonint_2261
ACTCTTATCACTCTCG-1	HTO1	CD22_m971
ACTCTTATCCGTATCT-1	HTO2	CD22_i61_2
ACTGAAGCAAACGTTC-1	HTO1	CD22_m971
ACTGAAGCAAGGCCGA-1	HTO4	CD22_A11_int_1411
ACTGAAGCACCTAAAC-1	HTO4	CD22_A11_int_1411
ACTGAAGCACTAAGCT-1	HTO1	CD22_m971
ACTGAAGCACTAGTCG-1	HTO4	CD22_A11_int_1411
ACTGAAGCACTTCGAG-1	HTO2	CD22_i61_2
ACTGAAGCAGCTCTAG-1	HTO2	CD22_i61_2
ACTGAAGCAGTAGGCG-1	HTO4	CD22_A11_int_1411
ACTGAAGCAGTCAACT-1	HTO2	CD22_i61_2
ACTGACATCAAACCCA-1	HTO1	CD22_m971
ACTGACATCAACCTCT-1	HTO3	CD22_A3_nonint_4434
ACTGACATCAATCTCC-1	HTO3	CD22_A3_nonint_4434
ACTGACATCACTGTTC-1	HTO5	CD22_B1_nonint_2261
ACTGACATCAGTAATC-1	HTO2	CD22_i61_2
ACTGACATCGTAATTA-1	HTO3	CD22_A3_nonint_4434
ACTGAGACAACTCGGC-1	HTO1	CD22_m971
ACTGAGACAAGTCTCG-1	HTO4	CD22_A11_int_1411
ACTGAGACAATCGCGC-1	HTO1	CD22_m971
ACTGAGACACCCTAGA-1	HTO4	CD22_A11_int_1411
ACTGAGACACGGCACT-1	HTO1	CD22_m971
ACTGAGACACGTCAAT-1	HTO5	CD22_B1_nonint_2261
ACTGAGACAGGACGCA-1	HTO5	CD22_B1_nonint_2261
ACTGAGACAGTTAGCT-1	HTO5	CD22_B1_nonint_2261
ACTGATTAGAAAGGAG-1	HTO4	CD22_A11_int_1411
ACTGATTAGACAGTTT-1	HTO1	CD22_m971
ACTGATTAGACATGTT-1	HTO4	CD22_A11_int_1411
ACTGATTAGCAAGACG-1	HTO3	CD22_A3_nonint_4434
ACTGATTAGCGACAGA-1	HTO5	CD22_B1_nonint_2261
ACTGATTAGGCATAGG-1	HTO1	CD22_m971
ACTGATTAGGCTCGAT-1	HTO3	CD22_A3_nonint_4434
ACTGATTAGGGACACA-1	HTO5	CD22_B1_nonint_2261
ACTGATTAGGTCGAGA-1	HTO2	CD22_i61_2
ACTGCAATCCTAAGCA-1	HTO5	CD22_B1_nonint_2261
ACTGCAATCCTATGCT-1	HTO2	CD22_i61_2
ACTGCAATCCTCGAAA-1	HTO4	CD22_A11_int_1411
ACTGCAATCGGTCAGT-1	HTO1	CD22_m971
ACTGCACAGAGGACGC-1	HTO2	CD22_i61_2
ACTGCACAGCGGTCCA-1	HTO4	CD22_A11_int_1411
ACTGCACAGCGTTACA-1	HTO2	CD22_i61_2
ACTGCAGGTCTAGCTC-1	HTO4	CD22_A11_int_1411
ACTGCAGGTCTGTATT-1	HTO3	CD22_A3_nonint_4434
ACTGCAGGTGTGCGTA-1	HTO1	CD22_m971
ACTGCATCAAGGACAC-1	HTO5	CD22_B1_nonint_2261
ACTGCATCAAGTACTC-1	HTO5	CD22_B1_nonint_2261
ACTGCATCACAATGGA-1	HTO4	CD22_A11_int_1411
ACTGCATCACATTAGC-1	HTO5	CD22_B1_nonint_2261
ACTGCATCACTCCTAC-1	HTO2	CD22_i61_2
ACTGCATCAGGACGCA-1	HTO5	CD22_B1_nonint_2261
ACTGCATCAGTGGCAG-1	HTO5	CD22_B1_nonint_2261
ACTGCCACAAATCACC-1	HTO2	CD22_i61_2
ACTGCCACAAGTAAAC-1	HTO5	CD22_B1_nonint_2261
ACTGCCACAATTCGAC-1	HTO2	CD22_i61_2
ACTGCCACAGCAAGAC-1	HTO3	CD22_A3_nonint_4434
ACTGCCACAGTGTCGC-1	HTO4	CD22_A11_int_1411
ACTGCCCTCAAATCAC-1	HTO4	CD22_A11_int_1411
ACTGCCCTCAATGCGC-1	HTO1	CD22_m971
ACTGCCCTCACCAAAT-1	HTO3	CD22_A3_nonint_4434
ACTGCCCTCAGCCGTG-1	HTO3	CD22_A3_nonint_4434
ACTGCCCTCAGGGGTA-1	HTO4	CD22_A11_int_1411
ACTGCCCTCATACCCT-1	HTO2	CD22_i61_2
ACTGCCCTCCAAATTA-1	HTO5	CD22_B1_nonint_2261
ACTGCCCTCCGGCGTA-1	HTO1	CD22_m971
ACTGCCGAGAACCATT-1	HTO5	CD22_B1_nonint_2261
ACTGCCGAGATGCCAC-1	HTO2	CD22_i61_2
ACTGCGAGTAACTAGC-1	HTO2	CD22_i61_2
ACTGCGAGTATAATCG-1	HTO3	CD22_A3_nonint_4434
ACTGCGAGTATAGGCT-1	HTO3	CD22_A3_nonint_4434
ACTGCGAGTCATCAGG-1	HTO3	CD22_A3_nonint_4434
ACTGCGCCACTGAAAG-1	HTO5	CD22_B1_nonint_2261
ACTGCGTAGCACTCAA-1	HTO2	CD22_i61_2
ACTGCGTAGGGGAATT-1	HTO1	CD22_m971
ACTGGAACAAACTCCG-1	HTO4	CD22_A11_int_1411
ACTGGAACAACTAATT-1	HTO3	CD22_A3_nonint_4434
ACTGGAACAAGCGATA-1	HTO5	CD22_B1_nonint_2261
ACTGGAACACGCCATA-1	HTO4	CD22_A11_int_1411
ACTGGAACAGGTATCT-1	HTO3	CD22_A3_nonint_4434
ACTGGATGTAGGGAGT-1	HTO2	CD22_i61_2
ACTGGATGTCTAGCTC-1	HTO2	CD22_i61_2
ACTGGATGTGCAAGGG-1	HTO4	CD22_A11_int_1411
ACTGGCGTCACTAATA-1	HTO4	CD22_A11_int_1411
ACTGGCGTCAGCCGTG-1	HTO1	CD22_m971
ACTGGCGTCGCCAATA-1	HTO1	CD22_m971
ACTGGGCGTACTACAA-1	HTO5	CD22_B1_nonint_2261
ACTGGGCGTGCTTGTC-1	HTO2	CD22_i61_2
ACTGGGCGTGTTGTCC-1	HTO1	CD22_m971
ACTGGGGCAAATTGAA-1	HTO1	CD22_m971
ACTGGGGCAATTACGC-1	HTO5	CD22_B1_nonint_2261
ACTGGGGCAATTCGTA-1	HTO2	CD22_i61_2
ACTGGGGCAGGCACTC-1	HTO4	CD22_A11_int_1411
ACTGTCGCACTTAGCG-1	HTO4	CD22_A11_int_1411
ACTGTCGCAGTATGGA-1	HTO5	CD22_B1_nonint_2261
ACTGTCTTCACCAAGC-1	HTO2	CD22_i61_2
ACTGTCTTCCGATCAA-1	HTO4	CD22_A11_int_1411
ACTGTCTTCCTGCGTC-1	HTO1	CD22_m971
ACTGTCTTCGCCTACC-1	HTO5	CD22_B1_nonint_2261
ACTGTCTTCGCGGAAA-1	HTO5	CD22_B1_nonint_2261
ACTGTGGGTACGTTGG-1	HTO2	CD22_i61_2
ACTGTGGGTCATTCTG-1	HTO2	CD22_i61_2
ACTGTGGGTCGAGTCA-1	HTO2	CD22_i61_2
ACTGTGGGTGCTCCTG-1	HTO4	CD22_A11_int_1411
ACTGTTCTCATTGGCA-1	HTO2	CD22_i61_2
ACTGTTCTCCATGGGT-1	HTO5	CD22_B1_nonint_2261
ACTGTTCTCCATTCGT-1	HTO5	CD22_B1_nonint_2261
ACTGTTCTCGCTTTCG-1	HTO1	CD22_m971
ACTGTTGAGATACCAT-1	HTO4	CD22_A11_int_1411
ACTGTTGAGCAACGTC-1	HTO1	CD22_m971
ACTGTTGAGCAAGTAA-1	HTO2	CD22_i61_2
ACTGTTGAGCCATGGT-1	HTO5	CD22_B1_nonint_2261
ACTTAAATCAAATGTC-1	HTO2	CD22_i61_2
ACTTAAATCAAGCTAT-1	HTO5	CD22_B1_nonint_2261
ACTTAAATCACACTTC-1	HTO3	CD22_A3_nonint_4434
ACTTAAATCATCCTAC-1	HTO2	CD22_i61_2
ACTTAAATCGTCCCTA-1	HTO4	CD22_A11_int_1411
ACTTAAATCGTGGCCA-1	HTO5	CD22_B1_nonint_2261
ACTTAACAGAACTTCG-1	HTO5	CD22_B1_nonint_2261
ACTTAACAGCCTGACG-1	HTO2	CD22_i61_2
ACTTAACAGCGCAGTT-1	HTO1	CD22_m971
ACTTAACAGGGCGAAC-1	HTO3	CD22_A3_nonint_4434
ACTTAACAGGGCGTAA-1	HTO3	CD22_A3_nonint_4434
ACTTAACAGGTTCGAC-1	HTO1	CD22_m971
ACTTAAGGTCAATATG-1	HTO4	CD22_A11_int_1411
ACTTAAGGTCCAGATG-1	HTO1	CD22_m971
ACTTAAGGTCCAGTAG-1	HTO4	CD22_A11_int_1411
ACTTAAGGTGCCCGTC-1	HTO4	CD22_A11_int_1411
ACTTAATCACCTGTAG-1	HTO1	CD22_m971
ACTTAATCACTGACCA-1	HTO5	CD22_B1_nonint_2261
ACTTAATCAGCCCAAC-1	HTO1	CD22_m971
ACTTACACAACAGGGT-1	HTO2	CD22_i61_2
ACTTACACAAGAGATT-1	HTO2	CD22_i61_2
ACTTACACAATCTGAC-1	HTO3	CD22_A3_nonint_4434
ACTTACACACGCGTAC-1	HTO5	CD22_B1_nonint_2261
ACTTACACACTACATA-1	HTO1	CD22_m971
ACTTACACAGGACATA-1	HTO4	CD22_A11_int_1411
ACTTACACAGTAAAGT-1	HTO1	CD22_m971
ACTTACACAGTCGGTC-1	HTO1	CD22_m971
ACTTACACAGTGTTCG-1	HTO4	CD22_A11_int_1411
ACTTACGAGCCCACGA-1	HTO4	CD22_A11_int_1411
ACTTACGAGCCCTAGG-1	HTO5	CD22_B1_nonint_2261
ACTTACGAGGCTTTGA-1	HTO5	CD22_B1_nonint_2261
ACTTAGCCAACCAAGA-1	HTO5	CD22_B1_nonint_2261
ACTTAGCCAACGAACA-1	HTO4	CD22_A11_int_1411
ACTTAGCCAATCACTA-1	HTO1	CD22_m971
ACTTAGCCAGGACTAA-1	HTO1	CD22_m971
ACTTATCGTAACTCCC-1	HTO4	CD22_A11_int_1411
ACTTATCGTACGAAAG-1	HTO1	CD22_m971
ACTTATCGTCTATTGT-1	HTO2	CD22_i61_2
ACTTATCGTGCCCGTC-1	HTO2	CD22_i61_2
ACTTATCGTGGACTGC-1	HTO3	CD22_A3_nonint_4434
ACTTATCGTGGTCAGC-1	HTO2	CD22_i61_2
ACTTCAACAAGTCCGC-1	HTO5	CD22_B1_nonint_2261
ACTTCAACACGACCTA-1	HTO3	CD22_A3_nonint_4434
ACTTCAACAGCCTCTT-1	HTO2	CD22_i61_2
ACTTCAACAGGTCATT-1	HTO2	CD22_i61_2
ACTTCAGAGAATACGA-1	HTO2	CD22_i61_2
ACTTCAGAGAGACATA-1	HTO1	CD22_m971
ACTTCAGAGGCCTGCA-1	HTO4	CD22_A11_int_1411
ACTTCAGAGGTCTAGC-1	HTO3	CD22_A3_nonint_4434
ACTTCAGAGGTGTTAT-1	HTO5	CD22_B1_nonint_2261
ACTTCATGTATAATCG-1	HTO2	CD22_i61_2
ACTTCATGTATGCTCC-1	HTO2	CD22_i61_2
ACTTCATGTCCGAATG-1	HTO3	CD22_A3_nonint_4434
ACTTCATGTCCTGTCG-1	HTO5	CD22_B1_nonint_2261
ACTTCATGTCTGTTGC-1	HTO1	CD22_m971
ACTTCATGTGGAATCT-1	HTO5	CD22_B1_nonint_2261
ACTTCATGTGGTGATT-1	HTO4	CD22_A11_int_1411
ACTTCATGTGTCGGGT-1	HTO5	CD22_B1_nonint_2261
ACTTCCGTCACAACGC-1	HTO5	CD22_B1_nonint_2261
ACTTCCGTCAGGTGTC-1	HTO1	CD22_m971
ACTTCCGTCCACACCC-1	HTO5	CD22_B1_nonint_2261
ACTTCGCGTAATTTGG-1	HTO4	CD22_A11_int_1411
ACTTCGCGTACACTCC-1	HTO2	CD22_i61_2
ACTTCGCGTATCATGA-1	HTO3	CD22_A3_nonint_4434
ACTTCGCGTCCGTAAG-1	HTO3	CD22_A3_nonint_4434
ACTTCGCGTGCAGTCA-1	HTO2	CD22_i61_2
ACTTCGGCAAAGTACG-1	HTO4	CD22_A11_int_1411
ACTTCGGCAATCACGT-1	HTO1	CD22_m971
ACTTCGGCACAAGTCT-1	HTO5	CD22_B1_nonint_2261
ACTTCGGCAGGACATA-1	HTO5	CD22_B1_nonint_2261
ACTTCGTTCACAGTTG-1	HTO4	CD22_A11_int_1411
ACTTCGTTCAGTGATT-1	HTO5	CD22_B1_nonint_2261
ACTTCGTTCATTGTCC-1	HTO5	CD22_B1_nonint_2261
ACTTCGTTCGGGTTAC-1	HTO5	CD22_B1_nonint_2261
ACTTCTATCAACGTGC-1	HTO5	CD22_B1_nonint_2261
ACTTCTATCAGCTGTA-1	HTO3	CD22_A3_nonint_4434
ACTTCTATCATACCTC-1	HTO5	CD22_B1_nonint_2261
ACTTCTATCATATGGT-1	HTO4	CD22_A11_int_1411
ACTTCTATCCACCTAT-1	HTO5	CD22_B1_nonint_2261
ACTTCTATCGCACCTC-1	HTO3	CD22_A3_nonint_4434
ACTTCTATCGGAGTCT-1	HTO4	CD22_A11_int_1411
ACTTCTATCGGTATAT-1	HTO2	CD22_i61_2
ACTTCTGGTAAACTGC-1	HTO2	CD22_i61_2
ACTTCTGGTAATTTGG-1	HTO5	CD22_B1_nonint_2261
ACTTCTGGTGGGATGG-1	HTO4	CD22_A11_int_1411
ACTTGCCGTAGGGAGT-1	HTO1	CD22_m971
ACTTGCCGTATCAGGT-1	HTO1	CD22_m971
ACTTGCCGTCAAGGTT-1	HTO2	CD22_i61_2
ACTTGCCGTCAGTCTC-1	HTO5	CD22_B1_nonint_2261
ACTTGCCGTCCTCTGG-1	HTO4	CD22_A11_int_1411
ACTTGCCGTCCTTCCC-1	HTO5	CD22_B1_nonint_2261
ACTTGCCGTGGAGCTC-1	HTO1	CD22_m971
ACTTGCCGTGGGGCTT-1	HTO2	CD22_i61_2
ACTTGCTTCAAAGGGT-1	HTO5	CD22_B1_nonint_2261
ACTTGCTTCAAGCACC-1	HTO5	CD22_B1_nonint_2261
ACTTGCTTCAGGGGTA-1	HTO4	CD22_A11_int_1411
ACTTGCTTCAGTGGTC-1	HTO2	CD22_i61_2
ACTTGCTTCGTATAGT-1	HTO5	CD22_B1_nonint_2261
ACTTGGGGTACTTGGG-1	HTO1	CD22_m971
ACTTGGGGTATACTTC-1	HTO3	CD22_A3_nonint_4434
ACTTGGGGTGCACTAG-1	HTO5	CD22_B1_nonint_2261
ACTTGTGAGAAAGCGT-1	HTO4	CD22_A11_int_1411
ACTTGTGAGCTCTCCA-1	HTO1	CD22_m971
ACTTTAGCAACAAGAT-1	HTO3	CD22_A3_nonint_4434
ACTTTAGCAACCTACG-1	HTO1	CD22_m971
ACTTTAGCAACGTTTA-1	HTO2	CD22_i61_2
ACTTTAGCACAGCATT-1	HTO2	CD22_i61_2
ACTTTCATCACACTTC-1	HTO2	CD22_i61_2
ACTTTCATCACCTCTG-1	HTO5	CD22_B1_nonint_2261
ACTTTCATCAGGCCAT-1	HTO2	CD22_i61_2
ACTTTCATCATACTAA-1	HTO3	CD22_A3_nonint_4434
ACTTTCATCATGTTAA-1	HTO1	CD22_m971
ACTTTCATCCACTTCG-1	HTO2	CD22_i61_2
ACTTTCATCCGACTCC-1	HTO3	CD22_A3_nonint_4434
ACTTTCATCGCTGTGG-1	HTO2	CD22_i61_2
ACTTTCATCGTAGTGC-1	HTO1	CD22_m971
ACTTTCCAGATGCCCG-1	HTO3	CD22_A3_nonint_4434
ACTTTCCAGCAGTCTA-1	HTO5	CD22_B1_nonint_2261
ACTTTCCAGCGTATTG-1	HTO2	CD22_i61_2
ACTTTCCAGCTAGATT-1	HTO5	CD22_B1_nonint_2261
ACTTTCCAGGCCATAC-1	HTO2	CD22_i61_2
ACTTTCCAGGCTCAGT-1	HTO5	CD22_B1_nonint_2261
ACTTTCGGTAGCAGGG-1	HTO2	CD22_i61_2
ACTTTCGGTCACGGCG-1	HTO2	CD22_i61_2
ACTTTCGGTCAGTATA-1	HTO5	CD22_B1_nonint_2261
ACTTTCGGTCAGTCAG-1	HTO5	CD22_B1_nonint_2261
ACTTTCGGTCGATGGC-1	HTO2	CD22_i61_2
ACTTTCGGTGGACTAT-1	HTO5	CD22_B1_nonint_2261
ACTTTCGGTGGAGTAA-1	HTO2	CD22_i61_2
ACTTTGGAGAAATGGC-1	HTO5	CD22_B1_nonint_2261
ACTTTGGAGATGTATC-1	HTO2	CD22_i61_2
ACTTTGGAGCAAGAGT-1	HTO3	CD22_A3_nonint_4434
ACTTTGGAGCGTCTAA-1	HTO2	CD22_i61_2
AGAAGCCCAAAATTTC-1	HTO5	CD22_B1_nonint_2261
AGAAGCCCAATCGCAT-1	HTO5	CD22_B1_nonint_2261
AGAAGCCCACAAGACA-1	HTO1	CD22_m971
AGAAGCCCACCATTCC-1	HTO5	CD22_B1_nonint_2261
AGAAGCTAGCCGTAGT-1	HTO1	CD22_m971
AGAAGGAAGACTGTTG-1	HTO2	CD22_i61_2
AGAAGGAAGGGAATAC-1	HTO3	CD22_A3_nonint_4434
AGAAGGAAGGGTAGGC-1	HTO3	CD22_A3_nonint_4434
AGAAGGAAGGTCCTAA-1	HTO3	CD22_A3_nonint_4434
AGAATACCAAGAGGGA-1	HTO5	CD22_B1_nonint_2261
AGAATACCAAGCGAAC-1	HTO3	CD22_A3_nonint_4434
AGAATACCAAGCTGGG-1	HTO3	CD22_A3_nonint_4434
AGAATACCAATCAAGG-1	HTO5	CD22_B1_nonint_2261
AGAATACCAATCATCA-1	HTO4	CD22_A11_int_1411
AGAATACCACAGTGGG-1	HTO1	CD22_m971
AGAATACCACGGCTAC-1	HTO1	CD22_m971
AGAATAGTCATTACAA-1	HTO5	CD22_B1_nonint_2261
AGAATCAAGCACTACA-1	HTO5	CD22_B1_nonint_2261
AGAATCAAGCATGTCA-1	HTO5	CD22_B1_nonint_2261
AGAATCAAGGTGCTGT-1	HTO5	CD22_B1_nonint_2261
AGAATGGGTAACAGAG-1	HTO1	CD22_m971
AGAATGGGTAACATGC-1	HTO4	CD22_A11_int_1411
AGAATGGGTCACCGCC-1	HTO5	CD22_B1_nonint_2261
AGAATGGGTCGCAAAT-1	HTO5	CD22_B1_nonint_2261
AGAATGGGTGCTCCGC-1	HTO1	CD22_m971
AGAATGGGTGGTAAAG-1	HTO2	CD22_i61_2
AGAATGGGTGTTATAG-1	HTO4	CD22_A11_int_1411
AGAATTACAAAGCTCT-1	HTO2	CD22_i61_2
AGAATTACAACCTCTC-1	HTO3	CD22_A3_nonint_4434
AGAATTACACCGGAAG-1	HTO2	CD22_i61_2
AGAATTACAGCACACC-1	HTO4	CD22_A11_int_1411
AGAATTACAGCAGTAA-1	HTO4	CD22_A11_int_1411
AGAATTGAGCCACTTT-1	HTO2	CD22_i61_2
AGAATTGAGCTGTATG-1	HTO3	CD22_A3_nonint_4434
AGAATTGAGGCACCCA-1	HTO3	CD22_A3_nonint_4434
AGAATTGAGGGCATAG-1	HTO2	CD22_i61_2
AGACAATCACTGATTA-1	HTO5	CD22_B1_nonint_2261
AGACAGCCAAATATAG-1	HTO2	CD22_i61_2
AGACAGCCACCCAGTA-1	HTO1	CD22_m971
AGACAGCCACCTCAGA-1	HTO4	CD22_A11_int_1411
AGACAGCCACTAAGCT-1	HTO2	CD22_i61_2
AGACAGGTCAGCATCA-1	HTO2	CD22_i61_2
AGACAGGTCAGTCCGG-1	HTO4	CD22_A11_int_1411
AGACAGGTCATAATCA-1	HTO2	CD22_i61_2
AGACAGGTCCTAGGGT-1	HTO1	CD22_m971
AGACAGGTCCTATACC-1	HTO2	CD22_i61_2
AGACATAAGACAATTC-1	HTO1	CD22_m971
AGACATAAGATGGAGT-1	HTO5	CD22_B1_nonint_2261
AGACATTTCACATCAG-1	HTO5	CD22_B1_nonint_2261
AGACATTTCAGTCATG-1	HTO4	CD22_A11_int_1411
AGACATTTCATAACGT-1	HTO4	CD22_A11_int_1411
AGACATTTCCAATTAA-1	HTO5	CD22_B1_nonint_2261
AGACATTTCCGATAGC-1	HTO4	CD22_A11_int_1411
AGACATTTCCGTATTC-1	HTO2	CD22_i61_2
AGACATTTCGCGGTAT-1	HTO1	CD22_m971
AGACATTTCGCTCCGT-1	HTO2	CD22_i61_2
AGACATTTCGGATACC-1	HTO1	CD22_m971
AGACGACCAGGTTCGC-1	HTO2	CD22_i61_2
AGACGATAGAAGCGAT-1	HTO3	CD22_A3_nonint_4434
AGACGATAGACAGAAC-1	HTO2	CD22_i61_2
AGACGATAGCAATCCA-1	HTO1	CD22_m971
AGACGATAGCAGCGTT-1	HTO2	CD22_i61_2
AGACGATAGCCTTTAC-1	HTO1	CD22_m971
AGACGATAGCGTTTAG-1	HTO1	CD22_m971
AGACGATAGGCTCGTG-1	HTO5	CD22_B1_nonint_2261
AGACGATAGGGCGATA-1	HTO1	CD22_m971
AGACGCAAGAGTTAGA-1	HTO5	CD22_B1_nonint_2261
AGACGCAAGGCCATTA-1	HTO1	CD22_m971
AGACGCAAGGTCTGGT-1	HTO1	CD22_m971
AGACGCTTCACATAAC-1	HTO2	CD22_i61_2
AGACGCTTCACTCTCG-1	HTO2	CD22_i61_2
AGACGCTTCATGGTTG-1	HTO2	CD22_i61_2
AGACGCTTCCGTTCTG-1	HTO3	CD22_A3_nonint_4434
AGACGCTTCGTACGGT-1	HTO2	CD22_i61_2
AGACGGGGTCCGGTAA-1	HTO5	CD22_B1_nonint_2261
AGACGGGGTCTGGCCC-1	HTO4	CD22_A11_int_1411
AGACGGGGTGCCATAG-1	HTO4	CD22_A11_int_1411
AGACGGGGTGGTTTAA-1	HTO5	CD22_B1_nonint_2261
AGACGGGGTGTATCTT-1	HTO4	CD22_A11_int_1411
AGACGTACAAATTGGG-1	HTO5	CD22_B1_nonint_2261
AGACGTACAACGGCAG-1	HTO5	CD22_B1_nonint_2261
AGACGTACAGGACATA-1	HTO5	CD22_B1_nonint_2261
AGACGTACAGGTTTCG-1	HTO3	CD22_A3_nonint_4434
AGACGTTGTAATTGGC-1	HTO1	CD22_m971
AGACGTTGTAGCGTAT-1	HTO2	CD22_i61_2
AGACGTTGTCGACGTA-1	HTO1	CD22_m971
AGACTCATCAACCATG-1	HTO2	CD22_i61_2
AGACTCATCAGGGCTT-1	HTO2	CD22_i61_2
AGACTCATCATCTCAC-1	HTO1	CD22_m971
AGACTCATCATTGTCC-1	HTO2	CD22_i61_2
AGACTCATCCGCGGTA-1	HTO4	CD22_A11_int_1411
AGACTCATCGGCGATT-1	HTO3	CD22_A3_nonint_4434
AGACTCATCGGTTAGC-1	HTO5	CD22_B1_nonint_2261
AGACTCGGTAACAGGA-1	HTO4	CD22_A11_int_1411
AGACTCGGTATCCGAG-1	HTO2	CD22_i61_2
AGACTCGGTCTGCAAG-1	HTO1	CD22_m971
AGACTGCTCCACCATT-1	HTO5	CD22_B1_nonint_2261
AGACTGCTCCCCAACC-1	HTO1	CD22_m971
AGACTGCTCGTTATGG-1	HTO2	CD22_i61_2
AGACTTGTCACACACA-1	HTO3	CD22_A3_nonint_4434
AGACTTGTCACGACTA-1	HTO2	CD22_i61_2
AGACTTGTCATGATGT-1	HTO1	CD22_m971
AGACTTGTCGCTCCTA-1	HTO5	CD22_B1_nonint_2261
AGACTTTAGAAGTACA-1	HTO2	CD22_i61_2
AGACTTTAGAGCATGG-1	HTO2	CD22_i61_2
AGACTTTAGCCGATAC-1	HTO4	CD22_A11_int_1411
AGACTTTAGCTCGTTT-1	HTO2	CD22_i61_2
AGACTTTAGGCACGAA-1	HTO2	CD22_i61_2
AGAGAACTCCTCGTCA-1	HTO3	CD22_A3_nonint_4434
AGAGAACTCGGACGTT-1	HTO5	CD22_B1_nonint_2261
AGAGAATGTAAATGGG-1	HTO5	CD22_B1_nonint_2261
AGAGAATGTAAGTGTC-1	HTO4	CD22_A11_int_1411
AGAGAATGTATCACCC-1	HTO3	CD22_A3_nonint_4434
AGAGAATGTCGTACCT-1	HTO1	CD22_m971
AGAGAATGTCTCGATC-1	HTO3	CD22_A3_nonint_4434
AGAGACCCAACGCGAG-1	HTO1	CD22_m971
AGAGACCCAAGGCCGA-1	HTO5	CD22_B1_nonint_2261
AGAGACCCACATGATC-1	HTO5	CD22_B1_nonint_2261
AGAGACCCACCGAATT-1	HTO5	CD22_B1_nonint_2261
AGAGACCCACCTCGAA-1	HTO4	CD22_A11_int_1411
AGAGACCCAGTTAATT-1	HTO4	CD22_A11_int_1411
AGAGAGAAGAACGCGA-1	HTO1	CD22_m971
AGAGAGAAGACTGCAC-1	HTO4	CD22_A11_int_1411
AGAGAGAAGCGTTCAA-1	HTO3	CD22_A3_nonint_4434
AGAGAGGCAACCCTCT-1	HTO2	CD22_i61_2
AGAGAGGCAACTCGGC-1	HTO1	CD22_m971
AGAGAGGCAATGACAG-1	HTO1	CD22_m971
AGAGAGGCAATGCACT-1	HTO5	CD22_B1_nonint_2261
AGAGAGGCAATTCTAG-1	HTO1	CD22_m971
AGAGATGGTAGCGGGA-1	HTO2	CD22_i61_2
AGAGATGGTATCGGGC-1	HTO1	CD22_m971
AGAGATGGTCTTGATT-1	HTO2	CD22_i61_2
AGAGATGGTGTGTCGA-1	HTO4	CD22_A11_int_1411
AGAGATTCACTTAAGC-1	HTO5	CD22_B1_nonint_2261
AGAGATTCAGCAATCT-1	HTO4	CD22_A11_int_1411
AGAGATTCAGCTCAAT-1	HTO2	CD22_i61_2
AGAGGAAAGAGCATTT-1	HTO3	CD22_A3_nonint_4434
AGAGGAAAGCTCATGA-1	HTO3	CD22_A3_nonint_4434
AGAGGAAAGGCTCAGT-1	HTO1	CD22_m971
AGAGGAAAGGGACAAT-1	HTO1	CD22_m971
AGAGGAAAGGTGCCCA-1	HTO2	CD22_i61_2
AGAGGCGGTAACGCCA-1	HTO4	CD22_A11_int_1411
AGAGGCGGTCATACGG-1	HTO1	CD22_m971
AGAGGCGGTCCTACGT-1	HTO1	CD22_m971
AGAGGCGGTCCTAGCT-1	HTO1	CD22_m971
AGAGGCGGTCGAAGCC-1	HTO1	CD22_m971
AGAGGCGGTCGATGGC-1	HTO5	CD22_B1_nonint_2261
AGAGGCGGTCGCGTCC-1	HTO2	CD22_i61_2
AGAGGCGGTGGTTCGA-1	HTO4	CD22_A11_int_1411
AGAGGCGGTGTGGCCG-1	HTO2	CD22_i61_2
AGAGGGACAAACTCTA-1	HTO2	CD22_i61_2
AGAGGGACACGGCAAG-1	HTO5	CD22_B1_nonint_2261
AGAGGGACACGGTGCT-1	HTO3	CD22_A3_nonint_4434
AGAGGGACAGCTTCAG-1	HTO2	CD22_i61_2
AGAGGGACAGGTATCT-1	HTO3	CD22_A3_nonint_4434
AGAGGGTGTAGGCATT-1	HTO2	CD22_i61_2
AGAGGGTGTCAGCAAT-1	HTO5	CD22_B1_nonint_2261
AGAGGGTGTCATTTCG-1	HTO2	CD22_i61_2
AGAGGGTGTGTAGGTT-1	HTO3	CD22_A3_nonint_4434
AGAGGTAGTAGACGGG-1	HTO3	CD22_A3_nonint_4434
AGAGGTAGTAGACTCG-1	HTO5	CD22_B1_nonint_2261
AGAGGTAGTCAACCTC-1	HTO4	CD22_A11_int_1411
AGAGGTAGTCGTGAGC-1	HTO5	CD22_B1_nonint_2261
AGAGGTCCACAACGAA-1	HTO1	CD22_m971
AGAGGTCCACATGATC-1	HTO5	CD22_B1_nonint_2261
AGAGGTCCACATGGGG-1	HTO2	CD22_i61_2
AGAGGTCCACCTCACT-1	HTO1	CD22_m971
AGAGGTTAGAAGCTGG-1	HTO4	CD22_A11_int_1411
AGAGGTTAGACCTACA-1	HTO2	CD22_i61_2
AGAGGTTAGACGGGGT-1	HTO3	CD22_A3_nonint_4434
AGAGGTTAGCGGCCTA-1	HTO1	CD22_m971
AGAGGTTAGGGGATTG-1	HTO5	CD22_B1_nonint_2261
AGAGTAATCAACCCTT-1	HTO1	CD22_m971
AGAGTAATCACGATAT-1	HTO3	CD22_A3_nonint_4434
AGAGTAATCAGGGCTT-1	HTO2	CD22_i61_2
AGAGTAATCATTAATG-1	HTO2	CD22_i61_2
AGAGTAATCGCCCTTA-1	HTO4	CD22_A11_int_1411
AGAGTAATCGTGGCAT-1	HTO3	CD22_A3_nonint_4434
AGAGTAGGTACACTCC-1	HTO3	CD22_A3_nonint_4434
AGAGTAGGTAGGTTGT-1	HTO5	CD22_B1_nonint_2261
AGAGTAGGTATCATCT-1	HTO2	CD22_i61_2
AGAGTAGGTATCTTCG-1	HTO3	CD22_A3_nonint_4434
AGAGTAGGTGCCAAAT-1	HTO1	CD22_m971
AGAGTAGGTGGTGGAG-1	HTO3	CD22_A3_nonint_4434
AGAGTGAGTATTGGTA-1	HTO2	CD22_i61_2
AGAGTGAGTCATCGCT-1	HTO2	CD22_i61_2
AGAGTTAAGACAAGTA-1	HTO2	CD22_i61_2
AGAGTTAAGACTATGT-1	HTO5	CD22_B1_nonint_2261
AGAGTTAAGCAAATGA-1	HTO2	CD22_i61_2
AGAGTTAAGCACTCAA-1	HTO1	CD22_m971
AGAGTTAAGCTGCTAA-1	HTO2	CD22_i61_2
AGCAAATCAACTGGGG-1	HTO1	CD22_m971
AGCAAATCACAATACC-1	HTO4	CD22_A11_int_1411
AGCAAATCACGATTAC-1	HTO5	CD22_B1_nonint_2261
AGCAAATCACTCCACT-1	HTO2	CD22_i61_2
AGCAACGAGCAAACTT-1	HTO5	CD22_B1_nonint_2261
AGCAACGAGCCCTTTG-1	HTO2	CD22_i61_2
AGCAACGAGCTCTCAT-1	HTO4	CD22_A11_int_1411
AGCAACGAGGGCGAGT-1	HTO5	CD22_B1_nonint_2261
AGCAAGCCAATACGTC-1	HTO4	CD22_A11_int_1411
AGCAAGCCACTCGAGC-1	HTO4	CD22_A11_int_1411
AGCAAGCCAGCAATCT-1	HTO3	CD22_A3_nonint_4434
AGCAAGCCAGTACGGG-1	HTO4	CD22_A11_int_1411
AGCAAGTAGCCGATAC-1	HTO1	CD22_m971
AGCAAGTAGCCTGATA-1	HTO3	CD22_A3_nonint_4434
AGCAAGTAGCCTTTCG-1	HTO1	CD22_m971
AGCAAGTAGCTTAGTG-1	HTO3	CD22_A3_nonint_4434
AGCAAGTAGGGACTGA-1	HTO4	CD22_A11_int_1411
AGCAATCGTAACTTCT-1	HTO3	CD22_A3_nonint_4434
AGCAATCGTACTATAG-1	HTO5	CD22_B1_nonint_2261
AGCAATCGTATCCTAT-1	HTO5	CD22_B1_nonint_2261
AGCAATCGTCAATTAG-1	HTO5	CD22_B1_nonint_2261
AGCAATCGTCGATGAT-1	HTO3	CD22_A3_nonint_4434
AGCAATCGTGGCGTGT-1	HTO1	CD22_m971
AGCAATCGTGTTACGG-1	HTO5	CD22_B1_nonint_2261
AGCAATTTCAGCCATA-1	HTO2	CD22_i61_2
AGCAATTTCATGTTAA-1	HTO4	CD22_A11_int_1411
AGCAATTTCCGCAATA-1	HTO3	CD22_A3_nonint_4434
AGCAATTTCCTACATC-1	HTO5	CD22_B1_nonint_2261
AGCAATTTCCTTAGTC-1	HTO5	CD22_B1_nonint_2261
AGCAATTTCGTACGGT-1	HTO4	CD22_A11_int_1411
AGCAATTTCGTTGGCG-1	HTO1	CD22_m971
AGCACAACAAAGGGAG-1	HTO3	CD22_A3_nonint_4434
AGCACAACAACAGCCC-1	HTO5	CD22_B1_nonint_2261
AGCACAACAACGAAGC-1	HTO2	CD22_i61_2
AGCACAACAGCCAACC-1	HTO1	CD22_m971
AGCACGTTCATACAAC-1	HTO1	CD22_m971
AGCACGTTCCTCGGCT-1	HTO2	CD22_i61_2
AGCACTATCACAACAT-1	HTO4	CD22_A11_int_1411
AGCACTATCACTTTCA-1	HTO1	CD22_m971
AGCACTATCCAATTGG-1	HTO3	CD22_A3_nonint_4434
AGCACTATCGCATGGT-1	HTO5	CD22_B1_nonint_2261
AGCACTATCGTTCTAC-1	HTO2	CD22_i61_2
AGCAGATAGATCTTCC-1	HTO5	CD22_B1_nonint_2261
AGCAGATAGCATCACA-1	HTO3	CD22_A3_nonint_4434
AGCAGATAGCCTATGA-1	HTO3	CD22_A3_nonint_4434
AGCAGATAGCGCCTAG-1	HTO2	CD22_i61_2
AGCAGATAGCTAGCGT-1	HTO1	CD22_m971
AGCAGCAAGATATGAG-1	HTO1	CD22_m971
AGCAGCAAGGTAGGAT-1	HTO5	CD22_B1_nonint_2261
AGCAGGGGTATACTTC-1	HTO5	CD22_B1_nonint_2261
AGCAGGGGTGCTATGG-1	HTO5	CD22_B1_nonint_2261
AGCAGGGGTGTGGGCT-1	HTO4	CD22_A11_int_1411
AGCAGTACAAGCTTTA-1	HTO2	CD22_i61_2
AGCAGTACACCTAAAC-1	HTO4	CD22_A11_int_1411
AGCAGTTGTAGGCATT-1	HTO2	CD22_i61_2
AGCAGTTGTAGTTTAG-1	HTO5	CD22_B1_nonint_2261
AGCAGTTGTCAGCGTA-1	HTO1	CD22_m971
AGCAGTTGTGGGCAAG-1	HTO3	CD22_A3_nonint_4434
AGCAGTTGTGTCCATC-1	HTO1	CD22_m971
AGCATAGCAATATCTG-1	HTO2	CD22_i61_2
AGCATAGCAATTAATC-1	HTO2	CD22_i61_2
AGCATAGCACCACGTA-1	HTO2	CD22_i61_2
AGCATAGCACGCAGCT-1	HTO5	CD22_B1_nonint_2261
AGCATCATCATAAGCT-1	HTO2	CD22_i61_2
AGCATCATCATTAATG-1	HTO4	CD22_A11_int_1411
AGCATCATCCACATCT-1	HTO4	CD22_A11_int_1411
AGCATCATCCTGCACC-1	HTO1	CD22_m971
AGCATCGGTACGGTCA-1	HTO4	CD22_A11_int_1411
AGCATCGGTATACTTC-1	HTO1	CD22_m971
AGCATGGAGAAACGGT-1	HTO4	CD22_A11_int_1411
AGCATGGAGAACCAGG-1	HTO2	CD22_i61_2
AGCATGGAGAGCTTTG-1	HTO4	CD22_A11_int_1411
AGCATGGAGAGTGTAA-1	HTO2	CD22_i61_2
AGCATGGAGATGAGTA-1	HTO2	CD22_i61_2
AGCATGGAGCACTCAA-1	HTO2	CD22_i61_2
AGCATGGAGCGAACGA-1	HTO3	CD22_A3_nonint_4434
AGCATTCCAACCCTCT-1	HTO3	CD22_A3_nonint_4434
AGCATTCCAAGCTTCG-1	HTO2	CD22_i61_2
AGCATTCCAGGGTCAG-1	HTO4	CD22_A11_int_1411
AGCATTCCAGTCGGTC-1	HTO5	CD22_B1_nonint_2261
AGCATTGTCCAACGTA-1	HTO3	CD22_A3_nonint_4434
AGCATTGTCCGGCCTT-1	HTO3	CD22_A3_nonint_4434
AGCATTGTCGGTAATT-1	HTO1	CD22_m971
AGCATTTAGACAATTC-1	HTO3	CD22_A3_nonint_4434
AGCATTTAGGCTCATA-1	HTO1	CD22_m971
AGCATTTAGGGGCTTT-1	HTO5	CD22_B1_nonint_2261
AGCCAACTCAATCCCT-1	HTO2	CD22_i61_2
AGCCAACTCACAGCAC-1	HTO4	CD22_A11_int_1411
AGCCAACTCACTTCCG-1	HTO4	CD22_A11_int_1411
AGCCAACTCAGCACTA-1	HTO5	CD22_B1_nonint_2261
AGCCAACTCAGGGACA-1	HTO2	CD22_i61_2
AGCCAACTCCAAGACC-1	HTO5	CD22_B1_nonint_2261
AGCCAACTCCTTAATT-1	HTO3	CD22_A3_nonint_4434
AGCCAACTCGGACTAC-1	HTO5	CD22_B1_nonint_2261
AGCCAGCGTACAACGT-1	HTO2	CD22_i61_2
AGCCAGCGTAGCTGAT-1	HTO4	CD22_A11_int_1411
AGCCAGCGTATGAAGG-1	HTO2	CD22_i61_2
AGCCAGCGTCCATTCA-1	HTO4	CD22_A11_int_1411
AGCCAGCGTGCTTCCG-1	HTO4	CD22_A11_int_1411
AGCCATATCGCAAGCT-1	HTO2	CD22_i61_2
AGCCATTCAAACACCT-1	HTO1	CD22_m971
AGCCATTCAAGCGCAG-1	HTO1	CD22_m971
AGCCATTCACCAGGGA-1	HTO2	CD22_i61_2
AGCCATTCAGCAACGG-1	HTO2	CD22_i61_2
AGCCCATAGACGAAGT-1	HTO2	CD22_i61_2
AGCCCATAGACTTACG-1	HTO2	CD22_i61_2
AGCCCATAGCCCATGG-1	HTO1	CD22_m971
AGCCCATAGGCCTCGA-1	HTO1	CD22_m971
AGCCCATAGGTAATGA-1	HTO5	CD22_B1_nonint_2261
AGCCCCAAGACAGCAG-1	HTO2	CD22_i61_2
AGCCCCAAGAGCCCAT-1	HTO5	CD22_B1_nonint_2261
AGCCCCAAGCCAGAGA-1	HTO3	CD22_A3_nonint_4434
AGCCCCAAGCTCGAAC-1	HTO5	CD22_B1_nonint_2261
AGCCCCAAGCTGAATT-1	HTO5	CD22_B1_nonint_2261
AGCCCCAAGGCTATTG-1	HTO3	CD22_A3_nonint_4434
AGCCCCTTCAATACGT-1	HTO4	CD22_A11_int_1411
AGCCCCTTCCCAGAAC-1	HTO3	CD22_A3_nonint_4434
AGCCCCTTCCCGCCAT-1	HTO2	CD22_i61_2
AGCCCCTTCCCTAAAG-1	HTO5	CD22_B1_nonint_2261
AGCCCCTTCGCATCGG-1	HTO2	CD22_i61_2
AGCCCCTTCGGCGTCA-1	HTO4	CD22_A11_int_1411
AGCCCTCTCAGTCCGG-1	HTO5	CD22_B1_nonint_2261
AGCCCTCTCAGTTTGG-1	HTO1	CD22_m971
AGCCCTCTCATTAAGC-1	HTO5	CD22_B1_nonint_2261
AGCCCTCTCCCTTTAA-1	HTO1	CD22_m971
AGCCCTCTCCGAATGC-1	HTO1	CD22_m971
AGCCCTCTCCTATCCG-1	HTO5	CD22_B1_nonint_2261
AGCCCTCTCGGAAGCA-1	HTO1	CD22_m971
AGCCCTTGTACGCAAT-1	HTO4	CD22_A11_int_1411
AGCCCTTGTCGTTCCG-1	HTO5	CD22_B1_nonint_2261
AGCCCTTGTGTAGCGC-1	HTO2	CD22_i61_2
AGCCGAGCAAAGGGGA-1	HTO5	CD22_B1_nonint_2261
AGCCGAGCAACGCGTC-1	HTO2	CD22_i61_2
AGCCGCATCACGAGCT-1	HTO1	CD22_m971
AGCCGCATCACTCGGG-1	HTO3	CD22_A3_nonint_4434
AGCCGCATCATACCCT-1	HTO4	CD22_A11_int_1411
AGCCGCATCATCGCTT-1	HTO5	CD22_B1_nonint_2261
AGCCGCATCCCATCCA-1	HTO5	CD22_B1_nonint_2261
AGCCGCATCCTACTTA-1	HTO2	CD22_i61_2
AGCCGCATCGCAACTA-1	HTO2	CD22_i61_2
AGCCGCATCGTTGGCG-1	HTO1	CD22_m971
AGCCGTCCAAAGCAAT-1	HTO5	CD22_B1_nonint_2261
AGCCGTCCAAGCCGTC-1	HTO5	CD22_B1_nonint_2261
AGCCGTCCAATCCTAA-1	HTO3	CD22_A3_nonint_4434
AGCCGTCCACTACGCA-1	HTO4	CD22_A11_int_1411
AGCCGTCCACTATCTT-1	HTO5	CD22_B1_nonint_2261
AGCCGTCCAGCTATCG-1	HTO3	CD22_A3_nonint_4434
AGCCGTCCAGTTGATC-1	HTO1	CD22_m971
AGCCGTGTCCGAGCAT-1	HTO3	CD22_A3_nonint_4434
AGCCGTGTCGTAGCGT-1	HTO5	CD22_B1_nonint_2261
AGCCGTTAGAAAGGAG-1	HTO5	CD22_B1_nonint_2261
AGCCGTTAGATGTAGA-1	HTO5	CD22_B1_nonint_2261
AGCCGTTAGCATGGTC-1	HTO3	CD22_A3_nonint_4434
AGCCGTTAGCCTAGTA-1	HTO2	CD22_i61_2
AGCCGTTAGCCTGACG-1	HTO2	CD22_i61_2
AGCCGTTAGCCTGCAG-1	HTO3	CD22_A3_nonint_4434
AGCCGTTAGCGCACAT-1	HTO2	CD22_i61_2
AGCCGTTAGGGAGTTG-1	HTO4	CD22_A11_int_1411
AGCCTCCTCACGCATA-1	HTO1	CD22_m971
AGCCTCCTCAGCCGCA-1	HTO5	CD22_B1_nonint_2261
AGCCTCCTCCCGGTTC-1	HTO1	CD22_m971
AGCCTCCTCCCTTCCT-1	HTO4	CD22_A11_int_1411
AGCCTCCTCGCGTAGT-1	HTO2	CD22_i61_2
AGCCTCCTCGTAAGCC-1	HTO1	CD22_m971
AGCCTCCTCGTGGCAT-1	HTO1	CD22_m971
AGCCTCTGTATGGAGA-1	HTO1	CD22_m971
AGCCTCTGTATTGTAG-1	HTO1	CD22_m971
AGCCTCTGTCCTGCGC-1	HTO4	CD22_A11_int_1411
AGCCTCTGTCGACTAG-1	HTO4	CD22_A11_int_1411
AGCCTCTGTCGAGTGC-1	HTO4	CD22_A11_int_1411
AGCCTCTGTGTCGCGG-1	HTO1	CD22_m971
AGCCTGTAGATCAGGG-1	HTO2	CD22_i61_2
AGCCTGTAGCAAGCTC-1	HTO2	CD22_i61_2
AGCCTGTAGCCTATGA-1	HTO1	CD22_m971
AGCCTGTAGGCTGTCG-1	HTO5	CD22_B1_nonint_2261
AGCCTGTAGGGAATGT-1	HTO4	CD22_A11_int_1411
AGCCTGTAGGGCTTCG-1	HTO5	CD22_B1_nonint_2261
AGCCTTCGTCAACCCT-1	HTO4	CD22_A11_int_1411
AGCCTTCGTGCTCCTG-1	HTO2	CD22_i61_2
AGCCTTCGTGTCCATC-1	HTO3	CD22_A3_nonint_4434
AGCGAACCAACGTCCA-1	HTO2	CD22_i61_2
AGCGAACCAAGTATAA-1	HTO4	CD22_A11_int_1411
AGCGAACCACATAGCT-1	HTO4	CD22_A11_int_1411
AGCGAATAGCACTCCC-1	HTO5	CD22_B1_nonint_2261
AGCGAATAGCGAAGCA-1	HTO3	CD22_A3_nonint_4434
AGCGAATAGCGTTCAA-1	HTO5	CD22_B1_nonint_2261
AGCGAATAGGCGGATA-1	HTO1	CD22_m971
AGCGACAAGAGTCCAC-1	HTO3	CD22_A3_nonint_4434
AGCGACAAGCACGAAG-1	HTO4	CD22_A11_int_1411
AGCGACAAGCCTGGTG-1	HTO1	CD22_m971
AGCGACAAGCGCACAT-1	HTO2	CD22_i61_2
AGCGACAAGGCGTTAC-1	HTO5	CD22_B1_nonint_2261
AGCGACAAGGGTGATG-1	HTO2	CD22_i61_2
AGCGAGTCAACACAGA-1	HTO1	CD22_m971
AGCGAGTCAACCCTCT-1	HTO1	CD22_m971
AGCGAGTCAATCGGCC-1	HTO3	CD22_A3_nonint_4434
AGCGATACACTCCTAC-1	HTO1	CD22_m971
AGCGATACAGCAAGAC-1	HTO1	CD22_m971
AGCGATACAGCACCTA-1	HTO1	CD22_m971
AGCGATACAGGTAAAT-1	HTO2	CD22_i61_2
AGCGATGAGAATTACC-1	HTO2	CD22_i61_2
AGCGATGAGAGAGTTA-1	HTO4	CD22_A11_int_1411
AGCGATGAGCAGCCCA-1	HTO1	CD22_m971
AGCGATGAGGTAATAG-1	HTO3	CD22_A3_nonint_4434
AGCGCAGCAAGTAAAC-1	HTO1	CD22_m971
AGCGCAGCAATTGCTA-1	HTO2	CD22_i61_2
AGCGCAGCACGCTTTC-1	HTO2	CD22_i61_2
AGCGCAGCACGTATCG-1	HTO2	CD22_i61_2
AGCGCAGCAGCATGGG-1	HTO2	CD22_i61_2
AGCGCAGCAGTACGCC-1	HTO3	CD22_A3_nonint_4434
AGCGCATTCAAATGTC-1	HTO4	CD22_A11_int_1411
AGCGCATTCATTCTCA-1	HTO1	CD22_m971
AGCGCATTCGTTGCCC-1	HTO3	CD22_A3_nonint_4434
AGCGCCATCACTGTCT-1	HTO4	CD22_A11_int_1411
AGCGCCATCCATCTGT-1	HTO5	CD22_B1_nonint_2261
AGCGCCATCCCTATGT-1	HTO4	CD22_A11_int_1411
AGCGCCATCGGTATTG-1	HTO4	CD22_A11_int_1411
AGCGCCTCAAAATTTC-1	HTO4	CD22_A11_int_1411
AGCGCCTCAGGCGTAG-1	HTO4	CD22_A11_int_1411
AGCGCGACAAGCGATA-1	HTO3	CD22_A3_nonint_4434
AGCGCGACAAGGACAC-1	HTO3	CD22_A3_nonint_4434
AGCGCGACACGAGCGA-1	HTO4	CD22_A11_int_1411
AGCGCGACAGGCATAA-1	HTO4	CD22_A11_int_1411
AGCGCGACAGGCTCTA-1	HTO5	CD22_B1_nonint_2261
AGCGCGACAGTAGGCG-1	HTO5	CD22_B1_nonint_2261
AGCGCGTGTGGCCTGG-1	HTO4	CD22_A11_int_1411
AGCGCGTGTGTTCTCA-1	HTO2	CD22_i61_2
AGCGCTCCAACTGCGC-1	HTO2	CD22_i61_2
AGCGCTCCAAGTCGAA-1	HTO1	CD22_m971
AGCGCTCCACATATGC-1	HTO4	CD22_A11_int_1411
AGCGCTCCACTTCATT-1	HTO5	CD22_B1_nonint_2261
AGCGGACAGCATTTCC-1	HTO5	CD22_B1_nonint_2261
AGCGGACAGCCCATGG-1	HTO5	CD22_B1_nonint_2261
AGCGGACAGCGGTTTA-1	HTO3	CD22_A3_nonint_4434
AGCGGACAGCTACGAC-1	HTO2	CD22_i61_2
AGCGGAGGTATAGGAG-1	HTO3	CD22_A3_nonint_4434
AGCGGAGGTCGGTTCT-1	HTO3	CD22_A3_nonint_4434
AGCGGAGGTCTACAGG-1	HTO3	CD22_A3_nonint_4434
AGCGGAGGTGCATTGG-1	HTO5	CD22_B1_nonint_2261
AGCGGAGGTGTAAGGA-1	HTO2	CD22_i61_2
AGCGGCACAAAACCTC-1	HTO1	CD22_m971
AGCGGCACAAAATCAA-1	HTO5	CD22_B1_nonint_2261
AGCGGCACACCCAGTA-1	HTO4	CD22_A11_int_1411
AGCGGCACACGAGCGA-1	HTO2	CD22_i61_2
AGCGGGAGTAGCAGGG-1	HTO2	CD22_i61_2
AGCGGGAGTGGGTATT-1	HTO5	CD22_B1_nonint_2261
AGCGGGTAGCCCACGA-1	HTO2	CD22_i61_2
AGCGGGTAGGTTCATG-1	HTO3	CD22_A3_nonint_4434
AGCGGTAAGATAATCC-1	HTO4	CD22_A11_int_1411
AGCGGTAAGCACAGGA-1	HTO5	CD22_B1_nonint_2261
AGCGGTAAGCACTTAG-1	HTO3	CD22_A3_nonint_4434
AGCGGTAAGCCCATTT-1	HTO1	CD22_m971
AGCGGTAAGCCTTAAG-1	HTO1	CD22_m971
AGCGGTAAGGCGGATA-1	HTO4	CD22_A11_int_1411
AGCGGTCGTAGGACCC-1	HTO4	CD22_A11_int_1411
AGCGGTCGTATTGCCC-1	HTO1	CD22_m971
AGCGGTCGTCTCGAAG-1	HTO3	CD22_A3_nonint_4434
AGCGGTCGTGCGATGC-1	HTO2	CD22_i61_2
AGCGGTTTCAAGGGGC-1	HTO5	CD22_B1_nonint_2261
AGCGGTTTCCCGACTC-1	HTO2	CD22_i61_2
AGCGGTTTCCGTTACT-1	HTO5	CD22_B1_nonint_2261
AGCGGTTTCCTCGCTA-1	HTO3	CD22_A3_nonint_4434
AGCGGTTTCGCACGTG-1	HTO3	CD22_A3_nonint_4434
AGCGGTTTCGGACCCA-1	HTO2	CD22_i61_2
AGCGTAACACTGGGAG-1	HTO1	CD22_m971
AGCGTAACAGCGTCTA-1	HTO2	CD22_i61_2
AGCGTACTCAGACGCT-1	HTO2	CD22_i61_2
AGCGTAGAGCACCGCA-1	HTO5	CD22_B1_nonint_2261
AGCGTAGAGCACGGTT-1	HTO3	CD22_A3_nonint_4434
AGCGTATGTAACGCTG-1	HTO1	CD22_m971
AGCGTATGTAATCTTC-1	HTO1	CD22_m971
AGCGTATGTAGTTGCG-1	HTO4	CD22_A11_int_1411
AGCGTATGTATATTCC-1	HTO5	CD22_B1_nonint_2261
AGCGTATGTCTAACCC-1	HTO4	CD22_A11_int_1411
AGCGTATGTGCATTGG-1	HTO5	CD22_B1_nonint_2261
AGCGTATGTGTCCCTG-1	HTO2	CD22_i61_2
AGCGTCAGTCTAAGGT-1	HTO2	CD22_i61_2
AGCGTCAGTCTTATGT-1	HTO1	CD22_m971
AGCGTCAGTGGTAATC-1	HTO4	CD22_A11_int_1411
AGCGTCAGTGTGTGAT-1	HTO1	CD22_m971
AGCGTCCCACAGGCGA-1	HTO4	CD22_A11_int_1411
AGCGTCCCACCGCAGT-1	HTO1	CD22_m971
AGCGTCCCAGCCCAAC-1	HTO1	CD22_m971
AGCGTCCCAGTAGCCC-1	HTO2	CD22_i61_2
AGCGTCCCAGTATAGG-1	HTO4	CD22_A11_int_1411
AGCGTCCCAGTTGGGG-1	HTO3	CD22_A3_nonint_4434
AGCGTGAAGACAAGAC-1	HTO5	CD22_B1_nonint_2261
AGCGTGAAGCACAATT-1	HTO3	CD22_A3_nonint_4434
AGCGTGAAGCAGCGAA-1	HTO1	CD22_m971
AGCGTGAAGCATAGCC-1	HTO5	CD22_B1_nonint_2261
AGCGTGCGTAAGCCCA-1	HTO1	CD22_m971
AGCGTGCGTATCTCTG-1	HTO4	CD22_A11_int_1411
AGCGTGCGTCATTAAG-1	HTO1	CD22_m971
AGCGTGCGTCGAGGCT-1	HTO3	CD22_A3_nonint_4434
AGCGTGTTCCGAATGC-1	HTO4	CD22_A11_int_1411
AGCGTGTTCCTCTCGA-1	HTO2	CD22_i61_2
AGCGTGTTCGCGGAAA-1	HTO5	CD22_B1_nonint_2261
AGCGTTGGTCGAAGCC-1	HTO5	CD22_B1_nonint_2261
AGCGTTTCAACCATAC-1	HTO2	CD22_i61_2
AGCGTTTCAATGCCCA-1	HTO3	CD22_A3_nonint_4434
AGCGTTTCAGTAAACG-1	HTO4	CD22_A11_int_1411
AGCTAATTCATGAATC-1	HTO2	CD22_i61_2
AGCTAATTCGGCCAAT-1	HTO3	CD22_A3_nonint_4434
AGCTAATTCGGGCTAT-1	HTO2	CD22_i61_2
AGCTATCCAAAGCATG-1	HTO2	CD22_i61_2
AGCTATCCACCTCTTA-1	HTO2	CD22_i61_2
AGCTATCCACGCCAAC-1	HTO1	CD22_m971
AGCTATCCACGGTGCT-1	HTO4	CD22_A11_int_1411
AGCTATGTCCCATAAG-1	HTO3	CD22_A3_nonint_4434
AGCTATGTCCTAGGGT-1	HTO2	CD22_i61_2
AGCTATGTCGCAGTGT-1	HTO3	CD22_A3_nonint_4434
AGCTATGTCGGTACGT-1	HTO5	CD22_B1_nonint_2261
AGCTGAACAAAGTATA-1	HTO3	CD22_A3_nonint_4434
AGCTGAACAAATATTC-1	HTO5	CD22_B1_nonint_2261
AGCTGAACAAGGGCAT-1	HTO2	CD22_i61_2
AGCTGAACACAGCATT-1	HTO4	CD22_A11_int_1411
AGCTGAACACCTCTCG-1	HTO2	CD22_i61_2
AGCTGAACACTACTAA-1	HTO1	CD22_m971
AGCTGAACAGGACAAC-1	HTO5	CD22_B1_nonint_2261
AGCTGAACAGTATGGA-1	HTO1	CD22_m971
AGCTGATGTAAGCCGC-1	HTO3	CD22_A3_nonint_4434
AGCTGATGTCGTTCTA-1	HTO5	CD22_B1_nonint_2261
AGCTGATGTGTAGTTA-1	HTO2	CD22_i61_2
AGCTGATGTGTCCATC-1	HTO1	CD22_m971
AGCTGATGTGTGTCAG-1	HTO5	CD22_B1_nonint_2261
AGCTGATGTGTTCGCT-1	HTO2	CD22_i61_2
AGCTGCCCAACACTAC-1	HTO4	CD22_A11_int_1411
AGCTGCCCAAGACAAT-1	HTO2	CD22_i61_2
AGCTGCCCAATGCATC-1	HTO1	CD22_m971
AGCTGCCCAATTACCA-1	HTO3	CD22_A3_nonint_4434
AGCTGCCCACAGGTAA-1	HTO1	CD22_m971
AGCTGCCCACGCGTTA-1	HTO2	CD22_i61_2
AGCTGCCCAGGTTGCC-1	HTO5	CD22_B1_nonint_2261
AGCTGGGCACGCGTAC-1	HTO3	CD22_A3_nonint_4434
AGCTGGGCAGCATCGC-1	HTO2	CD22_i61_2
AGCTGTATCACTCATC-1	HTO3	CD22_A3_nonint_4434
AGCTGTATCACTTCGT-1	HTO2	CD22_i61_2
AGCTGTATCAGTCCTT-1	HTO1	CD22_m971
AGCTGTATCATGTGGC-1	HTO4	CD22_A11_int_1411
AGCTGTATCATTGGGC-1	HTO3	CD22_A3_nonint_4434
AGCTGTATCCAATCGA-1	HTO5	CD22_B1_nonint_2261
AGCTGTATCCACGTAA-1	HTO2	CD22_i61_2
AGCTGTGGTAATTGTG-1	HTO2	CD22_i61_2
AGCTGTGGTACCACTC-1	HTO1	CD22_m971
AGCTGTGGTACCATGG-1	HTO1	CD22_m971
AGCTGTGGTACCTAGG-1	HTO4	CD22_A11_int_1411
AGCTGTGGTAGTAAGG-1	HTO3	CD22_A3_nonint_4434
AGCTGTGGTCGGATAT-1	HTO5	CD22_B1_nonint_2261
AGCTGTGGTGGCTGTA-1	HTO2	CD22_i61_2
AGCTTACCACCCTAGA-1	HTO5	CD22_B1_nonint_2261
AGCTTAGTCATAATCA-1	HTO1	CD22_m971
AGCTTAGTCCACCGCT-1	HTO3	CD22_A3_nonint_4434
AGCTTAGTCGTGCAAC-1	HTO5	CD22_B1_nonint_2261
AGCTTAGTCGTGGCAT-1	HTO5	CD22_B1_nonint_2261
AGCTTATAGATTCAAC-1	HTO4	CD22_A11_int_1411
AGCTTATAGCCTCGAG-1	HTO4	CD22_A11_int_1411
AGCTTATAGGTTGGTC-1	HTO3	CD22_A3_nonint_4434
AGCTTCCGTAACTTCT-1	HTO2	CD22_i61_2
AGCTTCCGTACAACGT-1	HTO3	CD22_A3_nonint_4434
AGCTTCCGTATGCCTC-1	HTO2	CD22_i61_2
AGCTTCCGTCGATGGC-1	HTO1	CD22_m971
AGCTTCCGTGCTGCCC-1	HTO3	CD22_A3_nonint_4434
AGCTTCCGTGTCTATT-1	HTO3	CD22_A3_nonint_4434
AGCTTCGCAACACGAA-1	HTO5	CD22_B1_nonint_2261
AGCTTCGCAAGCAAAT-1	HTO4	CD22_A11_int_1411
AGCTTCGCAAGCGCTC-1	HTO5	CD22_B1_nonint_2261
AGCTTCGCACGCTTTC-1	HTO3	CD22_A3_nonint_4434
AGCTTGCAGAGTTTCG-1	HTO1	CD22_m971
AGCTTGCAGCAACAGG-1	HTO2	CD22_i61_2
AGCTTGCAGCGCTGTG-1	HTO5	CD22_B1_nonint_2261
AGCTTGGGTACTTCTG-1	HTO2	CD22_i61_2
AGCTTGGGTAGAGATG-1	HTO1	CD22_m971
AGCTTGGGTAGTATGC-1	HTO4	CD22_A11_int_1411
AGCTTGGGTCGCCCGT-1	HTO3	CD22_A3_nonint_4434
AGCTTTACAAATTCGC-1	HTO2	CD22_i61_2
AGCTTTACACTTATCT-1	HTO2	CD22_i61_2
AGCTTTACAGGAACGT-1	HTO2	CD22_i61_2
AGCTTTGAGACTAATC-1	HTO5	CD22_B1_nonint_2261
AGCTTTGAGAGGAGCC-1	HTO1	CD22_m971
AGCTTTGAGGCGTCCA-1	HTO5	CD22_B1_nonint_2261
AGCTTTGAGGTCGAGA-1	HTO4	CD22_A11_int_1411
AGGAAACTCAACCAAT-1	HTO5	CD22_B1_nonint_2261
AGGAAACTCAGAAGTA-1	HTO3	CD22_A3_nonint_4434
AGGAAACTCCTGTTAC-1	HTO5	CD22_B1_nonint_2261
AGGAAATGTAGGTTCG-1	HTO4	CD22_A11_int_1411
AGGAAATGTATGCGGC-1	HTO4	CD22_A11_int_1411
AGGAAATGTGGGTTTG-1	HTO2	CD22_i61_2
AGGAATGGTAACTCCC-1	HTO2	CD22_i61_2
AGGAATTCAAGCGCTC-1	HTO5	CD22_B1_nonint_2261
AGGAATTCACAGCGAG-1	HTO2	CD22_i61_2
AGGAATTCACGTTTCC-1	HTO5	CD22_B1_nonint_2261
AGGAATTCAGTGGCGA-1	HTO5	CD22_B1_nonint_2261
AGGACACCACAATTCA-1	HTO5	CD22_B1_nonint_2261
AGGACACCACATATCA-1	HTO2	CD22_i61_2
AGGACACCAGCCAACC-1	HTO1	CD22_m971
AGGACACCAGTTGCCA-1	HTO3	CD22_A3_nonint_4434
AGGACATAGATGGTTT-1	HTO1	CD22_m971
AGGACATAGCGGTCAT-1	HTO3	CD22_A3_nonint_4434
AGGACATAGCTCACCC-1	HTO4	CD22_A11_int_1411
AGGACATAGCTTAGCA-1	HTO2	CD22_i61_2
AGGACATAGGCACAAG-1	HTO2	CD22_i61_2
AGGACATAGGTTAGCC-1	HTO4	CD22_A11_int_1411
AGGACCAAGATCCTAG-1	HTO3	CD22_A3_nonint_4434
AGGACCAAGCTGGCAT-1	HTO1	CD22_m971
AGGACCAAGGCATACC-1	HTO4	CD22_A11_int_1411
AGGACCCGTAGGAATG-1	HTO1	CD22_m971
AGGACCGCAAGTAACG-1	HTO1	CD22_m971
AGGACCGCAATCTGAC-1	HTO4	CD22_A11_int_1411
AGGACCGCACACTTAA-1	HTO5	CD22_B1_nonint_2261
AGGACCGCACGTGCTA-1	HTO2	CD22_i61_2
AGGACCGCAGCCAACC-1	HTO2	CD22_i61_2
AGGACGCAGAACAGGT-1	HTO1	CD22_m971
AGGACGCAGCTACTTC-1	HTO2	CD22_i61_2
AGGACGGGTAACATTG-1	HTO2	CD22_i61_2
AGGACGGGTAACTGCG-1	HTO3	CD22_A3_nonint_4434
AGGACGGGTCCAGGTA-1	HTO3	CD22_A3_nonint_4434
AGGACGGGTGTGTGAT-1	HTO5	CD22_B1_nonint_2261
AGGACTACAACCAAGA-1	HTO5	CD22_B1_nonint_2261
AGGACTACAATACGTC-1	HTO1	CD22_m971
AGGACTACAATGGGCG-1	HTO1	CD22_m971
AGGACTACAGGCGGTA-1	HTO2	CD22_i61_2
AGGACTACAGTCCGTA-1	HTO5	CD22_B1_nonint_2261
AGGACTCTCCACTTAC-1	HTO5	CD22_B1_nonint_2261
AGGACTTGTAAGCAAG-1	HTO4	CD22_A11_int_1411
AGGACTTGTAAGTAGG-1	HTO2	CD22_i61_2
AGGACTTGTACAATTG-1	HTO4	CD22_A11_int_1411
AGGACTTGTATGTTAG-1	HTO1	CD22_m971
AGGACTTGTCGAGTGC-1	HTO1	CD22_m971
AGGACTTGTCTGACTC-1	HTO1	CD22_m971
AGGACTTGTCTTATAC-1	HTO4	CD22_A11_int_1411
AGGACTTGTGCCATTC-1	HTO3	CD22_A3_nonint_4434
AGGACTTGTGCTCGTT-1	HTO4	CD22_A11_int_1411
AGGAGCCAGAATCAAG-1	HTO5	CD22_B1_nonint_2261
AGGAGCCAGATTGGTT-1	HTO5	CD22_B1_nonint_2261
AGGAGCCAGCCGCCAA-1	HTO5	CD22_B1_nonint_2261
AGGAGCCAGGGAAGCC-1	HTO5	CD22_B1_nonint_2261
AGGAGCCAGGGACATG-1	HTO1	CD22_m971
AGGAGGACAAACATTT-1	HTO5	CD22_B1_nonint_2261
AGGAGGACAAACCTTA-1	HTO1	CD22_m971
AGGAGGACAATGGACA-1	HTO3	CD22_A3_nonint_4434
AGGAGGACAATGGGAC-1	HTO2	CD22_i61_2
AGGAGGACAGCACACC-1	HTO5	CD22_B1_nonint_2261
AGGAGGTGTAATGGGA-1	HTO1	CD22_m971
AGGAGGTGTCTACAGG-1	HTO2	CD22_i61_2
AGGAGGTGTGTCCCCA-1	HTO1	CD22_m971
AGGAGTAGTATACAGC-1	HTO4	CD22_A11_int_1411
AGGAGTAGTGTGCCTT-1	HTO2	CD22_i61_2
AGGAGTTAGAGGCTGA-1	HTO2	CD22_i61_2
AGGAGTTAGCATCACA-1	HTO1	CD22_m971
AGGAGTTAGCGCCAAT-1	HTO3	CD22_A3_nonint_4434
AGGAGTTAGCTATGGC-1	HTO1	CD22_m971
AGGAGTTAGCTTGTGA-1	HTO1	CD22_m971
AGGAGTTAGGTCTATG-1	HTO4	CD22_A11_int_1411
AGGATAGGTAACTAGC-1	HTO2	CD22_i61_2
AGGATAGGTGGCTAGC-1	HTO5	CD22_B1_nonint_2261
AGGATAGGTGTTATGA-1	HTO5	CD22_B1_nonint_2261
AGGATATCAACGCACC-1	HTO2	CD22_i61_2
AGGATATCAAGGCCGA-1	HTO3	CD22_A3_nonint_4434
AGGATATCACAGTTTA-1	HTO3	CD22_A3_nonint_4434
AGGATATCAGTGTCGC-1	HTO5	CD22_B1_nonint_2261
AGGATCACAATCCGCA-1	HTO5	CD22_B1_nonint_2261
AGGATCACACCCTTAC-1	HTO5	CD22_B1_nonint_2261
AGGATCACACCTACTC-1	HTO2	CD22_i61_2
AGGATCACACTCGACA-1	HTO3	CD22_A3_nonint_4434
AGGATTAAGACCCAAC-1	HTO2	CD22_i61_2
AGGATTAAGCACCCGA-1	HTO2	CD22_i61_2
AGGATTAAGCCCAAGT-1	HTO4	CD22_A11_int_1411
AGGATTAAGGCTCTAA-1	HTO5	CD22_B1_nonint_2261
AGGATTAAGGTATTCG-1	HTO2	CD22_i61_2
AGGATTAAGGTCCCGA-1	HTO2	CD22_i61_2
AGGATTCGTACAGCAT-1	HTO4	CD22_A11_int_1411
AGGATTCGTCCCTAGT-1	HTO2	CD22_i61_2
AGGATTCGTCCGCTAT-1	HTO2	CD22_i61_2
AGGATTCGTCGACTTC-1	HTO5	CD22_B1_nonint_2261
AGGATTCGTCGATTCC-1	HTO2	CD22_i61_2
AGGATTCGTCTAAATG-1	HTO5	CD22_B1_nonint_2261
AGGATTCGTGTACGTG-1	HTO4	CD22_A11_int_1411
AGGCACAAGAACGTAA-1	HTO1	CD22_m971
AGGCACAAGAATACAG-1	HTO3	CD22_A3_nonint_4434
AGGCACAAGACATGGG-1	HTO2	CD22_i61_2
AGGCACAAGCGGTTAC-1	HTO1	CD22_m971
AGGCACAAGGGACACA-1	HTO2	CD22_i61_2
AGGCACAAGGTCCTTT-1	HTO1	CD22_m971
AGGCACGCAAGCATTC-1	HTO2	CD22_i61_2
AGGCACGCACGACCTA-1	HTO5	CD22_B1_nonint_2261
AGGCACGCACTTCTAT-1	HTO5	CD22_B1_nonint_2261
AGGCACGCAGTGGCGA-1	HTO4	CD22_A11_int_1411
AGGCACTTCAGGGACA-1	HTO2	CD22_i61_2
AGGCACTTCCTGTCAT-1	HTO3	CD22_A3_nonint_4434
AGGCACTTCGGGTATC-1	HTO1	CD22_m971
AGGCAGCAGAAACCCC-1	HTO4	CD22_A11_int_1411
AGGCAGCAGAGGGACC-1	HTO5	CD22_B1_nonint_2261
AGGCAGCAGATTACAC-1	HTO4	CD22_A11_int_1411
AGGCAGCAGCGTTGAC-1	HTO5	CD22_B1_nonint_2261
AGGCAGCAGGCTCAGT-1	HTO1	CD22_m971
AGGCAGGGTCCGTTTA-1	HTO2	CD22_i61_2
AGGCAGGGTCTCGATC-1	HTO3	CD22_A3_nonint_4434
AGGCAGGGTCTGTCTA-1	HTO2	CD22_i61_2
AGGCATTGTACAAGCT-1	HTO2	CD22_i61_2
AGGCATTGTACCACCT-1	HTO5	CD22_B1_nonint_2261
AGGCATTGTACTGGGC-1	HTO3	CD22_A3_nonint_4434
AGGCATTGTAGCTTGG-1	HTO3	CD22_A3_nonint_4434
AGGCATTGTGCATGGC-1	HTO2	CD22_i61_2
AGGCATTGTGTCCGGG-1	HTO1	CD22_m971
AGGCCAAAGAGTGTAA-1	HTO3	CD22_A3_nonint_4434
AGGCCAAAGCACCGCA-1	HTO5	CD22_B1_nonint_2261
AGGCCAAAGCACGTCG-1	HTO2	CD22_i61_2
AGGCCAAAGCCGCACA-1	HTO2	CD22_i61_2
AGGCCAAAGCGAAGTG-1	HTO5	CD22_B1_nonint_2261
AGGCCAAAGCTGACGT-1	HTO1	CD22_m971
AGGCCAAAGGGAGAGG-1	HTO1	CD22_m971
AGGCCATTCAAGTTCG-1	HTO1	CD22_m971
AGGCCATTCAATGGTT-1	HTO1	CD22_m971
AGGCCATTCATACCCT-1	HTO4	CD22_A11_int_1411
AGGCCATTCCACTACT-1	HTO4	CD22_A11_int_1411
AGGCCATTCCCACTTG-1	HTO4	CD22_A11_int_1411
AGGCCATTCCGACTAA-1	HTO4	CD22_A11_int_1411
AGGCCATTCCTCCTTC-1	HTO5	CD22_B1_nonint_2261
AGGCCATTCGTTCGGG-1	HTO2	CD22_i61_2
AGGCCCATCAACGTGC-1	HTO2	CD22_i61_2
AGGCCCATCAAGCAAA-1	HTO4	CD22_A11_int_1411
AGGCCCATCACTCCGC-1	HTO4	CD22_A11_int_1411
AGGCCCATCATACAAC-1	HTO3	CD22_A3_nonint_4434
AGGCCCATCATGGGTC-1	HTO2	CD22_i61_2
AGGCCCATCCAAAGCC-1	HTO4	CD22_A11_int_1411
AGGCCCATCCATACCT-1	HTO5	CD22_B1_nonint_2261
AGGCCCATCCTAAACG-1	HTO5	CD22_B1_nonint_2261
AGGCCCATCCTAACTC-1	HTO4	CD22_A11_int_1411
AGGCCCATCCTCGGGA-1	HTO2	CD22_i61_2
AGGCCCATCCTTGTAC-1	HTO2	CD22_i61_2
AGGCCCATCGTATGTG-1	HTO1	CD22_m971
AGGCCCATCGTGTCAA-1	HTO4	CD22_A11_int_1411
AGGCCCATCGTTGACA-1	HTO3	CD22_A3_nonint_4434
AGGCCCGGTACCTGCT-1	HTO2	CD22_i61_2
AGGCCCGGTATCCTGC-1	HTO5	CD22_B1_nonint_2261
AGGCCCGGTCCACGTT-1	HTO2	CD22_i61_2
AGGCCCGGTCGTGTCT-1	HTO1	CD22_m971
AGGCCCGGTCTATGGG-1	HTO1	CD22_m971
AGGCCCGGTGGTATGT-1	HTO5	CD22_B1_nonint_2261
AGGCCGACAAGCGCTC-1	HTO3	CD22_A3_nonint_4434
AGGCCGACAATCGCCA-1	HTO3	CD22_A3_nonint_4434
AGGCCGACACCTTGAG-1	HTO2	CD22_i61_2
AGGCCGACACCTTTCA-1	HTO2	CD22_i61_2
AGGCCGTGTACGTCAG-1	HTO3	CD22_A3_nonint_4434
AGGCCGTGTATCCAGG-1	HTO1	CD22_m971
AGGCCGTGTCTCGTCG-1	HTO4	CD22_A11_int_1411
AGGCCGTGTGCACTCT-1	HTO3	CD22_A3_nonint_4434
AGGCCGTGTGCCTTGT-1	HTO2	CD22_i61_2
AGGCCGTGTGGAACCC-1	HTO4	CD22_A11_int_1411
AGGCCGTGTGGTAGGG-1	HTO2	CD22_i61_2
AGGCGACAGACCCTTT-1	HTO1	CD22_m971
AGGCGACAGCCCTTAT-1	HTO1	CD22_m971
AGGCGACAGCGTTAGC-1	HTO1	CD22_m971
AGGCGCACACCCTTCG-1	HTO1	CD22_m971
AGGCGCACACGATTAC-1	HTO3	CD22_A3_nonint_4434
AGGCGCTGTAGCTGGC-1	HTO2	CD22_i61_2
AGGCGCTGTCAAGGTT-1	HTO4	CD22_A11_int_1411
AGGCGCTGTCTAATCT-1	HTO4	CD22_A11_int_1411
AGGCGCTGTGCCCGAG-1	HTO5	CD22_B1_nonint_2261
AGGCGCTGTGGAGTAA-1	HTO3	CD22_A3_nonint_4434
AGGCGCTGTGGGACCT-1	HTO1	CD22_m971
AGGCGGTAGAAACCGG-1	HTO5	CD22_B1_nonint_2261
AGGCGGTAGAAGGTGT-1	HTO5	CD22_B1_nonint_2261
AGGCGGTAGATTCGTG-1	HTO1	CD22_m971
AGGCGGTAGCGGTTAC-1	HTO1	CD22_m971
AGGCGGTAGGCGTGAA-1	HTO1	CD22_m971
AGGCGTAAGAAGCGTG-1	HTO1	CD22_m971
AGGCGTAAGACAGACG-1	HTO1	CD22_m971
AGGCGTAAGACGCGTT-1	HTO2	CD22_i61_2
AGGCGTAAGAGCCTGT-1	HTO5	CD22_B1_nonint_2261
AGGCGTAAGCCTAGTA-1	HTO1	CD22_m971
AGGCGTAAGCCTGGTG-1	HTO1	CD22_m971
AGGCGTAAGCTATAAC-1	HTO4	CD22_A11_int_1411
AGGCGTAAGCTGTGCG-1	HTO5	CD22_B1_nonint_2261
AGGCGTAAGGTAAGCG-1	HTO4	CD22_A11_int_1411
AGGCGTAAGGTCCATA-1	HTO5	CD22_B1_nonint_2261
AGGCTCAGTACTATGA-1	HTO3	CD22_A3_nonint_4434
AGGCTCAGTATCCCTA-1	HTO3	CD22_A3_nonint_4434
AGGCTCAGTCCCTAGT-1	HTO2	CD22_i61_2
AGGCTCAGTGCCCGTC-1	HTO3	CD22_A3_nonint_4434
AGGCTCCCACCACGTA-1	HTO3	CD22_A3_nonint_4434
AGGCTCCCAGCCTGAC-1	HTO2	CD22_i61_2
AGGCTCCCAGGGTATA-1	HTO4	CD22_A11_int_1411
AGGCTCGTCAACCCAA-1	HTO1	CD22_m971
AGGCTCGTCAAGGGCA-1	HTO2	CD22_i61_2
AGGCTCGTCGCACTAA-1	HTO2	CD22_i61_2
AGGCTGAAGAAAGCTA-1	HTO3	CD22_A3_nonint_4434
AGGCTGAAGACGACGA-1	HTO1	CD22_m971
AGGCTGAAGATGGCGA-1	HTO5	CD22_B1_nonint_2261
AGGCTGAAGCAACATT-1	HTO4	CD22_A11_int_1411
AGGCTGAAGCAAGACG-1	HTO5	CD22_B1_nonint_2261
AGGCTGAAGCGATGAG-1	HTO4	CD22_A11_int_1411
AGGCTGTTCCCCTTAG-1	HTO5	CD22_B1_nonint_2261
AGGCTGTTCGTAGTTG-1	HTO5	CD22_B1_nonint_2261
AGGCTTATCACCTTCG-1	HTO5	CD22_B1_nonint_2261
AGGCTTATCAGCGGTT-1	HTO1	CD22_m971
AGGCTTATCCCGCTTA-1	HTO4	CD22_A11_int_1411
AGGCTTATCGTACGTA-1	HTO1	CD22_m971
AGGCTTATCGTGCGCA-1	HTO2	CD22_i61_2
AGGCTTATCGTGTAAT-1	HTO2	CD22_i61_2
AGGCTTGGTCAAGGCC-1	HTO5	CD22_B1_nonint_2261
AGGGACATCAACAGGG-1	HTO5	CD22_B1_nonint_2261
AGGGACATCCCAAAGC-1	HTO1	CD22_m971
AGGGACATCCGATACA-1	HTO3	CD22_A3_nonint_4434
AGGGACATCCTGTACT-1	HTO2	CD22_i61_2
AGGGACATCGGACCCA-1	HTO5	CD22_B1_nonint_2261
AGGGACCAGAGCGGGT-1	HTO5	CD22_B1_nonint_2261
AGGGACCAGCAAGGGC-1	HTO5	CD22_B1_nonint_2261
AGGGACCAGCTGTGGT-1	HTO4	CD22_A11_int_1411
AGGGACCAGGCTAACC-1	HTO1	CD22_m971
AGGGACCAGGGTACGA-1	HTO4	CD22_A11_int_1411
AGGGACCAGGTAAATG-1	HTO3	CD22_A3_nonint_4434
AGGGACTCAAGTACAG-1	HTO5	CD22_B1_nonint_2261
AGGGACTCAATCGTAC-1	HTO3	CD22_A3_nonint_4434
AGGGACTCACAACGCC-1	HTO4	CD22_A11_int_1411
AGGGACTCACCAGACC-1	HTO3	CD22_A3_nonint_4434
AGGGACTCACGAATCT-1	HTO3	CD22_A3_nonint_4434
AGGGACTCACGCGCAT-1	HTO3	CD22_A3_nonint_4434
AGGGACTCAGTGTGGG-1	HTO5	CD22_B1_nonint_2261
AGGGAGTGTACAGTTA-1	HTO2	CD22_i61_2
AGGGAGTGTGCGATGC-1	HTO5	CD22_B1_nonint_2261
AGGGAGTGTGTAAGGA-1	HTO2	CD22_i61_2
AGGGATTAGAGAAGCT-1	HTO3	CD22_A3_nonint_4434
AGGGATTAGAGTTAAG-1	HTO5	CD22_B1_nonint_2261
AGGGATTAGATGCATT-1	HTO1	CD22_m971
AGGGATTAGATTCAAC-1	HTO2	CD22_i61_2
AGGGATTAGGTGAGTG-1	HTO4	CD22_A11_int_1411
AGGGCAATCATAGCAT-1	HTO4	CD22_A11_int_1411
AGGGCAATCCAAGCGT-1	HTO2	CD22_i61_2
AGGGCAATCCACCTCA-1	HTO1	CD22_m971
AGGGCAATCCGTTCGC-1	HTO2	CD22_i61_2
AGGGCAATCCTTCGCA-1	HTO4	CD22_A11_int_1411
AGGGCAATCGCTGTAA-1	HTO4	CD22_A11_int_1411
AGGGCAATCGGTTAGC-1	HTO4	CD22_A11_int_1411
AGGGCATCAGTATTCA-1	HTO4	CD22_A11_int_1411
AGGGCATCAGTCCGTA-1	HTO5	CD22_B1_nonint_2261
AGGGCATCAGTGTTAC-1	HTO5	CD22_B1_nonint_2261
AGGGCGAGTGGCGAAG-1	HTO3	CD22_A3_nonint_4434
AGGGCGTAGAGCGTAG-1	HTO1	CD22_m971
AGGGCGTAGCACAGGA-1	HTO3	CD22_A3_nonint_4434
AGGGCGTAGCGGGGAT-1	HTO2	CD22_i61_2
AGGGCGTAGCGTAGAG-1	HTO1	CD22_m971
AGGGCGTAGGCTACAC-1	HTO2	CD22_i61_2
AGGGCTTTCAAAGGTA-1	HTO5	CD22_B1_nonint_2261
AGGGCTTTCAGGAATA-1	HTO2	CD22_i61_2
AGGGCTTTCATGGGCT-1	HTO5	CD22_B1_nonint_2261
AGGGCTTTCATTAACA-1	HTO5	CD22_B1_nonint_2261
AGGGCTTTCATTAAGC-1	HTO2	CD22_i61_2
AGGGCTTTCCGTCTAT-1	HTO3	CD22_A3_nonint_4434
AGGGGAACAAGGGTCG-1	HTO2	CD22_i61_2
AGGGGAACACTGGGAG-1	HTO1	CD22_m971
AGGGGATGTAAGTGAG-1	HTO3	CD22_A3_nonint_4434
AGGGGATGTCCTTGCG-1	HTO2	CD22_i61_2
AGGGGATGTGCGCGAT-1	HTO5	CD22_B1_nonint_2261
AGGGGATGTGCGGTTA-1	HTO4	CD22_A11_int_1411
AGGGGATGTGGAATCT-1	HTO4	CD22_A11_int_1411
AGGGGATGTGGCGAAG-1	HTO2	CD22_i61_2
AGGGGCAGTACTTGCC-1	HTO3	CD22_A3_nonint_4434
AGGGGCAGTATCAGCG-1	HTO1	CD22_m971
AGGGGCAGTATCGTGG-1	HTO2	CD22_i61_2
AGGGGCAGTGCGAGGA-1	HTO2	CD22_i61_2
AGGGGCAGTGTCGGGT-1	HTO5	CD22_B1_nonint_2261
AGGGGCTAGAATGCAA-1	HTO1	CD22_m971
AGGGGCTAGAATGCCC-1	HTO4	CD22_A11_int_1411
AGGGGCTAGACCCTAA-1	HTO5	CD22_B1_nonint_2261
AGGGGCTAGACTGCCG-1	HTO5	CD22_B1_nonint_2261
AGGGGCTAGCGAAGTG-1	HTO5	CD22_B1_nonint_2261
AGGGGCTAGCGCCTAG-1	HTO2	CD22_i61_2
AGGGGTATCCACATCT-1	HTO5	CD22_B1_nonint_2261
AGGGGTATCCGTACAA-1	HTO3	CD22_A3_nonint_4434
AGGGGTATCCTAATCC-1	HTO1	CD22_m971
AGGGGTCAGACCTATG-1	HTO3	CD22_A3_nonint_4434
AGGGGTCAGCAGTAGG-1	HTO2	CD22_i61_2
AGGGGTCAGCCAGGTT-1	HTO2	CD22_i61_2
AGGGGTCAGCGAAGCA-1	HTO2	CD22_i61_2
AGGGGTCAGCGCATTA-1	HTO3	CD22_A3_nonint_4434
AGGGGTCAGGCGGGAT-1	HTO1	CD22_m971
AGGGGTCAGGTAGACG-1	HTO5	CD22_B1_nonint_2261
AGGGTAAGTAACGCTG-1	HTO5	CD22_B1_nonint_2261
AGGGTAAGTGGCGCAT-1	HTO2	CD22_i61_2
AGGGTATAGACCCAAC-1	HTO3	CD22_A3_nonint_4434
AGGGTATAGAGTAAGC-1	HTO5	CD22_B1_nonint_2261
AGGGTATAGCACAAGG-1	HTO2	CD22_i61_2
AGGGTATAGCAGGCTT-1	HTO5	CD22_B1_nonint_2261
AGGGTCGCACAAATCC-1	HTO5	CD22_B1_nonint_2261
AGGGTCGCACACGTCA-1	HTO2	CD22_i61_2
AGGGTGCAGAAGGGTT-1	HTO4	CD22_A11_int_1411
AGGGTGCAGACGAACG-1	HTO5	CD22_B1_nonint_2261
AGGGTGCAGATTACCG-1	HTO3	CD22_A3_nonint_4434
AGGGTGCAGATTCGTG-1	HTO1	CD22_m971
AGGGTGCAGCCGTAAC-1	HTO4	CD22_A11_int_1411
AGGGTGCAGCGTCTCC-1	HTO5	CD22_B1_nonint_2261
AGGGTGCAGGCTCTAA-1	HTO1	CD22_m971
AGGGTGCAGGGCTGAA-1	HTO1	CD22_m971
AGGGTGCAGGTCCAGT-1	HTO5	CD22_B1_nonint_2261
AGGGTTACAAAACCTC-1	HTO3	CD22_A3_nonint_4434
AGGGTTACAATCAAGG-1	HTO1	CD22_m971
AGGGTTACACCATCGA-1	HTO4	CD22_A11_int_1411
AGGGTTACACCTAAAC-1	HTO2	CD22_i61_2
AGGGTTACAGGAAGGA-1	HTO5	CD22_B1_nonint_2261
AGGGTTCTCATAATTG-1	HTO5	CD22_B1_nonint_2261
AGGGTTCTCCTGTCAT-1	HTO5	CD22_B1_nonint_2261
AGGGTTCTCGTACAAT-1	HTO1	CD22_m971
AGGGTTCTCGTATAAC-1	HTO1	CD22_m971
AGGGTTCTCGTGACGT-1	HTO2	CD22_i61_2
AGGTAAATCACCCTGC-1	HTO5	CD22_B1_nonint_2261
AGGTAAATCCCTTTGG-1	HTO1	CD22_m971
AGGTAACAGACATGCC-1	HTO5	CD22_B1_nonint_2261
AGGTAACAGAGTGCGA-1	HTO4	CD22_A11_int_1411
AGGTAACAGCAATTGT-1	HTO4	CD22_A11_int_1411
AGGTAACAGCGGCCTA-1	HTO5	CD22_B1_nonint_2261
AGGTAACAGCGGTTTA-1	HTO3	CD22_A3_nonint_4434
AGGTAACAGGCGGTAA-1	HTO3	CD22_A3_nonint_4434
AGGTAAGGTAACATGC-1	HTO2	CD22_i61_2
AGGTAAGGTACAGCAT-1	HTO5	CD22_B1_nonint_2261
AGGTAAGGTACCACAG-1	HTO3	CD22_A3_nonint_4434
AGGTAAGGTATCCCCG-1	HTO3	CD22_A3_nonint_4434
AGGTAAGGTGGCGTTA-1	HTO4	CD22_A11_int_1411
AGGTAATCAACAATCC-1	HTO5	CD22_B1_nonint_2261
AGGTAATCAACGGCAG-1	HTO2	CD22_i61_2
AGGTAATCACACTCGA-1	HTO2	CD22_i61_2
AGGTAATCACCTAGGC-1	HTO3	CD22_A3_nonint_4434
AGGTAATCACGTAGAA-1	HTO3	CD22_A3_nonint_4434
AGGTAATCACTTCGAG-1	HTO1	CD22_m971
AGGTACGAGCAATACT-1	HTO2	CD22_i61_2
AGGTATAAGAAACCCC-1	HTO5	CD22_B1_nonint_2261
AGGTATAAGACCCTAA-1	HTO2	CD22_i61_2
AGGTATAAGCACGTAC-1	HTO5	CD22_B1_nonint_2261
AGGTATAAGCGCTGAT-1	HTO2	CD22_i61_2
AGGTATCGTACATAGC-1	HTO2	CD22_i61_2
AGGTATCGTAGCGTGC-1	HTO3	CD22_A3_nonint_4434
AGGTATCGTCACGTAG-1	HTO4	CD22_A11_int_1411
AGGTATCGTCGGGCAT-1	HTO4	CD22_A11_int_1411
AGGTATCGTCTATAAG-1	HTO5	CD22_B1_nonint_2261
AGGTATCGTGCTAGGC-1	HTO5	CD22_B1_nonint_2261
AGGTGATAGACACCCG-1	HTO3	CD22_A3_nonint_4434
AGGTGATAGACCCATA-1	HTO4	CD22_A11_int_1411
AGGTGATAGCAAACGG-1	HTO2	CD22_i61_2
AGGTGATAGCCTCATT-1	HTO4	CD22_A11_int_1411
AGGTGATAGCTGTATG-1	HTO1	CD22_m971
AGGTGATAGGTACGTC-1	HTO1	CD22_m971
AGGTTAGCAAAACGCA-1	HTO2	CD22_i61_2
AGGTTAGCACACATAC-1	HTO2	CD22_i61_2
AGGTTAGCAGTTCACG-1	HTO1	CD22_m971
AGGTTCATCCAGCGCA-1	HTO4	CD22_A11_int_1411
AGGTTCATCCCAAAGC-1	HTO5	CD22_B1_nonint_2261
AGGTTCATCGGCTATA-1	HTO5	CD22_B1_nonint_2261
AGGTTCATCGTATCGA-1	HTO2	CD22_i61_2
AGGTTCATCGTGTCAA-1	HTO3	CD22_A3_nonint_4434
AGGTTCGGTAACGCAT-1	HTO3	CD22_A3_nonint_4434
AGGTTCTCACCCATTC-1	HTO4	CD22_A11_int_1411
AGGTTCTCACGCGTAC-1	HTO3	CD22_A3_nonint_4434
AGGTTCTCAGCAGGAT-1	HTO1	CD22_m971
AGGTTCTCAGTACTCG-1	HTO5	CD22_B1_nonint_2261
AGGTTCTCAGTTGGAA-1	HTO3	CD22_A3_nonint_4434
AGGTTGGAGACAGCAG-1	HTO5	CD22_B1_nonint_2261
AGGTTGGAGACCTTAG-1	HTO4	CD22_A11_int_1411
AGGTTGGAGCCTAGCG-1	HTO5	CD22_B1_nonint_2261
AGGTTGGAGCTAGCGT-1	HTO3	CD22_A3_nonint_4434
AGGTTGGAGGCGGAGT-1	HTO1	CD22_m971
AGGTTGGAGGTCCTAA-1	HTO4	CD22_A11_int_1411
AGGTTGTGTCATACCC-1	HTO3	CD22_A3_nonint_4434
AGGTTGTGTCCGAAAT-1	HTO4	CD22_A11_int_1411
AGGTTGTGTGGGTTCA-1	HTO2	CD22_i61_2
AGGTTTAGTACGCTTC-1	HTO3	CD22_A3_nonint_4434
AGGTTTAGTATGGCGC-1	HTO2	CD22_i61_2
AGGTTTAGTCCTAGAG-1	HTO2	CD22_i61_2
AGGTTTAGTCCTTATG-1	HTO5	CD22_B1_nonint_2261
AGGTTTAGTCGACAGC-1	HTO3	CD22_A3_nonint_4434
AGGTTTAGTGGCGCTG-1	HTO2	CD22_i61_2
AGGTTTAGTGTGAAAG-1	HTO1	CD22_m971
AGGTTTAGTGTTAGCG-1	HTO1	CD22_m971
AGGTTTCCAAAAGCAT-1	HTO5	CD22_B1_nonint_2261
AGGTTTCCAACACGAA-1	HTO5	CD22_B1_nonint_2261
AGGTTTCCACAAGGGT-1	HTO4	CD22_A11_int_1411
AGGTTTCCAGCGCTTA-1	HTO5	CD22_B1_nonint_2261
AGTAAACCAAGTCCGC-1	HTO2	CD22_i61_2
AGTAAACCACCACCAA-1	HTO3	CD22_A3_nonint_4434
AGTAAACCACCGCTAA-1	HTO5	CD22_B1_nonint_2261
AGTAAACCAGTCCGTA-1	HTO2	CD22_i61_2
AGTAAAGTCATGATGT-1	HTO1	CD22_m971
AGTAACGCACCCTAAG-1	HTO3	CD22_A3_nonint_4434
AGTAACGCACTGCTTC-1	HTO4	CD22_A11_int_1411
AGTAAGCAGAACAGAC-1	HTO2	CD22_i61_2
AGTAAGCAGCACGAAG-1	HTO5	CD22_B1_nonint_2261
AGTAAGCAGCGGTTTA-1	HTO2	CD22_i61_2
AGTAATCTCAGCATCA-1	HTO1	CD22_m971
AGTAATCTCAGCCCCT-1	HTO5	CD22_B1_nonint_2261
AGTAATCTCATAACGT-1	HTO3	CD22_A3_nonint_4434
AGTAATCTCATGCCTT-1	HTO5	CD22_B1_nonint_2261
AGTAATCTCCCACTTG-1	HTO5	CD22_B1_nonint_2261
AGTAATCTCGCGAAAG-1	HTO1	CD22_m971
AGTAATCTCGTCCTGC-1	HTO5	CD22_B1_nonint_2261
AGTAATGAGAGAAGGA-1	HTO4	CD22_A11_int_1411
AGTAATGAGCACTGCG-1	HTO1	CD22_m971
AGTAATGAGCATTACG-1	HTO3	CD22_A3_nonint_4434
AGTAATGAGGGACACA-1	HTO3	CD22_A3_nonint_4434
AGTAATGAGGTCCCGA-1	HTO1	CD22_m971
AGTAATGAGGTGTTAT-1	HTO1	CD22_m971
AGTAATGAGGTTGTGC-1	HTO1	CD22_m971
AGTACAGCAACTGTCG-1	HTO5	CD22_B1_nonint_2261
AGTACAGCACAATACC-1	HTO3	CD22_A3_nonint_4434
AGTACAGCACACTAAC-1	HTO5	CD22_B1_nonint_2261
AGTACAGCACAGTGGG-1	HTO5	CD22_B1_nonint_2261
AGTACAGCACCGTAAT-1	HTO3	CD22_A3_nonint_4434
AGTACAGCAGGACTTT-1	HTO4	CD22_A11_int_1411
AGTACATTCCAAATTA-1	HTO4	CD22_A11_int_1411
AGTACATTCCAGGTTA-1	HTO5	CD22_B1_nonint_2261
AGTACATTCGGCCTCT-1	HTO3	CD22_A3_nonint_4434
AGTACGACAACTCGGC-1	HTO3	CD22_A3_nonint_4434
AGTACGACAAGGTTCT-1	HTO4	CD22_A11_int_1411
AGTACGACACTCGTTC-1	HTO4	CD22_A11_int_1411
AGTACGCTCAACAGCC-1	HTO4	CD22_A11_int_1411
AGTACGCTCACAATAC-1	HTO2	CD22_i61_2
AGTACGCTCCCAAGTA-1	HTO4	CD22_A11_int_1411
AGTACGCTCCCATCCA-1	HTO4	CD22_A11_int_1411
AGTACGCTCCGTGTCC-1	HTO3	CD22_A3_nonint_4434
AGTACGGAGAGGTATA-1	HTO2	CD22_i61_2
AGTACGGAGATATACC-1	HTO3	CD22_A3_nonint_4434
AGTACGGAGCCTGGCA-1	HTO4	CD22_A11_int_1411
AGTACGTGTATGGTCG-1	HTO5	CD22_B1_nonint_2261
AGTACGTGTCTCGAAG-1	HTO2	CD22_i61_2
AGTACGTGTGCTACCT-1	HTO1	CD22_m971
AGTACGTGTGGATAAG-1	HTO4	CD22_A11_int_1411
AGTACGTGTGTCGGCG-1	HTO2	CD22_i61_2
AGTACTCCAACGTCGC-1	HTO4	CD22_A11_int_1411
AGTACTCCACCACACA-1	HTO1	CD22_m971
AGTACTGTCAACTCCT-1	HTO5	CD22_B1_nonint_2261
AGTACTGTCCAGCAAC-1	HTO2	CD22_i61_2
AGTACTGTCCCTTCAG-1	HTO5	CD22_B1_nonint_2261
AGTACTGTCCTGGTCC-1	HTO5	CD22_B1_nonint_2261
AGTACTGTCGCGCAAT-1	HTO2	CD22_i61_2
AGTACTGTCGCTTTCG-1	HTO5	CD22_B1_nonint_2261
AGTATAACAACAGCCC-1	HTO2	CD22_i61_2
AGTATAACAAGCTTTA-1	HTO2	CD22_i61_2
AGTATAACAGGAATCA-1	HTO4	CD22_A11_int_1411
AGTATAGAGAACGACG-1	HTO1	CD22_m971
AGTATAGAGAATGGCG-1	HTO5	CD22_B1_nonint_2261
AGTATAGAGAGTACGG-1	HTO2	CD22_i61_2
AGTATAGAGATCGTTG-1	HTO5	CD22_B1_nonint_2261
AGTATAGAGCGATGAG-1	HTO5	CD22_B1_nonint_2261
AGTATAGAGCGTCATA-1	HTO5	CD22_B1_nonint_2261
AGTATAGAGGCTACCG-1	HTO3	CD22_A3_nonint_4434
AGTATCCCAAAAGGCC-1	HTO1	CD22_m971
AGTATCCCAAACGGTA-1	HTO1	CD22_m971
AGTATCCCAAGGGACT-1	HTO3	CD22_A3_nonint_4434
AGTATCCCACAGGACG-1	HTO5	CD22_B1_nonint_2261
AGTATCCCACCACCAA-1	HTO2	CD22_i61_2
AGTATCCCAGCGCGAA-1	HTO3	CD22_A3_nonint_4434
AGTATCCCAGTATTAT-1	HTO3	CD22_A3_nonint_4434
AGTATCGTCAAGTCCA-1	HTO4	CD22_A11_int_1411
AGTATCGTCCCGGCTT-1	HTO4	CD22_A11_int_1411
AGTATCGTCCGGCAAT-1	HTO1	CD22_m971
AGTATGCGTACTATTC-1	HTO2	CD22_i61_2
AGTATGCGTGCAATCG-1	HTO2	CD22_i61_2
AGTATGCGTGTAACGT-1	HTO3	CD22_A3_nonint_4434
AGTATGTTCCTCTGCA-1	HTO3	CD22_A3_nonint_4434
AGTATGTTCGCCATGG-1	HTO2	CD22_i61_2
AGTATTATCAATATTG-1	HTO4	CD22_A11_int_1411
AGTATTATCATCACTC-1	HTO3	CD22_A3_nonint_4434
AGTATTATCATGCCTT-1	HTO5	CD22_B1_nonint_2261
AGTATTATCGCTCTAT-1	HTO1	CD22_m971
AGTATTCAGAGTAATG-1	HTO4	CD22_A11_int_1411
AGTATTCAGCAAGGGC-1	HTO3	CD22_A3_nonint_4434
AGTATTCAGCCATTGA-1	HTO3	CD22_A3_nonint_4434
AGTATTCAGGCCATGT-1	HTO4	CD22_A11_int_1411
AGTATTGGTAACAGAG-1	HTO2	CD22_i61_2
AGTATTGGTAATTGTG-1	HTO4	CD22_A11_int_1411
AGTATTGGTGGCGTGT-1	HTO1	CD22_m971
AGTCAGCTCAATGTTA-1	HTO5	CD22_B1_nonint_2261
AGTCAGCTCACTCGCC-1	HTO2	CD22_i61_2
AGTCAGCTCCCTGTCA-1	HTO5	CD22_B1_nonint_2261
AGTCAGCTCGCTTCTG-1	HTO5	CD22_B1_nonint_2261
AGTCAGCTCGGCTGCA-1	HTO5	CD22_B1_nonint_2261
AGTCAGCTCGGCTTCC-1	HTO5	CD22_B1_nonint_2261
AGTCAGGAGATCCACA-1	HTO1	CD22_m971
AGTCAGGAGATTGAGA-1	HTO1	CD22_m971
AGTCAGGAGCAACGAG-1	HTO2	CD22_i61_2
AGTCAGGAGCCAAGCT-1	HTO1	CD22_m971
AGTCAGGAGCCTATGA-1	HTO4	CD22_A11_int_1411
AGTCAGTGTAGTCGAT-1	HTO3	CD22_A3_nonint_4434
AGTCAGTGTCGAGTGC-1	HTO1	CD22_m971
AGTCAGTGTCTAACTT-1	HTO2	CD22_i61_2
AGTCAGTGTGTCGTCT-1	HTO5	CD22_B1_nonint_2261
AGTCATCCAACCCATG-1	HTO1	CD22_m971
AGTCATCCAACTCTCC-1	HTO4	CD22_A11_int_1411
AGTCATCCAACTTAAT-1	HTO4	CD22_A11_int_1411
AGTCATCCACACTAAC-1	HTO1	CD22_m971
AGTCATCCACATCGGC-1	HTO1	CD22_m971
AGTCATCCACTGGCAC-1	HTO1	CD22_m971
AGTCATCCAGTTGATC-1	HTO4	CD22_A11_int_1411
AGTCCACAGATAGGCG-1	HTO3	CD22_A3_nonint_4434
AGTCCACAGCTAGGAG-1	HTO2	CD22_i61_2
AGTCCACAGGCTCGAT-1	HTO4	CD22_A11_int_1411
AGTCCACAGGGGTAAT-1	HTO2	CD22_i61_2
AGTCCAGGTACTGGGC-1	HTO1	CD22_m971
AGTCCAGGTCCGTCCA-1	HTO2	CD22_i61_2
AGTCCAGGTCGACTTC-1	HTO5	CD22_B1_nonint_2261
AGTCCAGGTCTAAGTA-1	HTO5	CD22_B1_nonint_2261
AGTCCAGGTGTTACGG-1	HTO1	CD22_m971
AGTCCATCAAGACAAT-1	HTO3	CD22_A3_nonint_4434
AGTCCATCAAGCTTCG-1	HTO2	CD22_i61_2
AGTCCATCACCCAAAT-1	HTO1	CD22_m971
AGTCCATCAGGATGAC-1	HTO1	CD22_m971
AGTCCATCAGTAAACG-1	HTO5	CD22_B1_nonint_2261
AGTCCATCAGTCAACT-1	HTO3	CD22_A3_nonint_4434
AGTCCCGAGAATTGAG-1	HTO3	CD22_A3_nonint_4434
AGTCCCGAGACCCGCA-1	HTO2	CD22_i61_2
AGTCCCGAGCCATTGA-1	HTO3	CD22_A3_nonint_4434
AGTCCCGAGCTGTTGA-1	HTO3	CD22_A3_nonint_4434
AGTCCCGAGGTATGGG-1	HTO5	CD22_B1_nonint_2261
AGTCCCGAGGTATTGT-1	HTO2	CD22_i61_2
AGTCCGAGTAGAGTAG-1	HTO3	CD22_A3_nonint_4434
AGTCCGAGTGGCAAGG-1	HTO3	CD22_A3_nonint_4434
AGTCCGAGTGGTGTCA-1	HTO5	CD22_B1_nonint_2261
AGTCCGCCAAAACCGA-1	HTO2	CD22_i61_2
AGTCCGCCAACTCGGC-1	HTO1	CD22_m971
AGTCCGCCAATCGAAG-1	HTO2	CD22_i61_2
AGTCCGCCACAAGTAG-1	HTO1	CD22_m971
AGTCCGCCACATGCGC-1	HTO3	CD22_A3_nonint_4434
AGTCCGCCACGATTAC-1	HTO3	CD22_A3_nonint_4434
AGTCCGCCACTCGTTC-1	HTO5	CD22_B1_nonint_2261
AGTCCGCCACTCTAGG-1	HTO5	CD22_B1_nonint_2261
AGTCCGGTCACGAACC-1	HTO3	CD22_A3_nonint_4434
AGTCCGGTCCCGTAAA-1	HTO5	CD22_B1_nonint_2261
AGTCCTTTCACCCTGC-1	HTO1	CD22_m971
AGTCCTTTCCAACCTT-1	HTO1	CD22_m971
AGTCCTTTCCGATGTA-1	HTO3	CD22_A3_nonint_4434
AGTCCTTTCCTTAACC-1	HTO5	CD22_B1_nonint_2261
AGTCGAACAAAGTCTC-1	HTO2	CD22_i61_2
AGTCGAACACACGCAC-1	HTO4	CD22_A11_int_1411
AGTCGATGTCGACTTC-1	HTO2	CD22_i61_2
AGTCGATGTCTCGCAT-1	HTO1	CD22_m971
AGTCGATGTGCCTCGC-1	HTO4	CD22_A11_int_1411
AGTCGATGTGGAATTC-1	HTO2	CD22_i61_2
AGTCGATGTGTCTATT-1	HTO4	CD22_A11_int_1411
AGTCGCAGTAGACGGG-1	HTO1	CD22_m971
AGTCGCAGTATCGCTC-1	HTO2	CD22_i61_2
AGTCGCAGTATCGGGC-1	HTO1	CD22_m971
AGTCGCAGTCGCATAG-1	HTO1	CD22_m971
AGTCGCAGTCGCTTTA-1	HTO1	CD22_m971
AGTCGCAGTGGTTTAA-1	HTO5	CD22_B1_nonint_2261
AGTCGCAGTGTAAGCT-1	HTO1	CD22_m971
AGTCGCCCAACGGGAT-1	HTO3	CD22_A3_nonint_4434
AGTCGCCCAAGAGAGG-1	HTO4	CD22_A11_int_1411
AGTCGCCCACGGTCGT-1	HTO4	CD22_A11_int_1411
AGTCGCCCAGTGCACC-1	HTO2	CD22_i61_2
AGTCGCGTCAATCCTC-1	HTO4	CD22_A11_int_1411
AGTCGCGTCATATGTA-1	HTO5	CD22_B1_nonint_2261
AGTCGCGTCCAAGACC-1	HTO5	CD22_B1_nonint_2261
AGTCGCGTCCGGTAAC-1	HTO2	CD22_i61_2
AGTCGCGTCGGCTGCA-1	HTO5	CD22_B1_nonint_2261
AGTCGGGCAAGCATTC-1	HTO3	CD22_A3_nonint_4434
AGTCGGGCAATGCCCA-1	HTO1	CD22_m971
AGTCGGGCACAACTCG-1	HTO2	CD22_i61_2
AGTCGGGCACGCACTA-1	HTO1	CD22_m971
AGTCGGGCAGGTAACA-1	HTO3	CD22_A3_nonint_4434
AGTCGTCAGAGCTTTG-1	HTO4	CD22_A11_int_1411
AGTCGTCAGCAGCGAA-1	HTO1	CD22_m971
AGTCGTCAGGGAATAC-1	HTO1	CD22_m971
AGTCGTCAGGTAAGAC-1	HTO1	CD22_m971
AGTCTCCGTACCTGTC-1	HTO5	CD22_B1_nonint_2261
AGTCTCCGTCTTAGTT-1	HTO2	CD22_i61_2
AGTCTCGCAACGTGCC-1	HTO5	CD22_B1_nonint_2261
AGTCTCGCACCTGACA-1	HTO1	CD22_m971
AGTCTCGCAGCATGGG-1	HTO2	CD22_i61_2
AGTCTCGCAGGATTAG-1	HTO2	CD22_i61_2
AGTCTCGCAGTCCACA-1	HTO1	CD22_m971
AGTCTGGGTAAGGGTA-1	HTO5	CD22_B1_nonint_2261
AGTCTGGGTAAGTCCG-1	HTO1	CD22_m971
AGTCTGGGTCACGCTT-1	HTO5	CD22_B1_nonint_2261
AGTCTGGGTCAGGTAT-1	HTO5	CD22_B1_nonint_2261
AGTCTGGGTCTAAGTA-1	HTO1	CD22_m971
AGTCTTACAACGGACG-1	HTO5	CD22_B1_nonint_2261
AGTCTTACAACTTACA-1	HTO2	CD22_i61_2
AGTCTTACACACCGTA-1	HTO1	CD22_m971
AGTCTTACACGATGGG-1	HTO2	CD22_i61_2
AGTCTTACACTCGAGC-1	HTO1	CD22_m971
AGTCTTACAGCTACGC-1	HTO3	CD22_A3_nonint_4434
AGTCTTACAGTAGGCG-1	HTO3	CD22_A3_nonint_4434
AGTCTTACAGTCATCG-1	HTO2	CD22_i61_2
AGTCTTGAGAGGGGCT-1	HTO1	CD22_m971
AGTCTTGAGCCACGAT-1	HTO1	CD22_m971
AGTGAAATCACCCTAT-1	HTO1	CD22_m971
AGTGAAATCAGGACTC-1	HTO4	CD22_A11_int_1411
AGTGAAATCCCATCAT-1	HTO2	CD22_i61_2
AGTGAAATCCCGTAAA-1	HTO2	CD22_i61_2
AGTGAGAGTATTGGGT-1	HTO2	CD22_i61_2
AGTGAGAGTCTAGTAA-1	HTO2	CD22_i61_2
AGTGAGAGTGGATCGC-1	HTO2	CD22_i61_2
AGTGATAAGAATTGAG-1	HTO1	CD22_m971
AGTGATAAGATATACC-1	HTO1	CD22_m971
AGTGATAAGATCTGCA-1	HTO3	CD22_A3_nonint_4434
AGTGATAAGGGGGTTA-1	HTO3	CD22_A3_nonint_4434
AGTGATCGTATCGCAG-1	HTO1	CD22_m971
AGTGATCGTGGATTTA-1	HTO5	CD22_B1_nonint_2261
AGTGATCGTGGTTAGT-1	HTO2	CD22_i61_2
AGTGATCGTGTCCATC-1	HTO1	CD22_m971
AGTGATTTCACTACCT-1	HTO2	CD22_i61_2
AGTGATTTCCCGCCAT-1	HTO2	CD22_i61_2
AGTGCAACAAGGATAT-1	HTO4	CD22_A11_int_1411
AGTGCAACAATACGTC-1	HTO5	CD22_B1_nonint_2261
AGTGCAACACCACTAG-1	HTO1	CD22_m971
AGTGCAACACGCTGAC-1	HTO2	CD22_i61_2
AGTGCAACAGCATCGC-1	HTO2	CD22_i61_2
AGTGCAACAGCCACTA-1	HTO2	CD22_i61_2
AGTGCAACAGTCTGCA-1	HTO2	CD22_i61_2
AGTGCAGAGATATGAG-1	HTO1	CD22_m971
AGTGCAGAGATTAACC-1	HTO2	CD22_i61_2
AGTGCAGAGCGGCATT-1	HTO3	CD22_A3_nonint_4434
AGTGCAGAGCTTGGGT-1	HTO2	CD22_i61_2
AGTGCCCCAAAAGTTA-1	HTO1	CD22_m971
AGTGCCCCACTCACCT-1	HTO4	CD22_A11_int_1411
AGTGCCCCAGCAGGCA-1	HTO5	CD22_B1_nonint_2261
AGTGCGAAGAACGAAC-1	HTO2	CD22_i61_2
AGTGCGAAGACTATCG-1	HTO3	CD22_A3_nonint_4434
AGTGCGAAGAGTATTC-1	HTO2	CD22_i61_2
AGTGCGAAGCCAACCG-1	HTO2	CD22_i61_2
AGTGCGAAGCCCATGG-1	HTO3	CD22_A3_nonint_4434
AGTGCGAAGCTAATCG-1	HTO4	CD22_A11_int_1411
AGTGCGCGTATCTCAT-1	HTO1	CD22_m971
AGTGCGCGTGGTGCCG-1	HTO1	CD22_m971
AGTGCTATCAATGTTA-1	HTO3	CD22_A3_nonint_4434
AGTGCTATCACAGCTA-1	HTO4	CD22_A11_int_1411
AGTGCTATCCTACTAC-1	HTO5	CD22_B1_nonint_2261
AGTGGCAAGCCGTTGG-1	HTO1	CD22_m971
AGTGGCAAGCGGATTC-1	HTO5	CD22_B1_nonint_2261
AGTGGCAAGGCTGGTT-1	HTO4	CD22_A11_int_1411
AGTGGCGCAAAAGCAT-1	HTO4	CD22_A11_int_1411
AGTGGCGCAACGAGAC-1	HTO5	CD22_B1_nonint_2261
AGTGGCGCACCTTCTA-1	HTO4	CD22_A11_int_1411
AGTGGCGCACTCATAA-1	HTO1	CD22_m971
AGTGGCGCAGTATAGG-1	HTO1	CD22_m971
AGTGGCGCAGTCTTCC-1	HTO1	CD22_m971
AGTGGCTTCATGTCGA-1	HTO2	CD22_i61_2
AGTGGCTTCCACAAGC-1	HTO3	CD22_A3_nonint_4434
AGTGGCTTCCATCGGG-1	HTO5	CD22_B1_nonint_2261
AGTGGCTTCCGTTACT-1	HTO2	CD22_i61_2
AGTGGCTTCGCTACTT-1	HTO3	CD22_A3_nonint_4434
AGTGGCTTCGTTGCTT-1	HTO2	CD22_i61_2
AGTGGGCAGCAAGATA-1	HTO2	CD22_i61_2
AGTGGGCAGCCAGCAT-1	HTO5	CD22_B1_nonint_2261
AGTGGGCAGCTACACA-1	HTO2	CD22_i61_2
AGTGGGCAGCTCGATA-1	HTO5	CD22_B1_nonint_2261
AGTGGGTCAACAGCGG-1	HTO2	CD22_i61_2
AGTGGGTCACCCATAG-1	HTO2	CD22_i61_2
AGTGGGTCACCTAACG-1	HTO1	CD22_m971
AGTGGGTCACTTAGCG-1	HTO2	CD22_i61_2
AGTGGGTCAGTGATTC-1	HTO2	CD22_i61_2
AGTGGGTCAGTTCTCC-1	HTO5	CD22_B1_nonint_2261
AGTGGTCTCACCTCCA-1	HTO3	CD22_A3_nonint_4434
AGTGGTCTCAGCCGCA-1	HTO2	CD22_i61_2
AGTGGTCTCCCATTCG-1	HTO1	CD22_m971
AGTGGTCTCGCGAGTT-1	HTO4	CD22_A11_int_1411
AGTGGTCTCGGTCATA-1	HTO2	CD22_i61_2
AGTGTAAAGAGCCCAT-1	HTO3	CD22_A3_nonint_4434
AGTGTAAAGAGGAGCC-1	HTO3	CD22_A3_nonint_4434
AGTGTAAAGCGTTAAT-1	HTO2	CD22_i61_2
AGTGTAAAGCTGCACG-1	HTO5	CD22_B1_nonint_2261
AGTGTAAAGGGGGTAC-1	HTO3	CD22_A3_nonint_4434
AGTGTACGTAAAGCCT-1	HTO2	CD22_i61_2
AGTGTACGTATCCGGA-1	HTO4	CD22_A11_int_1411
AGTGTACGTATGCGCA-1	HTO1	CD22_m971
AGTGTACGTCACTTAT-1	HTO1	CD22_m971
AGTGTACGTCCTTCGG-1	HTO2	CD22_i61_2
AGTGTACGTCCTTTAG-1	HTO2	CD22_i61_2
AGTGTACGTGGGAGTG-1	HTO5	CD22_B1_nonint_2261
AGTGTACGTGTGGATT-1	HTO5	CD22_B1_nonint_2261
AGTGTCGGTAACTTTC-1	HTO1	CD22_m971
AGTGTCGGTCAGGCGT-1	HTO4	CD22_A11_int_1411
AGTGTCGGTCCTTATG-1	HTO5	CD22_B1_nonint_2261
AGTGTCGGTCGGAATT-1	HTO4	CD22_A11_int_1411
AGTGTCGGTGGCTCCC-1	HTO5	CD22_B1_nonint_2261
AGTGTCTCAACTGCAT-1	HTO2	CD22_i61_2
AGTGTCTCAACTGGGG-1	HTO4	CD22_A11_int_1411
AGTGTCTCACACTCAG-1	HTO1	CD22_m971
AGTGTCTCAGGAACTA-1	HTO5	CD22_B1_nonint_2261
AGTGTCTCAGGTAAAT-1	HTO1	CD22_m971
AGTGTCTCAGTAGTAG-1	HTO4	CD22_A11_int_1411
AGTGTGTGTATTGCGG-1	HTO2	CD22_i61_2
AGTGTGTGTCTCTAGC-1	HTO3	CD22_A3_nonint_4434
AGTGTGTGTGCATTGG-1	HTO2	CD22_i61_2
AGTGTGTGTGTGGATT-1	HTO5	CD22_B1_nonint_2261
AGTGTTAGTCCTAGTC-1	HTO2	CD22_i61_2
AGTGTTAGTCTAATCT-1	HTO2	CD22_i61_2
AGTGTTAGTGGCGAAG-1	HTO3	CD22_A3_nonint_4434
AGTGTTCCAACGTCCA-1	HTO2	CD22_i61_2
AGTGTTCCACCGTAAT-1	HTO2	CD22_i61_2
AGTGTTCCACTTAACA-1	HTO3	CD22_A3_nonint_4434
AGTGTTCCAGGGAGAA-1	HTO1	CD22_m971
AGTGTTCCAGTGTGGG-1	HTO3	CD22_A3_nonint_4434
AGTTAAGAGAGCGATG-1	HTO1	CD22_m971
AGTTAAGAGGGAAGCC-1	HTO5	CD22_B1_nonint_2261
AGTTACCCAAGAGATT-1	HTO5	CD22_B1_nonint_2261
AGTTACCCAAGTCTTA-1	HTO5	CD22_B1_nonint_2261
AGTTACCCACCCTTTA-1	HTO2	CD22_i61_2
AGTTACCCACTGCAAT-1	HTO2	CD22_i61_2
AGTTACCCACTGGAGG-1	HTO1	CD22_m971
AGTTAGAAGATGTAGA-1	HTO5	CD22_B1_nonint_2261
AGTTAGAAGCAAGAGT-1	HTO2	CD22_i61_2
AGTTAGAAGCTATAAC-1	HTO2	CD22_i61_2
AGTTAGAAGCTCGGCA-1	HTO4	CD22_A11_int_1411
AGTTAGCGTACAACGT-1	HTO2	CD22_i61_2
AGTTAGCGTCACCCGC-1	HTO2	CD22_i61_2
AGTTAGCGTCATCAGG-1	HTO5	CD22_B1_nonint_2261
AGTTAGCGTCCGATAG-1	HTO5	CD22_B1_nonint_2261
AGTTAGCGTCCTGATC-1	HTO1	CD22_m971
AGTTAGCGTGGAGCGA-1	HTO2	CD22_i61_2
AGTTAGGCACAGTTTA-1	HTO5	CD22_B1_nonint_2261
AGTTAGTTCAATTGTA-1	HTO5	CD22_B1_nonint_2261
AGTTAGTTCACCTCCA-1	HTO5	CD22_B1_nonint_2261
AGTTAGTTCCGGTTAA-1	HTO5	CD22_B1_nonint_2261
AGTTAGTTCGTTCGGG-1	HTO1	CD22_m971
AGTTATATCAGGCCCA-1	HTO2	CD22_i61_2
AGTTATATCCTCTGAT-1	HTO5	CD22_B1_nonint_2261
AGTTATATCCTGCAAA-1	HTO3	CD22_A3_nonint_4434
AGTTATATCGTAGGCT-1	HTO3	CD22_A3_nonint_4434
AGTTATGGTACATAGC-1	HTO2	CD22_i61_2
AGTTATGGTAGCTTCC-1	HTO3	CD22_A3_nonint_4434
AGTTATGGTCACACTC-1	HTO2	CD22_i61_2
AGTTATGGTGCACTCT-1	HTO5	CD22_B1_nonint_2261
AGTTATGGTGCGAAGG-1	HTO4	CD22_A11_int_1411
AGTTATGGTGTTGGGC-1	HTO4	CD22_A11_int_1411
AGTTGAAAGCATCACA-1	HTO2	CD22_i61_2
AGTTGAAAGCGTCTCC-1	HTO2	CD22_i61_2
AGTTGAAAGCTACACA-1	HTO1	CD22_m971
AGTTGAAAGGGCATAG-1	HTO2	CD22_i61_2
AGTTGAGCAACATCCG-1	HTO1	CD22_m971
AGTTGAGCAATGCCGC-1	HTO2	CD22_i61_2
AGTTGAGCACAACGAA-1	HTO5	CD22_B1_nonint_2261
AGTTGAGCACAGTCCA-1	HTO5	CD22_B1_nonint_2261
AGTTGAGCAGCGGTAG-1	HTO1	CD22_m971
AGTTGCATCCATGCCC-1	HTO4	CD22_A11_int_1411
AGTTGCATCGCGCGTA-1	HTO5	CD22_B1_nonint_2261
AGTTGCATCGTCTCTG-1	HTO2	CD22_i61_2
AGTTGCCAGAAACGCG-1	HTO3	CD22_A3_nonint_4434
AGTTGCCAGAACTAAG-1	HTO5	CD22_B1_nonint_2261
AGTTGCCAGAGGACGC-1	HTO1	CD22_m971
AGTTGCCAGAGGTATA-1	HTO3	CD22_A3_nonint_4434
AGTTGCCAGCCGCACA-1	HTO3	CD22_A3_nonint_4434
AGTTGCCAGCGCTTGG-1	HTO5	CD22_B1_nonint_2261
AGTTGCCAGCTGCAGT-1	HTO2	CD22_i61_2
AGTTGCCAGGCGTAGA-1	HTO3	CD22_A3_nonint_4434
AGTTGCCAGGGGGCAT-1	HTO3	CD22_A3_nonint_4434
AGTTGCCAGGTTATCG-1	HTO3	CD22_A3_nonint_4434
AGTTGCGGTCGGTATG-1	HTO3	CD22_A3_nonint_4434
AGTTGCGGTGGGGTAG-1	HTO1	CD22_m971
AGTTGGCTCCAGCAAC-1	HTO2	CD22_i61_2
AGTTGGCTCCCACCTA-1	HTO1	CD22_m971
AGTTGGCTCGGATCCG-1	HTO1	CD22_m971
AGTTGGCTCGTAACTG-1	HTO4	CD22_A11_int_1411
AGTTGGGAGAAAGTGC-1	HTO4	CD22_A11_int_1411
AGTTGGGAGACAATTC-1	HTO3	CD22_A3_nonint_4434
AGTTGGGAGATCGTTG-1	HTO4	CD22_A11_int_1411
AGTTGGGAGATGCTCA-1	HTO4	CD22_A11_int_1411
AGTTGGGAGCAATTGT-1	HTO4	CD22_A11_int_1411
AGTTGGGAGCACCTCC-1	HTO1	CD22_m971
AGTTGGGAGGCGAGTA-1	HTO1	CD22_m971
AGTTGTGTCCCAACCC-1	HTO2	CD22_i61_2
AGTTGTGTCCGCTCTA-1	HTO3	CD22_A3_nonint_4434
AGTTTACAGAAAGGAG-1	HTO4	CD22_A11_int_1411
AGTTTACAGACCCCAG-1	HTO2	CD22_i61_2
AGTTTACAGCCTGGCA-1	HTO5	CD22_B1_nonint_2261
AGTTTAGGTACTACCC-1	HTO3	CD22_A3_nonint_4434
AGTTTAGGTATCTCGC-1	HTO3	CD22_A3_nonint_4434
AGTTTAGGTCCAACTC-1	HTO3	CD22_A3_nonint_4434
AGTTTCACAAGCATAG-1	HTO5	CD22_B1_nonint_2261
AGTTTCACACATATCA-1	HTO3	CD22_A3_nonint_4434
AGTTTCACAGCTTACG-1	HTO5	CD22_B1_nonint_2261
AGTTTCACAGTAGCGG-1	HTO1	CD22_m971
AGTTTCACAGTCATAC-1	HTO5	CD22_B1_nonint_2261
AGTTTCCTCAAGCCAC-1	HTO2	CD22_i61_2
AGTTTCCTCAGTATCG-1	HTO3	CD22_A3_nonint_4434
AGTTTCCTCAGTATGT-1	HTO3	CD22_A3_nonint_4434
AGTTTCCTCCTCGGCT-1	HTO2	CD22_i61_2
AGTTTCCTCCTGCGTC-1	HTO4	CD22_A11_int_1411
AGTTTCGAGAACGCGA-1	HTO2	CD22_i61_2
AGTTTCGAGAATTTGC-1	HTO1	CD22_m971
AGTTTCGAGCGTATAT-1	HTO5	CD22_B1_nonint_2261
AGTTTCGAGCTGTGCG-1	HTO4	CD22_A11_int_1411
AGTTTGGTCACAATAC-1	HTO1	CD22_m971
AGTTTGGTCATACCTC-1	HTO3	CD22_A3_nonint_4434
AGTTTGGTCCGAATTG-1	HTO3	CD22_A3_nonint_4434
AGTTTGGTCCTGTATC-1	HTO3	CD22_A3_nonint_4434
AGTTTGGTCGCAGTAC-1	HTO1	CD22_m971
AGTTTGGTCGTCAATG-1	HTO3	CD22_A3_nonint_4434
ATAACACTCAACTATA-1	HTO3	CD22_A3_nonint_4434
ATAACACTCATCAATA-1	HTO5	CD22_B1_nonint_2261
ATAACACTCCCTATAC-1	HTO5	CD22_B1_nonint_2261
ATAACAGAGAGCGGTA-1	HTO4	CD22_A11_int_1411
ATAACAGAGCGTTAAT-1	HTO5	CD22_B1_nonint_2261
ATAACAGAGGGTAAGT-1	HTO2	CD22_i61_2
ATAACAGAGGTGTATT-1	HTO1	CD22_m971
ATAACCCCAAGCTATC-1	HTO2	CD22_i61_2
ATAACCCCAAGGCTCC-1	HTO4	CD22_A11_int_1411
ATAACCCCACACTACG-1	HTO2	CD22_i61_2
ATAACCCCACATACCG-1	HTO3	CD22_A3_nonint_4434
ATAACCCCAGGCGCAA-1	HTO4	CD22_A11_int_1411
ATAACGAAGACAGAAC-1	HTO5	CD22_B1_nonint_2261
ATAACGAAGACATATC-1	HTO4	CD22_A11_int_1411
ATAACGAAGAGTGCGA-1	HTO3	CD22_A3_nonint_4434
ATAACGAAGCAGGCTT-1	HTO5	CD22_B1_nonint_2261
ATAACGTTCAGCTATG-1	HTO3	CD22_A3_nonint_4434
ATAACTATCAAAGCCC-1	HTO1	CD22_m971
ATAACTATCACTACTC-1	HTO4	CD22_A11_int_1411
ATAACTATCAGGGCTT-1	HTO4	CD22_A11_int_1411
ATAACTATCATCCCGC-1	HTO4	CD22_A11_int_1411
ATAACTATCCATCACT-1	HTO3	CD22_A3_nonint_4434
ATAAGACCAAACGCAA-1	HTO2	CD22_i61_2
ATAAGACCAAAGTGCA-1	HTO2	CD22_i61_2
ATAAGACCAACGTTTA-1	HTO3	CD22_A3_nonint_4434
ATAAGACCAAGTCGAA-1	HTO1	CD22_m971
ATAAGACCAATGACGA-1	HTO3	CD22_A3_nonint_4434
ATAAGACCACCGGACT-1	HTO1	CD22_m971
ATAAGACCAGGTTCAT-1	HTO4	CD22_A11_int_1411
ATAAGCAAGACAGCGA-1	HTO3	CD22_A3_nonint_4434
ATAAGCAAGCCACATA-1	HTO2	CD22_i61_2
ATAAGCAAGGCAACAG-1	HTO2	CD22_i61_2
ATAAGCCGTCATACTT-1	HTO4	CD22_A11_int_1411
ATAAGCCGTCTAAGCG-1	HTO5	CD22_B1_nonint_2261
ATAAGCCGTGTCCATC-1	HTO1	CD22_m971
ATAAGCCGTGTGCAAT-1	HTO3	CD22_A3_nonint_4434
ATAAGCTTCAGCCCCT-1	HTO1	CD22_m971
ATAAGCTTCCAGGTGT-1	HTO1	CD22_m971
ATAAGCTTCGGACATC-1	HTO3	CD22_A3_nonint_4434
ATAAGGGGTATGAGCT-1	HTO2	CD22_i61_2
ATAAGGTCAACTAATT-1	HTO1	CD22_m971
ATAAGGTCACATCTCC-1	HTO3	CD22_A3_nonint_4434
ATAAGGTCACATGGGG-1	HTO2	CD22_i61_2
ATAAGGTCACCATACG-1	HTO3	CD22_A3_nonint_4434
ATAAGGTCACCTCATC-1	HTO5	CD22_B1_nonint_2261
ATAAGGTCAGGGCTCT-1	HTO5	CD22_B1_nonint_2261
ATAAGGTCAGGTATCT-1	HTO1	CD22_m971
ATAAGGTCAGGTTCAT-1	HTO2	CD22_i61_2
ATAAGTACAACAATTT-1	HTO2	CD22_i61_2
ATAAGTACAACCTAGT-1	HTO5	CD22_B1_nonint_2261
ATAAGTACAAGTGGCG-1	HTO1	CD22_m971
ATAAGTACAATAGGGC-1	HTO2	CD22_i61_2
ATAAGTACACCGTACA-1	HTO5	CD22_B1_nonint_2261
ATAAGTACACTACTCC-1	HTO3	CD22_A3_nonint_4434
ATAAGTCTCATTGCTC-1	HTO5	CD22_B1_nonint_2261
ATAAGTCTCCCGTGTC-1	HTO5	CD22_B1_nonint_2261
ATAAGTCTCCGATACA-1	HTO4	CD22_A11_int_1411
ATAAGTCTCCTTAATT-1	HTO4	CD22_A11_int_1411
ATAAGTCTCGCAATAT-1	HTO2	CD22_i61_2
ATAAGTCTCGGCTTCC-1	HTO1	CD22_m971
ATAAGTCTCGGTCCTC-1	HTO3	CD22_A3_nonint_4434
ATAAGTCTCGTCTCTG-1	HTO2	CD22_i61_2
ATAAGTGAGAATGACA-1	HTO5	CD22_B1_nonint_2261
ATAAGTGAGACAACCC-1	HTO2	CD22_i61_2
ATAAGTGAGAGGTAAC-1	HTO1	CD22_m971
ATAAGTGAGATTCGAT-1	HTO5	CD22_B1_nonint_2261
ATAAGTGAGCAGGAGC-1	HTO2	CD22_i61_2
ATAAGTGAGGGTAGTG-1	HTO5	CD22_B1_nonint_2261
ATAATCATCCCACATT-1	HTO2	CD22_i61_2
ATAATCATCGGTGTTA-1	HTO5	CD22_B1_nonint_2261
ATAATCCAGATAGTAG-1	HTO2	CD22_i61_2
ATAATCCAGATGTTCG-1	HTO3	CD22_A3_nonint_4434
ATAATCCAGCATCGCG-1	HTO5	CD22_B1_nonint_2261
ATAATCCAGGGTAGGC-1	HTO3	CD22_A3_nonint_4434
ATAATCCAGGTGCTGT-1	HTO2	CD22_i61_2
ATAATCGGTAGCATCG-1	HTO3	CD22_A3_nonint_4434
ATAATCGGTCGCTGGG-1	HTO2	CD22_i61_2
ATAATCGGTCGTGGGT-1	HTO5	CD22_B1_nonint_2261
ATAATGCTCACATTCC-1	HTO5	CD22_B1_nonint_2261
ATAATGCTCACCCCGT-1	HTO2	CD22_i61_2
ATAATGCTCCCACTTG-1	HTO5	CD22_B1_nonint_2261
ATAATGCTCGGCATTA-1	HTO1	CD22_m971
ATAATGCTCGGTACTA-1	HTO4	CD22_A11_int_1411
ATAATTCCAAATTTCG-1	HTO3	CD22_A3_nonint_4434
ATAATTCCAATGCTAC-1	HTO4	CD22_A11_int_1411
ATAATTCCACGAACCC-1	HTO2	CD22_i61_2
ATAATTCCACTAACCG-1	HTO1	CD22_m971
ATAATTGTCAACCTCT-1	HTO3	CD22_A3_nonint_4434
ATAATTGTCATACCTC-1	HTO1	CD22_m971
ATAATTGTCATACTCC-1	HTO1	CD22_m971
ATAATTGTCCCGTCTA-1	HTO5	CD22_B1_nonint_2261
ATAATTGTCCGAGTGT-1	HTO5	CD22_B1_nonint_2261
ATAATTGTCCTCATTA-1	HTO5	CD22_B1_nonint_2261
ATAATTGTCCTGGGCA-1	HTO2	CD22_i61_2
ATAATTGTCGCAGTGT-1	HTO2	CD22_i61_2
ATAATTGTCGGGTCCA-1	HTO2	CD22_i61_2
ATACAACTCAATATGC-1	HTO3	CD22_A3_nonint_4434
ATACAACTCACCAAAT-1	HTO5	CD22_B1_nonint_2261
ATACAACTCACCAACA-1	HTO4	CD22_A11_int_1411
ATACAACTCACCCATT-1	HTO3	CD22_A3_nonint_4434
ATACAACTCGGTCCTC-1	HTO3	CD22_A3_nonint_4434
ATACAACTCGGTTACA-1	HTO4	CD22_A11_int_1411
ATACAAGAGAAGGCTG-1	HTO1	CD22_m971
ATACAAGAGAATTTGC-1	HTO3	CD22_A3_nonint_4434
ATACAAGAGCCTAGTA-1	HTO5	CD22_B1_nonint_2261
ATACAAGAGCCTTAAG-1	HTO1	CD22_m971
ATACAAGAGGCCCTGA-1	HTO5	CD22_B1_nonint_2261
ATACACCCAAGCAAAT-1	HTO2	CD22_i61_2
ATACACCCACAATGTC-1	HTO5	CD22_B1_nonint_2261
ATACACCCACCCTTTA-1	HTO3	CD22_A3_nonint_4434
ATACACCCACCTACGA-1	HTO5	CD22_B1_nonint_2261
ATACACCCACGTACAT-1	HTO2	CD22_i61_2
ATACACCCACTAATCA-1	HTO1	CD22_m971
ATACACCCAGCCACTA-1	HTO5	CD22_B1_nonint_2261
ATACAGAAGAACCAGG-1	HTO4	CD22_A11_int_1411
ATACAGAAGATATCAC-1	HTO3	CD22_A3_nonint_4434
ATACAGAAGATTACGT-1	HTO1	CD22_m971
ATACAGCGTCTTAGGG-1	HTO2	CD22_i61_2
ATACAGCGTGCTACAG-1	HTO2	CD22_i61_2
ATACAGCGTGGACGGA-1	HTO5	CD22_B1_nonint_2261
ATACAGCGTGGCTATG-1	HTO2	CD22_i61_2
ATACCATAGAGTTTCG-1	HTO5	CD22_B1_nonint_2261
ATACCATAGGGTTGTC-1	HTO4	CD22_A11_int_1411
ATACCCAAGAGTCCCG-1	HTO4	CD22_A11_int_1411
ATACCCAAGCCCTTGC-1	HTO1	CD22_m971
ATACCCAAGCCTGCAG-1	HTO1	CD22_m971
ATACCCAAGCTGCGAT-1	HTO1	CD22_m971
ATACCCAAGGGTAGTG-1	HTO1	CD22_m971
ATACCCAAGGTAGGTG-1	HTO4	CD22_A11_int_1411
ATACCCCGTACGTCAG-1	HTO2	CD22_i61_2
ATACCCCGTAGCTTCC-1	HTO5	CD22_B1_nonint_2261
ATACCCCGTCAAAGCT-1	HTO1	CD22_m971
ATACCCCGTCAGGTGC-1	HTO2	CD22_i61_2
ATACCCCGTCGTCTTA-1	HTO1	CD22_m971
ATACCCCGTCTGGCTT-1	HTO2	CD22_i61_2
ATACCCCGTGCAAGGG-1	HTO2	CD22_i61_2
ATACCCGCAAGTTACC-1	HTO5	CD22_B1_nonint_2261
ATACCCGCAGTGGCAG-1	HTO4	CD22_A11_int_1411
ATACCCGCAGTGTTAC-1	HTO2	CD22_i61_2
ATACCCTTCATTACTT-1	HTO3	CD22_A3_nonint_4434
ATACCCTTCCACAGGT-1	HTO5	CD22_B1_nonint_2261
ATACCCTTCGCTTTAC-1	HTO4	CD22_A11_int_1411
ATACCCTTCGTATACG-1	HTO1	CD22_m971
ATACCTCTCAGCTATG-1	HTO3	CD22_A3_nonint_4434
ATACCTCTCATGCAAT-1	HTO2	CD22_i61_2
ATACCTCTCCTCCGAC-1	HTO5	CD22_B1_nonint_2261
ATACGAAAGACGTTAT-1	HTO2	CD22_i61_2
ATACGAAAGGGGCTAA-1	HTO3	CD22_A3_nonint_4434
ATACGCTCAAACCCAT-1	HTO2	CD22_i61_2
ATACGCTCAACGTGGG-1	HTO4	CD22_A11_int_1411
ATACGCTCACCGACTA-1	HTO3	CD22_A3_nonint_4434
ATACGCTCACGACACC-1	HTO5	CD22_B1_nonint_2261
ATACGCTCACTGGAGG-1	HTO1	CD22_m971
ATACGGACAATGGCCC-1	HTO2	CD22_i61_2
ATACGGACACATCACG-1	HTO2	CD22_i61_2
ATACGGACACGTACAT-1	HTO5	CD22_B1_nonint_2261
ATACGGACACTTCTAT-1	HTO2	CD22_i61_2
ATACGGACAGCACGGA-1	HTO5	CD22_B1_nonint_2261
ATACGGACAGTAAACG-1	HTO1	CD22_m971
ATACGGACAGTCCACA-1	HTO4	CD22_A11_int_1411
ATACGGGAGAAGTAGC-1	HTO1	CD22_m971
ATACGGGAGCAAGATA-1	HTO5	CD22_B1_nonint_2261
ATACGGGAGGTAGAAC-1	HTO5	CD22_B1_nonint_2261
ATACGGGAGGTAGGAT-1	HTO1	CD22_m971
ATACGGTGTCGCTTCG-1	HTO1	CD22_m971
ATACGTAGTACTACCC-1	HTO1	CD22_m971
ATACGTAGTAGGGTAA-1	HTO2	CD22_i61_2
ATACGTAGTATCGCTC-1	HTO2	CD22_i61_2
ATACGTAGTCAGTTAA-1	HTO1	CD22_m971
ATACGTAGTGCAGTCA-1	HTO3	CD22_A3_nonint_4434
ATACGTAGTGGCAAGG-1	HTO5	CD22_B1_nonint_2261
ATACGTCCAACTGAAG-1	HTO2	CD22_i61_2
ATACGTCCAATGCACT-1	HTO1	CD22_m971
ATACGTCCACAAGGCG-1	HTO4	CD22_A11_int_1411
ATACGTCCACTGCTTC-1	HTO5	CD22_B1_nonint_2261
ATACGTCCAGGGTCTC-1	HTO1	CD22_m971
ATACGTGTCAAGGGTG-1	HTO2	CD22_i61_2
ATACGTGTCATAGTAC-1	HTO3	CD22_A3_nonint_4434
ATACGTGTCCTACTTA-1	HTO5	CD22_B1_nonint_2261
ATACGTGTCCTGTTCG-1	HTO1	CD22_m971
ATACGTGTCCTTCTAA-1	HTO1	CD22_m971
ATACGTGTCGTCCGCT-1	HTO3	CD22_A3_nonint_4434
ATACGTGTCGTTAATA-1	HTO1	CD22_m971
ATACTAATCAAAGGTA-1	HTO4	CD22_A11_int_1411
ATACTAATCAAGGTAA-1	HTO4	CD22_A11_int_1411
ATACTAATCACAACCA-1	HTO2	CD22_i61_2
ATACTAATCCCGACTC-1	HTO5	CD22_B1_nonint_2261
ATACTAATCGGATTGC-1	HTO5	CD22_B1_nonint_2261
ATACTAGGTATCATTC-1	HTO3	CD22_A3_nonint_4434
ATACTAGGTCCTTTAG-1	HTO1	CD22_m971
ATACTAGGTCTATGGG-1	HTO2	CD22_i61_2
ATACTCCTCACTAATA-1	HTO5	CD22_B1_nonint_2261
ATACTCCTCATGGCGT-1	HTO5	CD22_B1_nonint_2261
ATACTCCTCGCTATAG-1	HTO3	CD22_A3_nonint_4434
ATACTCCTCGGTTCCC-1	HTO1	CD22_m971
ATACTCCTCGTACATG-1	HTO2	CD22_i61_2
ATACTTCGTACAAGTC-1	HTO4	CD22_A11_int_1411
ATACTTCGTACAGTTA-1	HTO5	CD22_B1_nonint_2261
ATACTTCGTCCTATTG-1	HTO4	CD22_A11_int_1411
ATACTTCGTGGATTTA-1	HTO2	CD22_i61_2
ATAGCAGCAACGTCCA-1	HTO5	CD22_B1_nonint_2261
ATAGCAGCACCTACTC-1	HTO3	CD22_A3_nonint_4434
ATAGCAGCACCTAGCA-1	HTO3	CD22_A3_nonint_4434
ATAGCAGCAGGTCATT-1	HTO4	CD22_A11_int_1411
ATAGCATTCAATATTG-1	HTO3	CD22_A3_nonint_4434
ATAGCATTCAGTCAGC-1	HTO5	CD22_B1_nonint_2261
ATAGCATTCCCAGTAA-1	HTO2	CD22_i61_2
ATAGCATTCGGTCATA-1	HTO5	CD22_B1_nonint_2261
ATAGCCTCAAATTCCA-1	HTO4	CD22_A11_int_1411
ATAGCCTCAATATCTG-1	HTO2	CD22_i61_2
ATAGCCTCACATAGTC-1	HTO3	CD22_A3_nonint_4434
ATAGCCTCAGCTACAT-1	HTO4	CD22_A11_int_1411
ATAGCCTCAGTTGGAA-1	HTO3	CD22_A3_nonint_4434
ATAGCGACAAACTACC-1	HTO2	CD22_i61_2
ATAGCGACAATCGACT-1	HTO5	CD22_B1_nonint_2261
ATAGCGACAATGACGA-1	HTO1	CD22_m971
ATAGCGACACTATCTT-1	HTO4	CD22_A11_int_1411
ATAGCGACAGCACGGA-1	HTO4	CD22_A11_int_1411
ATAGCGACAGGTTCAT-1	HTO5	CD22_B1_nonint_2261
ATAGCGCTCCTATTGC-1	HTO2	CD22_i61_2
ATAGCGCTCGCTAAAT-1	HTO4	CD22_A11_int_1411
ATAGCGCTCGGCATTA-1	HTO5	CD22_B1_nonint_2261
ATAGCGGAGAGCTTTG-1	HTO2	CD22_i61_2
ATAGCGGAGCAAACGG-1	HTO2	CD22_i61_2
ATAGCGGAGCATATGT-1	HTO1	CD22_m971
ATAGCGGAGCCTTATC-1	HTO3	CD22_A3_nonint_4434
ATAGCGGAGCTTGATG-1	HTO3	CD22_A3_nonint_4434
ATAGCGGAGGTATTGT-1	HTO5	CD22_B1_nonint_2261
ATAGCGTGTATGAGCT-1	HTO5	CD22_B1_nonint_2261
ATAGCGTGTCTTAGCC-1	HTO1	CD22_m971
ATAGGAGGTATCTCAT-1	HTO5	CD22_B1_nonint_2261
ATAGGAGGTCCGTCTG-1	HTO5	CD22_B1_nonint_2261
ATAGGAGGTCGCTAAG-1	HTO1	CD22_m971
ATAGGAGGTCGTCAGA-1	HTO2	CD22_i61_2
ATAGGAGGTGTCCCGC-1	HTO2	CD22_i61_2
ATAGGCACAACCAGAA-1	HTO3	CD22_A3_nonint_4434
ATAGGCACACATACCG-1	HTO2	CD22_i61_2
ATAGGCACACGTAGAA-1	HTO3	CD22_A3_nonint_4434
ATAGGCACAGGTTACT-1	HTO2	CD22_i61_2
ATAGGCACAGTGAAAT-1	HTO4	CD22_A11_int_1411
ATAGGCGAGACGACAG-1	HTO4	CD22_A11_int_1411
ATAGGCGAGCAATAGA-1	HTO5	CD22_B1_nonint_2261
ATAGGCGAGCGATTGC-1	HTO1	CD22_m971
ATAGGCTGTCGAGGCT-1	HTO4	CD22_A11_int_1411
ATAGGGAGTAACAGGA-1	HTO4	CD22_A11_int_1411
ATAGGGAGTACTTATC-1	HTO5	CD22_B1_nonint_2261
ATAGGGAGTAGGACGG-1	HTO4	CD22_A11_int_1411
ATAGGGAGTCACGCGG-1	HTO1	CD22_m971
ATAGGGAGTCCTTGCG-1	HTO2	CD22_i61_2
ATAGGGAGTGCCACTT-1	HTO4	CD22_A11_int_1411
ATAGGGAGTGCTAGGC-1	HTO5	CD22_B1_nonint_2261
ATAGGGAGTGTCTTCA-1	HTO5	CD22_B1_nonint_2261
ATAGGGAGTGTGGTGC-1	HTO5	CD22_B1_nonint_2261
ATAGGGCCAACAATCC-1	HTO5	CD22_B1_nonint_2261
ATAGGGCCACCGGAAG-1	HTO1	CD22_m971
ATAGGGCCACGTATCG-1	HTO1	CD22_m971
ATAGGGCCAGCGATAA-1	HTO3	CD22_A3_nonint_4434
ATAGGGGTCACGTCAA-1	HTO5	CD22_B1_nonint_2261
ATAGGGGTCCCAGCCT-1	HTO5	CD22_B1_nonint_2261
ATAGGGGTCCTGATTC-1	HTO4	CD22_A11_int_1411
ATAGGGTAGAACTTCG-1	HTO4	CD22_A11_int_1411
ATAGGGTAGACCTGCG-1	HTO2	CD22_i61_2
ATAGGGTAGAGGGTAT-1	HTO5	CD22_B1_nonint_2261
ATAGGGTAGATCTGCA-1	HTO1	CD22_m971
ATAGGGTAGCCAAATT-1	HTO1	CD22_m971
ATAGTAACAAGGCTCC-1	HTO1	CD22_m971
ATAGTAACACACTGCA-1	HTO3	CD22_A3_nonint_4434
ATAGTAACACGCAGCT-1	HTO2	CD22_i61_2
ATAGTACTCAATTCGG-1	HTO2	CD22_i61_2
ATAGTACTCACTTCTA-1	HTO5	CD22_B1_nonint_2261
ATAGTACTCAGGCTTA-1	HTO5	CD22_B1_nonint_2261
ATAGTACTCCAATATA-1	HTO3	CD22_A3_nonint_4434
ATAGTACTCGCCTTGC-1	HTO2	CD22_i61_2
ATAGTAGAGAACCAGG-1	HTO2	CD22_i61_2
ATAGTAGAGAGGCTGA-1	HTO4	CD22_A11_int_1411
ATAGTAGAGCACTTAG-1	HTO3	CD22_A3_nonint_4434
ATAGTAGAGCTAGTAT-1	HTO1	CD22_m971
ATAGTAGAGCTATCGA-1	HTO1	CD22_m971
ATAGTAGAGCTGATAT-1	HTO5	CD22_B1_nonint_2261
ATAGTAGAGGCGAATG-1	HTO1	CD22_m971
ATAGTCAGTAAGGGTA-1	HTO5	CD22_B1_nonint_2261
ATAGTCAGTAATGGCT-1	HTO1	CD22_m971
ATAGTCAGTACACCCT-1	HTO3	CD22_A3_nonint_4434
ATAGTCAGTAGTACGT-1	HTO5	CD22_B1_nonint_2261
ATAGTCAGTCTGACTC-1	HTO1	CD22_m971
ATAGTCAGTGTAATTG-1	HTO3	CD22_A3_nonint_4434
ATAGTCGTCACCAAGC-1	HTO5	CD22_B1_nonint_2261
ATAGTCGTCAGCTAAT-1	HTO3	CD22_A3_nonint_4434
ATAGTCGTCCACGAGT-1	HTO5	CD22_B1_nonint_2261
ATAGTCGTCCCAGCTC-1	HTO1	CD22_m971
ATAGTCGTCCGGCATG-1	HTO3	CD22_A3_nonint_4434
ATAGTGAAGAGGCACA-1	HTO5	CD22_B1_nonint_2261
ATAGTGAAGCCGCCAA-1	HTO4	CD22_A11_int_1411
ATAGTGAAGCTCTGAA-1	HTO4	CD22_A11_int_1411
ATAGTGAAGGCCCAAT-1	HTO5	CD22_B1_nonint_2261
ATAGTGCGTATCCGTC-1	HTO3	CD22_A3_nonint_4434
ATAGTGCGTATGAAGG-1	HTO1	CD22_m971
ATAGTGCGTCATAGGT-1	HTO3	CD22_A3_nonint_4434
ATAGTGCGTCGAGGCT-1	HTO1	CD22_m971
ATAGTGTTCACTGTTC-1	HTO5	CD22_B1_nonint_2261
ATAGTGTTCAGCATCA-1	HTO2	CD22_i61_2
ATAGTGTTCATGGTGC-1	HTO4	CD22_A11_int_1411
ATAGTGTTCCCCAACC-1	HTO5	CD22_B1_nonint_2261
ATAGTGTTCCTTATGC-1	HTO3	CD22_A3_nonint_4434
ATAGTGTTCGCGATGT-1	HTO3	CD22_A3_nonint_4434
ATAGTGTTCGCTTAAG-1	HTO4	CD22_A11_int_1411
ATATACCAGGTTCGCG-1	HTO4	CD22_A11_int_1411
ATATCACAGAAGCGTG-1	HTO3	CD22_A3_nonint_4434
ATATCACAGATTACAC-1	HTO1	CD22_m971
ATATCACAGCCACATA-1	HTO2	CD22_i61_2
ATATCACAGCTGGCAT-1	HTO3	CD22_A3_nonint_4434
ATATCACAGGCAAAGT-1	HTO2	CD22_i61_2
ATATCACAGGCAACAG-1	HTO3	CD22_A3_nonint_4434
ATATCACAGGCACAAG-1	HTO2	CD22_i61_2
ATATCAGGTACCACCT-1	HTO2	CD22_i61_2
ATATCAGGTAGGAGTA-1	HTO1	CD22_m971
ATATCAGGTAGTATTG-1	HTO5	CD22_B1_nonint_2261
ATATCAGGTAGTTTAG-1	HTO5	CD22_B1_nonint_2261
ATATCAGGTCATTGGG-1	HTO5	CD22_B1_nonint_2261
ATATCAGGTCTGTTGC-1	HTO5	CD22_B1_nonint_2261
ATATCATCAAAGTGCA-1	HTO5	CD22_B1_nonint_2261
ATATCATCACAAATGG-1	HTO2	CD22_i61_2
ATATCATCACGTTCAG-1	HTO1	CD22_m971
ATATCATCACTGATTA-1	HTO4	CD22_A11_int_1411
ATATCATCAGTACAAG-1	HTO1	CD22_m971
ATATCCCTCACCCGCT-1	HTO3	CD22_A3_nonint_4434
ATATCCCTCATGGTTG-1	HTO3	CD22_A3_nonint_4434
ATATCCCTCCTCCTTC-1	HTO4	CD22_A11_int_1411
ATATCCCTCGTCCGCT-1	HTO4	CD22_A11_int_1411
ATATCCTGTACTTAAG-1	HTO1	CD22_m971
ATATCCTGTATGCCAG-1	HTO1	CD22_m971
ATATCCTGTCACGGCG-1	HTO3	CD22_A3_nonint_4434
ATATCTGCAACACTTA-1	HTO3	CD22_A3_nonint_4434
ATATCTGCAACCTATA-1	HTO5	CD22_B1_nonint_2261
ATATCTGCAAGTACAG-1	HTO2	CD22_i61_2
ATATCTGCAGGATGGT-1	HTO5	CD22_B1_nonint_2261
ATATGAGAGCATTTCC-1	HTO5	CD22_B1_nonint_2261
ATATGAGAGCCATTGA-1	HTO5	CD22_B1_nonint_2261
ATATGAGAGCGGCATT-1	HTO4	CD22_A11_int_1411
ATATGAGAGCGTGAAG-1	HTO4	CD22_A11_int_1411
ATATGAGAGGGACTGA-1	HTO5	CD22_B1_nonint_2261
ATATGAGAGGGGTAGC-1	HTO3	CD22_A3_nonint_4434
ATATGCCCAACACTAC-1	HTO1	CD22_m971
ATATGCCCACATTCCC-1	HTO3	CD22_A3_nonint_4434
ATATGGCGTATGAGGA-1	HTO5	CD22_B1_nonint_2261
ATATGGCGTATGGTTA-1	HTO2	CD22_i61_2
ATATGGCGTGGATGGG-1	HTO3	CD22_A3_nonint_4434
ATATGGCGTGTGTCCT-1	HTO5	CD22_B1_nonint_2261
ATATGGTTCAGTTGTG-1	HTO1	CD22_m971
ATATGGTTCATGTAGT-1	HTO1	CD22_m971
ATATGGTTCGCTTTAC-1	HTO3	CD22_A3_nonint_4434
ATATGTATCATGCGGT-1	HTO2	CD22_i61_2
ATATGTATCCGCAGCA-1	HTO3	CD22_A3_nonint_4434
ATATGTATCGCACTAA-1	HTO1	CD22_m971
ATATGTATCGTAGTTG-1	HTO5	CD22_B1_nonint_2261
ATATGTATCGTATGCA-1	HTO5	CD22_B1_nonint_2261
ATATGTGGTACGTGAT-1	HTO2	CD22_i61_2
ATATGTGGTCTCGCAT-1	HTO2	CD22_i61_2
ATATGTGGTGGAAAGC-1	HTO3	CD22_A3_nonint_4434
ATATGTGGTGGGTGCT-1	HTO1	CD22_m971
ATATGTTCACAGTGCC-1	HTO1	CD22_m971
ATATGTTCACTGCTTC-1	HTO3	CD22_A3_nonint_4434
ATATTACCAACGACCC-1	HTO2	CD22_i61_2
ATATTACCACAGGACG-1	HTO2	CD22_i61_2
ATATTACCACCACGTA-1	HTO3	CD22_A3_nonint_4434
ATATTACCACGTAACT-1	HTO2	CD22_i61_2
ATATTACCAGCAACCC-1	HTO2	CD22_i61_2
ATATTAGTCAAAGCAA-1	HTO3	CD22_A3_nonint_4434
ATATTAGTCCCGTAAA-1	HTO3	CD22_A3_nonint_4434
ATATTAGTCCTGTACT-1	HTO4	CD22_A11_int_1411
ATATTCCGTACTTAAG-1	HTO2	CD22_i61_2
ATATTCCGTATAATCG-1	HTO1	CD22_m971
ATATTCCGTCATGTCC-1	HTO3	CD22_A3_nonint_4434
ATATTCCGTCCTGCGC-1	HTO1	CD22_m971
ATATTCCGTGTTGTAA-1	HTO4	CD22_A11_int_1411
ATATTCGCAACGTTCG-1	HTO4	CD22_A11_int_1411
ATATTCGCACCTGACA-1	HTO3	CD22_A3_nonint_4434
ATATTCGCAGCTAACT-1	HTO5	CD22_B1_nonint_2261
ATATTGCAGAACTGAA-1	HTO5	CD22_B1_nonint_2261
ATATTGCAGATTATGC-1	HTO5	CD22_B1_nonint_2261
ATATTGCAGCATATGT-1	HTO3	CD22_A3_nonint_4434
ATATTGCAGCTATGGC-1	HTO1	CD22_m971
ATATTGGGTATCGAGT-1	HTO1	CD22_m971
ATATTGGGTCGCATTC-1	HTO2	CD22_i61_2
ATATTGGGTGTGTCTC-1	HTO5	CD22_B1_nonint_2261
ATCAACCCAACATATT-1	HTO3	CD22_A3_nonint_4434
ATCAACCCAATGAAAC-1	HTO4	CD22_A11_int_1411
ATCAACCCACGTCAGC-1	HTO2	CD22_i61_2
ATCAACCCACTCACTC-1	HTO2	CD22_i61_2
ATCAACCCAGGGTCAG-1	HTO1	CD22_m971
ATCAAGGCAAATATTC-1	HTO1	CD22_m971
ATCAAGGCAAATTAAG-1	HTO5	CD22_B1_nonint_2261
ATCAAGGCAACGTGGG-1	HTO2	CD22_i61_2
ATCAAGGCACCAGAGG-1	HTO2	CD22_i61_2
ATCAAGGCACCCATTC-1	HTO1	CD22_m971
ATCAATATCATGGACC-1	HTO5	CD22_B1_nonint_2261
ATCAATATCCACAAGC-1	HTO2	CD22_i61_2
ATCAATGGTAAAGTGG-1	HTO5	CD22_B1_nonint_2261
ATCAATGGTAAGGTTC-1	HTO5	CD22_B1_nonint_2261
ATCAATGGTACAAGAG-1	HTO1	CD22_m971
ATCAATGGTAGGTAAG-1	HTO5	CD22_B1_nonint_2261
ATCAATGGTAGTATGC-1	HTO4	CD22_A11_int_1411
ATCAATGGTCATCGCT-1	HTO2	CD22_i61_2
ATCAATGGTCGCTATC-1	HTO1	CD22_m971
ATCAATGGTCTAATGA-1	HTO2	CD22_i61_2
ATCAATGGTGTGTCGA-1	HTO1	CD22_m971
ATCAATGGTGTTCTAT-1	HTO4	CD22_A11_int_1411
ATCACATAGAATTGTC-1	HTO3	CD22_A3_nonint_4434
ATCACATAGACAGCGA-1	HTO4	CD22_A11_int_1411
ATCACATAGCGTTACA-1	HTO2	CD22_i61_2
ATCACATAGCTCGTTT-1	HTO3	CD22_A3_nonint_4434
ATCACATAGGCTCAGT-1	HTO2	CD22_i61_2
ATCACATAGGGGTAAT-1	HTO1	CD22_m971
ATCACCCGTATAGGAG-1	HTO1	CD22_m971
ATCACCCGTCACAGCA-1	HTO5	CD22_B1_nonint_2261
ATCACCCGTCCTAGAG-1	HTO5	CD22_B1_nonint_2261
ATCACCCGTCTATTCG-1	HTO3	CD22_A3_nonint_4434
ATCACCCGTGGATATC-1	HTO4	CD22_A11_int_1411
ATCACCCGTGTCCCTG-1	HTO5	CD22_B1_nonint_2261
ATCACGGGTCCGATAG-1	HTO1	CD22_m971
ATCACGGGTGTTGGAT-1	HTO1	CD22_m971
ATCACGGGTGTTGTAA-1	HTO2	CD22_i61_2
ATCACGTCAAAGGGGA-1	HTO3	CD22_A3_nonint_4434
ATCACGTCAAGGGTCG-1	HTO1	CD22_m971
ATCACGTCACAGCACC-1	HTO2	CD22_i61_2
ATCACGTCACATGAAG-1	HTO2	CD22_i61_2
ATCACGTCACATTCAA-1	HTO1	CD22_m971
ATCACGTCAGCAGGCA-1	HTO2	CD22_i61_2
ATCACGTCAGCCCATA-1	HTO1	CD22_m971
ATCACTACAAAATCTT-1	HTO4	CD22_A11_int_1411
ATCACTACAAGCGTAA-1	HTO3	CD22_A3_nonint_4434
ATCACTACACGCACGT-1	HTO5	CD22_B1_nonint_2261
ATCAGAGCAACTCTCC-1	HTO5	CD22_B1_nonint_2261
ATCAGAGCACCAACGC-1	HTO5	CD22_B1_nonint_2261
ATCAGAGCACTATAGC-1	HTO2	CD22_i61_2
ATCAGAGCAGCTTATA-1	HTO1	CD22_m971
ATCAGCATCAGTCCTT-1	HTO5	CD22_B1_nonint_2261
ATCAGCATCCCATGCC-1	HTO2	CD22_i61_2
ATCAGCATCGCATCGG-1	HTO5	CD22_B1_nonint_2261
ATCAGCATCGGTTCGG-1	HTO3	CD22_A3_nonint_4434
ATCAGCATCGTACCTT-1	HTO3	CD22_A3_nonint_4434
ATCAGCGGTCACCGCC-1	HTO2	CD22_i61_2
ATCAGCGGTCATACAA-1	HTO4	CD22_A11_int_1411
ATCAGCGGTCGACTCT-1	HTO2	CD22_i61_2
ATCAGCGGTCGCCATT-1	HTO4	CD22_A11_int_1411
ATCAGCGGTGCCATAG-1	HTO2	CD22_i61_2
ATCAGCGGTGGCTCCC-1	HTO4	CD22_A11_int_1411
ATCAGCTCAACCCGAC-1	HTO3	CD22_A3_nonint_4434
ATCAGCTCAATATTAC-1	HTO3	CD22_A3_nonint_4434
ATCAGCTCACACCGTA-1	HTO2	CD22_i61_2
ATCAGCTCACCTAATA-1	HTO2	CD22_i61_2
ATCAGCTCACGATTAC-1	HTO1	CD22_m971
ATCAGCTCAGGACTAA-1	HTO5	CD22_B1_nonint_2261
ATCAGCTCAGGATGAC-1	HTO5	CD22_B1_nonint_2261
ATCAGCTCAGGCTTCA-1	HTO1	CD22_m971
ATCAGGACACGTCTAG-1	HTO2	CD22_i61_2
ATCAGGACACTGCTCT-1	HTO1	CD22_m971
ATCAGGACAGGAACCG-1	HTO5	CD22_B1_nonint_2261
ATCAGGACAGGACTAA-1	HTO2	CD22_i61_2
ATCAGGCTCAAAGCCC-1	HTO3	CD22_A3_nonint_4434
ATCAGGCTCATCTCCG-1	HTO5	CD22_B1_nonint_2261
ATCAGGCTCATGAAAG-1	HTO5	CD22_B1_nonint_2261
ATCAGGCTCCTCGTCA-1	HTO4	CD22_A11_int_1411
ATCAGGGAGACCCGCA-1	HTO2	CD22_i61_2
ATCAGGGAGCGGTCCA-1	HTO5	CD22_B1_nonint_2261
ATCAGGGAGCTATCAG-1	HTO2	CD22_i61_2
ATCAGGTGTACCCTTA-1	HTO5	CD22_B1_nonint_2261
ATCAGGTGTATAGTCA-1	HTO5	CD22_B1_nonint_2261
ATCAGGTGTCACGTAG-1	HTO1	CD22_m971
ATCAGGTGTCCACGTT-1	HTO1	CD22_m971
ATCAGGTGTGCCCCTA-1	HTO4	CD22_A11_int_1411
ATCAGTAGTATGCGCA-1	HTO1	CD22_m971
ATCAGTAGTCCCATGT-1	HTO1	CD22_m971
ATCAGTAGTCCGATAG-1	HTO5	CD22_B1_nonint_2261
ATCAGTAGTGTGTCAG-1	HTO5	CD22_B1_nonint_2261
ATCAGTAGTGTTCTAT-1	HTO5	CD22_B1_nonint_2261
ATCAGTCCAATCCAAC-1	HTO3	CD22_A3_nonint_4434
ATCAGTCCACACAGAA-1	HTO2	CD22_i61_2
ATCAGTCCACGACCTA-1	HTO5	CD22_B1_nonint_2261
ATCAGTCCAGTCCGTA-1	HTO1	CD22_m971
ATCATCACAAGCCATT-1	HTO2	CD22_i61_2
ATCATCACAAGGGCAT-1	HTO4	CD22_A11_int_1411
ATCATCACAATCAGCT-1	HTO2	CD22_i61_2
ATCATCACACGGTGTC-1	HTO1	CD22_m971
ATCATCCTCACTTGTC-1	HTO2	CD22_i61_2
ATCATCCTCATCGCTT-1	HTO5	CD22_B1_nonint_2261
ATCATCCTCATCGGGT-1	HTO3	CD22_A3_nonint_4434
ATCATCCTCCGGGATT-1	HTO3	CD22_A3_nonint_4434
ATCATCCTCGGGTTCG-1	HTO2	CD22_i61_2
ATCATCGAGAAAGTGC-1	HTO2	CD22_i61_2
ATCATCGAGACATGGG-1	HTO2	CD22_i61_2
ATCATCGAGGCATCAC-1	HTO2	CD22_i61_2
ATCATCTGTACTTCAT-1	HTO5	CD22_B1_nonint_2261
ATCATCTGTCCCATGT-1	HTO2	CD22_i61_2
ATCATCTGTCGCATCT-1	HTO4	CD22_A11_int_1411
ATCATGAGTAATCGCG-1	HTO2	CD22_i61_2
ATCATGAGTACATTAG-1	HTO4	CD22_A11_int_1411
ATCATGAGTCCTTGTA-1	HTO1	CD22_m971
ATCATGAGTCGGTGTA-1	HTO2	CD22_i61_2
ATCATGCCAACCACAT-1	HTO4	CD22_A11_int_1411
ATCATGCCAAGGATCA-1	HTO4	CD22_A11_int_1411
ATCATGCCAATAAGAC-1	HTO5	CD22_B1_nonint_2261
ATCATGCCAATACGTC-1	HTO2	CD22_i61_2
ATCATGCCAATTCGGT-1	HTO2	CD22_i61_2
ATCATGCCAGCTAGCC-1	HTO1	CD22_m971
ATCATTCGTCCATAGG-1	HTO5	CD22_B1_nonint_2261
ATCATTCGTGGTGGAG-1	HTO2	CD22_i61_2
ATCATTGCAAGGGTTA-1	HTO2	CD22_i61_2
ATCCAACCACGGTGTC-1	HTO5	CD22_B1_nonint_2261
ATCCAACCAGCAACTT-1	HTO4	CD22_A11_int_1411
ATCCAATAGACGGGTA-1	HTO5	CD22_B1_nonint_2261
ATCCAATAGCACATCA-1	HTO3	CD22_A3_nonint_4434
ATCCAATAGCTGTGGT-1	HTO5	CD22_B1_nonint_2261
ATCCAATAGGTCCCGA-1	HTO5	CD22_B1_nonint_2261
ATCCACAAGGGACTGA-1	HTO2	CD22_i61_2
ATCCAGGGTAACGAAG-1	HTO2	CD22_i61_2
ATCCAGGGTATTCAGA-1	HTO4	CD22_A11_int_1411
ATCCAGGGTGGTGCGT-1	HTO2	CD22_i61_2
ATCCCAAAGCATTGCA-1	HTO4	CD22_A11_int_1411
ATCCCAAAGCTTAGCA-1	HTO4	CD22_A11_int_1411
ATCCCATTCATCGGAC-1	HTO3	CD22_A3_nonint_4434
ATCCCATTCCACTACT-1	HTO2	CD22_i61_2
ATCCCATTCCAGCGCA-1	HTO1	CD22_m971
ATCCCATTCCTATCCG-1	HTO2	CD22_i61_2
ATCCCATTCCTCGGGA-1	HTO4	CD22_A11_int_1411
ATCCCCATCAACGTAT-1	HTO5	CD22_B1_nonint_2261
ATCCCCATCAGTCAGC-1	HTO4	CD22_A11_int_1411
ATCCCCATCATAACAC-1	HTO1	CD22_m971
ATCCCCATCCCTGCTA-1	HTO5	CD22_B1_nonint_2261
ATCCCCATCGTACGGT-1	HTO2	CD22_i61_2
ATCCCCATCGTAGTTG-1	HTO1	CD22_m971
ATCCCCGGTAATCCCC-1	HTO5	CD22_B1_nonint_2261
ATCCCCGGTAATTTGG-1	HTO2	CD22_i61_2
ATCCCCGGTACCACTC-1	HTO1	CD22_m971
ATCCCCGGTCCTGCGC-1	HTO2	CD22_i61_2
ATCCCGACACTAACTA-1	HTO2	CD22_i61_2
ATCCCGCTCAACCCAA-1	HTO4	CD22_A11_int_1411
ATCCCGCTCACGGCCA-1	HTO4	CD22_A11_int_1411
ATCCCGCTCCGTTACT-1	HTO1	CD22_m971
ATCCCGCTCGCAATAT-1	HTO5	CD22_B1_nonint_2261
ATCCCGCTCGGAAAGT-1	HTO4	CD22_A11_int_1411
ATCCCGCTCGTAGCTA-1	HTO4	CD22_A11_int_1411
ATCCCTAGTATGGGCC-1	HTO4	CD22_A11_int_1411
ATCCCTAGTCGACAGC-1	HTO2	CD22_i61_2
ATCCCTAGTCGGGTTA-1	HTO2	CD22_i61_2
ATCCCTAGTCTCGGTT-1	HTO4	CD22_A11_int_1411
ATCCCTAGTGCTACCT-1	HTO3	CD22_A3_nonint_4434
ATCCCTAGTGGATTTA-1	HTO3	CD22_A3_nonint_4434
ATCCGACAGAACGTTT-1	HTO5	CD22_B1_nonint_2261
ATCCGACAGAGAGGAA-1	HTO2	CD22_i61_2
ATCCGACAGCATCTAG-1	HTO3	CD22_A3_nonint_4434
ATCCGACAGCCTACGG-1	HTO1	CD22_m971
ATCCGACAGGCAGTGA-1	HTO3	CD22_A3_nonint_4434
ATCCGACAGGCATTCA-1	HTO4	CD22_A11_int_1411
ATCCGACAGGCTTACA-1	HTO3	CD22_A3_nonint_4434
ATCCGAGGTAAGTGAG-1	HTO2	CD22_i61_2
ATCCGAGGTAGCGGTC-1	HTO4	CD22_A11_int_1411
ATCCGAGGTAGTGAGA-1	HTO1	CD22_m971
ATCCGAGGTCCTGTAC-1	HTO4	CD22_A11_int_1411
ATCCGAGGTGGCGCAT-1	HTO2	CD22_i61_2
ATCCGCACAAGAATAC-1	HTO1	CD22_m971
ATCCGCACAATGCCCA-1	HTO1	CD22_m971
ATCCGCACACGCGACT-1	HTO5	CD22_B1_nonint_2261
ATCCGCACACTCACCT-1	HTO2	CD22_i61_2
ATCCGCACAGTACTTA-1	HTO2	CD22_i61_2
ATCCGCCTCATGTAAC-1	HTO1	CD22_m971
ATCCGCCTCCAAGACC-1	HTO5	CD22_B1_nonint_2261
ATCCGCCTCGTTAATA-1	HTO3	CD22_A3_nonint_4434
ATCCGCTGTAATCCGG-1	HTO3	CD22_A3_nonint_4434
ATCCGCTGTACAAGCT-1	HTO2	CD22_i61_2
ATCCGCTGTGGGGCTT-1	HTO2	CD22_i61_2
ATCCGGAGTAAACGCT-1	HTO2	CD22_i61_2
ATCCGGAGTAGTGATC-1	HTO2	CD22_i61_2
ATCCGGAGTATCATGA-1	HTO3	CD22_A3_nonint_4434
ATCCGGAGTCACACCT-1	HTO4	CD22_A11_int_1411
ATCCGGAGTCGGGTAC-1	HTO5	CD22_B1_nonint_2261
ATCCGGAGTGCTTCCG-1	HTO4	CD22_A11_int_1411
ATCCGGAGTGGAGTAA-1	HTO2	CD22_i61_2
ATCCGGCCAATCGGGG-1	HTO1	CD22_m971
ATCCGGCCACGACCTA-1	HTO3	CD22_A3_nonint_4434
ATCCGGCCAGCATGGG-1	HTO2	CD22_i61_2
ATCCGTAAGAGCTTAT-1	HTO2	CD22_i61_2
ATCCGTAAGATACAGA-1	HTO2	CD22_i61_2
ATCCGTAAGATATTGC-1	HTO4	CD22_A11_int_1411
ATCCGTAAGATCATCG-1	HTO1	CD22_m971
ATCCGTAAGGTCGAGA-1	HTO3	CD22_A3_nonint_4434
ATCCGTCGTACAGTTA-1	HTO4	CD22_A11_int_1411
ATCCGTCGTAGGATAG-1	HTO2	CD22_i61_2
ATCCGTTTCAATGGTT-1	HTO2	CD22_i61_2
ATCCGTTTCCTTCGCA-1	HTO3	CD22_A3_nonint_4434
ATCCGTTTCGCACCTC-1	HTO4	CD22_A11_int_1411
ATCCTAACAAGCATTC-1	HTO4	CD22_A11_int_1411
ATCCTAACAGCTTCGA-1	HTO3	CD22_A3_nonint_4434
ATCCTACTCATTCTCA-1	HTO5	CD22_B1_nonint_2261
ATCCTACTCCGTCTAT-1	HTO5	CD22_B1_nonint_2261
ATCCTACTCGGATCAC-1	HTO1	CD22_m971
ATCCTACTCGTCCTAT-1	HTO5	CD22_B1_nonint_2261
ATCCTAGAGAAACCGG-1	HTO4	CD22_A11_int_1411
ATCCTAGAGAATATCC-1	HTO1	CD22_m971
ATCCTAGAGGCTTAAT-1	HTO1	CD22_m971
ATCCTATGTACGTCAG-1	HTO2	CD22_i61_2
ATCCTATGTAGTTATG-1	HTO5	CD22_B1_nonint_2261
ATCCTATGTCCACGGG-1	HTO4	CD22_A11_int_1411
ATCCTATGTGCCATTC-1	HTO5	CD22_B1_nonint_2261
ATCCTATGTGGACTAT-1	HTO5	CD22_B1_nonint_2261
ATCCTGAAGATAAGTG-1	HTO1	CD22_m971
ATCCTGAAGCCGTTAA-1	HTO3	CD22_A3_nonint_4434
ATCCTGAAGCGGCTTG-1	HTO4	CD22_A11_int_1411
ATCCTGAAGGGAATCG-1	HTO5	CD22_B1_nonint_2261
ATCCTGAAGGGGAATT-1	HTO2	CD22_i61_2
ATCCTGAAGGTGTTAT-1	HTO4	CD22_A11_int_1411
ATCCTGCGTAATCCCC-1	HTO4	CD22_A11_int_1411
ATCCTGCGTCAGGTTG-1	HTO1	CD22_m971
ATCCTGCGTCTGCAAG-1	HTO3	CD22_A3_nonint_4434
ATCCTGCGTGGCCCCT-1	HTO3	CD22_A3_nonint_4434
ATCCTGCGTGTGTTAA-1	HTO2	CD22_i61_2
ATCCTGCGTGTTACCC-1	HTO2	CD22_i61_2
ATCCTTATCAACTCTC-1	HTO2	CD22_i61_2
ATCCTTATCACCTCAT-1	HTO3	CD22_A3_nonint_4434
ATCCTTATCCCTTAAC-1	HTO1	CD22_m971
ATCGAAGCAATCTTAG-1	HTO1	CD22_m971
ATCGAAGCAATGCGAA-1	HTO2	CD22_i61_2
ATCGAAGCACACATAC-1	HTO5	CD22_B1_nonint_2261
ATCGAAGCACATTCCC-1	HTO5	CD22_B1_nonint_2261
ATCGAAGCACGTACAT-1	HTO5	CD22_B1_nonint_2261
ATCGAAGCACTAGGGG-1	HTO1	CD22_m971
ATCGACATCCCATTCG-1	HTO1	CD22_m971
ATCGACATCCCGTAAA-1	HTO2	CD22_i61_2
ATCGACATCCCTGGCT-1	HTO5	CD22_B1_nonint_2261
ATCGACATCGTTCTAC-1	HTO2	CD22_i61_2
ATCGACCAGCCAAGCT-1	HTO2	CD22_i61_2
ATCGACCAGCGAATTT-1	HTO5	CD22_B1_nonint_2261
ATCGACCAGCGGCTTG-1	HTO2	CD22_i61_2
ATCGACCAGGGAGATT-1	HTO1	CD22_m971
ATCGACTCAATACACC-1	HTO3	CD22_A3_nonint_4434
ATCGACTCACAACTTA-1	HTO2	CD22_i61_2
ATCGACTCACCATACG-1	HTO2	CD22_i61_2
ATCGACTCAGCACGCT-1	HTO5	CD22_B1_nonint_2261
ATCGACTCAGTGTTAC-1	HTO5	CD22_B1_nonint_2261
ATCGAGACACACAATC-1	HTO2	CD22_i61_2
ATCGAGACACCTGACA-1	HTO5	CD22_B1_nonint_2261
ATCGAGACAGGACCTC-1	HTO5	CD22_B1_nonint_2261
ATCGAGACAGGGACAT-1	HTO5	CD22_B1_nonint_2261
ATCGAGACAGGGGCTA-1	HTO4	CD22_A11_int_1411
ATCGAGTGTCAACCTC-1	HTO3	CD22_A3_nonint_4434
ATCGAGTGTCAGCAAT-1	HTO5	CD22_B1_nonint_2261
ATCGAGTGTCTTAGCC-1	HTO2	CD22_i61_2
ATCGAGTGTGCCTCGC-1	HTO1	CD22_m971
ATCGAGTGTGGGCGTT-1	HTO3	CD22_A3_nonint_4434
ATCGATTAGATCGTTG-1	HTO4	CD22_A11_int_1411
ATCGATTAGCTGCATA-1	HTO4	CD22_A11_int_1411
ATCGATTAGGGAATGT-1	HTO5	CD22_B1_nonint_2261
ATCGCAGGTACGGTGC-1	HTO4	CD22_A11_int_1411
ATCGCAGGTACTGGAT-1	HTO5	CD22_B1_nonint_2261
ATCGCAGGTAGGACTT-1	HTO4	CD22_A11_int_1411
ATCGCAGGTGCATGGC-1	HTO3	CD22_A3_nonint_4434
ATCGCAGGTGCCCGAG-1	HTO3	CD22_A3_nonint_4434
ATCGCAGGTGCGTTAG-1	HTO5	CD22_B1_nonint_2261
ATCGCATCAATCATGC-1	HTO1	CD22_m971
ATCGCATCAGTACAAG-1	HTO5	CD22_B1_nonint_2261
ATCGCATCAGTTACTA-1	HTO2	CD22_i61_2
ATCGCCACACAACTAC-1	HTO4	CD22_A11_int_1411
ATCGCCACACCAAGCC-1	HTO4	CD22_A11_int_1411
ATCGCCACACGTAGAA-1	HTO4	CD22_A11_int_1411
ATCGCCACAGCGACCT-1	HTO4	CD22_A11_int_1411
ATCGCCACAGGAAGGA-1	HTO2	CD22_i61_2
ATCGCCACAGGGTTAA-1	HTO2	CD22_i61_2
ATCGCCACAGTACGGG-1	HTO5	CD22_B1_nonint_2261
ATCGCCACAGTCATAC-1	HTO4	CD22_A11_int_1411
ATCGCCACAGTGAAAT-1	HTO3	CD22_A3_nonint_4434
ATCGCCCTCACTTCTA-1	HTO3	CD22_A3_nonint_4434
ATCGCCCTCATAAGTC-1	HTO1	CD22_m971
ATCGCCCTCCACCGCT-1	HTO5	CD22_B1_nonint_2261
ATCGCCCTCCGGCTTC-1	HTO5	CD22_B1_nonint_2261
ATCGCCCTCCTGGTAA-1	HTO1	CD22_m971
ATCGCGAGTGGAATCT-1	HTO1	CD22_m971
ATCGCGCCAACAATTT-1	HTO5	CD22_B1_nonint_2261
ATCGCGCCAAGACGTA-1	HTO5	CD22_B1_nonint_2261
ATCGCGCCAAGTCCAT-1	HTO5	CD22_B1_nonint_2261
ATCGCGCCACCTAAAC-1	HTO1	CD22_m971
ATCGCGCCACTCGTTC-1	HTO2	CD22_i61_2
ATCGCGGTCACAGTTG-1	HTO1	CD22_m971
ATCGCGGTCACCTCAT-1	HTO1	CD22_m971
ATCGCGGTCCAAGCTA-1	HTO5	CD22_B1_nonint_2261
ATCGCGGTCCACCATT-1	HTO5	CD22_B1_nonint_2261
ATCGCGGTCCGAGTGT-1	HTO5	CD22_B1_nonint_2261
ATCGCGGTCCTGACAA-1	HTO5	CD22_B1_nonint_2261
ATCGCGGTCGGCGTTG-1	HTO2	CD22_i61_2
ATCGCGTAGCATGTAT-1	HTO1	CD22_m971
ATCGCTCGTATCAATG-1	HTO5	CD22_B1_nonint_2261
ATCGCTCGTGCTTTCA-1	HTO1	CD22_m971
ATCGCTCGTGGAGCAG-1	HTO3	CD22_A3_nonint_4434
ATCGCTCGTGGCGAAG-1	HTO5	CD22_B1_nonint_2261
ATCGCTCGTGTGCCTT-1	HTO5	CD22_B1_nonint_2261
ATCGCTTTCACTTGTC-1	HTO2	CD22_i61_2
ATCGGAGAGATGAAGC-1	HTO1	CD22_m971
ATCGGAGAGGGCTGAA-1	HTO1	CD22_m971
ATCGGCCCAATCAAGG-1	HTO5	CD22_B1_nonint_2261
ATCGGCCCACAGTTAC-1	HTO2	CD22_i61_2
ATCGGCCCACCACCAA-1	HTO5	CD22_B1_nonint_2261
ATCGGCCCACCCTAAG-1	HTO5	CD22_B1_nonint_2261
ATCGGCCCAGCCTTAG-1	HTO5	CD22_B1_nonint_2261
ATCGGCGTCGGCTCGA-1	HTO5	CD22_B1_nonint_2261
ATCGGGCGTAAGTTTG-1	HTO5	CD22_B1_nonint_2261
ATCGGGCGTAGCGCGT-1	HTO1	CD22_m971
ATCGGGCGTGCTAAGT-1	HTO3	CD22_A3_nonint_4434
ATCGGGCGTGGACTGC-1	HTO5	CD22_B1_nonint_2261
ATCGGGGCAAATGACG-1	HTO3	CD22_A3_nonint_4434
ATCGGGGCAACTTCAA-1	HTO4	CD22_A11_int_1411
ATCGGGGCACATCTCC-1	HTO1	CD22_m971
ATCGGGGCACCAACAT-1	HTO2	CD22_i61_2
ATCGGGGCACCTAGGC-1	HTO5	CD22_B1_nonint_2261
ATCGGGGCACCTCTAC-1	HTO2	CD22_i61_2
ATCGGGTTCACCCATT-1	HTO3	CD22_A3_nonint_4434
ATCGGGTTCCAAATCG-1	HTO2	CD22_i61_2
ATCGGGTTCCTTCATA-1	HTO3	CD22_A3_nonint_4434
ATCGGGTTCGGCATTA-1	HTO1	CD22_m971
ATCGGGTTCGGGTATC-1	HTO4	CD22_A11_int_1411
ATCGGTCAGAAGGCTG-1	HTO1	CD22_m971
ATCGGTCAGAATGCAA-1	HTO1	CD22_m971
ATCGGTCAGCAGTATT-1	HTO5	CD22_B1_nonint_2261
ATCGGTCAGCCAAAGG-1	HTO3	CD22_A3_nonint_4434
ATCGGTCAGCTAGCGT-1	HTO1	CD22_m971
ATCGTACCACTTAAAT-1	HTO1	CD22_m971
ATCGTCGCACCGTAAT-1	HTO1	CD22_m971
ATCGTCGCACCTACGA-1	HTO5	CD22_B1_nonint_2261
ATCGTCGCAGCAATAG-1	HTO3	CD22_A3_nonint_4434
ATCGTCGCAGCTAACT-1	HTO5	CD22_B1_nonint_2261
ATCGTCGCAGTATAGG-1	HTO1	CD22_m971
ATCGTGGGTAATCCGG-1	HTO3	CD22_A3_nonint_4434
ATCGTGGGTACTAAGC-1	HTO4	CD22_A11_int_1411
ATCGTGGGTATGTCGG-1	HTO3	CD22_A3_nonint_4434
ATCGTGGGTATTGTCT-1	HTO3	CD22_A3_nonint_4434
ATCGTGGGTCATGCAG-1	HTO3	CD22_A3_nonint_4434
ATCGTGGGTCGAAGGG-1	HTO3	CD22_A3_nonint_4434
ATCGTGGGTGGTTTGG-1	HTO3	CD22_A3_nonint_4434
ATCGTTGAGAATGCAA-1	HTO4	CD22_A11_int_1411
ATCGTTGAGATAGGGT-1	HTO2	CD22_i61_2
ATCGTTGAGCATGCGT-1	HTO5	CD22_B1_nonint_2261
ATCGTTGAGGTTGCGT-1	HTO3	CD22_A3_nonint_4434
ATCTCACTCACCAATG-1	HTO1	CD22_m971
ATCTCACTCACGGCCA-1	HTO1	CD22_m971
ATCTCACTCATCCGCC-1	HTO3	CD22_A3_nonint_4434
ATCTCACTCCCGAAAC-1	HTO2	CD22_i61_2
ATCTCACTCCCTGAAA-1	HTO1	CD22_m971
ATCTCACTCGCTTACT-1	HTO3	CD22_A3_nonint_4434
ATCTCATGTACCTTTG-1	HTO3	CD22_A3_nonint_4434
ATCTCATGTAGGCAGG-1	HTO4	CD22_A11_int_1411
ATCTCATGTCCGATAG-1	HTO5	CD22_B1_nonint_2261
ATCTCGAAGGCTACCG-1	HTO4	CD22_A11_int_1411
ATCTCGCGTACTTCTG-1	HTO2	CD22_i61_2
ATCTCGCGTATCAGCG-1	HTO4	CD22_A11_int_1411
ATCTCGCGTATGGTTA-1	HTO1	CD22_m971
ATCTCGCGTCTTCTAG-1	HTO5	CD22_B1_nonint_2261
ATCTCGCGTGCGGGTT-1	HTO4	CD22_A11_int_1411
ATCTCGCGTGTTCGTC-1	HTO1	CD22_m971
ATCTCTATCATCTCCG-1	HTO3	CD22_A3_nonint_4434
ATCTCTATCCCCAATT-1	HTO5	CD22_B1_nonint_2261
ATCTCTATCCGATCAA-1	HTO2	CD22_i61_2
ATCTCTATCCTAAACG-1	HTO5	CD22_B1_nonint_2261
ATCTCTATCGGGCTAT-1	HTO2	CD22_i61_2
ATCTCTATCGTACTTC-1	HTO2	CD22_i61_2
ATCTCTGGTCAGTCAG-1	HTO3	CD22_A3_nonint_4434
ATCTCTGGTGCTCCGC-1	HTO5	CD22_B1_nonint_2261
ATCTCTTCAAAAGCAT-1	HTO5	CD22_B1_nonint_2261
ATCTCTTCAAGGGACT-1	HTO5	CD22_B1_nonint_2261
ATCTCTTCACACAACT-1	HTO1	CD22_m971
ATCTCTTCACCGTACA-1	HTO2	CD22_i61_2
ATCTCTTCAGTAGTAG-1	HTO3	CD22_A3_nonint_4434
ATCTGACCAACCCCAA-1	HTO1	CD22_m971
ATCTGACCAAGCGTCC-1	HTO5	CD22_B1_nonint_2261
ATCTGACCAATCGGCC-1	HTO4	CD22_A11_int_1411
ATCTGACCACATAGTC-1	HTO1	CD22_m971
ATCTGACCACCAAGCC-1	HTO3	CD22_A3_nonint_4434
ATCTGACCACTGGGGA-1	HTO2	CD22_i61_2
ATCTGACCAGGACTTT-1	HTO1	CD22_m971
ATCTGCAAGATAAGTG-1	HTO3	CD22_A3_nonint_4434
ATCTGCAAGCCACAAC-1	HTO1	CD22_m971
ATCTGCAAGGCTACAC-1	HTO5	CD22_B1_nonint_2261
ATCTGCAAGGTTGGAG-1	HTO4	CD22_A11_int_1411
ATCTGCCGTATCAGGT-1	HTO3	CD22_A3_nonint_4434
ATCTGCCGTCCGCTAT-1	HTO3	CD22_A3_nonint_4434
ATCTGCCGTGGCGTGT-1	HTO5	CD22_B1_nonint_2261
ATCTGGGGTACCTTGC-1	HTO2	CD22_i61_2
ATCTGGGGTAGTGTAC-1	HTO2	CD22_i61_2
ATCTGGGGTCCTAGCT-1	HTO5	CD22_B1_nonint_2261
ATCTGTTGTAGGCCCG-1	HTO1	CD22_m971
ATCTGTTGTCATAGTA-1	HTO2	CD22_i61_2
ATCTGTTGTGTAATTG-1	HTO2	CD22_i61_2
ATCTGTTGTGTGGTCA-1	HTO2	CD22_i61_2
ATCTTAGCAACAGGGT-1	HTO4	CD22_A11_int_1411
ATCTTAGCACAGTTTA-1	HTO2	CD22_i61_2
ATCTTAGCACTGCTCT-1	HTO2	CD22_i61_2
ATCTTAGCAGGTACAA-1	HTO5	CD22_B1_nonint_2261
ATCTTCATCAGCACTA-1	HTO4	CD22_A11_int_1411
ATCTTCATCAGTATTA-1	HTO5	CD22_B1_nonint_2261
ATCTTCATCATGTAGT-1	HTO2	CD22_i61_2
ATCTTCATCCATCTAC-1	HTO1	CD22_m971
ATCTTCATCCCACACC-1	HTO3	CD22_A3_nonint_4434
ATCTTCATCCGAATGC-1	HTO3	CD22_A3_nonint_4434
ATCTTCATCCGTCGCT-1	HTO3	CD22_A3_nonint_4434
ATCTTCATCCTTATCA-1	HTO5	CD22_B1_nonint_2261
ATCTTCATCGGTTGGT-1	HTO5	CD22_B1_nonint_2261
ATCTTCCAGACTGTTG-1	HTO3	CD22_A3_nonint_4434
ATCTTCCAGCACGTCG-1	HTO2	CD22_i61_2
ATCTTCCAGCTATGTG-1	HTO5	CD22_B1_nonint_2261
ATCTTCGGTAAGTGCT-1	HTO2	CD22_i61_2
ATCTTCGGTCCCTGTG-1	HTO1	CD22_m971
ATCTTCGGTCGTTAAA-1	HTO3	CD22_A3_nonint_4434
ATCTTCGGTGCTAGAT-1	HTO5	CD22_B1_nonint_2261
ATCTTCGGTGCTCTGT-1	HTO1	CD22_m971
ATCTTGGAGACCTTTC-1	HTO3	CD22_A3_nonint_4434
ATCTTGGAGCCGTTGG-1	HTO1	CD22_m971
ATCTTGGAGCTCCGGA-1	HTO1	CD22_m971
ATCTTGGAGGGATGAT-1	HTO3	CD22_A3_nonint_4434
ATCTTGGAGGTTCTAG-1	HTO5	CD22_B1_nonint_2261
ATCTTGTGTATGCTGG-1	HTO2	CD22_i61_2
ATGAAACCAACATATT-1	HTO4	CD22_A11_int_1411
ATGAAACCAACATGTC-1	HTO5	CD22_B1_nonint_2261
ATGAAACCAAGCTTCG-1	HTO1	CD22_m971
ATGAAACCACGATTAC-1	HTO2	CD22_i61_2
ATGAAACCAGCTAATC-1	HTO1	CD22_m971
ATGAAACCAGCTAGGG-1	HTO2	CD22_i61_2
ATGAAAGTCGCTTCCA-1	HTO3	CD22_A3_nonint_4434
ATGAAGCAGATGCATT-1	HTO4	CD22_A11_int_1411
ATGAAGCAGGGTCTGT-1	HTO4	CD22_A11_int_1411
ATGAAGCAGGTCGGTT-1	HTO5	CD22_B1_nonint_2261
ATGAAGGGTAGTTTAG-1	HTO3	CD22_A3_nonint_4434
ATGAAGGGTATACGGT-1	HTO5	CD22_B1_nonint_2261
ATGAAGGGTCTAAGTA-1	HTO5	CD22_B1_nonint_2261
ATGAAGGGTGGCTTAG-1	HTO4	CD22_A11_int_1411
ATGAATACAATATTAC-1	HTO2	CD22_i61_2
ATGAATACACACTCTC-1	HTO5	CD22_B1_nonint_2261
ATGAATACACAGTCGC-1	HTO2	CD22_i61_2
ATGAATACAGTACATC-1	HTO2	CD22_i61_2
ATGAATACAGTCTTAA-1	HTO4	CD22_A11_int_1411
ATGAATCTCATGACCA-1	HTO5	CD22_B1_nonint_2261
ATGAATCTCCAAATCG-1	HTO2	CD22_i61_2
ATGAATCTCCTTGTGT-1	HTO5	CD22_B1_nonint_2261
ATGAATCTCGCGTGCA-1	HTO1	CD22_m971
ATGACAGCAAGTACGA-1	HTO2	CD22_i61_2
ATGACAGCAATCGCCA-1	HTO1	CD22_m971
ATGACAGCACCACCAA-1	HTO1	CD22_m971
ATGACAGCACGGCACT-1	HTO5	CD22_B1_nonint_2261
ATGACAGCACTTCTCA-1	HTO2	CD22_i61_2
ATGACCATCACCATCT-1	HTO5	CD22_B1_nonint_2261
ATGACCATCACCCATT-1	HTO3	CD22_A3_nonint_4434
ATGACCATCAGTCAGC-1	HTO5	CD22_B1_nonint_2261
ATGACCTCAACCATAC-1	HTO1	CD22_m971
ATGACCTCAACTTAAT-1	HTO4	CD22_A11_int_1411
ATGACCTCAGCTAATC-1	HTO5	CD22_B1_nonint_2261
ATGACCTCAGCTAGCC-1	HTO5	CD22_B1_nonint_2261
ATGACGACAACACTCG-1	HTO4	CD22_A11_int_1411
ATGACGACACCTTGAG-1	HTO4	CD22_A11_int_1411
ATGACGACACTCGGGT-1	HTO2	CD22_i61_2
ATGACGACAGGTCTAT-1	HTO2	CD22_i61_2
ATGACGGAGCACTACA-1	HTO2	CD22_i61_2
ATGAGAGGTAAAGCCT-1	HTO1	CD22_m971
ATGAGAGGTCATGGAT-1	HTO3	CD22_A3_nonint_4434
ATGAGAGGTCTGGCTT-1	HTO2	CD22_i61_2
ATGAGCTGTCACCGCC-1	HTO3	CD22_A3_nonint_4434
ATGAGCTGTGGGGCTT-1	HTO4	CD22_A11_int_1411
ATGAGGAGTAGGCTTG-1	HTO1	CD22_m971
ATGAGGAGTCAACTCC-1	HTO4	CD22_A11_int_1411
ATGAGGAGTCATGCAG-1	HTO2	CD22_i61_2
ATGAGGTAGATGGCGA-1	HTO5	CD22_B1_nonint_2261
ATGAGGTAGATTAACC-1	HTO2	CD22_i61_2
ATGAGGTAGGTAGGAT-1	HTO4	CD22_A11_int_1411
ATGAGGTAGGTATATC-1	HTO1	CD22_m971
ATGAGTAAGACCTGTA-1	HTO1	CD22_m971
ATGAGTAAGATACCCA-1	HTO5	CD22_B1_nonint_2261
ATGAGTAAGCACGTAC-1	HTO1	CD22_m971
ATGAGTAAGGCGCTCA-1	HTO1	CD22_m971
ATGAGTAAGGCTTGTA-1	HTO2	CD22_i61_2
ATGAGTAAGGGAATCG-1	HTO1	CD22_m971
ATGAGTAAGGGCGAAC-1	HTO1	CD22_m971
ATGAGTCGTCGATGAT-1	HTO2	CD22_i61_2
ATGAGTCGTCGCTTCG-1	HTO2	CD22_i61_2
ATGAGTCGTCTCCTGG-1	HTO1	CD22_m971
ATGAGTTTCCGATCAA-1	HTO1	CD22_m971
ATGAGTTTCCTTATGC-1	HTO2	CD22_i61_2
ATGAGTTTCGGCAACT-1	HTO2	CD22_i61_2
ATGATCCCAAAGGGGA-1	HTO4	CD22_A11_int_1411
ATGATCCCAACTGAGA-1	HTO1	CD22_m971
ATGATCCCAAGCAGTA-1	HTO3	CD22_A3_nonint_4434
ATGATCCCAATGCCCA-1	HTO5	CD22_B1_nonint_2261
ATGATCCCAGCTAGAA-1	HTO3	CD22_A3_nonint_4434
ATGATCCCAGGCATAA-1	HTO2	CD22_i61_2
ATGATGAAGACATTCG-1	HTO3	CD22_A3_nonint_4434
ATGATGAAGCACAAGG-1	HTO3	CD22_A3_nonint_4434
ATGATGAAGCACTTAG-1	HTO2	CD22_i61_2
ATGATGAAGCCCTTAT-1	HTO1	CD22_m971
ATGATGAAGGGAAATC-1	HTO2	CD22_i61_2
ATGATGAAGGGCTCAT-1	HTO2	CD22_i61_2
ATGATGCGTAACAGGA-1	HTO1	CD22_m971
ATGATGCGTCACCGCC-1	HTO5	CD22_B1_nonint_2261
ATGATGCGTCGATGGC-1	HTO2	CD22_i61_2
ATGATGTTCAACGTTG-1	HTO3	CD22_A3_nonint_4434
ATGATGTTCACAGTTG-1	HTO2	CD22_i61_2
ATGATGTTCACCAAAT-1	HTO2	CD22_i61_2
ATGATGTTCACTATCC-1	HTO5	CD22_B1_nonint_2261
ATGATGTTCCAGGTTA-1	HTO3	CD22_A3_nonint_4434
ATGATGTTCCGTTTAC-1	HTO2	CD22_i61_2
ATGCAATTCACTGTTC-1	HTO5	CD22_B1_nonint_2261
ATGCAATTCCACTCTG-1	HTO1	CD22_m971
ATGCAATTCGGATTGC-1	HTO1	CD22_m971
ATGCAATTCGTGAACC-1	HTO2	CD22_i61_2
ATGCACTCAACCTCTC-1	HTO4	CD22_A11_int_1411
ATGCACTCAATGCGCC-1	HTO5	CD22_B1_nonint_2261
ATGCACTCAATTAATC-1	HTO5	CD22_B1_nonint_2261
ATGCACTCACGCTTTC-1	HTO4	CD22_A11_int_1411
ATGCAGACAAGAATAC-1	HTO2	CD22_i61_2
ATGCAGACAAGCTGCC-1	HTO2	CD22_i61_2
ATGCAGACAATTAAGA-1	HTO2	CD22_i61_2
ATGCAGACAATTACGC-1	HTO3	CD22_A3_nonint_4434
ATGCAGACAATTCGTA-1	HTO1	CD22_m971
ATGCAGACACCACGGT-1	HTO2	CD22_i61_2
ATGCAGACACTCATAA-1	HTO5	CD22_B1_nonint_2261
ATGCAGCTCAAGCCTA-1	HTO1	CD22_m971
ATGCAGCTCACGAGCT-1	HTO2	CD22_i61_2
ATGCAGCTCAGTCCGG-1	HTO5	CD22_B1_nonint_2261
ATGCAGCTCCAATCGA-1	HTO2	CD22_i61_2
ATGCAGCTCCGCATGG-1	HTO4	CD22_A11_int_1411
ATGCAGCTCGTTCATC-1	HTO1	CD22_m971
ATGCAGTGTACCTTGC-1	HTO5	CD22_B1_nonint_2261
ATGCAGTGTCATCGGA-1	HTO3	CD22_A3_nonint_4434
ATGCAGTGTGCTTCCG-1	HTO1	CD22_m971
ATGCAGTGTGTGCCTT-1	HTO1	CD22_m971
ATGCATCCAACAACAG-1	HTO5	CD22_B1_nonint_2261
ATGCATCCAACCCTAG-1	HTO3	CD22_A3_nonint_4434
ATGCATCCAACTGAAG-1	HTO4	CD22_A11_int_1411
ATGCATCCAACTGCCA-1	HTO2	CD22_i61_2
ATGCATCCACATGAAG-1	HTO1	CD22_m971
ATGCATCCACGTTTCC-1	HTO5	CD22_B1_nonint_2261
ATGCATTAGCAAGTTT-1	HTO2	CD22_i61_2
ATGCATTAGCACCTAA-1	HTO4	CD22_A11_int_1411
ATGCATTAGGCGATAG-1	HTO5	CD22_B1_nonint_2261
ATGCATTAGGGTTCGT-1	HTO1	CD22_m971
ATGCATTAGGTGTATT-1	HTO4	CD22_A11_int_1411
ATGCCACAGACAACGG-1	HTO3	CD22_A3_nonint_4434
ATGCCACAGAGAGGTT-1	HTO4	CD22_A11_int_1411
ATGCCACAGGTATAGA-1	HTO5	CD22_B1_nonint_2261
ATGCCACAGGTCAATT-1	HTO4	CD22_A11_int_1411
ATGCCACAGGTCACGT-1	HTO3	CD22_A3_nonint_4434
ATGCCAGGTACCTCCG-1	HTO3	CD22_A3_nonint_4434
ATGCCAGGTACTACCC-1	HTO2	CD22_i61_2
ATGCCAGGTACTTAAG-1	HTO3	CD22_A3_nonint_4434
ATGCCAGGTATCCTGC-1	HTO4	CD22_A11_int_1411
ATGCCAGGTCGCTAAG-1	HTO5	CD22_B1_nonint_2261
ATGCCCACAAGCGCAG-1	HTO2	CD22_i61_2
ATGCCCACACGGCAAG-1	HTO4	CD22_A11_int_1411
ATGCCCACAGCGGACA-1	HTO5	CD22_B1_nonint_2261
ATGCCCACAGTCAACT-1	HTO5	CD22_B1_nonint_2261
ATGCCCGAGAGCGGGT-1	HTO3	CD22_A3_nonint_4434
ATGCCCGAGGCTTCCC-1	HTO4	CD22_A11_int_1411
ATGCCGAGTACCACTC-1	HTO2	CD22_i61_2
ATGCCGAGTCAGCGTA-1	HTO4	CD22_A11_int_1411
ATGCCGAGTGCTACCT-1	HTO3	CD22_A3_nonint_4434
ATGCCGAGTGGCACGT-1	HTO5	CD22_B1_nonint_2261
ATGCCGAGTGGGAGAT-1	HTO2	CD22_i61_2
ATGCCGCCAACAAGAT-1	HTO2	CD22_i61_2
ATGCCGCCAACCTAAC-1	HTO4	CD22_A11_int_1411
ATGCCGCCAATGTCCG-1	HTO5	CD22_B1_nonint_2261
ATGCCGCCAATGTGTC-1	HTO2	CD22_i61_2
ATGCCGCCAGTGCGAG-1	HTO4	CD22_A11_int_1411
ATGCCTCGTACATTCT-1	HTO5	CD22_B1_nonint_2261
ATGCCTTTCACGATAT-1	HTO4	CD22_A11_int_1411
ATGCCTTTCCCAACCC-1	HTO2	CD22_i61_2
ATGCCTTTCCTAAACG-1	HTO1	CD22_m971
ATGCGAACAACCCTCT-1	HTO5	CD22_B1_nonint_2261
ATGCGAACAACGCGAG-1	HTO5	CD22_B1_nonint_2261
ATGCGAACACAGCAGG-1	HTO3	CD22_A3_nonint_4434
ATGCGAACAGCTTCAG-1	HTO5	CD22_B1_nonint_2261
ATGCGAACAGTGTTAC-1	HTO2	CD22_i61_2
ATGCGAGAGATGCGAG-1	HTO5	CD22_B1_nonint_2261
ATGCGAGAGATTAACC-1	HTO1	CD22_m971
ATGCGAGAGCTGAATT-1	HTO1	CD22_m971
ATGCGAGAGGGAAATC-1	HTO4	CD22_A11_int_1411
ATGCGATGTCAGCATG-1	HTO2	CD22_i61_2
ATGCGATGTGTACTCC-1	HTO5	CD22_B1_nonint_2261
ATGCGCAGTCCTACGT-1	HTO1	CD22_m971
ATGCGCAGTGGTTCAG-1	HTO5	CD22_B1_nonint_2261
ATGCGCCCAACAATGG-1	HTO4	CD22_A11_int_1411
ATGCGCCCAACATAGG-1	HTO4	CD22_A11_int_1411
ATGCGCCCAACTCGAT-1	HTO2	CD22_i61_2
ATGCGCCCAGGGTTAA-1	HTO5	CD22_B1_nonint_2261
ATGCGCCCAGTAGCGG-1	HTO5	CD22_B1_nonint_2261
ATGCGGAAGAGTACGG-1	HTO3	CD22_A3_nonint_4434
ATGCGGAAGCCAAATT-1	HTO4	CD22_A11_int_1411
ATGCGGAAGGGAGATT-1	HTO2	CD22_i61_2
ATGCGGCGTAGACGTT-1	HTO1	CD22_m971
ATGCGGCGTATCACCC-1	HTO3	CD22_A3_nonint_4434
ATGCGGCGTCACACCT-1	HTO5	CD22_B1_nonint_2261
ATGCGGCGTGCCCGTC-1	HTO1	CD22_m971
ATGCGGGCAAACGAGC-1	HTO5	CD22_B1_nonint_2261
ATGCGGGCAATCACTA-1	HTO5	CD22_B1_nonint_2261
ATGCGGGCACCGTCAA-1	HTO2	CD22_i61_2
ATGCGGGCAGCAAGAC-1	HTO5	CD22_B1_nonint_2261
ATGCGGGCAGTGTCAT-1	HTO1	CD22_m971
ATGCGTATCAACGTGC-1	HTO3	CD22_A3_nonint_4434
ATGCGTATCAGTGGTC-1	HTO4	CD22_A11_int_1411
ATGCGTATCATGAATC-1	HTO5	CD22_B1_nonint_2261
ATGCGTATCCATATGG-1	HTO5	CD22_B1_nonint_2261
ATGCGTATCCTCCTTC-1	HTO2	CD22_i61_2
ATGCTACCAATCAAGG-1	HTO5	CD22_B1_nonint_2261
ATGCTACCACCAAGGG-1	HTO1	CD22_m971
ATGCTACCAGTTAATT-1	HTO1	CD22_m971
ATGCTCAAGCAACCGT-1	HTO2	CD22_i61_2
ATGCTCAAGCACTTAG-1	HTO3	CD22_A3_nonint_4434
ATGCTCAAGCGCTTGG-1	HTO5	CD22_B1_nonint_2261
ATGCTCAAGCTGTTGA-1	HTO2	CD22_i61_2
ATGCTCCGTACAGGTT-1	HTO4	CD22_A11_int_1411
ATGCTCCGTAGCCTCT-1	HTO3	CD22_A3_nonint_4434
ATGCTCCGTATTCGTT-1	HTO2	CD22_i61_2
ATGCTCCGTCCAGAAT-1	HTO2	CD22_i61_2
ATGCTCCGTGCGAGAG-1	HTO4	CD22_A11_int_1411
ATGCTCCGTGGGTTTG-1	HTO1	CD22_m971
ATGCTCCGTGTACTCC-1	HTO1	CD22_m971
ATGCTCGCAAACGTTC-1	HTO3	CD22_A3_nonint_4434
ATGCTCGCAAATCGAG-1	HTO1	CD22_m971
ATGCTCGCAAGAATAC-1	HTO3	CD22_A3_nonint_4434
ATGCTCGCACACTATA-1	HTO3	CD22_A3_nonint_4434
ATGCTCGCACCTACCT-1	HTO4	CD22_A11_int_1411
ATGCTGGGTATTACCT-1	HTO4	CD22_A11_int_1411
ATGCTGGGTCACCGTT-1	HTO4	CD22_A11_int_1411
ATGCTGGGTCACTTTG-1	HTO4	CD22_A11_int_1411
ATGCTGGGTCTAGTAA-1	HTO5	CD22_B1_nonint_2261
ATGCTGGGTCTTAGCC-1	HTO3	CD22_A3_nonint_4434
ATGCTGGGTCTTAGTT-1	HTO3	CD22_A3_nonint_4434
ATGCTGGGTGCTTCCG-1	HTO2	CD22_i61_2
ATGCTGGGTGCTTGTC-1	HTO2	CD22_i61_2
ATGCTGGGTGGCTTAG-1	HTO1	CD22_m971
ATGCTGGGTGGTGTAT-1	HTO3	CD22_A3_nonint_4434
ATGCTTACAAGTAACG-1	HTO1	CD22_m971
ATGCTTACAATAAGAC-1	HTO3	CD22_A3_nonint_4434
ATGCTTACAGCGACGA-1	HTO3	CD22_A3_nonint_4434
ATGCTTACAGTATACC-1	HTO4	CD22_A11_int_1411
ATGCTTCTCCACCTAT-1	HTO2	CD22_i61_2
ATGCTTCTCCTAGCAA-1	HTO4	CD22_A11_int_1411
ATGCTTCTCGTATAGT-1	HTO2	CD22_i61_2
ATGCTTCTCGTCCAAA-1	HTO1	CD22_m971
ATGGAAATCATGACCA-1	HTO2	CD22_i61_2
ATGGAAATCCCTAATC-1	HTO2	CD22_i61_2
ATGGAAATCGTGATAT-1	HTO3	CD22_A3_nonint_4434
ATGGACACACGTCTAG-1	HTO4	CD22_A11_int_1411
ATGGACCTCACGTGGT-1	HTO1	CD22_m971
ATGGACCTCATCACTC-1	HTO3	CD22_A3_nonint_4434
ATGGACCTCATGGGCT-1	HTO4	CD22_A11_int_1411
ATGGACCTCCCTGATT-1	HTO1	CD22_m971
ATGGACCTCCGATCAA-1	HTO5	CD22_B1_nonint_2261
ATGGAGAGTGGATTGT-1	HTO5	CD22_B1_nonint_2261
ATGGAGAGTGTGTCGA-1	HTO1	CD22_m971
ATGGAGAGTGTTAAGC-1	HTO5	CD22_B1_nonint_2261
ATGGAGTAGCAATGTT-1	HTO1	CD22_m971
ATGGAGTAGGCTATGC-1	HTO2	CD22_i61_2
ATGGCCAGTATTCGTT-1	HTO4	CD22_A11_int_1411
ATGGCCAGTCTCGCTG-1	HTO5	CD22_B1_nonint_2261
ATGGCCAGTGCCCATT-1	HTO3	CD22_A3_nonint_4434
ATGGCCAGTGGGAGAT-1	HTO4	CD22_A11_int_1411
ATGGCCAGTGTAAAGG-1	HTO5	CD22_B1_nonint_2261
ATGGCCCCAATCCGCA-1	HTO2	CD22_i61_2
ATGGCCCCACGAATCT-1	HTO1	CD22_m971
ATGGCCCCAGTCGGTC-1	HTO3	CD22_A3_nonint_4434
ATGGCCGTCACGGTTA-1	HTO2	CD22_i61_2
ATGGCCGTCCAGGTGT-1	HTO5	CD22_B1_nonint_2261
ATGGCCGTCCCTATAC-1	HTO5	CD22_B1_nonint_2261
ATGGCGAAGAAGTGTA-1	HTO2	CD22_i61_2
ATGGCGAAGAGTTGCC-1	HTO2	CD22_i61_2
ATGGCGAAGATATACC-1	HTO5	CD22_B1_nonint_2261
ATGGCGCGTAACGCTG-1	HTO1	CD22_m971
ATGGCGCGTACTTGCC-1	HTO2	CD22_i61_2
ATGGCGGCAAAAGCAT-1	HTO5	CD22_B1_nonint_2261
ATGGCGGCAACGCGCT-1	HTO3	CD22_A3_nonint_4434
ATGGCGTTCAATATTG-1	HTO1	CD22_m971
ATGGCGTTCAGTACGC-1	HTO1	CD22_m971
ATGGCGTTCAGTCGCG-1	HTO1	CD22_m971
ATGGCGTTCATCGCCC-1	HTO1	CD22_m971
ATGGCGTTCGCAATAT-1	HTO4	CD22_A11_int_1411
ATGGCGTTCGGAAACG-1	HTO1	CD22_m971
ATGGCTATCAGGCACT-1	HTO2	CD22_i61_2
ATGGCTATCCCACAGG-1	HTO5	CD22_B1_nonint_2261
ATGGCTATCGCCAATA-1	HTO3	CD22_A3_nonint_4434
ATGGCTATCGCTTCAT-1	HTO5	CD22_B1_nonint_2261
ATGGCTATCGGTATTG-1	HTO3	CD22_A3_nonint_4434
ATGGCTATCGTAGGCT-1	HTO5	CD22_B1_nonint_2261
ATGGGACCAATAGCCT-1	HTO1	CD22_m971
ATGGGACCAATAGGGC-1	HTO5	CD22_B1_nonint_2261
ATGGGACCAATCACGT-1	HTO1	CD22_m971
ATGGGACCACGAACGG-1	HTO5	CD22_B1_nonint_2261
ATGGGACCACGTTCGA-1	HTO2	CD22_i61_2
ATGGGATAGAACCATT-1	HTO3	CD22_A3_nonint_4434
ATGGGATAGAGCGAAT-1	HTO5	CD22_B1_nonint_2261
ATGGGATAGCTGTATG-1	HTO2	CD22_i61_2
ATGGGATAGGCGAGTA-1	HTO4	CD22_A11_int_1411
ATGGGCAAGAGTTGGG-1	HTO5	CD22_B1_nonint_2261
ATGGGCAAGATTCAAC-1	HTO1	CD22_m971
ATGGGCAAGCATCGAC-1	HTO2	CD22_i61_2
ATGGGCAAGCTAGATT-1	HTO5	CD22_B1_nonint_2261
ATGGGCAAGGGGCTAA-1	HTO3	CD22_A3_nonint_4434
ATGGGCAAGGGTAGCA-1	HTO5	CD22_B1_nonint_2261
ATGGGCCGTCCATTCA-1	HTO5	CD22_B1_nonint_2261
ATGGGCGCAAATTACT-1	HTO4	CD22_A11_int_1411
ATGGGCGCAATAACCC-1	HTO5	CD22_B1_nonint_2261
ATGGGCGCACAGCTCA-1	HTO3	CD22_A3_nonint_4434
ATGGGCGCAGCTCCAA-1	HTO5	CD22_B1_nonint_2261
ATGGGCGCAGGGGCTA-1	HTO2	CD22_i61_2
ATGGGCGCAGGTAGCG-1	HTO1	CD22_m971
ATGGGCTTCAGTTAGT-1	HTO2	CD22_i61_2
ATGGGCTTCATGAGTT-1	HTO2	CD22_i61_2
ATGGGCTTCCCTAGGG-1	HTO4	CD22_A11_int_1411
ATGGGCTTCCCTTAAC-1	HTO3	CD22_A3_nonint_4434
ATGGGCTTCGTCTCGC-1	HTO2	CD22_i61_2
ATGGGGCAGACCACGT-1	HTO1	CD22_m971
ATGGGGCAGATTAAGG-1	HTO5	CD22_B1_nonint_2261
ATGGGGCAGCGGCATT-1	HTO2	CD22_i61_2
ATGGGGCAGCGGCTTG-1	HTO5	CD22_B1_nonint_2261
ATGGGGCAGGGTCGTT-1	HTO5	CD22_B1_nonint_2261
ATGGGGTCAAATGAAC-1	HTO1	CD22_m971
ATGGGGTCACCGCATA-1	HTO4	CD22_A11_int_1411
ATGGGGTCACTGACCA-1	HTO3	CD22_A3_nonint_4434
ATGGGGTCAGCACGGA-1	HTO5	CD22_B1_nonint_2261
ATGGGGTCAGCTACCA-1	HTO3	CD22_A3_nonint_4434
ATGGGTCTCACACTTC-1	HTO3	CD22_A3_nonint_4434
ATGGGTCTCACTAAAC-1	HTO2	CD22_i61_2
ATGGGTCTCAGTCAGC-1	HTO4	CD22_A11_int_1411
ATGGGTCTCAGTGATT-1	HTO3	CD22_A3_nonint_4434
ATGGGTCTCGCCCTAC-1	HTO3	CD22_A3_nonint_4434
ATGGGTCTCGGGTTCG-1	HTO3	CD22_A3_nonint_4434
ATGGGTCTCGTGTCAA-1	HTO1	CD22_m971
ATGGGTGAGCGTTTAG-1	HTO5	CD22_B1_nonint_2261
ATGGGTGAGCTGCTAA-1	HTO5	CD22_B1_nonint_2261
ATGGGTGAGGCTATGC-1	HTO4	CD22_A11_int_1411
ATGGGTTGTCATCTTG-1	HTO4	CD22_A11_int_1411
ATGGGTTGTCGACGGT-1	HTO3	CD22_A3_nonint_4434
ATGGGTTGTCGCACCC-1	HTO2	CD22_i61_2
ATGGGTTGTCGTGAGC-1	HTO1	CD22_m971
ATGGGTTGTGCTTGGA-1	HTO1	CD22_m971
ATGGGTTGTGGCTTTC-1	HTO4	CD22_A11_int_1411
ATGGGTTGTGTTCGCT-1	HTO2	CD22_i61_2
ATGGTAAAGAGGGGTC-1	HTO1	CD22_m971
ATGGTAAAGAGTGCAG-1	HTO4	CD22_A11_int_1411
ATGGTAAAGCACCCAG-1	HTO4	CD22_A11_int_1411
ATGGTAAAGCACGCCA-1	HTO4	CD22_A11_int_1411
ATGGTAAAGCATACAT-1	HTO5	CD22_B1_nonint_2261
ATGGTAAAGGGAATTA-1	HTO5	CD22_B1_nonint_2261
ATGGTAAAGGGTACAG-1	HTO5	CD22_B1_nonint_2261
ATGGTAGCACCTACTC-1	HTO2	CD22_i61_2
ATGGTCATCACTAAAC-1	HTO4	CD22_A11_int_1411
ATGGTCATCACTCATC-1	HTO3	CD22_A3_nonint_4434
ATGGTCATCATGTCAG-1	HTO2	CD22_i61_2
ATGGTCATCCATTCTA-1	HTO4	CD22_A11_int_1411
ATGGTCATCGGGTCCA-1	HTO5	CD22_B1_nonint_2261
ATGGTCATCGTGCGTG-1	HTO1	CD22_m971
ATGGTCTCAACCCACA-1	HTO3	CD22_A3_nonint_4434
ATGGTCTCAACTGAAG-1	HTO2	CD22_i61_2
ATGGTCTCAAGCGTCC-1	HTO1	CD22_m971
ATGGTCTCAATTCATG-1	HTO4	CD22_A11_int_1411
ATGGTCTCACTAAAGG-1	HTO1	CD22_m971
ATGGTCTCACTGATTA-1	HTO4	CD22_A11_int_1411
ATGGTCTCAGTATAGG-1	HTO2	CD22_i61_2
ATGGTGCTCACTCTGT-1	HTO2	CD22_i61_2
ATGGTGCTCCCAATTC-1	HTO4	CD22_A11_int_1411
ATGGTGCTCCCAGCTC-1	HTO3	CD22_A3_nonint_4434
ATGGTGCTCGGGTATC-1	HTO5	CD22_B1_nonint_2261
ATGGTGCTCGTTCGGG-1	HTO5	CD22_B1_nonint_2261
ATGGTGGAGAACGTTT-1	HTO2	CD22_i61_2
ATGGTGGAGATACGAA-1	HTO1	CD22_m971
ATGGTGGAGGCTTGTA-1	HTO4	CD22_A11_int_1411
ATGGTGGAGGGCTCAT-1	HTO2	CD22_i61_2
ATGGTGGAGGTTGGTC-1	HTO1	CD22_m971
ATGGTTAGTAATGTTG-1	HTO5	CD22_B1_nonint_2261
ATGGTTAGTATCCTAT-1	HTO1	CD22_m971
ATGGTTAGTGGTAAAG-1	HTO4	CD22_A11_int_1411
ATGGTTGTCAACTCTC-1	HTO3	CD22_A3_nonint_4434
ATGGTTGTCAGGGACA-1	HTO5	CD22_B1_nonint_2261
ATGGTTGTCAGTGCTA-1	HTO3	CD22_A3_nonint_4434
ATGGTTGTCCCAACTT-1	HTO2	CD22_i61_2
ATGGTTGTCGTATCAG-1	HTO3	CD22_A3_nonint_4434
ATGGTTTAGACAGAAC-1	HTO4	CD22_A11_int_1411
ATGGTTTAGACAGTTT-1	HTO2	CD22_i61_2
ATGGTTTAGCAAATGA-1	HTO4	CD22_A11_int_1411
ATGGTTTAGGCATACC-1	HTO4	CD22_A11_int_1411
ATGTAACTCACGCCCT-1	HTO1	CD22_m971
ATGTAACTCAGCACGT-1	HTO4	CD22_A11_int_1411
ATGTAACTCGCCACTC-1	HTO3	CD22_A3_nonint_4434
ATGTACAGTGGACCGT-1	HTO1	CD22_m971
ATGTACAGTGGTCTCT-1	HTO4	CD22_A11_int_1411
ATGTACAGTGTAGTTA-1	HTO2	CD22_i61_2
ATGTAGAAGACGTATT-1	HTO1	CD22_m971
ATGTAGAAGCACCTCC-1	HTO5	CD22_B1_nonint_2261
ATGTAGAAGCATGGTC-1	HTO1	CD22_m971
ATGTAGAAGCTCGAAC-1	HTO5	CD22_B1_nonint_2261
ATGTATCAGACAAGTA-1	HTO2	CD22_i61_2
ATGTATCAGCCGTTAA-1	HTO3	CD22_A3_nonint_4434
ATGTATTCAATACGGA-1	HTO3	CD22_A3_nonint_4434
ATGTATTCACGCTGAC-1	HTO1	CD22_m971
ATGTATTCAGGAATAT-1	HTO4	CD22_A11_int_1411
ATGTCAGTCACGAGCT-1	HTO5	CD22_B1_nonint_2261
ATGTCAGTCAGTGAAA-1	HTO2	CD22_i61_2
ATGTCAGTCATGTGGC-1	HTO1	CD22_m971
ATGTCAGTCCCTAATC-1	HTO2	CD22_i61_2
ATGTCAGTCGGAGGTA-1	HTO3	CD22_A3_nonint_4434
ATGTCAGTCGGCGAAA-1	HTO1	CD22_m971
ATGTCAGTCGGGCAAA-1	HTO3	CD22_A3_nonint_4434
ATGTCCGCAAACATAA-1	HTO2	CD22_i61_2
ATGTCCGCACACAATC-1	HTO5	CD22_B1_nonint_2261
ATGTCCGCACTTCTCA-1	HTO2	CD22_i61_2
ATGTCCGCAGTACATC-1	HTO3	CD22_A3_nonint_4434
ATGTCCTTCACTGTTC-1	HTO4	CD22_A11_int_1411
ATGTCCTTCATGGTCA-1	HTO3	CD22_A3_nonint_4434
ATGTCCTTCCGTTTCG-1	HTO2	CD22_i61_2
ATGTCCTTCGCGTTAA-1	HTO3	CD22_A3_nonint_4434
ATGTCGATCATAATGC-1	HTO1	CD22_m971
ATGTCGATCATGGGTC-1	HTO2	CD22_i61_2
ATGTCGATCGTCCGCT-1	HTO3	CD22_A3_nonint_4434
ATGTCGGGTACATTAG-1	HTO5	CD22_B1_nonint_2261
ATGTCGGGTCAGGTAT-1	HTO5	CD22_B1_nonint_2261
ATGTCGGGTGGTTATA-1	HTO5	CD22_B1_nonint_2261
ATGTCTTGTAATACTG-1	HTO3	CD22_A3_nonint_4434
ATGTCTTGTAGAATGG-1	HTO2	CD22_i61_2
ATGTCTTGTAGCAATC-1	HTO5	CD22_B1_nonint_2261
ATGTCTTGTATACCCC-1	HTO3	CD22_A3_nonint_4434
ATGTCTTGTATACTTC-1	HTO2	CD22_i61_2
ATGTCTTGTATCCGTC-1	HTO1	CD22_m971
ATGTCTTGTCTGGTAG-1	HTO2	CD22_i61_2
ATGTGAAAGACCTTAG-1	HTO1	CD22_m971
ATGTGAAAGATACAAG-1	HTO3	CD22_A3_nonint_4434
ATGTGAAAGATCCTGA-1	HTO5	CD22_B1_nonint_2261
ATGTGAAAGCTTGTGA-1	HTO5	CD22_B1_nonint_2261
ATGTGAAAGGCAAAGT-1	HTO1	CD22_m971
ATGTGAAAGGCCATAC-1	HTO5	CD22_B1_nonint_2261
ATGTGAAAGGCTCACG-1	HTO2	CD22_i61_2
ATGTGAAAGGGATAGT-1	HTO5	CD22_B1_nonint_2261
ATGTGAAAGGGTTCGT-1	HTO1	CD22_m971
ATGTGAGCAACACTAC-1	HTO4	CD22_A11_int_1411
ATGTGAGCAGGCAATA-1	HTO4	CD22_A11_int_1411
ATGTGAGCAGTATTCA-1	HTO2	CD22_i61_2
ATGTGCGGTCGGCTCC-1	HTO4	CD22_A11_int_1411
ATGTGGCTCAAGCTTG-1	HTO4	CD22_A11_int_1411
ATGTGGCTCACGGGTT-1	HTO3	CD22_A3_nonint_4434
ATGTGGCTCACTAATA-1	HTO1	CD22_m971
ATGTGGCTCATACCTC-1	HTO5	CD22_B1_nonint_2261
ATGTGGCTCCCTTAAC-1	HTO4	CD22_A11_int_1411
ATGTGGCTCCTAGCCC-1	HTO2	CD22_i61_2
ATGTGGCTCGTCACCC-1	HTO1	CD22_m971
ATGTGGCTCGTTACTC-1	HTO2	CD22_i61_2
ATGTGTAGTAGCCTTC-1	HTO3	CD22_A3_nonint_4434
ATGTGTAGTATCAGGT-1	HTO2	CD22_i61_2
ATGTGTAGTATGTTGA-1	HTO4	CD22_A11_int_1411
ATGTGTAGTCTAAATG-1	HTO3	CD22_A3_nonint_4434
ATGTGTAGTGGTGTAT-1	HTO2	CD22_i61_2
ATGTGTCCAACAACCT-1	HTO2	CD22_i61_2
ATGTGTCCAAGCAAAT-1	HTO2	CD22_i61_2
ATGTGTCCAATACGCT-1	HTO5	CD22_B1_nonint_2261
ATGTGTCCAATGGGCG-1	HTO3	CD22_A3_nonint_4434
ATGTGTCCAGTGAGCG-1	HTO3	CD22_A3_nonint_4434
ATGTGTTAGAAACGGT-1	HTO3	CD22_A3_nonint_4434
ATGTGTTAGAACTTGT-1	HTO1	CD22_m971
ATGTGTTAGACCTATG-1	HTO2	CD22_i61_2
ATGTGTTAGACGATGG-1	HTO2	CD22_i61_2
ATGTGTTAGAGGCTGA-1	HTO5	CD22_B1_nonint_2261
ATGTGTTAGGTCATGC-1	HTO2	CD22_i61_2
ATGTTAATCCACCCTA-1	HTO2	CD22_i61_2
ATGTTAATCCCTAATC-1	HTO3	CD22_A3_nonint_4434
ATGTTAATCCTATCCG-1	HTO5	CD22_B1_nonint_2261
ATGTTAATCCTCGTCA-1	HTO5	CD22_B1_nonint_2261
ATGTTAATCGGTGGTT-1	HTO4	CD22_A11_int_1411
ATGTTAGGTATATGGC-1	HTO3	CD22_A3_nonint_4434
ATGTTAGGTCCTAGCT-1	HTO5	CD22_B1_nonint_2261
ATGTTAGGTGCTAGAT-1	HTO5	CD22_B1_nonint_2261
ATGTTCGAGAATACAG-1	HTO3	CD22_A3_nonint_4434
ATGTTCGAGACATGCC-1	HTO3	CD22_A3_nonint_4434
ATGTTCGAGACCCGTG-1	HTO2	CD22_i61_2
ATGTTCGAGCAATTGT-1	HTO5	CD22_B1_nonint_2261
ATGTTCGAGCCACATA-1	HTO3	CD22_A3_nonint_4434
ATGTTCGAGCGTTAGC-1	HTO3	CD22_A3_nonint_4434
ATGTTCGAGCTACAAT-1	HTO2	CD22_i61_2
ATGTTCTGTACATTAG-1	HTO2	CD22_i61_2
ATGTTCTGTCAGTGCA-1	HTO2	CD22_i61_2
ATGTTCTGTGCGCCTC-1	HTO1	CD22_m971
ATGTTCTGTGGATATC-1	HTO1	CD22_m971
ATGTTCTGTGGTCAGC-1	HTO5	CD22_B1_nonint_2261
ATGTTGAGTCCCAATC-1	HTO2	CD22_i61_2
ATGTTGAGTCTATGTT-1	HTO2	CD22_i61_2
ATTAAAGCAACCCTCT-1	HTO1	CD22_m971
ATTAAAGCAACGTTTA-1	HTO2	CD22_i61_2
ATTAAAGCAGCATCCA-1	HTO2	CD22_i61_2
ATTAAAGCAGCGAATA-1	HTO3	CD22_A3_nonint_4434
ATTAAAGCAGTGACCC-1	HTO4	CD22_A11_int_1411
ATTAACCAGAAATTGG-1	HTO4	CD22_A11_int_1411
ATTAACCAGACTCGAC-1	HTO5	CD22_B1_nonint_2261
ATTAACCAGAGGGTAT-1	HTO2	CD22_i61_2
ATTAACCAGCACCAAC-1	HTO2	CD22_i61_2
ATTAACCAGCATTTCC-1	HTO2	CD22_i61_2
ATTAACCAGCGGGTAA-1	HTO1	CD22_m971
ATTAACTCAAACACCT-1	HTO5	CD22_B1_nonint_2261
ATTAACTCAACTGAGA-1	HTO2	CD22_i61_2
ATTAACTCAAGTGTTC-1	HTO3	CD22_A3_nonint_4434
ATTAACTCACCTAGGC-1	HTO4	CD22_A11_int_1411
ATTAACTCACGTCAAT-1	HTO1	CD22_m971
ATTAACTCAGCGAAAC-1	HTO2	CD22_i61_2
ATTAACTCAGTACTCG-1	HTO4	CD22_A11_int_1411
ATTAAGACAAATGGCA-1	HTO1	CD22_m971
ATTAAGACACCATAAC-1	HTO2	CD22_i61_2
ATTAAGACAGTAGTAG-1	HTO1	CD22_m971
ATTAAGACAGTATGTC-1	HTO5	CD22_B1_nonint_2261
ATTAAGACAGTGGCAG-1	HTO3	CD22_A3_nonint_4434
ATTAAGCTCAATTCGG-1	HTO3	CD22_A3_nonint_4434
ATTAAGCTCACCCGCT-1	HTO1	CD22_m971
ATTAAGCTCAGCCTCC-1	HTO1	CD22_m971
ATTAAGCTCATAACTA-1	HTO1	CD22_m971
ATTAAGCTCCACCTAT-1	HTO1	CD22_m971
ATTAAGCTCCACTCCA-1	HTO4	CD22_A11_int_1411
ATTAAGCTCCTCCATG-1	HTO3	CD22_A3_nonint_4434
ATTAAGGAGAACGTGG-1	HTO5	CD22_B1_nonint_2261
ATTAAGGAGAAGGCTG-1	HTO5	CD22_B1_nonint_2261
ATTAAGGAGATGTGAA-1	HTO4	CD22_A11_int_1411
ATTAAGGAGGCAAGGC-1	HTO5	CD22_B1_nonint_2261
ATTAATCCAAGAGACC-1	HTO2	CD22_i61_2
ATTAATCCAAGCTTTA-1	HTO4	CD22_A11_int_1411
ATTAATCCAATAACTT-1	HTO4	CD22_A11_int_1411
ATTAATCCACGTTATA-1	HTO4	CD22_A11_int_1411
ATTAATCCAGGAAACC-1	HTO4	CD22_A11_int_1411
ATTAATCCAGTAGGGT-1	HTO3	CD22_A3_nonint_4434
ATTAATCCAGTCGGAG-1	HTO2	CD22_i61_2
ATTAATGTCCCCAGCT-1	HTO4	CD22_A11_int_1411
ATTAATGTCCTACATC-1	HTO1	CD22_m971
ATTACAATCATAGTCG-1	HTO1	CD22_m971
ATTACAATCATGGTAT-1	HTO3	CD22_A3_nonint_4434
ATTACACAGAATATCC-1	HTO1	CD22_m971
ATTACACAGACAATTC-1	HTO4	CD22_A11_int_1411
ATTACACAGACTGTTG-1	HTO2	CD22_i61_2
ATTACACAGCCTCATT-1	HTO2	CD22_i61_2
ATTACACAGCGATTCA-1	HTO5	CD22_B1_nonint_2261
ATTACACAGCGTTCAA-1	HTO2	CD22_i61_2
ATTACACAGCTAAACT-1	HTO2	CD22_i61_2
ATTACACAGCTGTTGA-1	HTO5	CD22_B1_nonint_2261
ATTACACAGGTCCTTT-1	HTO5	CD22_B1_nonint_2261
ATTACAGGTAAGTGCT-1	HTO2	CD22_i61_2
ATTACAGGTATGTACA-1	HTO2	CD22_i61_2
ATTACAGGTCACGCCC-1	HTO5	CD22_B1_nonint_2261
ATTACAGGTGGTCCCC-1	HTO5	CD22_B1_nonint_2261
ATTACCACAAAGTAAC-1	HTO3	CD22_A3_nonint_4434
ATTACCACAAAGTCTC-1	HTO5	CD22_B1_nonint_2261
ATTACCACACCTGACA-1	HTO4	CD22_A11_int_1411
ATTACCACAGCATTCG-1	HTO3	CD22_A3_nonint_4434
ATTACCACAGTCCATG-1	HTO4	CD22_A11_int_1411
ATTACCACAGTGTGGG-1	HTO2	CD22_i61_2
ATTACCGAGAGTGGCA-1	HTO2	CD22_i61_2
ATTACCGAGCAAGGGC-1	HTO1	CD22_m971
ATTACCGAGCCATGGT-1	HTO5	CD22_B1_nonint_2261
ATTACCGAGCTTAGTG-1	HTO2	CD22_i61_2
ATTACCGAGGTAAGTA-1	HTO2	CD22_i61_2
ATTACCTGTCCGAAAT-1	HTO4	CD22_A11_int_1411
ATTACCTGTCGTGTTC-1	HTO5	CD22_B1_nonint_2261
ATTACCTGTGGAACGG-1	HTO2	CD22_i61_2
ATTACGCCAAAACCTC-1	HTO1	CD22_m971
ATTACGCCAATCGTAC-1	HTO2	CD22_i61_2
ATTACGCCACCACGGT-1	HTO1	CD22_m971
ATTACGCCACCCTAGA-1	HTO2	CD22_i61_2
ATTACGCCACGATGTT-1	HTO3	CD22_A3_nonint_4434
ATTACGCCAGCTATTA-1	HTO2	CD22_i61_2
ATTACGCCAGGACCGA-1	HTO1	CD22_m971
ATTACGCCAGGTTAGA-1	HTO3	CD22_A3_nonint_4434
ATTACGTAGCAACAGG-1	HTO3	CD22_A3_nonint_4434
ATTACGTAGGCGGTTT-1	HTO5	CD22_B1_nonint_2261
ATTACGTAGGGGTACA-1	HTO1	CD22_m971
ATTACGTAGGGGTATG-1	HTO2	CD22_i61_2
ATTACGTAGGGGTTGA-1	HTO2	CD22_i61_2
ATTACTTTCATACCTC-1	HTO2	CD22_i61_2
ATTACTTTCATTCGTC-1	HTO4	CD22_A11_int_1411
ATTACTTTCCCCTATG-1	HTO4	CD22_A11_int_1411
ATTACTTTCCTACATC-1	HTO2	CD22_i61_2
ATTACTTTCCTCGCTA-1	HTO1	CD22_m971
ATTACTTTCGCTTCGC-1	HTO2	CD22_i61_2
ATTACTTTCGGCCATG-1	HTO4	CD22_A11_int_1411
ATTATCCGTAAACGCT-1	HTO1	CD22_m971
ATTATCCGTACCATCC-1	HTO1	CD22_m971
ATTATCCGTAGGCATT-1	HTO4	CD22_A11_int_1411
ATTATCCGTCCGTGTT-1	HTO2	CD22_i61_2
ATTATCCGTCTAGCAG-1	HTO3	CD22_A3_nonint_4434
ATTATCCGTCTTATAC-1	HTO2	CD22_i61_2
ATTATCCGTGCTCTTA-1	HTO4	CD22_A11_int_1411
ATTATCCGTGTCCATC-1	HTO5	CD22_B1_nonint_2261
ATTATCCGTGTTGGGC-1	HTO1	CD22_m971
ATTATCGCAAGCGCCT-1	HTO2	CD22_i61_2
ATTATCGCACAGTGGG-1	HTO4	CD22_A11_int_1411
ATTATCGCACGTCTAG-1	HTO2	CD22_i61_2
ATTATCGCAGCACCTA-1	HTO4	CD22_A11_int_1411
ATTATCTTCACTCACT-1	HTO1	CD22_m971
ATTATCTTCAGACATT-1	HTO4	CD22_A11_int_1411
ATTATCTTCATCAGGC-1	HTO5	CD22_B1_nonint_2261
ATTATCTTCCCTTAGT-1	HTO5	CD22_B1_nonint_2261
ATTATGCAGACATAGA-1	HTO3	CD22_A3_nonint_4434
ATTATGCAGCACAAGG-1	HTO3	CD22_A3_nonint_4434
ATTATGCAGCACATCA-1	HTO5	CD22_B1_nonint_2261
ATTATGCAGCGCATTA-1	HTO3	CD22_A3_nonint_4434
ATTATGGGTCAGGTGC-1	HTO4	CD22_A11_int_1411
ATTCAAATCACACATG-1	HTO1	CD22_m971
ATTCAAATCACATTGG-1	HTO4	CD22_A11_int_1411
ATTCAAATCAGTTGCA-1	HTO3	CD22_A3_nonint_4434
ATTCAACAGCCACAAC-1	HTO3	CD22_A3_nonint_4434
ATTCAACAGCGATTTG-1	HTO2	CD22_i61_2
ATTCAACAGGCAGTGA-1	HTO2	CD22_i61_2
ATTCAACAGGTCCAGT-1	HTO5	CD22_B1_nonint_2261
ATTCAACAGGTCGCCA-1	HTO3	CD22_A3_nonint_4434
ATTCACGAGATGATGA-1	HTO2	CD22_i61_2
ATTCACGAGCATGTTG-1	HTO2	CD22_i61_2
ATTCACGAGCCCAAGT-1	HTO3	CD22_A3_nonint_4434
ATTCACGAGCTTGATG-1	HTO3	CD22_A3_nonint_4434
ATTCACGAGGCAGGGT-1	HTO5	CD22_B1_nonint_2261
ATTCACGAGGGCCTTG-1	HTO5	CD22_B1_nonint_2261
ATTCACGAGGTCCTCC-1	HTO2	CD22_i61_2
ATTCAGAGTACCTTTG-1	HTO2	CD22_i61_2
ATTCAGAGTAGTTAGC-1	HTO3	CD22_A3_nonint_4434
ATTCAGAGTATGAGAG-1	HTO1	CD22_m971
ATTCAGAGTATGCTGG-1	HTO2	CD22_i61_2
ATTCAGAGTATTCGTT-1	HTO1	CD22_m971
ATTCAGAGTCGTAATA-1	HTO2	CD22_i61_2
ATTCAGAGTGCACTAG-1	HTO4	CD22_A11_int_1411
ATTCAGAGTGCGATGC-1	HTO5	CD22_B1_nonint_2261
ATTCAGCCACGAACCC-1	HTO5	CD22_B1_nonint_2261
ATTCAGCCACTCCGAA-1	HTO5	CD22_B1_nonint_2261
ATTCAGCCAGGATTAG-1	HTO3	CD22_A3_nonint_4434
ATTCAGCCAGGCAATA-1	HTO3	CD22_A3_nonint_4434
ATTCAGCCAGTGGCAG-1	HTO1	CD22_m971
ATTCAGTAGATCCTGA-1	HTO2	CD22_i61_2
ATTCAGTAGATTACCG-1	HTO4	CD22_A11_int_1411
ATTCAGTAGCCGGTAT-1	HTO2	CD22_i61_2
ATTCAGTAGCTTGGCG-1	HTO4	CD22_A11_int_1411
ATTCATGCAAAACCTC-1	HTO5	CD22_B1_nonint_2261
ATTCATGCAACAATCC-1	HTO5	CD22_B1_nonint_2261
ATTCATGCAACAATTT-1	HTO3	CD22_A3_nonint_4434
ATTCATGCACTGGCAC-1	HTO2	CD22_i61_2
ATTCATGCAGGCGCAA-1	HTO4	CD22_A11_int_1411
ATTCATTTCAATCATA-1	HTO2	CD22_i61_2
ATTCATTTCATCCTTA-1	HTO3	CD22_A3_nonint_4434
ATTCATTTCCCAGTAA-1	HTO1	CD22_m971
ATTCATTTCGGCCTTC-1	HTO3	CD22_A3_nonint_4434
ATTCATTTCGGCTGCA-1	HTO5	CD22_B1_nonint_2261
ATTCGACCAACCCCAA-1	HTO2	CD22_i61_2
ATTCGACCAGTATCAC-1	HTO2	CD22_i61_2
ATTCGATAGACAGAAC-1	HTO1	CD22_m971
ATTCGATAGCCTTGCC-1	HTO2	CD22_i61_2
ATTCGATAGGTCCACG-1	HTO1	CD22_m971
ATTCGCTTCACAATCG-1	HTO3	CD22_A3_nonint_4434
ATTCGCTTCAGCGCAT-1	HTO1	CD22_m971
ATTCGCTTCCCTCGGT-1	HTO5	CD22_B1_nonint_2261
ATTCGGGGTACTTGGG-1	HTO3	CD22_A3_nonint_4434
ATTCGGGGTCGACGTA-1	HTO2	CD22_i61_2
ATTCGGGGTCTTGTGC-1	HTO1	CD22_m971
ATTCGGGGTGCTTCCG-1	HTO3	CD22_A3_nonint_4434
ATTCGGGGTGTAGAAG-1	HTO2	CD22_i61_2
ATTCGGTCACAACTCG-1	HTO5	CD22_B1_nonint_2261
ATTCGGTCACTGGAGG-1	HTO5	CD22_B1_nonint_2261
ATTCGGTCACTTAAGC-1	HTO5	CD22_B1_nonint_2261
ATTCGGTCAGCCCTAA-1	HTO3	CD22_A3_nonint_4434
ATTCGGTCAGCTAGCC-1	HTO3	CD22_A3_nonint_4434
ATTCGGTCAGGGACAT-1	HTO3	CD22_A3_nonint_4434
ATTCGGTCAGGTATCT-1	HTO5	CD22_B1_nonint_2261
ATTCGTACAACGTAAG-1	HTO5	CD22_B1_nonint_2261
ATTCGTACAACTGAAG-1	HTO5	CD22_B1_nonint_2261
ATTCGTACAAGTGGCG-1	HTO2	CD22_i61_2
ATTCGTACACCCACAA-1	HTO3	CD22_A3_nonint_4434
ATTCGTACACTAAGGA-1	HTO5	CD22_B1_nonint_2261
ATTCGTACACTCATTT-1	HTO3	CD22_A3_nonint_4434
ATTCGTACAGGTTTCG-1	HTO4	CD22_A11_int_1411
ATTCGTACAGTTGGGG-1	HTO3	CD22_A3_nonint_4434
ATTCGTGAGAACGCGA-1	HTO4	CD22_A11_int_1411
ATTCGTGAGCCGTAAC-1	HTO2	CD22_i61_2
ATTCGTGAGCTGTTGA-1	HTO3	CD22_A3_nonint_4434
ATTCGTGAGGGCTCAT-1	HTO1	CD22_m971
ATTCGTGAGGGTAGCA-1	HTO2	CD22_i61_2
ATTCGTTGTACTATAG-1	HTO3	CD22_A3_nonint_4434
ATTCGTTGTAGGACGG-1	HTO4	CD22_A11_int_1411
ATTCGTTGTGTCGTAG-1	HTO1	CD22_m971
ATTCTAGCAAGCTGAA-1	HTO5	CD22_B1_nonint_2261
ATTCTAGCACCCTGAA-1	HTO1	CD22_m971
ATTCTCATCAACGCAC-1	HTO3	CD22_A3_nonint_4434
ATTCTCATCACACGTA-1	HTO3	CD22_A3_nonint_4434
ATTCTCATCACTCCAT-1	HTO3	CD22_A3_nonint_4434
ATTCTCATCGGCAACT-1	HTO3	CD22_A3_nonint_4434
ATTCTCATCGGTCTAA-1	HTO1	CD22_m971
ATTCTCATCGTAACGC-1	HTO5	CD22_B1_nonint_2261
ATTCTGTGTATATCAG-1	HTO2	CD22_i61_2
ATTCTGTGTCTCGCCA-1	HTO1	CD22_m971
ATTCTGTGTGTGAGTT-1	HTO5	CD22_B1_nonint_2261
ATTGAAGAGATGGGAT-1	HTO1	CD22_m971
ATTGACCCAATTCGGT-1	HTO5	CD22_B1_nonint_2261
ATTGACCCACACACGC-1	HTO4	CD22_A11_int_1411
ATTGACCCACAGTTCG-1	HTO2	CD22_i61_2
ATTGACCCACCACACA-1	HTO4	CD22_A11_int_1411
ATTGAGAAGACGTATT-1	HTO2	CD22_i61_2
ATTGAGAAGCCAATAT-1	HTO2	CD22_i61_2
ATTGAGAAGCTAGCGT-1	HTO1	CD22_m971
ATTGAGAAGGGGCATA-1	HTO4	CD22_A11_int_1411
ATTGAGCGTAAGCCAT-1	HTO2	CD22_i61_2
ATTGAGCGTACCCCTG-1	HTO4	CD22_A11_int_1411
ATTGAGCGTAGTCAGT-1	HTO5	CD22_B1_nonint_2261
ATTGCATAGCATTTCC-1	HTO3	CD22_A3_nonint_4434
ATTGCATAGCCATGAC-1	HTO4	CD22_A11_int_1411
ATTGCATAGCGTAACC-1	HTO2	CD22_i61_2
ATTGCATAGGCGAATG-1	HTO3	CD22_A3_nonint_4434
ATTGCCCGTAACTTCT-1	HTO3	CD22_A3_nonint_4434
ATTGCCCGTACAAGTC-1	HTO4	CD22_A11_int_1411
ATTGCCCGTAGGCATT-1	HTO1	CD22_m971
ATTGCCCGTCGCTCTG-1	HTO2	CD22_i61_2
ATTGCCCGTGGCTTAG-1	HTO3	CD22_A3_nonint_4434
ATTGCGGGTAGGCAGG-1	HTO5	CD22_B1_nonint_2261
ATTGCGGGTCGTTTCA-1	HTO2	CD22_i61_2
ATTGCGGGTGTGAGTT-1	HTO3	CD22_A3_nonint_4434
ATTGCTACAAATGAAC-1	HTO2	CD22_i61_2
ATTGCTACAACGAGGT-1	HTO2	CD22_i61_2
ATTGCTACAAGTAACG-1	HTO4	CD22_A11_int_1411
ATTGCTACACCTGCAA-1	HTO2	CD22_i61_2
ATTGCTACACTTCGTC-1	HTO2	CD22_i61_2
ATTGCTACAGGCGTTC-1	HTO5	CD22_B1_nonint_2261
ATTGCTCTCAGACATT-1	HTO1	CD22_m971
ATTGCTCTCAGCGGTT-1	HTO2	CD22_i61_2
ATTGCTCTCCCACACC-1	HTO5	CD22_B1_nonint_2261
ATTGCTCTCCCTACCA-1	HTO4	CD22_A11_int_1411
ATTGCTCTCGCGCATG-1	HTO2	CD22_i61_2
ATTGCTCTCGGTGCAT-1	HTO5	CD22_B1_nonint_2261
ATTGCTTGTACGGGCT-1	HTO3	CD22_A3_nonint_4434
ATTGCTTGTAGGTATC-1	HTO4	CD22_A11_int_1411
ATTGCTTGTATACTTC-1	HTO1	CD22_m971
ATTGCTTGTCTAGTGG-1	HTO1	CD22_m971
ATTGGCATCATCCTAC-1	HTO4	CD22_A11_int_1411
ATTGGCATCCCACAGG-1	HTO5	CD22_B1_nonint_2261
ATTGGCATCCGCACTC-1	HTO4	CD22_A11_int_1411
ATTGGCATCCGTAACA-1	HTO1	CD22_m971
ATTGGCATCGCAAACC-1	HTO5	CD22_B1_nonint_2261
ATTGGGTGTAAGCGCC-1	HTO3	CD22_A3_nonint_4434
ATTGGGTGTACGGTGC-1	HTO2	CD22_i61_2
ATTGGGTGTCTGTACC-1	HTO2	CD22_i61_2
ATTGGGTGTCTTATGT-1	HTO2	CD22_i61_2
ATTGGGTGTGCGCTGG-1	HTO4	CD22_A11_int_1411
ATTGGGTGTGGAGCTC-1	HTO2	CD22_i61_2
ATTGGGTGTGGAGTGG-1	HTO5	CD22_B1_nonint_2261
ATTGGTAGTAGACTCG-1	HTO2	CD22_i61_2
ATTGGTAGTGGACCGT-1	HTO3	CD22_A3_nonint_4434
ATTGGTAGTGGATATC-1	HTO1	CD22_m971
ATTGGTTAGCACATCA-1	HTO5	CD22_B1_nonint_2261
ATTGTAATCAAACTAC-1	HTO1	CD22_m971
ATTGTAATCATAACTA-1	HTO4	CD22_A11_int_1411
ATTGTAATCATGCGGT-1	HTO1	CD22_m971
ATTGTAATCCCGAATA-1	HTO2	CD22_i61_2
ATTGTAATCGCAAACC-1	HTO2	CD22_i61_2
ATTGTAATCGTATTCC-1	HTO5	CD22_B1_nonint_2261
ATTGTAGGTAATGGGA-1	HTO4	CD22_A11_int_1411
ATTGTAGGTACACTCC-1	HTO3	CD22_A3_nonint_4434
ATTGTAGGTCAAGGCC-1	HTO5	CD22_B1_nonint_2261
ATTGTAGGTCCTTATG-1	HTO2	CD22_i61_2
ATTGTAGGTCTTGTGC-1	HTO2	CD22_i61_2
ATTGTAGGTGCGGGTT-1	HTO5	CD22_B1_nonint_2261
ATTGTATCAACTAAGG-1	HTO3	CD22_A3_nonint_4434
ATTGTATCACCGTAAT-1	HTO1	CD22_m971
ATTGTCCTCATATCCC-1	HTO1	CD22_m971
ATTGTCCTCGCTTACT-1	HTO2	CD22_i61_2
ATTGTCCTCGTGAACC-1	HTO5	CD22_B1_nonint_2261
ATTGTCTGTAAACGCT-1	HTO1	CD22_m971
ATTGTCTGTACTATAG-1	HTO3	CD22_A3_nonint_4434
ATTGTCTGTAGACGGG-1	HTO4	CD22_A11_int_1411
ATTGTCTGTGGATTGT-1	HTO3	CD22_A3_nonint_4434
ATTGTCTGTGTGTGCA-1	HTO5	CD22_B1_nonint_2261
ATTGTGGTCACATGTG-1	HTO1	CD22_m971
ATTGTGGTCACTTGTC-1	HTO2	CD22_i61_2
ATTGTGGTCCGTAACA-1	HTO1	CD22_m971
ATTGTGTAGCAAGATA-1	HTO4	CD22_A11_int_1411
ATTGTGTAGCATCGAC-1	HTO2	CD22_i61_2
ATTGTGTAGCCTTGCC-1	HTO1	CD22_m971
ATTGTGTAGCTTCGTT-1	HTO2	CD22_i61_2
ATTGTGTAGGCCATGT-1	HTO4	CD22_A11_int_1411
ATTGTGTAGGTGAGAT-1	HTO5	CD22_B1_nonint_2261
CAAACCATCACCCATT-1	HTO5	CD22_B1_nonint_2261
CAAACCATCCACGAGT-1	HTO5	CD22_B1_nonint_2261
CAAACCATCCGAAACC-1	HTO3	CD22_A3_nonint_4434
CAAACCCAGCTGCTAA-1	HTO1	CD22_m971
CAAACCCAGGCACCCA-1	HTO3	CD22_A3_nonint_4434
CAAACCTCAAAGCGTA-1	HTO5	CD22_B1_nonint_2261
CAAACCTCAATCATCA-1	HTO2	CD22_i61_2
CAAACCTCAATGGCCC-1	HTO1	CD22_m971
CAAACGGAGAAACGTA-1	HTO5	CD22_B1_nonint_2261
CAAACGGAGAACACCC-1	HTO1	CD22_m971
CAAACGGAGACTACAT-1	HTO2	CD22_i61_2
CAAACGGAGCTACACA-1	HTO5	CD22_B1_nonint_2261
CAAACGGAGGGGCTTT-1	HTO2	CD22_i61_2
CAAACGTGTATAAGCC-1	HTO2	CD22_i61_2
CAAACGTGTCAGCGGT-1	HTO2	CD22_i61_2
CAAACGTGTGCGATGC-1	HTO2	CD22_i61_2
CAAACTTAGACGGCAA-1	HTO2	CD22_i61_2
CAAACTTAGCAATGCC-1	HTO2	CD22_i61_2
CAAACTTAGCGCTCGA-1	HTO1	CD22_m971
CAAACTTAGGGGCGAT-1	HTO1	CD22_m971
CAAACTTAGGGGTTTC-1	HTO1	CD22_m971
CAAAGCCTCAACGCTA-1	HTO3	CD22_A3_nonint_4434
CAAAGCCTCACTCGTT-1	HTO1	CD22_m971
CAAAGCCTCAGGTGTC-1	HTO5	CD22_B1_nonint_2261
CAAAGCCTCATCAGGC-1	HTO1	CD22_m971
CAAAGCCTCGTCCTGC-1	HTO1	CD22_m971
CAAAGCCTCGTTATGG-1	HTO2	CD22_i61_2
CAAAGCGAGCACAATT-1	HTO5	CD22_B1_nonint_2261
CAAAGCGAGCACCCAG-1	HTO4	CD22_A11_int_1411
CAAAGCGAGGCCCCAA-1	HTO3	CD22_A3_nonint_4434
CAAAGCTGTAAGCGTT-1	HTO4	CD22_A11_int_1411
CAAAGCTGTCAGTTGG-1	HTO1	CD22_m971
CAAAGCTGTCTCGGTT-1	HTO5	CD22_B1_nonint_2261
CAAAGCTGTGGCGAAG-1	HTO2	CD22_i61_2
CAAAGGAGTAAATTCG-1	HTO4	CD22_A11_int_1411
CAAAGGAGTATATGGC-1	HTO3	CD22_A3_nonint_4434
CAAAGGAGTATTGGGT-1	HTO1	CD22_m971
CAAAGGAGTCAGGATT-1	HTO5	CD22_B1_nonint_2261
CAAAGGAGTCGCCTAT-1	HTO3	CD22_A3_nonint_4434
CAAAGGAGTGCACAGC-1	HTO4	CD22_A11_int_1411
CAAAGGAGTGCATGGC-1	HTO1	CD22_m971
CAAAGGAGTGGGATAA-1	HTO4	CD22_A11_int_1411
CAAAGGTAGAGGTTGG-1	HTO1	CD22_m971
CAAAGGTAGATACAAG-1	HTO1	CD22_m971
CAAAGGTAGATTCAAC-1	HTO5	CD22_B1_nonint_2261
CAAAGGTAGCATGTCA-1	HTO2	CD22_i61_2
CAAAGTAAGCCAAGCT-1	HTO5	CD22_B1_nonint_2261
CAAATCCCAAAGTATA-1	HTO4	CD22_A11_int_1411
CAAATCCCAAATCACC-1	HTO2	CD22_i61_2
CAAATCCCAAATTACT-1	HTO1	CD22_m971
CAAATCCCAAGGGCAT-1	HTO4	CD22_A11_int_1411
CAAATCCCAATATGCC-1	HTO1	CD22_m971
CAAATCCCACATTCAA-1	HTO5	CD22_B1_nonint_2261
CAAATCCCACGCGAAG-1	HTO4	CD22_A11_int_1411
CAAATCCCACTGGGCT-1	HTO5	CD22_B1_nonint_2261
CAAATCCCACTTCTAT-1	HTO5	CD22_B1_nonint_2261
CAAATCCCAGGTACAA-1	HTO3	CD22_A3_nonint_4434
CAAATCGTCATGGACC-1	HTO4	CD22_A11_int_1411
CAAATCGTCCCCAACC-1	HTO2	CD22_i61_2
CAAATCGTCCTAATCC-1	HTO4	CD22_A11_int_1411
CAAATCGTCGCACGTG-1	HTO2	CD22_i61_2
CAAATCGTCGGGCAAA-1	HTO2	CD22_i61_2
CAAATGAAGACAAGCG-1	HTO5	CD22_B1_nonint_2261
CAAATGAAGCCCTTTG-1	HTO2	CD22_i61_2
CAAATGAAGCCTCACC-1	HTO5	CD22_B1_nonint_2261
CAAATGAAGGCATACC-1	HTO3	CD22_A3_nonint_4434
CAAATGAAGGTAGGGC-1	HTO2	CD22_i61_2
CAAATGAAGGTCCGAT-1	HTO1	CD22_m971
CAAATGAAGGTTAGCC-1	HTO2	CD22_i61_2
CAAATGGCAACAGAAT-1	HTO1	CD22_m971
CAAATGGCAACCCATG-1	HTO3	CD22_A3_nonint_4434
CAAATGGCAATCCCGA-1	HTO2	CD22_i61_2
CAAATTATCACGAGCT-1	HTO3	CD22_A3_nonint_4434
CAAATTATCCATAGGC-1	HTO1	CD22_m971
CAAATTATCGGATTGC-1	HTO4	CD22_A11_int_1411
CAAATTCAGACATCAT-1	HTO2	CD22_i61_2
CAAATTCAGGCTAACC-1	HTO1	CD22_m971
CAACACATCCCAGCTC-1	HTO5	CD22_B1_nonint_2261
CAACACATCGGCCAAT-1	HTO1	CD22_m971
CAACAGACACATGAAG-1	HTO2	CD22_i61_2
CAACAGACACTAAGCT-1	HTO1	CD22_m971
CAACAGACAGGAGTTA-1	HTO1	CD22_m971
CAACAGCTCAAGCACC-1	HTO5	CD22_B1_nonint_2261
CAACAGCTCAAGCTAT-1	HTO4	CD22_A11_int_1411
CAACAGCTCACAGGTC-1	HTO1	CD22_m971
CAACAGCTCGCGGATT-1	HTO4	CD22_A11_int_1411
CAACAGGAGACAGCAG-1	HTO3	CD22_A3_nonint_4434
CAACAGGAGCCTAAGC-1	HTO5	CD22_B1_nonint_2261
CAACAGGAGGCTATTG-1	HTO4	CD22_A11_int_1411
CAACAGGAGGGTAGTG-1	HTO2	CD22_i61_2
CAACATCCAAATCTAT-1	HTO4	CD22_A11_int_1411
CAACATCCAATCTTAG-1	HTO1	CD22_m971
CAACATCCACAAGTCT-1	HTO1	CD22_m971
CAACATCCACAATTCA-1	HTO5	CD22_B1_nonint_2261
CAACATCCACCAAATC-1	HTO5	CD22_B1_nonint_2261
CAACATGTCATCGCGG-1	HTO5	CD22_B1_nonint_2261
CAACATGTCCAGCAAC-1	HTO5	CD22_B1_nonint_2261
CAACATGTCCCGTAAA-1	HTO5	CD22_B1_nonint_2261
CAACATGTCCTGCTAT-1	HTO5	CD22_B1_nonint_2261
CAACATGTCGGACATC-1	HTO4	CD22_A11_int_1411
CAACATTAGACGGAGC-1	HTO4	CD22_A11_int_1411
CAACATTAGATAGTGA-1	HTO3	CD22_A3_nonint_4434
CAACATTAGCCATTTC-1	HTO1	CD22_m971
CAACATTAGCTCTGGG-1	HTO1	CD22_m971
CAACCCACAAATCTCA-1	HTO2	CD22_i61_2
CAACCCACACGGCTTA-1	HTO1	CD22_m971
CAACCCACACTATCTT-1	HTO5	CD22_B1_nonint_2261
CAACCCACAGCGCGAA-1	HTO4	CD22_A11_int_1411
CAACCCACAGGTAGCG-1	HTO5	CD22_B1_nonint_2261
CAACCCTGTAAGGTTC-1	HTO2	CD22_i61_2
CAACCCTGTAAGTGTC-1	HTO2	CD22_i61_2
CAACCCTGTAATGGAG-1	HTO3	CD22_A3_nonint_4434
CAACCCTGTACCTGTC-1	HTO3	CD22_A3_nonint_4434
CAACCCTGTAGTACGT-1	HTO3	CD22_A3_nonint_4434
CAACCCTGTATATTGG-1	HTO1	CD22_m971
CAACCCTGTGCTATGG-1	HTO1	CD22_m971
CAACCCTGTGGAAGTA-1	HTO5	CD22_B1_nonint_2261
CAACCCTGTGGCTTGA-1	HTO5	CD22_B1_nonint_2261
CAACCCTGTGGTAGCC-1	HTO1	CD22_m971
CAACCCTGTGTCGAGC-1	HTO2	CD22_i61_2
CAACCGTAGAGCATGG-1	HTO2	CD22_i61_2
CAACCGTAGCATGGTC-1	HTO1	CD22_m971
CAACCGTAGCTCAGCG-1	HTO4	CD22_A11_int_1411
CAACCGTAGGCCCCAA-1	HTO5	CD22_B1_nonint_2261
CAACCGTAGGGTTGTC-1	HTO4	CD22_A11_int_1411
CAACCTCGTCGTAGAT-1	HTO5	CD22_B1_nonint_2261
CAACCTCGTCTTAGTT-1	HTO4	CD22_A11_int_1411
CAACCTCGTGGGGAAT-1	HTO2	CD22_i61_2
CAACGAACAACCACAT-1	HTO5	CD22_B1_nonint_2261
CAACGAACACATACCG-1	HTO1	CD22_m971
CAACGAACACATCACG-1	HTO2	CD22_i61_2
CAACGAACACATGATC-1	HTO1	CD22_m971
CAACGAACACCACTAG-1	HTO5	CD22_B1_nonint_2261
CAACGAACAGCATGGG-1	HTO4	CD22_A11_int_1411
CAACGAACAGTCGGTC-1	HTO4	CD22_A11_int_1411
CAACGAGAGACAATAG-1	HTO4	CD22_A11_int_1411
CAACGAGAGACCCGCA-1	HTO3	CD22_A3_nonint_4434
CAACGAGAGCATACAT-1	HTO5	CD22_B1_nonint_2261
CAACGAGAGCCAAACC-1	HTO2	CD22_i61_2
CAACGAGAGCCTATTC-1	HTO3	CD22_A3_nonint_4434
CAACGAGAGGCATTCA-1	HTO2	CD22_i61_2
CAACGCCCAAGTCCAT-1	HTO2	CD22_i61_2
CAACGCCCACAACAGA-1	HTO3	CD22_A3_nonint_4434
CAACGCCCACGAACCC-1	HTO2	CD22_i61_2
CAACGCCCACGATGGG-1	HTO1	CD22_m971
CAACGCCCAGCACGGA-1	HTO1	CD22_m971
CAACGCCCAGGCGTAG-1	HTO5	CD22_B1_nonint_2261
CAACGCCCAGTGGCAG-1	HTO3	CD22_A3_nonint_4434
CAACGGGCAAAGTGCA-1	HTO1	CD22_m971
CAACGGGCACCTAGCA-1	HTO5	CD22_B1_nonint_2261
CAACGGGCAGTAAAGT-1	HTO4	CD22_A11_int_1411
CAACGTCAGATGAAGC-1	HTO2	CD22_i61_2
CAACGTCAGCTTAGCA-1	HTO1	CD22_m971
CAACGTGGTAAGTGCT-1	HTO2	CD22_i61_2
CAACGTGGTAATGTTG-1	HTO4	CD22_A11_int_1411
CAACGTGGTCACTATT-1	HTO2	CD22_i61_2
CAACGTGGTGGAGCCT-1	HTO5	CD22_B1_nonint_2261
CAACGTGGTGTGGTGC-1	HTO5	CD22_B1_nonint_2261
CAACTACCAACCTCAG-1	HTO3	CD22_A3_nonint_4434
CAACTACCAAGCTTAC-1	HTO5	CD22_B1_nonint_2261
CAACTACCAAGTCCGC-1	HTO2	CD22_i61_2
CAACTACCACAACTCG-1	HTO2	CD22_i61_2
CAACTACCAGCTTAGT-1	HTO1	CD22_m971
CAACTACCAGTTACCG-1	HTO5	CD22_B1_nonint_2261
CAACTCCGTAACAGAG-1	HTO4	CD22_A11_int_1411
CAACTCCGTAAGGGTA-1	HTO3	CD22_A3_nonint_4434
CAACTCCGTACTATTC-1	HTO5	CD22_B1_nonint_2261
CAACTCCGTATGGTCG-1	HTO3	CD22_A3_nonint_4434
CAACTCCGTATTATCC-1	HTO2	CD22_i61_2
CAACTCCGTCCACGTT-1	HTO5	CD22_B1_nonint_2261
CAACTCCGTGCGATGC-1	HTO5	CD22_B1_nonint_2261
CAACTCCGTGGACGGA-1	HTO5	CD22_B1_nonint_2261
CAACTCCGTGGTAGTT-1	HTO5	CD22_B1_nonint_2261
CAACTCGCAAGAGAGG-1	HTO1	CD22_m971
CAACTCGCACTCGGAC-1	HTO2	CD22_i61_2
CAACTTACAAAATCAA-1	HTO1	CD22_m971
CAACTTACAACGCAGG-1	HTO1	CD22_m971
CAACTTACAGTATGGA-1	HTO5	CD22_B1_nonint_2261
CAACTTCTCACTCCTG-1	HTO5	CD22_B1_nonint_2261
CAACTTCTCATAGCAT-1	HTO2	CD22_i61_2
CAACTTCTCATGGAAA-1	HTO5	CD22_B1_nonint_2261
CAACTTCTCCCACCTA-1	HTO5	CD22_B1_nonint_2261
CAACTTCTCCGTTCGC-1	HTO1	CD22_m971
CAACTTCTCGCAACTA-1	HTO2	CD22_i61_2
CAAGACACACCACAAT-1	HTO3	CD22_A3_nonint_4434
CAAGACACAGTTGCGC-1	HTO2	CD22_i61_2
CAAGACCTCAACACGC-1	HTO1	CD22_m971
CAAGACCTCACCCTGC-1	HTO3	CD22_A3_nonint_4434
CAAGACCTCAGTCGCG-1	HTO1	CD22_m971
CAAGACCTCCAACCTT-1	HTO3	CD22_A3_nonint_4434
CAAGACCTCGCGGTTG-1	HTO1	CD22_m971
CAAGACCTCGCTCATT-1	HTO4	CD22_A11_int_1411
CAAGACGAGAAACCGG-1	HTO2	CD22_i61_2
CAAGACGAGACCCGTG-1	HTO2	CD22_i61_2
CAAGACGAGATACCAT-1	HTO1	CD22_m971
CAAGACGAGCACCTAA-1	HTO2	CD22_i61_2
CAAGAGTAGAATGTTC-1	HTO2	CD22_i61_2
CAAGAGTAGACGTGTC-1	HTO2	CD22_i61_2
CAAGAGTAGAGTGGGC-1	HTO5	CD22_B1_nonint_2261
CAAGAGTAGATGTTCG-1	HTO2	CD22_i61_2
CAAGAGTAGCACCTAA-1	HTO4	CD22_A11_int_1411
CAAGAGTAGCTATAAC-1	HTO4	CD22_A11_int_1411
CAAGAGTAGGCCCACA-1	HTO4	CD22_A11_int_1411
CAAGAGTAGGTAGGCA-1	HTO1	CD22_m971
CAAGAGTAGGTTGATT-1	HTO2	CD22_i61_2
CAAGATAAGACATGAA-1	HTO5	CD22_B1_nonint_2261
CAAGATAAGATTCAAC-1	HTO5	CD22_B1_nonint_2261
CAAGATAAGCAATTCG-1	HTO3	CD22_A3_nonint_4434
CAAGATAAGCCTTTAC-1	HTO2	CD22_i61_2
CAAGATAAGCGTAGAG-1	HTO4	CD22_A11_int_1411
CAAGATAAGCGTATAT-1	HTO3	CD22_A3_nonint_4434
CAAGATAAGCTTGAAT-1	HTO2	CD22_i61_2
CAAGATAAGGTAGGCA-1	HTO1	CD22_m971
CAAGATAAGGTGCGTT-1	HTO2	CD22_i61_2
CAAGCCTAGAAGGGTT-1	HTO2	CD22_i61_2
CAAGCCTAGACAGCGA-1	HTO4	CD22_A11_int_1411
CAAGCCTAGACGACAG-1	HTO5	CD22_B1_nonint_2261
CAAGCCTAGAGCCCCA-1	HTO5	CD22_B1_nonint_2261
CAAGCCTAGAGTCTTG-1	HTO1	CD22_m971
CAAGCCTAGCGTTAGC-1	HTO2	CD22_i61_2
CAAGCCTAGCTACGCG-1	HTO5	CD22_B1_nonint_2261
CAAGCCTAGGGACGGT-1	HTO4	CD22_A11_int_1411
CAAGCCTAGGTGCGAA-1	HTO1	CD22_m971
CAAGCGAAGCCACGAT-1	HTO1	CD22_m971
CAAGCGAAGCGTGCAT-1	HTO1	CD22_m971
CAAGCGAAGCTGCTAA-1	HTO1	CD22_m971
CAAGCGAAGGCAGTGA-1	HTO2	CD22_i61_2
CAAGCGGCAAAGGGAG-1	HTO4	CD22_A11_int_1411
CAAGCGGCAAGCAAGC-1	HTO3	CD22_A3_nonint_4434
CAAGCGGCACAGGACG-1	HTO5	CD22_B1_nonint_2261
CAAGCGTTCCCTAACT-1	HTO2	CD22_i61_2
CAAGCGTTCCTAGTCT-1	HTO2	CD22_i61_2
CAAGCGTTCCTCCAAT-1	HTO4	CD22_A11_int_1411
CAAGCTATCCGGTCGA-1	HTO3	CD22_A3_nonint_4434
CAAGCTATCGCCTAAA-1	HTO1	CD22_m971
CAAGCTCAGCCATACA-1	HTO3	CD22_A3_nonint_4434
CAAGCTCAGCTCATAG-1	HTO5	CD22_B1_nonint_2261
CAAGCTCAGGTAGACG-1	HTO2	CD22_i61_2
CAAGGCAAGAAAGGAG-1	HTO1	CD22_m971
CAAGGCAAGAGGTGAT-1	HTO4	CD22_A11_int_1411
CAAGGCCGTACTATGA-1	HTO1	CD22_m971
CAAGGCCGTATCGAGT-1	HTO5	CD22_B1_nonint_2261
CAAGGCCGTCCTTATG-1	HTO3	CD22_A3_nonint_4434
CAAGGCGCAAAGCAAT-1	HTO2	CD22_i61_2
CAAGGCGCAACCTAAC-1	HTO2	CD22_i61_2
CAAGGCGCAACTCGGC-1	HTO4	CD22_A11_int_1411
CAAGGCGCAATACCCG-1	HTO3	CD22_A3_nonint_4434
CAAGGGCAGAATCAAG-1	HTO2	CD22_i61_2
CAAGGGCAGATACGAA-1	HTO3	CD22_A3_nonint_4434
CAAGGGCAGCACAGCT-1	HTO5	CD22_B1_nonint_2261
CAAGGGCAGCGGCTTG-1	HTO1	CD22_m971
CAAGGGCAGGGAATAC-1	HTO4	CD22_A11_int_1411
CAAGGGCAGGGCATGA-1	HTO3	CD22_A3_nonint_4434
CAAGGGTCAACGATAG-1	HTO4	CD22_A11_int_1411
CAAGGGTCAAGCGGCA-1	HTO4	CD22_A11_int_1411
CAAGGGTCAAGGGCAT-1	HTO1	CD22_m971
CAAGGGTCACGCTCAA-1	HTO2	CD22_i61_2
CAAGGGTCAGTGTCAT-1	HTO3	CD22_A3_nonint_4434
CAAGGTTGTCATAGGT-1	HTO2	CD22_i61_2
CAAGGTTGTCTTGGAG-1	HTO3	CD22_A3_nonint_4434
CAAGGTTGTGGAATTC-1	HTO2	CD22_i61_2
CAAGGTTGTGGTATTA-1	HTO2	CD22_i61_2
CAAGTAAAGATAGGCG-1	HTO5	CD22_B1_nonint_2261
CAAGTAAAGATCTTGG-1	HTO2	CD22_i61_2
CAAGTAAAGATGGTGG-1	HTO2	CD22_i61_2
CAAGTAAAGCGCCAAT-1	HTO2	CD22_i61_2
CAAGTAAAGCTACATG-1	HTO2	CD22_i61_2
CAAGTAAAGGTAGCTC-1	HTO5	CD22_B1_nonint_2261
CAAGTAGCAACGGACG-1	HTO5	CD22_B1_nonint_2261
CAAGTATTCAATTGTA-1	HTO3	CD22_A3_nonint_4434
CAAGTATTCACTTACC-1	HTO2	CD22_i61_2
CAAGTATTCAGCGCCA-1	HTO5	CD22_B1_nonint_2261
CAAGTATTCAGTCAAT-1	HTO4	CD22_A11_int_1411
CAAGTATTCATGTCAG-1	HTO3	CD22_A3_nonint_4434
CAAGTATTCCTTGTCG-1	HTO5	CD22_B1_nonint_2261
CAAGTATTCGCCCGTT-1	HTO5	CD22_B1_nonint_2261
CAAGTCTCAAGTGTTC-1	HTO1	CD22_m971
CAAGTCTCAATGGCCC-1	HTO4	CD22_A11_int_1411
CAAGTCTCACGCTGAC-1	HTO2	CD22_i61_2
CAAGTCTCACGGAAAC-1	HTO4	CD22_A11_int_1411
CAAGTCTCACGTCTAG-1	HTO1	CD22_m971
CAAGTCTCACTCGAGC-1	HTO5	CD22_B1_nonint_2261
CAAGTCTCACTGTACG-1	HTO3	CD22_A3_nonint_4434
CAAGTCTCAGGTTGCC-1	HTO5	CD22_B1_nonint_2261
CAAGTGCTCAATCCTC-1	HTO4	CD22_A11_int_1411
CAAGTGCTCCATCTGT-1	HTO3	CD22_A3_nonint_4434
CAAGTGCTCCTTGTCG-1	HTO1	CD22_m971
CAAGTGCTCGTCGAAC-1	HTO5	CD22_B1_nonint_2261
CAAGTTAGTACAGCGC-1	HTO5	CD22_B1_nonint_2261
CAAGTTAGTGGCGATC-1	HTO1	CD22_m971
CAAGTTTAGACAACGG-1	HTO2	CD22_i61_2
CAAGTTTAGACTTACG-1	HTO5	CD22_B1_nonint_2261
CAAGTTTAGCAAGAGT-1	HTO1	CD22_m971
CAAGTTTAGCCAGTAC-1	HTO3	CD22_A3_nonint_4434
CAAGTTTAGGCACAAG-1	HTO4	CD22_A11_int_1411
CAAGTTTAGGCGTTAC-1	HTO1	CD22_m971
CAATACCCAAACGAGC-1	HTO3	CD22_A3_nonint_4434
CAATACCCAACATTAT-1	HTO2	CD22_i61_2
CAATACCCACACAGAA-1	HTO3	CD22_A3_nonint_4434
CAATACCCAGCTTTAA-1	HTO5	CD22_B1_nonint_2261
CAATACGTCACGCTAA-1	HTO5	CD22_B1_nonint_2261
CAATACGTCACTACTC-1	HTO2	CD22_i61_2
CAATACGTCATTCATT-1	HTO5	CD22_B1_nonint_2261
CAATACGTCCACAAGC-1	HTO3	CD22_A3_nonint_4434
CAATACTAGACTGCGT-1	HTO4	CD22_A11_int_1411
CAATACTAGAGACGCA-1	HTO1	CD22_m971
CAATACTAGAGGTATA-1	HTO5	CD22_B1_nonint_2261
CAATACTAGCATTACG-1	HTO2	CD22_i61_2
CAATACTAGCGTATAT-1	HTO5	CD22_B1_nonint_2261
CAATAGAAGATATTGC-1	HTO3	CD22_A3_nonint_4434
CAATAGAAGATCAGGG-1	HTO2	CD22_i61_2
CAATAGAAGCCTGTGG-1	HTO5	CD22_B1_nonint_2261
CAATAGAAGCGGGGAT-1	HTO5	CD22_B1_nonint_2261
CAATAGAAGGGCTCAT-1	HTO1	CD22_m971
CAATAGAAGGGCTGAA-1	HTO2	CD22_i61_2
CAATAGGCAAACATAA-1	HTO2	CD22_i61_2
CAATAGGCAAGCTTTA-1	HTO4	CD22_A11_int_1411
CAATAGGCACAAATCC-1	HTO3	CD22_A3_nonint_4434
CAATAGGCAGGATAGC-1	HTO1	CD22_m971
CAATATATCCACCTCA-1	HTO5	CD22_B1_nonint_2261
CAATATATCCGATGGT-1	HTO4	CD22_A11_int_1411
CAATATCAGACTGCGT-1	HTO5	CD22_B1_nonint_2261
CAATATCAGAGGAGTT-1	HTO2	CD22_i61_2
CAATATCAGAGTTGCC-1	HTO3	CD22_A3_nonint_4434
CAATATCAGATAAGCA-1	HTO1	CD22_m971
CAATATCAGCGCAGTT-1	HTO4	CD22_A11_int_1411
CAATATCAGGGAATTA-1	HTO4	CD22_A11_int_1411
CAATATCAGGGGACGT-1	HTO1	CD22_m971
CAATATCAGGTGATTT-1	HTO3	CD22_A3_nonint_4434
CAATATGGTACAGTTA-1	HTO1	CD22_m971
CAATATGGTAGTCGCA-1	HTO3	CD22_A3_nonint_4434
CAATCACCAACAGGAC-1	HTO3	CD22_A3_nonint_4434
CAATCACCAAGGCACG-1	HTO5	CD22_B1_nonint_2261
CAATCACCACCCACAA-1	HTO5	CD22_B1_nonint_2261
CAATCACCACCGTAAT-1	HTO3	CD22_A3_nonint_4434
CAATCAGTCACCCCTA-1	HTO3	CD22_A3_nonint_4434
CAATCAGTCCAGGATC-1	HTO5	CD22_B1_nonint_2261
CAATCAGTCGCAAACC-1	HTO2	CD22_i61_2
CAATCCAAGACGGGGT-1	HTO2	CD22_i61_2
CAATCCAAGAGGAGTT-1	HTO1	CD22_m971
CAATCCAAGCACGAAG-1	HTO2	CD22_i61_2
CAATCCAAGCATGCGT-1	HTO5	CD22_B1_nonint_2261
CAATCCAAGCTCGAAC-1	HTO2	CD22_i61_2
CAATCCCGTAGACTCG-1	HTO5	CD22_B1_nonint_2261
CAATCCCGTCATACCC-1	HTO1	CD22_m971
CAATCCCGTCATATTC-1	HTO5	CD22_B1_nonint_2261
CAATCCCGTGGTCTCT-1	HTO2	CD22_i61_2
CAATCCGCAACTGCAT-1	HTO5	CD22_B1_nonint_2261
CAATCCGCAAGCAAGC-1	HTO3	CD22_A3_nonint_4434
CAATCGATCACAATTA-1	HTO5	CD22_B1_nonint_2261
CAATCGATCACTCATC-1	HTO4	CD22_A11_int_1411
CAATCGATCCAACACA-1	HTO4	CD22_A11_int_1411
CAATCGATCCCAACTT-1	HTO3	CD22_A3_nonint_4434
CAATCGATCCCCACGT-1	HTO4	CD22_A11_int_1411
CAATCGATCCGTGAGT-1	HTO5	CD22_B1_nonint_2261
CAATCGATCCTCTGAT-1	HTO3	CD22_A3_nonint_4434
CAATCGATCGTGCAGT-1	HTO3	CD22_A3_nonint_4434
CAATCGGGTACATCTT-1	HTO1	CD22_m971
CAATCGGGTGGTTTAA-1	HTO3	CD22_A3_nonint_4434
CAATGCATCACTTCGT-1	HTO2	CD22_i61_2
CAATGCATCAGACGCT-1	HTO5	CD22_B1_nonint_2261
CAATGCATCGCACCCT-1	HTO3	CD22_A3_nonint_4434
CAATGCATCGGCGTAT-1	HTO2	CD22_i61_2
CAATGCATCGTATCTC-1	HTO1	CD22_m971
CAATGCCAGAAGGGCC-1	HTO2	CD22_i61_2
CAATGCCAGCATGGTC-1	HTO3	CD22_A3_nonint_4434
CAATGCGGTACTCGCT-1	HTO2	CD22_i61_2
CAATGCGGTACTGGAT-1	HTO1	CD22_m971
CAATGCGGTATCACGG-1	HTO4	CD22_A11_int_1411
CAATGCGGTATCGCGA-1	HTO2	CD22_i61_2
CAATGCGGTCCTTGCG-1	HTO3	CD22_A3_nonint_4434
CAATGCTCAACGTAAG-1	HTO2	CD22_i61_2
CAATGCTCAACTCATA-1	HTO3	CD22_A3_nonint_4434
CAATGCTCACTTGACG-1	HTO2	CD22_i61_2
CAATGGACACCAGATT-1	HTO3	CD22_A3_nonint_4434
CAATGGACACCTAGGC-1	HTO2	CD22_i61_2
CAATGGGAGATTCGTG-1	HTO4	CD22_A11_int_1411
CAATGGGAGCAAGTAA-1	HTO2	CD22_i61_2
CAATGGGAGGTTATCG-1	HTO4	CD22_A11_int_1411
CAATGTAGTCTGGTAG-1	HTO3	CD22_A3_nonint_4434
CAATGTAGTGCGCTGG-1	HTO5	CD22_B1_nonint_2261
CAATGTAGTGCTATAA-1	HTO3	CD22_A3_nonint_4434
CAATGTCCAATGCTAC-1	HTO5	CD22_B1_nonint_2261
CAATGTCCACTATAGC-1	HTO1	CD22_m971
CAATGTCCAGCGTGTC-1	HTO1	CD22_m971
CAATGTCCAGCTTCAG-1	HTO5	CD22_B1_nonint_2261
CAATGTCCAGTCCTAG-1	HTO2	CD22_i61_2
CAATGTGTCATTACAA-1	HTO4	CD22_A11_int_1411
CAATGTGTCCATAGCA-1	HTO4	CD22_A11_int_1411
CAATGTGTCCGTCAAA-1	HTO5	CD22_B1_nonint_2261
CAATGTGTCCTAAGCA-1	HTO2	CD22_i61_2
CAATGTTAGACCTGCG-1	HTO5	CD22_B1_nonint_2261
CAATGTTAGAGGCACA-1	HTO4	CD22_A11_int_1411
CAATGTTAGATGCCCG-1	HTO2	CD22_i61_2
CAATGTTAGCACGGTT-1	HTO2	CD22_i61_2
CAATGTTAGCTCTAGA-1	HTO1	CD22_m971
CAATTAATCAACATTA-1	HTO3	CD22_A3_nonint_4434
CAATTAATCATATCCC-1	HTO2	CD22_i61_2
CAATTAATCATGCGTA-1	HTO4	CD22_A11_int_1411
CAATTAATCCCTTAGT-1	HTO5	CD22_B1_nonint_2261
CAATTAATCGGGCAAA-1	HTO4	CD22_A11_int_1411
CAATTAATCGTGCTCC-1	HTO3	CD22_A3_nonint_4434
CAATTACAGAGAGGAA-1	HTO1	CD22_m971
CAATTACAGAGCGATG-1	HTO2	CD22_i61_2
CAATTACAGAGGACAT-1	HTO4	CD22_A11_int_1411
CAATTACAGAGGGTGC-1	HTO3	CD22_A3_nonint_4434
CAATTACAGATAACGA-1	HTO2	CD22_i61_2
CAATTACAGATCGATT-1	HTO5	CD22_B1_nonint_2261
CAATTACAGCAATTGT-1	HTO3	CD22_A3_nonint_4434
CAATTACAGCACCAAC-1	HTO4	CD22_A11_int_1411
CAATTACAGCCTTTCG-1	HTO1	CD22_m971
CAATTAGGTAATCTTC-1	HTO1	CD22_m971
CAATTAGGTACAAGTC-1	HTO1	CD22_m971
CAATTAGGTACAATTG-1	HTO3	CD22_A3_nonint_4434
CAATTAGGTCAGTTGG-1	HTO2	CD22_i61_2
CAATTAGGTCGGGTTA-1	HTO1	CD22_m971
CAATTAGGTGTAGAAG-1	HTO2	CD22_i61_2
CAATTATCAACACCCA-1	HTO5	CD22_B1_nonint_2261
CAATTATCACCGTACA-1	HTO2	CD22_i61_2
CAATTATCACTCGGGT-1	HTO4	CD22_A11_int_1411
CAATTATCACTTCGTC-1	HTO1	CD22_m971
CAATTATCAGCTACGC-1	HTO3	CD22_A3_nonint_4434
CAATTATCAGGACATA-1	HTO2	CD22_i61_2
CAATTATCAGTGGTAA-1	HTO3	CD22_A3_nonint_4434
CAATTCACACATGCCA-1	HTO2	CD22_i61_2
CAATTCACACTCACGA-1	HTO5	CD22_B1_nonint_2261
CAATTCACAGTGAAGC-1	HTO1	CD22_m971
CAATTCCTCAATCGCA-1	HTO5	CD22_B1_nonint_2261
CAATTCCTCGGTGCAT-1	HTO1	CD22_m971
CAATTCGAGAAGCCAG-1	HTO5	CD22_B1_nonint_2261
CAATTCGAGAGGACAT-1	HTO5	CD22_B1_nonint_2261
CAATTCTGTCATAGTA-1	HTO1	CD22_m971
CAATTCTGTCATTTCG-1	HTO1	CD22_m971
CAATTCTGTCTTCTCT-1	HTO5	CD22_B1_nonint_2261
CAATTCTGTGTCTATT-1	HTO5	CD22_B1_nonint_2261
CAATTGGTCCGAATCA-1	HTO4	CD22_A11_int_1411
CAATTGGTCCTCCACA-1	HTO4	CD22_A11_int_1411
CAATTGGTCGCATAGC-1	HTO2	CD22_i61_2
CAATTGGTCGCGATGT-1	HTO5	CD22_B1_nonint_2261
CAATTGTAGACTCCAA-1	HTO4	CD22_A11_int_1411
CAATTGTAGATGACGG-1	HTO3	CD22_A3_nonint_4434
CAATTGTAGCCCAGCA-1	HTO2	CD22_i61_2
CAATTGTAGGCGGAGT-1	HTO3	CD22_A3_nonint_4434
CAATTTCGTATGCCGA-1	HTO2	CD22_i61_2
CAATTTCGTCTGGCTT-1	HTO5	CD22_B1_nonint_2261
CAATTTCGTGGTTGTG-1	HTO2	CD22_i61_2
CACAACATCAACAGGG-1	HTO4	CD22_A11_int_1411
CACAACATCCCATGCC-1	HTO3	CD22_A3_nonint_4434
CACAACATCCGTAAAT-1	HTO4	CD22_A11_int_1411
CACAACATCGCTTCCA-1	HTO1	CD22_m971
CACAACATCGGTCCCT-1	HTO4	CD22_A11_int_1411
CACAACTCACCTCGAA-1	HTO3	CD22_A3_nonint_4434
CACAAGACAACGATAG-1	HTO4	CD22_A11_int_1411
CACAAGGAGCAGGGAC-1	HTO1	CD22_m971
CACAAGGAGCCTGTAA-1	HTO2	CD22_i61_2
CACAAGGAGCGTATAT-1	HTO2	CD22_i61_2
CACAAGGAGCGTCTCC-1	HTO1	CD22_m971
CACAATCCACAAGCCC-1	HTO3	CD22_A3_nonint_4434
CACAATCCACCTCATC-1	HTO2	CD22_i61_2
CACAATCCACTAATCA-1	HTO5	CD22_B1_nonint_2261
CACAATCCAGTCTGCA-1	HTO5	CD22_B1_nonint_2261
CACAATTAGCACTCCC-1	HTO5	CD22_B1_nonint_2261
CACAATTAGCATATGT-1	HTO5	CD22_B1_nonint_2261
CACAATTAGCCAGCAT-1	HTO5	CD22_B1_nonint_2261
CACAATTAGCCTAAGC-1	HTO5	CD22_B1_nonint_2261
CACAATTAGCTCGAGT-1	HTO1	CD22_m971
CACACCCTCCATAAGT-1	HTO3	CD22_A3_nonint_4434
CACACCCTCCATTCAC-1	HTO4	CD22_A11_int_1411
CACACCCTCCTCCTTC-1	HTO1	CD22_m971
CACACCCTCCTGTTCG-1	HTO2	CD22_i61_2
CACACCCTCGGCGCTA-1	HTO1	CD22_m971
CACACCTGTATCATGA-1	HTO2	CD22_i61_2
CACACCTGTCACTATT-1	HTO5	CD22_B1_nonint_2261
CACACGCCAAATTCCA-1	HTO2	CD22_i61_2
CACACGCCAATTCGGT-1	HTO2	CD22_i61_2
CACACGCCACATAACC-1	HTO2	CD22_i61_2
CACACGCCACCCATTC-1	HTO5	CD22_B1_nonint_2261
CACACGCCACCTGCTT-1	HTO5	CD22_B1_nonint_2261
CACACGCCAGCATGCC-1	HTO2	CD22_i61_2
CACACGCCAGCCAAGG-1	HTO3	CD22_A3_nonint_4434
CACACGCCAGGATAGC-1	HTO1	CD22_m971
CACACGCCAGTAGCGG-1	HTO2	CD22_i61_2
CACACTCGTGGCGGTT-1	HTO5	CD22_B1_nonint_2261
CACACTCGTGGTTTCC-1	HTO2	CD22_i61_2
CACAGCAGTACTACCC-1	HTO4	CD22_A11_int_1411
CACAGCAGTCAGGTTG-1	HTO3	CD22_A3_nonint_4434
CACAGCAGTCCTGCGC-1	HTO5	CD22_B1_nonint_2261
CACAGCAGTGTAATTG-1	HTO5	CD22_B1_nonint_2261
CACAGCAGTGTGAAAG-1	HTO3	CD22_A3_nonint_4434
CACAGCAGTGTTGCGA-1	HTO1	CD22_m971
CACAGCCCAAGGCCGA-1	HTO5	CD22_B1_nonint_2261
CACAGCCCAGCAGCGA-1	HTO5	CD22_B1_nonint_2261
CACAGCCCAGGTCTAT-1	HTO1	CD22_m971
CACAGCTAGCAAACTT-1	HTO4	CD22_A11_int_1411
CACAGCTAGCAAGCCT-1	HTO2	CD22_i61_2
CACAGCTAGCTCTGGG-1	HTO3	CD22_A3_nonint_4434
CACAGCTAGGCAGGGT-1	HTO5	CD22_B1_nonint_2261
CACAGCTAGGCTAACC-1	HTO5	CD22_B1_nonint_2261
CACAGCTAGGTAGGTG-1	HTO1	CD22_m971
CACAGCTAGGTCATGC-1	HTO4	CD22_A11_int_1411
CACAGGAAGAAACGCG-1	HTO3	CD22_A3_nonint_4434
CACAGGAAGAATACGA-1	HTO2	CD22_i61_2
CACAGGAAGAGAGTTA-1	HTO5	CD22_B1_nonint_2261
CACAGGAAGGGAGTTG-1	HTO3	CD22_A3_nonint_4434
CACAGGTTCAGTAAAG-1	HTO5	CD22_B1_nonint_2261
CACAGGTTCCAATCGA-1	HTO4	CD22_A11_int_1411
CACAGGTTCCCGCGTT-1	HTO3	CD22_A3_nonint_4434
CACAGGTTCGGAATGG-1	HTO4	CD22_A11_int_1411
CACATACCAAAACCTC-1	HTO3	CD22_A3_nonint_4434
CACATACCAGCTGTAT-1	HTO3	CD22_A3_nonint_4434
CACATACCAGTTCGCA-1	HTO1	CD22_m971
CACATCAAGAAGGCGC-1	HTO2	CD22_i61_2
CACATCAAGAATGATG-1	HTO3	CD22_A3_nonint_4434
CACATCAAGACTACAT-1	HTO2	CD22_i61_2
CACATCAAGAGCATTT-1	HTO1	CD22_m971
CACATCAAGAGCTTAT-1	HTO5	CD22_B1_nonint_2261
CACATCAAGCAGTATT-1	HTO3	CD22_A3_nonint_4434
CACATCAAGCCGCCAA-1	HTO4	CD22_A11_int_1411
CACATCAAGCTAGCGT-1	HTO3	CD22_A3_nonint_4434
CACATCAAGGCTTATG-1	HTO3	CD22_A3_nonint_4434
CACATCTTCATGCGGT-1	HTO5	CD22_B1_nonint_2261
CACATCTTCCGCATGG-1	HTO4	CD22_A11_int_1411
CACATCTTCGGTCGCA-1	HTO2	CD22_i61_2
CACATGGGTAACCGCA-1	HTO1	CD22_m971
CACATGGGTAGCTGAT-1	HTO2	CD22_i61_2
CACATGGGTAGTCGAT-1	HTO5	CD22_B1_nonint_2261
CACATGGGTCCAGCCC-1	HTO2	CD22_i61_2
CACATGGGTGCTTGGA-1	HTO4	CD22_A11_int_1411
CACATGGGTGGTAGCC-1	HTO3	CD22_A3_nonint_4434
CACCAAATCAACTATA-1	HTO2	CD22_i61_2
CACCAAATCACATGTG-1	HTO2	CD22_i61_2
CACCAAATCAGCACTA-1	HTO4	CD22_A11_int_1411
CACCAACAGAACAGAC-1	HTO1	CD22_m971
CACCAACAGACTTACG-1	HTO1	CD22_m971
CACCAACAGATACAGA-1	HTO5	CD22_B1_nonint_2261
CACCAACAGCTAATCG-1	HTO5	CD22_B1_nonint_2261
CACCAACAGGGACGGT-1	HTO4	CD22_A11_int_1411
CACCAACAGGTGATTT-1	HTO2	CD22_i61_2
CACCACGAGAATGTTC-1	HTO3	CD22_A3_nonint_4434
CACCACGAGAGAAGCT-1	HTO2	CD22_i61_2
CACCACGAGATAGGCG-1	HTO2	CD22_i61_2
CACCACGAGGCACCCA-1	HTO4	CD22_A11_int_1411
CACCACGAGGTCCGAT-1	HTO3	CD22_A3_nonint_4434
CACCATAAGAATGCCC-1	HTO1	CD22_m971
CACCATAAGAGGACAT-1	HTO4	CD22_A11_int_1411
CACCATAAGCAAGAGT-1	HTO5	CD22_B1_nonint_2261
CACCATAAGCACGTCG-1	HTO1	CD22_m971
CACCATAAGCCATCAA-1	HTO1	CD22_m971
CACCATAAGCTGAATT-1	HTO3	CD22_A3_nonint_4434
CACCATAAGCTGCTAA-1	HTO4	CD22_A11_int_1411
CACCATAAGCTTCTAC-1	HTO4	CD22_A11_int_1411
CACCATAAGGGCGAAC-1	HTO4	CD22_A11_int_1411
CACCATAAGGTGCGAA-1	HTO3	CD22_A3_nonint_4434
CACCATTTCAAATGTC-1	HTO3	CD22_A3_nonint_4434
CACCATTTCAAGCTTG-1	HTO3	CD22_A3_nonint_4434
CACCATTTCACGTGGT-1	HTO1	CD22_m971
CACCATTTCACTGCCC-1	HTO1	CD22_m971
CACCATTTCCAAGTAT-1	HTO5	CD22_B1_nonint_2261
CACCATTTCCGGGATT-1	HTO2	CD22_i61_2
CACCATTTCGCCAATA-1	HTO4	CD22_A11_int_1411
CACCATTTCGCCTACC-1	HTO4	CD22_A11_int_1411
CACCATTTCGGTTCAA-1	HTO2	CD22_i61_2
CACCCAACAACGAGGT-1	HTO1	CD22_m971
CACCCAACACATTTAG-1	HTO2	CD22_i61_2
CACCCAACACGTACGC-1	HTO3	CD22_A3_nonint_4434
CACCCAACACTGCTCT-1	HTO5	CD22_B1_nonint_2261
CACCCAGAGGCGCATT-1	HTO1	CD22_m971
CACCCATGTAGCTTGG-1	HTO4	CD22_A11_int_1411
CACCCATGTAGGGAGT-1	HTO3	CD22_A3_nonint_4434
CACCCATGTAGGTTGT-1	HTO5	CD22_B1_nonint_2261
CACCCATGTCATCGCT-1	HTO1	CD22_m971
CACCCATGTCCAGTAG-1	HTO2	CD22_i61_2
CACCCATGTCTGTACC-1	HTO2	CD22_i61_2
CACCCGAAGAATGATG-1	HTO1	CD22_m971
CACCCGAAGAATTGAG-1	HTO5	CD22_B1_nonint_2261
CACCCGAAGACGGGGT-1	HTO3	CD22_A3_nonint_4434
CACCCGAAGATGTATC-1	HTO2	CD22_i61_2
CACCCGAAGCTCGGCA-1	HTO3	CD22_A3_nonint_4434
CACCCGAAGGCAACAG-1	HTO3	CD22_A3_nonint_4434
CACCCGCGTAACCGGC-1	HTO5	CD22_B1_nonint_2261
CACCCGCGTCATAGCG-1	HTO3	CD22_A3_nonint_4434
CACCCGCGTGGCAATT-1	HTO4	CD22_A11_int_1411
CACCCGTTCAAGCCTA-1	HTO1	CD22_m971
CACCCGTTCAGTATTA-1	HTO1	CD22_m971
CACCCGTTCATTAAGC-1	HTO1	CD22_m971
CACCCGTTCCTAGCAA-1	HTO5	CD22_B1_nonint_2261
CACCCGTTCCTGCAAA-1	HTO1	CD22_m971
CACCCGTTCGGCTCGA-1	HTO5	CD22_B1_nonint_2261
CACCCTATCACAATAC-1	HTO1	CD22_m971
CACCCTATCACCAAGC-1	HTO3	CD22_A3_nonint_4434
CACCCTATCGGTCAAC-1	HTO1	CD22_m971
CACCCTGGTATATGTG-1	HTO4	CD22_A11_int_1411
CACCCTGGTCGAGGCT-1	HTO2	CD22_i61_2
CACCCTGGTCGAGGGA-1	HTO4	CD22_A11_int_1411
CACCCTGGTCTATCCA-1	HTO3	CD22_A3_nonint_4434
CACCGCAAGATTACGT-1	HTO4	CD22_A11_int_1411
CACCGCAAGCCACTAA-1	HTO4	CD22_A11_int_1411
CACCGCCGTACTGCGA-1	HTO5	CD22_B1_nonint_2261
CACCGCCGTCGCTTGT-1	HTO5	CD22_B1_nonint_2261
CACCGCCGTCGTTCGT-1	HTO3	CD22_A3_nonint_4434
CACCGCTTCAAACCGC-1	HTO3	CD22_A3_nonint_4434
CACCGCTTCATGAAAG-1	HTO3	CD22_A3_nonint_4434
CACCGCTTCCGAAGTC-1	HTO4	CD22_A11_int_1411
CACCGCTTCGCACTCC-1	HTO2	CD22_i61_2
CACCGCTTCGGGTTAC-1	HTO2	CD22_i61_2
CACCGCTTCGTCAATG-1	HTO4	CD22_A11_int_1411
CACCGGGGTAATTCCT-1	HTO1	CD22_m971
CACCGGGGTGGCGAAG-1	HTO5	CD22_B1_nonint_2261
CACCGTACAATCCGGC-1	HTO4	CD22_A11_int_1411
CACCGTACACCTTGAG-1	HTO1	CD22_m971
CACCGTACAGGAACGT-1	HTO1	CD22_m971
CACCGTTGTGGTTTAA-1	HTO1	CD22_m971
CACCTAAAGCAAAGGT-1	HTO3	CD22_A3_nonint_4434
CACCTAAAGCATATGT-1	HTO2	CD22_i61_2
CACCTAAAGGTTCGCG-1	HTO5	CD22_B1_nonint_2261
CACCTATTCAAGGGCA-1	HTO4	CD22_A11_int_1411
CACCTATTCAGGGGTA-1	HTO5	CD22_B1_nonint_2261
CACCTATTCGCCAATA-1	HTO2	CD22_i61_2
CACCTCATCAAACTAC-1	HTO5	CD22_B1_nonint_2261
CACCTCATCAACGTTG-1	HTO3	CD22_A3_nonint_4434
CACCTCATCCCACTTG-1	HTO2	CD22_i61_2
CACCTCATCCCGCCAT-1	HTO5	CD22_B1_nonint_2261
CACCTCATCCGATGTA-1	HTO4	CD22_A11_int_1411
CACCTCCAGCGTTAAT-1	HTO5	CD22_B1_nonint_2261
CACCTCCAGGTCTGGT-1	HTO1	CD22_m971
CACCTCTCAAATTGAA-1	HTO2	CD22_i61_2
CACCTCTCAAGGATCA-1	HTO4	CD22_A11_int_1411
CACCTCTCAGCTTATA-1	HTO4	CD22_A11_int_1411
CACCTTTAGAAGTACA-1	HTO4	CD22_A11_int_1411
CACCTTTAGAGGCGTA-1	HTO3	CD22_A3_nonint_4434
CACCTTTAGATCTTCC-1	HTO5	CD22_B1_nonint_2261
CACCTTTAGCACGGAA-1	HTO5	CD22_B1_nonint_2261
CACCTTTAGCGGGTAA-1	HTO1	CD22_m971
CACCTTTAGGGAATGT-1	HTO2	CD22_i61_2
CACGAAGAGAATGCGG-1	HTO3	CD22_A3_nonint_4434
CACGAAGAGCACGGTT-1	HTO2	CD22_i61_2
CACGAAGAGCCCAAGT-1	HTO1	CD22_m971
CACGAAGAGCCTATTC-1	HTO1	CD22_m971
CACGAAGAGCTGGCAT-1	HTO3	CD22_A3_nonint_4434
CACGAAGAGCTTAAGT-1	HTO1	CD22_m971
CACGAATGTCGATAGT-1	HTO2	CD22_i61_2
CACGAATGTGGAAATG-1	HTO2	CD22_i61_2
CACGAATGTGGACTAT-1	HTO5	CD22_B1_nonint_2261
CACGAGTTCAGTAAAG-1	HTO1	CD22_m971
CACGAGTTCATACCCT-1	HTO1	CD22_m971
CACGAGTTCCAGCCCT-1	HTO4	CD22_A11_int_1411
CACGAGTTCCCACATT-1	HTO2	CD22_i61_2
CACGAGTTCCTCCGAC-1	HTO1	CD22_m971
CACGAGTTCGCGAGTT-1	HTO2	CD22_i61_2
CACGAGTTCGCTCTAT-1	HTO4	CD22_A11_int_1411
CACGAGTTCGTAACGC-1	HTO5	CD22_B1_nonint_2261
CACGCACCACACTTAA-1	HTO2	CD22_i61_2
CACGCACCACCTAGAT-1	HTO1	CD22_m971
CACGCACCACTCACCT-1	HTO5	CD22_B1_nonint_2261
CACGCACCACTGTAAC-1	HTO1	CD22_m971
CACGCACCACTTCATT-1	HTO2	CD22_i61_2
CACGCACCAGCATCCA-1	HTO1	CD22_m971
CACGCCAAGAAAGTGC-1	HTO3	CD22_A3_nonint_4434
CACGCCAAGAAGGCTG-1	HTO5	CD22_B1_nonint_2261
CACGCCAAGCACCACG-1	HTO3	CD22_A3_nonint_4434
CACGCCCGTACTGGGC-1	HTO1	CD22_m971
CACGCCCGTAGTCGAT-1	HTO4	CD22_A11_int_1411
CACGCCCGTCACGTAG-1	HTO3	CD22_A3_nonint_4434
CACGCCCGTGGGACCT-1	HTO2	CD22_i61_2
CACGCCCGTGGTGGAG-1	HTO1	CD22_m971
CACGCGGGTATGGCGC-1	HTO4	CD22_A11_int_1411
CACGCGGGTCTAACCC-1	HTO4	CD22_A11_int_1411
CACGCGGGTCTATTGT-1	HTO4	CD22_A11_int_1411
CACGCTTGTAAGGTCT-1	HTO2	CD22_i61_2
CACGCTTGTAGCAATC-1	HTO4	CD22_A11_int_1411
CACGCTTGTATGAAGG-1	HTO3	CD22_A3_nonint_4434
CACGCTTGTATTGGTA-1	HTO3	CD22_A3_nonint_4434
CACGCTTGTCGGCTGG-1	HTO2	CD22_i61_2
CACGCTTGTCTAAATG-1	HTO5	CD22_B1_nonint_2261
CACGCTTGTGGTCAAT-1	HTO1	CD22_m971
CACGGAAAGAGTTGGG-1	HTO4	CD22_A11_int_1411
CACGGAAAGCTGACAC-1	HTO5	CD22_B1_nonint_2261
CACGGAAAGCTGCAAC-1	HTO4	CD22_A11_int_1411
CACGGAAAGGCTATGC-1	HTO1	CD22_m971
CACGGAAAGGGTAGGC-1	HTO4	CD22_A11_int_1411
CACGGCGGTAAATGGG-1	HTO1	CD22_m971
CACGGCGGTAGTGTAC-1	HTO2	CD22_i61_2
CACGGCGGTATCGCTC-1	HTO2	CD22_i61_2
CACGGCGGTCGAGGAG-1	HTO4	CD22_A11_int_1411
CACGGGTGTATCCGTC-1	HTO1	CD22_m971
CACGGGTGTCAATTCT-1	HTO1	CD22_m971
CACGGGTGTCCAGTAG-1	HTO4	CD22_A11_int_1411
CACGGGTGTGCTCTGT-1	HTO3	CD22_A3_nonint_4434
CACGGGTGTGGGGCTT-1	HTO1	CD22_m971
CACGGGTGTGGGGTTC-1	HTO1	CD22_m971
CACGGTCCACAATAGG-1	HTO1	CD22_m971
CACGGTCCACCAGCTA-1	HTO2	CD22_i61_2
CACGGTCCAGGTAAGC-1	HTO3	CD22_A3_nonint_4434
CACGGTCCAGTCCACA-1	HTO5	CD22_B1_nonint_2261
CACGGTCCAGTTGAGA-1	HTO2	CD22_i61_2
CACGGTTAGAAAGGAG-1	HTO3	CD22_A3_nonint_4434
CACGGTTAGCGCCTAG-1	HTO5	CD22_B1_nonint_2261
CACGTAATCACAGCAC-1	HTO5	CD22_B1_nonint_2261
CACGTAATCAGGCCCA-1	HTO4	CD22_A11_int_1411
CACGTAATCCCAGCCT-1	HTO2	CD22_i61_2
CACGTAATCGGGTCAT-1	HTO1	CD22_m971
CACGTAATCGTAGATT-1	HTO3	CD22_A3_nonint_4434
CACGTACAGACAATTC-1	HTO2	CD22_i61_2
CACGTACAGAGTCCCG-1	HTO3	CD22_A3_nonint_4434
CACGTACAGCATCTAG-1	HTO2	CD22_i61_2
CACGTACAGCGAAGCA-1	HTO2	CD22_i61_2
CACGTAGGTACTATAG-1	HTO2	CD22_i61_2
CACGTAGGTCCTATGC-1	HTO1	CD22_m971
CACGTAGGTGGACGCT-1	HTO2	CD22_i61_2
CACGTCACACTGACCA-1	HTO1	CD22_m971
CACGTCACAGCAGGAT-1	HTO4	CD22_A11_int_1411
CACGTCACAGTTGGGG-1	HTO3	CD22_A3_nonint_4434
CACGTCGAGAATGCCC-1	HTO2	CD22_i61_2
CACGTCGAGACAGCGA-1	HTO3	CD22_A3_nonint_4434
CACGTCGAGATCGACC-1	HTO1	CD22_m971
CACGTCGAGCCATCGG-1	HTO4	CD22_A11_int_1411
CACGTCGAGCTGCTAA-1	HTO2	CD22_i61_2
CACGTTCGTACCATCC-1	HTO5	CD22_B1_nonint_2261
CACGTTCGTGCACAGC-1	HTO4	CD22_A11_int_1411
CACGTTCGTGGGCAAG-1	HTO5	CD22_B1_nonint_2261
CACGTTCGTGGGTCTA-1	HTO4	CD22_A11_int_1411
CACGTTCGTGTCGCTT-1	HTO5	CD22_B1_nonint_2261
CACGTTCGTGTCTTCA-1	HTO2	CD22_i61_2
CACTAACCAACGTGCC-1	HTO5	CD22_B1_nonint_2261
CACTAACCAAGTTTCA-1	HTO2	CD22_i61_2
CACTAACCAATCATCA-1	HTO4	CD22_A11_int_1411
CACTAACCAATCGGCC-1	HTO5	CD22_B1_nonint_2261
CACTAACCACAGGTAA-1	HTO4	CD22_A11_int_1411
CACTACAAGACGTGTC-1	HTO3	CD22_A3_nonint_4434
CACTACAAGCCTAGTA-1	HTO3	CD22_A3_nonint_4434
CACTACAAGCCTTATC-1	HTO5	CD22_B1_nonint_2261
CACTACAAGGCGAATG-1	HTO4	CD22_A11_int_1411
CACTACAAGGGCGATA-1	HTO5	CD22_B1_nonint_2261
CACTACGCACGGACCT-1	HTO1	CD22_m971
CACTACGCAGGGTCAG-1	HTO4	CD22_A11_int_1411
CACTACGCAGTTGAGA-1	HTO5	CD22_B1_nonint_2261
CACTACTTCACTATCC-1	HTO3	CD22_A3_nonint_4434
CACTACTTCACTGCCC-1	HTO5	CD22_B1_nonint_2261
CACTACTTCATTCTCA-1	HTO3	CD22_A3_nonint_4434
CACTACTTCCGTCTAT-1	HTO2	CD22_i61_2
CACTACTTCCTCGCAC-1	HTO5	CD22_B1_nonint_2261
CACTACTTCCTGACAA-1	HTO1	CD22_m971
CACTACTTCGGGCCTA-1	HTO2	CD22_i61_2
CACTAGCAGAGGGTGC-1	HTO5	CD22_B1_nonint_2261
CACTAGCAGAGTAAGC-1	HTO4	CD22_A11_int_1411
CACTAGCAGCTAATCG-1	HTO5	CD22_B1_nonint_2261
CACTAGGGTACAGCGC-1	HTO2	CD22_i61_2
CACTAGGGTACATTTC-1	HTO5	CD22_B1_nonint_2261
CACTAGGGTACGCGCG-1	HTO1	CD22_m971
CACTAGGGTAGCTGTG-1	HTO5	CD22_B1_nonint_2261
CACTAGGGTCTCGCAT-1	HTO1	CD22_m971
CACTAGGGTCTGTTGC-1	HTO3	CD22_A3_nonint_4434
CACTAGGGTGCGAGGA-1	HTO5	CD22_B1_nonint_2261
CACTAGGGTGGTCCCC-1	HTO5	CD22_B1_nonint_2261
CACTATACACATAGCT-1	HTO1	CD22_m971
CACTATGAGATGCGGA-1	HTO4	CD22_A11_int_1411
CACTATGAGCAATCCA-1	HTO4	CD22_A11_int_1411
CACTATGAGCTCTGGG-1	HTO5	CD22_B1_nonint_2261
CACTATGAGGGAGAGG-1	HTO1	CD22_m971
CACTATGAGGGGGCAT-1	HTO1	CD22_m971
CACTATGAGGTAGCAG-1	HTO3	CD22_A3_nonint_4434
CACTATTGTAAGGGTA-1	HTO4	CD22_A11_int_1411
CACTATTGTAAGTAGG-1	HTO5	CD22_B1_nonint_2261
CACTATTGTATGCGGC-1	HTO2	CD22_i61_2
CACTATTGTCTATTGT-1	HTO2	CD22_i61_2
CACTATTGTGTCTGAG-1	HTO4	CD22_A11_int_1411
CACTCAAAGATCCTGA-1	HTO2	CD22_i61_2
CACTCAAAGATCTTCC-1	HTO2	CD22_i61_2
CACTCAAAGCTACATG-1	HTO2	CD22_i61_2
CACTCAGCAAGCGTTT-1	HTO3	CD22_A3_nonint_4434
CACTCAGCACATCACG-1	HTO1	CD22_m971
CACTCAGCACGCATCA-1	HTO2	CD22_i61_2
CACTCAGCAGGGTGCA-1	HTO3	CD22_A3_nonint_4434
CACTCCATCAGCGTGT-1	HTO3	CD22_A3_nonint_4434
CACTCCATCAGTGCTA-1	HTO1	CD22_m971
CACTCCCAGAACGAAC-1	HTO4	CD22_A11_int_1411
CACTCCCAGAGTCCCG-1	HTO2	CD22_i61_2
CACTCCCAGCCCAGCA-1	HTO1	CD22_m971
CACTCCCAGCGCATCG-1	HTO4	CD22_A11_int_1411
CACTCCCAGCTGCATA-1	HTO3	CD22_A3_nonint_4434
CACTCCCAGGTATGGG-1	HTO1	CD22_m971
CACTCCCAGGTCTATG-1	HTO1	CD22_m971
CACTCCGGTAACTCGG-1	HTO2	CD22_i61_2
CACTCCGGTAAGTGTC-1	HTO2	CD22_i61_2
CACTCCGGTACTGCAG-1	HTO1	CD22_m971
CACTCCGGTACTGGGC-1	HTO5	CD22_B1_nonint_2261
CACTCCGGTCTTATGT-1	HTO1	CD22_m971
CACTCCGGTGCACAGC-1	HTO1	CD22_m971
CACTCCGGTGCTTTCA-1	HTO5	CD22_B1_nonint_2261
CACTCCGGTGGCTTCT-1	HTO4	CD22_A11_int_1411
CACTCCGGTGTGTATA-1	HTO1	CD22_m971
CACTCGACAACGCGCT-1	HTO2	CD22_i61_2
CACTCGACAATACCCG-1	HTO5	CD22_B1_nonint_2261
CACTCGACACTCCACT-1	HTO1	CD22_m971
CACTCGACACTGGGGA-1	HTO4	CD22_A11_int_1411
CACTCTCCAAAGCTCT-1	HTO5	CD22_B1_nonint_2261
CACTCTCCAAGGAATT-1	HTO5	CD22_B1_nonint_2261
CACTCTCCAAGTACGA-1	HTO4	CD22_A11_int_1411
CACTCTCCAGCCACTA-1	HTO4	CD22_A11_int_1411
CACTCTCCAGCTACAT-1	HTO4	CD22_A11_int_1411
CACTCTGTCATATGTA-1	HTO5	CD22_B1_nonint_2261
CACTCTGTCGCTAATG-1	HTO1	CD22_m971
CACTGCACAATGACAG-1	HTO5	CD22_B1_nonint_2261
CACTGCACACACAACT-1	HTO1	CD22_m971
CACTGCACACCTCACT-1	HTO4	CD22_A11_int_1411
CACTGCGAGAATGCGG-1	HTO4	CD22_A11_int_1411
CACTGCGAGACCCGCA-1	HTO3	CD22_A3_nonint_4434
CACTGCGAGCCTCATT-1	HTO5	CD22_B1_nonint_2261
CACTGTAAGAAATTGG-1	HTO2	CD22_i61_2
CACTGTAAGATATTGC-1	HTO5	CD22_B1_nonint_2261
CACTGTAAGCATCGCG-1	HTO2	CD22_i61_2
CACTGTAAGCATTCGA-1	HTO3	CD22_A3_nonint_4434
CACTGTAAGCTCTGGG-1	HTO3	CD22_A3_nonint_4434
CACTGTAAGGCGGATA-1	HTO2	CD22_i61_2
CACTGTAAGGTCCTCC-1	HTO2	CD22_i61_2
CACTTAACAACCTATA-1	HTO5	CD22_B1_nonint_2261
CACTTAACACGGCACT-1	HTO3	CD22_A3_nonint_4434
CACTTACTCAACGTTG-1	HTO5	CD22_B1_nonint_2261
CACTTACTCAATTATG-1	HTO1	CD22_m971
CACTTACTCACAACCA-1	HTO2	CD22_i61_2
CACTTACTCAGGCCAT-1	HTO3	CD22_A3_nonint_4434
CACTTACTCATAACGT-1	HTO1	CD22_m971
CACTTAGAGAAACCCC-1	HTO2	CD22_i61_2
CACTTAGAGAACTCAT-1	HTO5	CD22_B1_nonint_2261
CACTTAGAGCCGCTGA-1	HTO5	CD22_B1_nonint_2261
CACTTAGAGGCACAAG-1	HTO4	CD22_A11_int_1411
CACTTAGAGGCTCATA-1	HTO5	CD22_B1_nonint_2261
CACTTAGAGGTTGGAG-1	HTO1	CD22_m971
CACTTATGTAACATTG-1	HTO5	CD22_B1_nonint_2261
CACTTATGTCCTATTG-1	HTO2	CD22_i61_2
CACTTATGTGGAAATG-1	HTO1	CD22_m971
CACTTATGTGGGTAGG-1	HTO1	CD22_m971
CACTTCGTCAGCATAT-1	HTO4	CD22_A11_int_1411
CACTTCGTCATGGTTG-1	HTO5	CD22_B1_nonint_2261
CACTTCGTCCAAGACC-1	HTO2	CD22_i61_2
CACTTCGTCCATTCTA-1	HTO2	CD22_i61_2
CACTTCGTCCTCTGCA-1	HTO5	CD22_B1_nonint_2261
CACTTCGTCGCACGTG-1	HTO4	CD22_A11_int_1411
CACTTCGTCGGTTACA-1	HTO2	CD22_i61_2
CACTTTCAGATGCCAC-1	HTO1	CD22_m971
CACTTTCAGCCGCACA-1	HTO5	CD22_B1_nonint_2261
CACTTTCAGGGTCGTT-1	HTO4	CD22_A11_int_1411
CACTTTGGTAAGGAAT-1	HTO4	CD22_A11_int_1411
CACTTTGGTAATCCGG-1	HTO4	CD22_A11_int_1411
CACTTTGGTAGTCAGT-1	HTO3	CD22_A3_nonint_4434
CACTTTGGTCAAACGT-1	HTO3	CD22_A3_nonint_4434
CACTTTGGTCACACTC-1	HTO3	CD22_A3_nonint_4434
CACTTTGGTCACCGCC-1	HTO3	CD22_A3_nonint_4434
CACTTTGGTCCGAATG-1	HTO4	CD22_A11_int_1411
CACTTTGGTCTAGTGG-1	HTO5	CD22_B1_nonint_2261
CACTTTGGTGGGACTC-1	HTO4	CD22_A11_int_1411
CAGCAACTCAAATGTC-1	HTO5	CD22_B1_nonint_2261
CAGCAACTCAATCATA-1	HTO1	CD22_m971
CAGCAACTCACCCGCT-1	HTO4	CD22_A11_int_1411
CAGCAACTCAGTAATC-1	HTO2	CD22_i61_2
CAGCAACTCATCCTTA-1	HTO4	CD22_A11_int_1411
CAGCAACTCCATATCC-1	HTO5	CD22_B1_nonint_2261
CAGCAACTCCGCTTGC-1	HTO4	CD22_A11_int_1411
CAGCAACTCGCCTGCT-1	HTO1	CD22_m971
CAGCAACTCGGCAACT-1	HTO3	CD22_A3_nonint_4434
CAGCAACTCGGCTTGG-1	HTO2	CD22_i61_2
CAGCAACTCGTTGCCC-1	HTO1	CD22_m971
CAGCAATGTACGGATT-1	HTO5	CD22_B1_nonint_2261
CAGCAATGTAGGTAAG-1	HTO5	CD22_B1_nonint_2261
CAGCAATGTATCCGTC-1	HTO5	CD22_B1_nonint_2261
CAGCAATGTCATCAGG-1	HTO4	CD22_A11_int_1411
CAGCAATGTCTACGCT-1	HTO2	CD22_i61_2
CAGCAATGTCTGGAAT-1	HTO5	CD22_B1_nonint_2261
CAGCAATGTGGATGGG-1	HTO2	CD22_i61_2
CAGCAATGTGGCGCAT-1	HTO2	CD22_i61_2
CAGCAATGTGTGTTAA-1	HTO1	CD22_m971
CAGCACCCAATCTGAC-1	HTO4	CD22_A11_int_1411
CAGCACCCACCCAAGC-1	HTO5	CD22_B1_nonint_2261
CAGCACCCACTATTCT-1	HTO1	CD22_m971
CAGCACCCAGTCCATG-1	HTO5	CD22_B1_nonint_2261
CAGCAGGCACTAAGCT-1	HTO5	CD22_B1_nonint_2261
CAGCAGTTCACTCCCA-1	HTO2	CD22_i61_2
CAGCAGTTCATACGCA-1	HTO4	CD22_A11_int_1411
CAGCAGTTCCTTATCA-1	HTO4	CD22_A11_int_1411
CAGCAGTTCGGAAGCA-1	HTO5	CD22_B1_nonint_2261
CAGCATATCAACTCTC-1	HTO4	CD22_A11_int_1411
CAGCATATCACGTATG-1	HTO5	CD22_B1_nonint_2261
CAGCATATCAGGGACA-1	HTO1	CD22_m971
CAGCATATCCGTTCTG-1	HTO2	CD22_i61_2
CAGCATATCGTGCATA-1	HTO4	CD22_A11_int_1411
CAGCATGGTCAGCCTT-1	HTO5	CD22_B1_nonint_2261
CAGCATGGTGCTTGGA-1	HTO2	CD22_i61_2
CAGCATGGTGTTCGAG-1	HTO4	CD22_A11_int_1411
CAGCATTCAAACTCCG-1	HTO4	CD22_A11_int_1411
CAGCATTCACGATTAC-1	HTO4	CD22_A11_int_1411
CAGCATTCACGCACGT-1	HTO5	CD22_B1_nonint_2261
CAGCATTCACGGTATT-1	HTO4	CD22_A11_int_1411
CAGCATTCACTACTTT-1	HTO1	CD22_m971
CAGCATTCACTTAAGC-1	HTO4	CD22_A11_int_1411
CAGCATTCAGTGCGAG-1	HTO5	CD22_B1_nonint_2261
CAGCCATAGAAGGTGT-1	HTO4	CD22_A11_int_1411
CAGCCATAGACCTTTC-1	HTO1	CD22_m971
CAGCCATAGCCATCGG-1	HTO3	CD22_A3_nonint_4434
CAGCCATAGGTAATTC-1	HTO1	CD22_m971
CAGCCCAAGATTCGAT-1	HTO2	CD22_i61_2
CAGCCCAAGCGTTGTA-1	HTO5	CD22_B1_nonint_2261
CAGCCCAAGGGCGAGT-1	HTO5	CD22_B1_nonint_2261
CAGCCCCGTCATCTTG-1	HTO4	CD22_A11_int_1411
CAGCCCCGTCCTGCGC-1	HTO5	CD22_B1_nonint_2261
CAGCCCCGTCGAGTGC-1	HTO2	CD22_i61_2
CAGCCCTTCAATTCCC-1	HTO3	CD22_A3_nonint_4434
CAGCCCTTCATTCAAA-1	HTO2	CD22_i61_2
CAGCCCTTCATTGGCA-1	HTO5	CD22_B1_nonint_2261
CAGCCCTTCCAGCAAC-1	HTO2	CD22_i61_2
CAGCCCTTCCAGGATC-1	HTO1	CD22_m971
CAGCCCTTCCATCTAC-1	HTO1	CD22_m971
CAGCCCTTCCCATCCA-1	HTO3	CD22_A3_nonint_4434
CAGCCCTTCCGCCTAC-1	HTO5	CD22_B1_nonint_2261
CAGCCCTTCCTCGCTA-1	HTO3	CD22_A3_nonint_4434
CAGCCCTTCGCAACTA-1	HTO1	CD22_m971
CAGCCCTTCGCGTCGA-1	HTO5	CD22_B1_nonint_2261
CAGCCCTTCGGTGTTA-1	HTO1	CD22_m971
CAGCCTCTCACGCATA-1	HTO4	CD22_A11_int_1411
CAGCCTCTCATGTGGC-1	HTO4	CD22_A11_int_1411
CAGCCTCTCGCAATTG-1	HTO2	CD22_i61_2
CAGCCTTGTAACCCCT-1	HTO1	CD22_m971
CAGCCTTGTAAGGCCC-1	HTO4	CD22_A11_int_1411
CAGCCTTGTACCACAG-1	HTO5	CD22_B1_nonint_2261
CAGCCTTGTCGCCATT-1	HTO1	CD22_m971
CAGCCTTGTGCAATGT-1	HTO5	CD22_B1_nonint_2261
CAGCGAAAGAATGTTC-1	HTO5	CD22_B1_nonint_2261
CAGCGAAAGACGTATT-1	HTO4	CD22_A11_int_1411
CAGCGAAAGCATATCG-1	HTO5	CD22_B1_nonint_2261
CAGCGAGCAACTGAAG-1	HTO5	CD22_B1_nonint_2261
CAGCGAGCACAGCAGG-1	HTO2	CD22_i61_2
CAGCGAGCACATATCA-1	HTO1	CD22_m971
CAGCGAGCAGGTTGCC-1	HTO1	CD22_m971
CAGCGCATCAACGCAC-1	HTO5	CD22_B1_nonint_2261
CAGCGCATCACTCACT-1	HTO5	CD22_B1_nonint_2261
CAGCGCATCAGGAATA-1	HTO4	CD22_A11_int_1411
CAGCGCATCATTACAA-1	HTO1	CD22_m971
CAGCGCATCGTAGCTA-1	HTO2	CD22_i61_2
CAGCGGACAAAACGCA-1	HTO2	CD22_i61_2
CAGCGGACAACTGAAG-1	HTO5	CD22_B1_nonint_2261
CAGCGGACAAGTGTCT-1	HTO2	CD22_i61_2
CAGCGGACAATGCGAA-1	HTO4	CD22_A11_int_1411
CAGCGGACAATGGTCT-1	HTO4	CD22_A11_int_1411
CAGCGGACACAGTTTA-1	HTO4	CD22_A11_int_1411
CAGCGGACAGCAATCT-1	HTO1	CD22_m971
CAGCGGTGTACTCCCG-1	HTO2	CD22_i61_2
CAGCGGTGTATGAGTC-1	HTO3	CD22_A3_nonint_4434
CAGCGGTGTATGCGCA-1	HTO1	CD22_m971
CAGCGGTGTCGAGTGC-1	HTO5	CD22_B1_nonint_2261
CAGCGGTGTGTGGCCG-1	HTO2	CD22_i61_2
CAGCGTAGTAATCCCC-1	HTO5	CD22_B1_nonint_2261
CAGCGTAGTAGTCGCA-1	HTO5	CD22_B1_nonint_2261
CAGCGTAGTCGGTTAG-1	HTO1	CD22_m971
CAGCGTAGTCTAAAGC-1	HTO1	CD22_m971
CAGCGTAGTGCGAAGG-1	HTO3	CD22_A3_nonint_4434
CAGCGTAGTGCTTCCG-1	HTO1	CD22_m971
CAGCGTCCAACGGCAG-1	HTO3	CD22_A3_nonint_4434
CAGCGTCCAACTTTAG-1	HTO4	CD22_A11_int_1411
CAGCGTCCAAGCGGCA-1	HTO2	CD22_i61_2
CAGCGTCCAAGGGCAT-1	HTO2	CD22_i61_2
CAGCGTCCAAGTGTCT-1	HTO3	CD22_A3_nonint_4434
CAGCGTCCAGCGTGAG-1	HTO4	CD22_A11_int_1411
CAGCGTCCAGTACGGG-1	HTO2	CD22_i61_2
CAGCGTCCAGTCTTCC-1	HTO5	CD22_B1_nonint_2261
CAGCGTTAGACGACAG-1	HTO5	CD22_B1_nonint_2261
CAGCGTTAGACTGATT-1	HTO2	CD22_i61_2
CAGCGTTAGATTGTGT-1	HTO2	CD22_i61_2
CAGCGTTAGCAAATTC-1	HTO5	CD22_B1_nonint_2261
CAGCGTTAGCCCATGG-1	HTO1	CD22_m971
CAGCGTTAGGCATCGT-1	HTO2	CD22_i61_2
CAGCTAATCCATAAGT-1	HTO4	CD22_A11_int_1411
CAGCTAATCCCATCCA-1	HTO1	CD22_m971
CAGCTAATCCCATCTG-1	HTO1	CD22_m971
CAGCTAATCCTGTATC-1	HTO5	CD22_B1_nonint_2261
CAGCTAATCGTGCTCC-1	HTO1	CD22_m971
CAGCTACAGAACGAAC-1	HTO2	CD22_i61_2
CAGCTACAGACTCCAA-1	HTO5	CD22_B1_nonint_2261
CAGCTACAGATGGTTT-1	HTO3	CD22_A3_nonint_4434
CAGCTACAGCAGTAGG-1	HTO5	CD22_B1_nonint_2261
CAGCTACAGGCTCGAT-1	HTO3	CD22_A3_nonint_4434
CAGCTACAGGGAGAGG-1	HTO4	CD22_A11_int_1411
CAGCTCACAACATTAT-1	HTO2	CD22_i61_2
CAGCTCACACGCGAAG-1	HTO1	CD22_m971
CAGCTCACAGTCCTCT-1	HTO3	CD22_A3_nonint_4434
CAGCTCTGTACCTGTC-1	HTO3	CD22_A3_nonint_4434
CAGCTCTGTACGTCTC-1	HTO3	CD22_A3_nonint_4434
CAGCTCTGTAGACGGG-1	HTO3	CD22_A3_nonint_4434
CAGCTCTGTAGAGATG-1	HTO1	CD22_m971
CAGCTCTGTCGAAGGG-1	HTO4	CD22_A11_int_1411
CAGCTCTGTCTGTTGC-1	HTO5	CD22_B1_nonint_2261
CAGCTCTGTGCTCTTA-1	HTO2	CD22_i61_2
CAGCTCTGTGGCATAT-1	HTO2	CD22_i61_2
CAGCTGTAGAGTGCAG-1	HTO5	CD22_B1_nonint_2261
CAGCTGTAGCATGCAC-1	HTO2	CD22_i61_2
CAGCTGTAGCGTTACA-1	HTO4	CD22_A11_int_1411
CAGCTGTAGGCATGGA-1	HTO4	CD22_A11_int_1411
CAGCTTCGTAAGGTAG-1	HTO1	CD22_m971
CAGCTTCGTATACGGT-1	HTO1	CD22_m971
CAGCTTCGTCCGCCTA-1	HTO4	CD22_A11_int_1411
CAGCTTCGTGGGCGTT-1	HTO1	CD22_m971
CAGCTTCGTGGTTTAA-1	HTO4	CD22_A11_int_1411
CAGGACGCAAACCTAC-1	HTO4	CD22_A11_int_1411
CAGGACGCAAATGCGA-1	HTO3	CD22_A3_nonint_4434
CAGGACGCAACGAAGC-1	HTO2	CD22_i61_2
CAGGACGCACAAACCT-1	HTO2	CD22_i61_2
CAGGACGCACGTAAAG-1	HTO5	CD22_B1_nonint_2261
CAGGACGCACTCACTC-1	HTO2	CD22_i61_2
CAGGACGCAGGACACG-1	HTO1	CD22_m971
CAGGAGCAGAACATAG-1	HTO5	CD22_B1_nonint_2261
CAGGAGCAGAACGGCA-1	HTO4	CD22_A11_int_1411
CAGGAGCAGAAGCATA-1	HTO2	CD22_i61_2
CAGGAGCAGCACCTTT-1	HTO2	CD22_i61_2
CAGGATCTCATCGGAC-1	HTO5	CD22_B1_nonint_2261
CAGGATCTCCGCCTAC-1	HTO5	CD22_B1_nonint_2261
CAGGATCTCCGCTTGC-1	HTO4	CD22_A11_int_1411
CAGGATCTCGCCTAAA-1	HTO1	CD22_m971
CAGGATCTCGTATTCC-1	HTO1	CD22_m971
CAGGATCTCGTCCGCT-1	HTO2	CD22_i61_2
CAGGATTGTGGAGCGA-1	HTO2	CD22_i61_2
CAGGCCGGTAAGGTCT-1	HTO1	CD22_m971
CAGGCCGGTACGGTCA-1	HTO5	CD22_B1_nonint_2261
CAGGCCGGTATGAGTC-1	HTO3	CD22_A3_nonint_4434
CAGGCCGGTCACGCCC-1	HTO4	CD22_A11_int_1411
CAGGCCGGTGTGGGCT-1	HTO5	CD22_B1_nonint_2261
CAGGCGACAACTAACC-1	HTO2	CD22_i61_2
CAGGCGACAAGCGGCA-1	HTO3	CD22_A3_nonint_4434
CAGGCGACAGCTATTA-1	HTO5	CD22_B1_nonint_2261
CAGGCGACAGGACTTT-1	HTO4	CD22_A11_int_1411
CAGGCGACAGTGTTAC-1	HTO1	CD22_m971
CAGGCGTGTCAGTCAG-1	HTO5	CD22_B1_nonint_2261
CAGGCGTGTCTTAGGG-1	HTO5	CD22_B1_nonint_2261
CAGGCTTAGAACGGCA-1	HTO3	CD22_A3_nonint_4434
CAGGCTTAGACGCCAT-1	HTO1	CD22_m971
CAGGCTTAGGCTATGC-1	HTO3	CD22_A3_nonint_4434
CAGGCTTAGGCTCGAT-1	HTO5	CD22_B1_nonint_2261
CAGGGACAGATACAAG-1	HTO4	CD22_A11_int_1411
CAGGGACAGGGCTTGT-1	HTO5	CD22_B1_nonint_2261
CAGGGGTAGAAGGGTT-1	HTO1	CD22_m971
CAGGGGTAGAATATCC-1	HTO3	CD22_A3_nonint_4434
CAGGGGTAGACCTTTC-1	HTO2	CD22_i61_2
CAGGGGTAGAGTAAGC-1	HTO3	CD22_A3_nonint_4434
CAGGGGTAGATCGATT-1	HTO2	CD22_i61_2
CAGGGGTAGCCACAAC-1	HTO4	CD22_A11_int_1411
CAGGGGTAGGGGGCAT-1	HTO2	CD22_i61_2
CAGGGGTAGGTCCCGA-1	HTO3	CD22_A3_nonint_4434
CAGGGTAAGCCTGTAA-1	HTO4	CD22_A11_int_1411
CAGGGTAAGCGCGTAT-1	HTO4	CD22_A11_int_1411
CAGGGTAAGCTACAAT-1	HTO4	CD22_A11_int_1411
CAGGGTAAGCTCGGCA-1	HTO2	CD22_i61_2
CAGGGTAAGCTTAGCA-1	HTO5	CD22_B1_nonint_2261
CAGGGTAAGGCCCACA-1	HTO2	CD22_i61_2
CAGGGTAAGGCGTCAT-1	HTO1	CD22_m971
CAGGGTAAGGCTTTGA-1	HTO3	CD22_A3_nonint_4434
CAGGGTAAGGGCTTCG-1	HTO4	CD22_A11_int_1411
CAGGGTAAGGTCCTTT-1	HTO3	CD22_A3_nonint_4434
CAGGGTCGTAGTGAGA-1	HTO5	CD22_B1_nonint_2261
CAGGGTCGTCTAAGGT-1	HTO5	CD22_B1_nonint_2261
CAGGGTTTCACGTCGG-1	HTO3	CD22_A3_nonint_4434
CAGGGTTTCAGTACGC-1	HTO3	CD22_A3_nonint_4434
CAGGGTTTCCCGCCAT-1	HTO5	CD22_B1_nonint_2261
CAGGGTTTCGGCGTTG-1	HTO5	CD22_B1_nonint_2261
CAGGTAACAACGTTTA-1	HTO5	CD22_B1_nonint_2261
CAGGTAACAATTACGC-1	HTO5	CD22_B1_nonint_2261
CAGGTAACACACCGTA-1	HTO5	CD22_B1_nonint_2261
CAGGTAACACACTATA-1	HTO3	CD22_A3_nonint_4434
CAGGTAACACACTTAA-1	HTO4	CD22_A11_int_1411
CAGGTAACACATGATC-1	HTO2	CD22_i61_2
CAGGTAACACATTAGC-1	HTO1	CD22_m971
CAGGTAACACGCAACC-1	HTO5	CD22_B1_nonint_2261
CAGGTAACACTAGAAG-1	HTO1	CD22_m971
CAGGTAACAGGGTTAA-1	HTO2	CD22_i61_2
CAGGTATGTAGTCCGA-1	HTO3	CD22_A3_nonint_4434
CAGGTATGTATCAGTA-1	HTO5	CD22_B1_nonint_2261
CAGGTATGTATGCTGG-1	HTO3	CD22_A3_nonint_4434
CAGGTATGTCACCGTT-1	HTO2	CD22_i61_2
CAGGTATGTCCTTAAT-1	HTO5	CD22_B1_nonint_2261
CAGGTATGTCGTAGGC-1	HTO2	CD22_i61_2
CAGGTATGTCTGGATG-1	HTO4	CD22_A11_int_1411
CAGGTATGTGCTATGG-1	HTO3	CD22_A3_nonint_4434
CAGGTATGTGGCTAGC-1	HTO5	CD22_B1_nonint_2261
CAGGTCCCAAACGTTC-1	HTO3	CD22_A3_nonint_4434
CAGGTCCCAAGCTTCG-1	HTO4	CD22_A11_int_1411
CAGGTCCCACCTACCT-1	HTO2	CD22_i61_2
CAGGTCCCACGGTGTC-1	HTO5	CD22_B1_nonint_2261
CAGGTGCGTACATAGC-1	HTO5	CD22_B1_nonint_2261
CAGGTGCGTAGGTTCG-1	HTO3	CD22_A3_nonint_4434
CAGGTGCGTCGATAGT-1	HTO3	CD22_A3_nonint_4434
CAGGTGCGTCTGTCTA-1	HTO5	CD22_B1_nonint_2261
CAGGTGCGTGGTCTCT-1	HTO2	CD22_i61_2
CAGGTGTTCCAACATG-1	HTO4	CD22_A11_int_1411
CAGGTGTTCCCGTCTA-1	HTO2	CD22_i61_2
CAGGTGTTCCCGTGTC-1	HTO3	CD22_A3_nonint_4434
CAGGTTATCATAGTCG-1	HTO1	CD22_m971
CAGGTTATCATGCCTT-1	HTO2	CD22_i61_2
CAGGTTATCGTAATCG-1	HTO1	CD22_m971
CAGGTTATCGTCATCT-1	HTO2	CD22_i61_2
CAGGTTGGTAAGCAAG-1	HTO1	CD22_m971
CAGGTTGGTAAGGTAG-1	HTO5	CD22_B1_nonint_2261
CAGTAAGCAGTGGCAG-1	HTO1	CD22_m971
CAGTAATTCAACGCTA-1	HTO4	CD22_A11_int_1411
CAGTAATTCAGGTTCA-1	HTO2	CD22_i61_2
CAGTAATTCATACGTG-1	HTO5	CD22_B1_nonint_2261
CAGTAATTCATTGTAA-1	HTO5	CD22_B1_nonint_2261
CAGTAATTCCACAAGC-1	HTO2	CD22_i61_2
CAGTAATTCCAGTAAT-1	HTO3	CD22_A3_nonint_4434
CAGTAATTCCGAGTGT-1	HTO1	CD22_m971
CAGTACATCACCATTC-1	HTO5	CD22_B1_nonint_2261
CAGTACATCAGCCCCT-1	HTO5	CD22_B1_nonint_2261
CAGTACATCAGGCCCA-1	HTO5	CD22_B1_nonint_2261
CAGTACATCCCAGCTC-1	HTO4	CD22_A11_int_1411
CAGTACATCGTCCTGC-1	HTO5	CD22_B1_nonint_2261
CAGTAGCTCACGCAGT-1	HTO2	CD22_i61_2
CAGTAGCTCGCTAACA-1	HTO1	CD22_m971
CAGTAGCTCGCTTCTG-1	HTO1	CD22_m971
CAGTAGGAGAACCCGT-1	HTO5	CD22_B1_nonint_2261
CAGTAGGAGACAGAAC-1	HTO2	CD22_i61_2
CAGTAGGAGCACTCAA-1	HTO2	CD22_i61_2
CAGTAGGAGCCGCTGA-1	HTO4	CD22_A11_int_1411
CAGTAGGAGGGCTCAT-1	HTO3	CD22_A3_nonint_4434
CAGTAGGAGGGGAATT-1	HTO4	CD22_A11_int_1411
CAGTAGGAGGTCGCAT-1	HTO5	CD22_B1_nonint_2261
CAGTAGTGTACTACCC-1	HTO3	CD22_A3_nonint_4434
CAGTAGTGTAGCAGGG-1	HTO5	CD22_B1_nonint_2261
CAGTAGTGTATGGTCG-1	HTO2	CD22_i61_2
CAGTAGTGTCACCGTT-1	HTO1	CD22_m971
CAGTAGTGTCTAAGGT-1	HTO5	CD22_B1_nonint_2261
CAGTAGTGTGTTGTCC-1	HTO5	CD22_B1_nonint_2261
CAGTATAGTAACAGGA-1	HTO1	CD22_m971
CAGTATAGTCAGCCTT-1	HTO5	CD22_B1_nonint_2261
CAGTATAGTGTATGTA-1	HTO4	CD22_A11_int_1411
CAGTATGTCACTTACC-1	HTO4	CD22_A11_int_1411
CAGTATGTCGCATCGG-1	HTO1	CD22_m971
CAGTATGTCGCGTCAG-1	HTO5	CD22_B1_nonint_2261
CAGTCAATCAAACTTA-1	HTO4	CD22_A11_int_1411
CAGTCAATCAACTCTC-1	HTO1	CD22_m971
CAGTCAATCAATTATG-1	HTO5	CD22_B1_nonint_2261
CAGTCAATCACGTGGT-1	HTO1	CD22_m971
CAGTCAATCATGAGTT-1	HTO2	CD22_i61_2
CAGTCAATCCCGCCAT-1	HTO3	CD22_A3_nonint_4434
CAGTCAATCGTAGTTG-1	HTO5	CD22_B1_nonint_2261
CAGTCAGGTAGCCAGC-1	HTO1	CD22_m971
CAGTCAGGTATAGCGT-1	HTO2	CD22_i61_2
CAGTCAGGTCACTTAT-1	HTO5	CD22_B1_nonint_2261
CAGTCAGGTGCTACCT-1	HTO5	CD22_B1_nonint_2261
CAGTCATCAAGTGGCG-1	HTO2	CD22_i61_2
CAGTCATCAATTAAAG-1	HTO4	CD22_A11_int_1411
CAGTCATCACTCAATA-1	HTO1	CD22_m971
CAGTCCACAACATATT-1	HTO2	CD22_i61_2
CAGTCCACACAATGTC-1	HTO3	CD22_A3_nonint_4434
CAGTCCCTCACCCTGC-1	HTO5	CD22_B1_nonint_2261
CAGTCCCTCACTTCTA-1	HTO2	CD22_i61_2
CAGTCCCTCCTACTTA-1	HTO2	CD22_i61_2
CAGTCCCTCGCATACA-1	HTO1	CD22_m971
CAGTCCCTCGCGTCGA-1	HTO2	CD22_i61_2
CAGTCCCTCGCTTCGC-1	HTO2	CD22_i61_2
CAGTCCCTCGTGGCCA-1	HTO2	CD22_i61_2
CAGTCCGAGAGAGTTA-1	HTO4	CD22_A11_int_1411
CAGTCCGAGCAATACT-1	HTO4	CD22_A11_int_1411
CAGTCCGAGGGTTGTC-1	HTO3	CD22_A3_nonint_4434
CAGTCCGAGGTTGTAT-1	HTO2	CD22_i61_2
CAGTCGCCAACCTCAG-1	HTO3	CD22_A3_nonint_4434
CAGTCGCCAATCGTAC-1	HTO1	CD22_m971
CAGTCGCCACCTCATC-1	HTO4	CD22_A11_int_1411
CAGTCGCCACTTCTCA-1	HTO3	CD22_A3_nonint_4434
CAGTCTAAGAAAGTCA-1	HTO3	CD22_A3_nonint_4434
CAGTCTAAGACTTTGG-1	HTO5	CD22_B1_nonint_2261
CAGTCTAAGGCGCATT-1	HTO2	CD22_i61_2
CAGTCTAAGGGTATCC-1	HTO5	CD22_B1_nonint_2261
CAGTCTCGTAGGCGCT-1	HTO5	CD22_B1_nonint_2261
CAGTCTCGTATTCGTT-1	HTO5	CD22_B1_nonint_2261
CAGTCTCGTCCAACGA-1	HTO5	CD22_B1_nonint_2261
CAGTCTCGTGCAATCG-1	HTO1	CD22_m971
CAGTGCAGTAACCCCT-1	HTO4	CD22_A11_int_1411
CAGTGCAGTAATCGCG-1	HTO1	CD22_m971
CAGTGCCCAGCCCTAA-1	HTO5	CD22_B1_nonint_2261
CAGTGCCCAGCGACAG-1	HTO3	CD22_A3_nonint_4434
CAGTGCCCAGTGAAGC-1	HTO2	CD22_i61_2
CAGTGGGCAATGCAGA-1	HTO2	CD22_i61_2
CAGTGGGCACTACTAA-1	HTO2	CD22_i61_2
CAGTTAAGTAATTTCC-1	HTO1	CD22_m971
CAGTTAAGTGGGGATG-1	HTO2	CD22_i61_2
CAGTTACCAAAAGCGC-1	HTO4	CD22_A11_int_1411
CAGTTACCAAATCACC-1	HTO4	CD22_A11_int_1411
CAGTTACCAAGTATAA-1	HTO5	CD22_B1_nonint_2261
CAGTTCCGTAGAATGG-1	HTO4	CD22_A11_int_1411
CAGTTCCGTCAGTCTC-1	HTO5	CD22_B1_nonint_2261
CAGTTCCGTGTCGGCG-1	HTO2	CD22_i61_2
CAGTTCCGTGTTAGGT-1	HTO2	CD22_i61_2
CAGTTCCGTGTTGCAG-1	HTO3	CD22_A3_nonint_4434
CAGTTCGCAAGTCATC-1	HTO5	CD22_B1_nonint_2261
CAGTTCGCAATGAATA-1	HTO1	CD22_m971
CAGTTCGCAGGTAGCG-1	HTO3	CD22_A3_nonint_4434
CAGTTGGGTCATAGTA-1	HTO1	CD22_m971
CAGTTGGGTGTAGAAG-1	HTO5	CD22_B1_nonint_2261
CAGTTGGGTGTAGCGC-1	HTO1	CD22_m971
CAGTTTACACGCGACT-1	HTO5	CD22_B1_nonint_2261
CAGTTTACAGGGCGTA-1	HTO2	CD22_i61_2
CATAACCCAAACCCAT-1	HTO5	CD22_B1_nonint_2261
CATAACCCAAACTAGG-1	HTO1	CD22_m971
CATAACCCAATACGGA-1	HTO5	CD22_B1_nonint_2261
CATAACCCACGCAGTC-1	HTO2	CD22_i61_2
CATAACCCAGTCCTAG-1	HTO2	CD22_i61_2
CATAACCCAGTGGACG-1	HTO5	CD22_B1_nonint_2261
CATAACGTCAAATGCT-1	HTO2	CD22_i61_2
CATAACGTCAGCTATG-1	HTO4	CD22_A11_int_1411
CATAACGTCATAACGT-1	HTO5	CD22_B1_nonint_2261
CATAACGTCGTTACTC-1	HTO5	CD22_B1_nonint_2261
CATAACTAGACATGGG-1	HTO4	CD22_A11_int_1411
CATAACTAGAGCAAGT-1	HTO5	CD22_B1_nonint_2261
CATAACTAGCACCATA-1	HTO5	CD22_B1_nonint_2261
CATAACTAGCCACTAA-1	HTO4	CD22_A11_int_1411
CATAACTAGCGTACCG-1	HTO2	CD22_i61_2
CATAACTAGCTATTGG-1	HTO5	CD22_B1_nonint_2261
CATAACTAGCTGGTCG-1	HTO2	CD22_i61_2
CATAACTAGGGTACAG-1	HTO5	CD22_B1_nonint_2261
CATAAGCGTCCCTAGT-1	HTO3	CD22_A3_nonint_4434
CATAAGCGTCCGCTAT-1	HTO3	CD22_A3_nonint_4434
CATAAGCGTCCTTATG-1	HTO1	CD22_m971
CATAAGCGTCTATCCA-1	HTO5	CD22_B1_nonint_2261
CATAAGCGTGCGCTCC-1	HTO1	CD22_m971
CATAAGCGTGCTCTTA-1	HTO3	CD22_A3_nonint_4434
CATAAGTTCAAATCTA-1	HTO5	CD22_B1_nonint_2261
CATAAGTTCACCTACT-1	HTO5	CD22_B1_nonint_2261
CATAAGTTCAGTCGCG-1	HTO3	CD22_A3_nonint_4434
CATAAGTTCCTTGTCG-1	HTO2	CD22_i61_2
CATAATCAGGGACACA-1	HTO4	CD22_A11_int_1411
CATAATCAGGGTTTCA-1	HTO2	CD22_i61_2
CATAATTCACAATGTC-1	HTO2	CD22_i61_2
CATAATTCACAGGTCC-1	HTO1	CD22_m971
CATAATTCACGCTGAC-1	HTO1	CD22_m971
CATAATTCACTCACCT-1	HTO4	CD22_A11_int_1411
CATAATTCACTTCGAG-1	HTO3	CD22_A3_nonint_4434
CATAATTCAGCTTCGA-1	HTO3	CD22_A3_nonint_4434
CATACAAGTACATTTC-1	HTO4	CD22_A11_int_1411
CATACAAGTCGATAGT-1	HTO2	CD22_i61_2
CATACAAGTGGTCTAG-1	HTO1	CD22_m971
CATACATAGATCGATT-1	HTO5	CD22_B1_nonint_2261
CATACATAGCGAACGA-1	HTO3	CD22_A3_nonint_4434
CATACCCGTACTATGA-1	HTO3	CD22_A3_nonint_4434
CATACCCGTAGTGTGT-1	HTO5	CD22_B1_nonint_2261
CATACCCGTATTGCGG-1	HTO2	CD22_i61_2
CATACCCGTCCTAGCT-1	HTO1	CD22_m971
CATACCCGTGGACGGA-1	HTO4	CD22_A11_int_1411
CATACCCGTGGGGTCT-1	HTO2	CD22_i61_2
CATACCGCAAATTCGC-1	HTO4	CD22_A11_int_1411
CATACCGCAAGCACAA-1	HTO2	CD22_i61_2
CATACCGCACGCAACC-1	HTO2	CD22_i61_2
CATACCGCAGCGTGTC-1	HTO5	CD22_B1_nonint_2261
CATACCGCAGGCACTC-1	HTO2	CD22_i61_2
CATACCGCAGTCCGTA-1	HTO2	CD22_i61_2
CATACCTTCCCATGCC-1	HTO3	CD22_A3_nonint_4434
CATACCTTCCTGTCAT-1	HTO5	CD22_B1_nonint_2261
CATACGGGTAACCCGA-1	HTO1	CD22_m971
CATACGGGTAAGTCTA-1	HTO3	CD22_A3_nonint_4434
CATACGGGTCACCCGC-1	HTO1	CD22_m971
CATACGGGTCATTCTG-1	HTO5	CD22_B1_nonint_2261
CATACGGGTCTTGTGC-1	HTO2	CD22_i61_2
CATACGGGTGCTAGAT-1	HTO1	CD22_m971
CATACTTGTACTATGA-1	HTO2	CD22_i61_2
CATACTTGTCCGTCCA-1	HTO1	CD22_m971
CATAGAGCAATAACTT-1	HTO1	CD22_m971
CATAGAGCACCCTATC-1	HTO3	CD22_A3_nonint_4434
CATAGAGCACGGGGTA-1	HTO1	CD22_m971
CATAGAGCAGCTTACG-1	HTO4	CD22_A11_int_1411
CATAGAGCAGGCATTT-1	HTO1	CD22_m971
CATAGCATCCCTGCAC-1	HTO3	CD22_A3_nonint_4434
CATAGCATCCGCCGTT-1	HTO5	CD22_B1_nonint_2261
CATAGCATCGCAATTG-1	HTO3	CD22_A3_nonint_4434
CATAGCATCGCGGCTA-1	HTO1	CD22_m971
CATAGCATCGCTAATG-1	HTO3	CD22_A3_nonint_4434
CATAGCATCGTCAATG-1	HTO1	CD22_m971
CATAGCCAGAATGGCG-1	HTO2	CD22_i61_2
CATAGCCAGAGGTACG-1	HTO2	CD22_i61_2
CATAGCCAGCCGATAC-1	HTO1	CD22_m971
CATAGCCAGCTACGAC-1	HTO2	CD22_i61_2
CATAGCCAGCTGCTAA-1	HTO5	CD22_B1_nonint_2261
CATAGCGGTACCTGCT-1	HTO1	CD22_m971
CATAGCGGTCCGCATT-1	HTO2	CD22_i61_2
CATAGCGGTCCTTGTA-1	HTO2	CD22_i61_2
CATAGCGGTGGGTTTG-1	HTO1	CD22_m971
CATAGCTCACTGATTA-1	HTO5	CD22_B1_nonint_2261
CATAGGCTCAAGCCGT-1	HTO4	CD22_A11_int_1411
CATAGGCTCATGGTGC-1	HTO2	CD22_i61_2
CATAGGCTCGGCCTCT-1	HTO4	CD22_A11_int_1411
CATAGGGAGCCATTGA-1	HTO2	CD22_i61_2
CATAGGGAGCTACTTC-1	HTO3	CD22_A3_nonint_4434
CATAGGGAGGCTTAAT-1	HTO2	CD22_i61_2
CATAGGGAGGTATCCA-1	HTO1	CD22_m971
CATAGGTGTCAGCCCC-1	HTO4	CD22_A11_int_1411
CATAGGTGTCCGGTAA-1	HTO4	CD22_A11_int_1411
CATAGGTGTGCCAAAT-1	HTO2	CD22_i61_2
CATAGGTGTGCGCCTC-1	HTO1	CD22_m971
CATAGGTGTGTAGCAT-1	HTO3	CD22_A3_nonint_4434
CATAGTAGTAAATCTG-1	HTO3	CD22_A3_nonint_4434
CATAGTAGTAAGGAAT-1	HTO5	CD22_B1_nonint_2261
CATAGTAGTAGCGGGA-1	HTO1	CD22_m971
CATAGTAGTCGAAGTT-1	HTO3	CD22_A3_nonint_4434
CATAGTAGTCGGTTTC-1	HTO2	CD22_i61_2
CATAGTAGTGGATATC-1	HTO1	CD22_m971
CATAGTCCAAACTAGG-1	HTO4	CD22_A11_int_1411
CATAGTCCACTCGGGT-1	HTO4	CD22_A11_int_1411
CATAGTCCACTGGGAG-1	HTO2	CD22_i61_2
CATAGTCCAGTACGAA-1	HTO4	CD22_A11_int_1411
CATATCACACCGTTTC-1	HTO1	CD22_m971
CATATCACACTAATCA-1	HTO1	CD22_m971
CATATCACAGGTTCAT-1	HTO1	CD22_m971
CATATCCTCCAATGCA-1	HTO5	CD22_B1_nonint_2261
CATATCGAGAATGCCC-1	HTO4	CD22_A11_int_1411
CATATCGAGAATTTGC-1	HTO3	CD22_A3_nonint_4434
CATATCGAGATAAGTG-1	HTO2	CD22_i61_2
CATATCGAGCGTACCG-1	HTO1	CD22_m971
CATATCGAGGTAGTGG-1	HTO3	CD22_A3_nonint_4434
CATATGCCAAGGAGGA-1	HTO5	CD22_B1_nonint_2261
CATATGCCACGTAGGG-1	HTO4	CD22_A11_int_1411
CATATGCCAGTAAAGT-1	HTO2	CD22_i61_2
CATATGGTCACTCCAT-1	HTO4	CD22_A11_int_1411
CATATGGTCAGACTTG-1	HTO1	CD22_m971
CATATGGTCATTACAA-1	HTO1	CD22_m971
CATATGGTCGTTAAGT-1	HTO5	CD22_B1_nonint_2261
CATATGTAGACCAGGA-1	HTO1	CD22_m971
CATATGTAGATGAAGC-1	HTO3	CD22_A3_nonint_4434
CATATGTAGATGCCAC-1	HTO2	CD22_i61_2
CATATGTAGCCTTATC-1	HTO4	CD22_A11_int_1411
CATATTCGTAATTCCT-1	HTO2	CD22_i61_2
CATATTCGTAGCCTTC-1	HTO2	CD22_i61_2
CATATTCGTATCTCTG-1	HTO2	CD22_i61_2
CATCAATAGACATCCA-1	HTO1	CD22_m971
CATCAATAGCTAACAT-1	HTO5	CD22_B1_nonint_2261
CATCAATAGCTTCTAC-1	HTO3	CD22_A3_nonint_4434
CATCAATAGGCACCCA-1	HTO5	CD22_B1_nonint_2261
CATCACAAGACTTTGG-1	HTO5	CD22_B1_nonint_2261
CATCACAAGGGTTAGG-1	HTO2	CD22_i61_2
CATCACGCAAAGCGTA-1	HTO3	CD22_A3_nonint_4434
CATCACGCAAAGCTTC-1	HTO4	CD22_A11_int_1411
CATCACGCAACCCGAC-1	HTO5	CD22_B1_nonint_2261
CATCACGCAAGTATAA-1	HTO4	CD22_A11_int_1411
CATCACGCAGGGCGTA-1	HTO4	CD22_A11_int_1411
CATCACTTCAATTGGT-1	HTO1	CD22_m971
CATCACTTCAGGCCAT-1	HTO2	CD22_i61_2
CATCACTTCATCACTC-1	HTO1	CD22_m971
CATCACTTCCCTTCAG-1	HTO5	CD22_B1_nonint_2261
CATCAGGGTCGTAGTG-1	HTO1	CD22_m971
CATCAGGGTCTTAGCC-1	HTO4	CD22_A11_int_1411
CATCAGGGTGCATGGC-1	HTO5	CD22_B1_nonint_2261
CATCAGGGTGCCCGAG-1	HTO3	CD22_A3_nonint_4434
CATCAGGGTGTTGCAG-1	HTO5	CD22_B1_nonint_2261
CATCAGTCAAACCGAA-1	HTO5	CD22_B1_nonint_2261
CATCAGTCAATCTGAC-1	HTO5	CD22_B1_nonint_2261
CATCAGTCACGTAAAG-1	HTO2	CD22_i61_2
CATCATACAAATATAG-1	HTO2	CD22_i61_2
CATCATACAAGTGTCT-1	HTO4	CD22_A11_int_1411
CATCATACAATCGCAT-1	HTO5	CD22_B1_nonint_2261
CATCATACACGGGTAG-1	HTO5	CD22_B1_nonint_2261
CATCATACACGTCGGT-1	HTO2	CD22_i61_2
CATCATCTCAATCTCC-1	HTO1	CD22_m971
CATCATCTCACACGGT-1	HTO2	CD22_i61_2
CATCATCTCACCAACA-1	HTO4	CD22_A11_int_1411
CATCATCTCCGCCTAC-1	HTO1	CD22_m971
CATCATTGTAAGGAAT-1	HTO1	CD22_m971
CATCATTGTATGATGC-1	HTO1	CD22_m971
CATCATTGTCTCTAGC-1	HTO3	CD22_A3_nonint_4434
CATCATTGTGTTGCGA-1	HTO3	CD22_A3_nonint_4434
CATCGACAGAATGCAA-1	HTO4	CD22_A11_int_1411
CATCGACAGCGATTAT-1	HTO4	CD22_A11_int_1411
CATCGACAGCGGGTAA-1	HTO3	CD22_A3_nonint_4434
CATCGACAGGTCACGT-1	HTO5	CD22_B1_nonint_2261
CATCGAGGTACCCTTA-1	HTO1	CD22_m971
CATCGAGGTACTCCCG-1	HTO1	CD22_m971
CATCGAGGTATCTCTG-1	HTO5	CD22_B1_nonint_2261
CATCGAGGTCTCATAT-1	HTO3	CD22_A3_nonint_4434
CATCGAGGTCTCATTG-1	HTO2	CD22_i61_2
CATCGCACAAAATCCC-1	HTO3	CD22_A3_nonint_4434
CATCGCACAAACATGG-1	HTO1	CD22_m971
CATCGCACAAACGTTC-1	HTO1	CD22_m971
CATCGCACAATTCGGT-1	HTO3	CD22_A3_nonint_4434
CATCGCACAGCAATCT-1	HTO3	CD22_A3_nonint_4434
CATCGCACAGCATTAC-1	HTO5	CD22_B1_nonint_2261
CATCGCACAGTGGCGA-1	HTO2	CD22_i61_2
CATCGCGAGATTACGT-1	HTO5	CD22_B1_nonint_2261
CATCGCGAGCCACTTT-1	HTO5	CD22_B1_nonint_2261
CATCGCGAGGTCGAGA-1	HTO5	CD22_B1_nonint_2261
CATCGCGAGGTCTGCG-1	HTO4	CD22_A11_int_1411
CATCGCTGTCGTTGGA-1	HTO5	CD22_B1_nonint_2261
CATCGCTGTGCGAGGA-1	HTO5	CD22_B1_nonint_2261
CATCGCTGTGGGGTAG-1	HTO5	CD22_B1_nonint_2261
CATCGGAGTATCCCTA-1	HTO2	CD22_i61_2
CATCGGAGTCACGAAT-1	HTO2	CD22_i61_2
CATCGGAGTGGCTATG-1	HTO3	CD22_A3_nonint_4434
CATCGGCCAAGGGGAA-1	HTO4	CD22_A11_int_1411
CATCGGCCAAGGTTAG-1	HTO5	CD22_B1_nonint_2261
CATCGGCCACATTCAA-1	HTO4	CD22_A11_int_1411
CATCGGCCAGGACCTC-1	HTO3	CD22_A3_nonint_4434
CATCGGCCAGTCAAGA-1	HTO4	CD22_A11_int_1411
CATCGGCCAGTCCTCT-1	HTO1	CD22_m971
CATCGGCCAGTTAACC-1	HTO5	CD22_B1_nonint_2261
CATCGTTTCACTCCTG-1	HTO5	CD22_B1_nonint_2261
CATCGTTTCATACCTC-1	HTO3	CD22_A3_nonint_4434
CATCGTTTCATCTTCA-1	HTO2	CD22_i61_2
CATCGTTTCCGTCGTC-1	HTO5	CD22_B1_nonint_2261
CATCTACTCAAGCATT-1	HTO5	CD22_B1_nonint_2261
CATCTACTCACCCTAT-1	HTO5	CD22_B1_nonint_2261
CATCTACTCATGGTGC-1	HTO2	CD22_i61_2
CATCTACTCCGACGCA-1	HTO1	CD22_m971
CATCTAGAGCACCCGA-1	HTO2	CD22_i61_2
CATCTAGAGCGCTGCA-1	HTO2	CD22_i61_2
CATCTAGAGCTGACAC-1	HTO4	CD22_A11_int_1411
CATCTAGAGGGACACA-1	HTO2	CD22_i61_2
CATCTATGTACTGCAG-1	HTO1	CD22_m971
CATCTATGTAGGCTTG-1	HTO4	CD22_A11_int_1411
CATCTATGTATGGGCC-1	HTO3	CD22_A3_nonint_4434
CATCTATGTGGCTAAT-1	HTO2	CD22_i61_2
CATCTATGTGGTCCCC-1	HTO1	CD22_m971
CATCTCAGTACGGTCA-1	HTO5	CD22_B1_nonint_2261
CATCTCAGTAGGCGCT-1	HTO1	CD22_m971
CATCTCAGTCGCATCT-1	HTO2	CD22_i61_2
CATCTCAGTCTGGCCC-1	HTO5	CD22_B1_nonint_2261
CATCTCAGTGGAACTT-1	HTO3	CD22_A3_nonint_4434
CATCTCCCAACAGGAC-1	HTO2	CD22_i61_2
CATCTCCCACGGTGTC-1	HTO1	CD22_m971
CATCTCCCACTAAATT-1	HTO4	CD22_A11_int_1411
CATCTCCCACTGACAT-1	HTO5	CD22_B1_nonint_2261
CATCTGTTCAACTCTC-1	HTO2	CD22_i61_2
CATCTGTTCCAGTACA-1	HTO1	CD22_m971
CATCTGTTCCATGCTT-1	HTO5	CD22_B1_nonint_2261
CATCTGTTCCGGACAT-1	HTO5	CD22_B1_nonint_2261
CATCTGTTCCGGGTCA-1	HTO2	CD22_i61_2
CATCTGTTCGTACCTT-1	HTO2	CD22_i61_2
CATCTTCAGAGGACAT-1	HTO4	CD22_A11_int_1411
CATCTTCAGCACTTAG-1	HTO2	CD22_i61_2
CATCTTCAGCCAATAT-1	HTO1	CD22_m971
CATCTTCAGCTTAGGC-1	HTO3	CD22_A3_nonint_4434
CATCTTCAGGGAGAGG-1	HTO5	CD22_B1_nonint_2261
CATCTTCAGGTCCATA-1	HTO3	CD22_A3_nonint_4434
CATCTTGGTATCTGCC-1	HTO2	CD22_i61_2
CATCTTGGTATGGGTT-1	HTO3	CD22_A3_nonint_4434
CATGAAGCAATGCGGG-1	HTO2	CD22_i61_2
CATGAAGCAGGAACTA-1	HTO2	CD22_i61_2
CATGATCCAAGCAAAT-1	HTO2	CD22_i61_2
CATGATCCACCCAGAC-1	HTO5	CD22_B1_nonint_2261
CATGCACAGAACCCAC-1	HTO1	CD22_m971
CATGCACAGCCGATTA-1	HTO2	CD22_i61_2
CATGCACAGCGCCAAT-1	HTO5	CD22_B1_nonint_2261
CATGCACAGGCTTACA-1	HTO5	CD22_B1_nonint_2261
CATGCACAGGTTGGAG-1	HTO3	CD22_A3_nonint_4434
CATGCAGGTCGTCTTA-1	HTO2	CD22_i61_2
CATGCAGGTGCATTGG-1	HTO2	CD22_i61_2
CATGCCACAATGTGAG-1	HTO2	CD22_i61_2
CATGCCCTCACTATAA-1	HTO3	CD22_A3_nonint_4434
CATGCCCTCATGCAGC-1	HTO2	CD22_i61_2
CATGCCGAGAAACGTA-1	HTO5	CD22_B1_nonint_2261
CATGCCGAGAGGCTGA-1	HTO1	CD22_m971
CATGCCGAGGTAAGAC-1	HTO4	CD22_A11_int_1411
CATGCGCCAACTCCCT-1	HTO4	CD22_A11_int_1411
CATGCGCCAAGACGTA-1	HTO5	CD22_B1_nonint_2261
CATGCGCCAAGAGGGA-1	HTO4	CD22_A11_int_1411
CATGCGCCACTTAAAT-1	HTO3	CD22_A3_nonint_4434
CATGCGTAGCTCATGA-1	HTO5	CD22_B1_nonint_2261
CATGCGTAGCTTGAAT-1	HTO1	CD22_m971
CATGCGTAGGTGGGTA-1	HTO2	CD22_i61_2
CATGCTTTCACGGGTT-1	HTO1	CD22_m971
CATGCTTTCATTCGTC-1	HTO2	CD22_i61_2
CATGGAGAGACTGTTG-1	HTO1	CD22_m971
CATGGAGAGATCTTCC-1	HTO2	CD22_i61_2
CATGGAGAGATGTGAA-1	HTO3	CD22_A3_nonint_4434
CATGGAGAGCATAACT-1	HTO4	CD22_A11_int_1411
CATGGAGAGCCCTGGA-1	HTO1	CD22_m971
CATGGATGTACTCAGG-1	HTO4	CD22_A11_int_1411
CATGGATGTACTGGAT-1	HTO4	CD22_A11_int_1411
CATGGATGTAGGAGTA-1	HTO5	CD22_B1_nonint_2261
CATGGATGTCAAGGCC-1	HTO1	CD22_m971
CATGGATGTCGAGGCT-1	HTO3	CD22_A3_nonint_4434
CATGGATGTCGCGTAA-1	HTO5	CD22_B1_nonint_2261
CATGGATGTGTACCCT-1	HTO2	CD22_i61_2
CATGGCGTCAAATCTA-1	HTO4	CD22_A11_int_1411
CATGGCGTCAACAGCC-1	HTO2	CD22_i61_2
CATGGCGTCACCACTT-1	HTO5	CD22_B1_nonint_2261
CATGGCGTCGGGTCAT-1	HTO3	CD22_A3_nonint_4434
CATGGGCGTAGTCTGG-1	HTO4	CD22_A11_int_1411
CATGGGCGTATGCGCA-1	HTO1	CD22_m971
CATGGGCGTCCATTTG-1	HTO4	CD22_A11_int_1411
CATGGGCGTGCAGTCA-1	HTO1	CD22_m971
CATGGGCGTGGCATTG-1	HTO4	CD22_A11_int_1411
CATGGGCGTGGGTGCT-1	HTO3	CD22_A3_nonint_4434
CATGGGCGTGGTTTAA-1	HTO1	CD22_m971
CATGGGCGTGTCACGA-1	HTO1	CD22_m971
CATGGGGCAAACTAGG-1	HTO5	CD22_B1_nonint_2261
CATGGGGCAACGGCAG-1	HTO5	CD22_B1_nonint_2261
CATGGGGCACCACTCT-1	HTO3	CD22_A3_nonint_4434
CATGGGGCACGTTCAG-1	HTO2	CD22_i61_2
CATGGGGCAGCGTGAG-1	HTO5	CD22_B1_nonint_2261
CATGGGGCAGTATGTC-1	HTO5	CD22_B1_nonint_2261
CATGGGTTCATAAGCT-1	HTO5	CD22_B1_nonint_2261
CATGGGTTCCAGTACA-1	HTO4	CD22_A11_int_1411
CATGGTCAGAACAGGT-1	HTO5	CD22_B1_nonint_2261
CATGGTCAGCCGGTAT-1	HTO4	CD22_A11_int_1411
CATGGTCAGCTTGTCT-1	HTO1	CD22_m971
CATGGTCAGGTGTCGT-1	HTO5	CD22_B1_nonint_2261
CATGGTTCAAGCGCGA-1	HTO1	CD22_m971
CATGGTTCAGCAGCCT-1	HTO1	CD22_m971
CATGGTTCAGTAGCCC-1	HTO2	CD22_i61_2
CATGTATAGATCGTTG-1	HTO1	CD22_m971
CATGTATAGCCGTTGG-1	HTO1	CD22_m971
CATGTATAGCGGTCAT-1	HTO1	CD22_m971
CATGTCAAGACCTATG-1	HTO5	CD22_B1_nonint_2261
CATGTCAAGCCATATG-1	HTO2	CD22_i61_2
CATGTCAAGGGTTCGT-1	HTO3	CD22_A3_nonint_4434
CATGTCCGTACATAGC-1	HTO1	CD22_m971
CATGTCCGTATACAGC-1	HTO1	CD22_m971
CATGTCCGTATCTGCC-1	HTO5	CD22_B1_nonint_2261
CATGTCCGTATTGAGC-1	HTO1	CD22_m971
CATGTCCGTCAGGCGT-1	HTO1	CD22_m971
CATGTCCGTCATCATT-1	HTO1	CD22_m971
CATGTCCGTCTCTAGC-1	HTO1	CD22_m971
CATGTCGCAAGGGTCG-1	HTO1	CD22_m971
CATGTCGCAGGTAGCG-1	HTO2	CD22_i61_2
CATGTGGGTAGGTATC-1	HTO2	CD22_i61_2
CATGTGGGTCCTGATC-1	HTO5	CD22_B1_nonint_2261
CATGTGGGTCGTTCTA-1	HTO2	CD22_i61_2
CATGTGGGTGTATCCC-1	HTO5	CD22_B1_nonint_2261
CATGTTGAGAACCATT-1	HTO4	CD22_A11_int_1411
CATGTTGAGACCTACA-1	HTO4	CD22_A11_int_1411
CATGTTGAGAGAAGCT-1	HTO5	CD22_B1_nonint_2261
CATGTTGAGCCGCACA-1	HTO2	CD22_i61_2
CATGTTGAGCGATGAG-1	HTO2	CD22_i61_2
CATGTTGAGGCAATTT-1	HTO5	CD22_B1_nonint_2261
CATGTTGAGGTACCCG-1	HTO4	CD22_A11_int_1411
CATTAACAGATATTGC-1	HTO2	CD22_i61_2
CATTAACAGATGAAGC-1	HTO3	CD22_A3_nonint_4434
CATTAACAGCCACTAA-1	HTO5	CD22_B1_nonint_2261
CATTAACAGCCAGGTT-1	HTO2	CD22_i61_2
CATTAACAGCCTGCGA-1	HTO3	CD22_A3_nonint_4434
CATTAACAGCGCGATT-1	HTO4	CD22_A11_int_1411
CATTAACAGGCTGTCG-1	HTO3	CD22_A3_nonint_4434
CATTAACAGGTCGACT-1	HTO1	CD22_m971
CATTAAGGTAAAGCTC-1	HTO5	CD22_B1_nonint_2261
CATTAAGGTAAATGGG-1	HTO2	CD22_i61_2
CATTAAGGTCAACCTC-1	HTO3	CD22_A3_nonint_4434
CATTAAGGTCCGCATT-1	HTO1	CD22_m971
CATTAAGGTCGACCCC-1	HTO5	CD22_B1_nonint_2261
CATTAAGGTCGGTTAG-1	HTO3	CD22_A3_nonint_4434
CATTACCTCAAATCTA-1	HTO4	CD22_A11_int_1411
CATTACCTCACGAGCT-1	HTO5	CD22_B1_nonint_2261
CATTACCTCGCAAGTC-1	HTO1	CD22_m971
CATTACCTCGCTGTAA-1	HTO2	CD22_i61_2
CATTACGAGACTGATT-1	HTO1	CD22_m971
CATTACGAGATTACAC-1	HTO1	CD22_m971
CATTACGAGCAATGCC-1	HTO3	CD22_A3_nonint_4434
CATTACGAGCTACTGA-1	HTO2	CD22_i61_2
CATTAGCCAACCCGAC-1	HTO1	CD22_m971
CATTAGCCACCTAGAT-1	HTO3	CD22_A3_nonint_4434
CATTAGCCACTCGGGT-1	HTO4	CD22_A11_int_1411
CATTAGTAGCGATTTG-1	HTO5	CD22_B1_nonint_2261
CATTAGTAGCTAAGCC-1	HTO2	CD22_i61_2
CATTAGTAGGCGAGTA-1	HTO4	CD22_A11_int_1411
CATTAGTAGGTCCTCC-1	HTO5	CD22_B1_nonint_2261
CATTATCGTAGCATCG-1	HTO2	CD22_i61_2
CATTATCGTGCTAAGT-1	HTO5	CD22_B1_nonint_2261
CATTATCGTGTGCCGG-1	HTO1	CD22_m971
CATTCAACAAAAGCCA-1	HTO5	CD22_B1_nonint_2261
CATTCAACAAGCCGTC-1	HTO5	CD22_B1_nonint_2261
CATTCAACAGCGAATA-1	HTO3	CD22_A3_nonint_4434
CATTCAACAGTGGCAG-1	HTO2	CD22_i61_2
CATTCACTCAGCATAT-1	HTO1	CD22_m971
CATTCACTCATGGTTG-1	HTO1	CD22_m971
CATTCACTCCAACAGC-1	HTO2	CD22_i61_2
CATTCACTCCATCGCC-1	HTO1	CD22_m971
CATTCACTCCGGAAAG-1	HTO5	CD22_B1_nonint_2261
CATTCCAGTACCATCC-1	HTO1	CD22_m971
CATTCCAGTCTGTATT-1	HTO1	CD22_m971
CATTCCAGTCTGTGAG-1	HTO5	CD22_B1_nonint_2261
CATTCCCCAACAAGAT-1	HTO1	CD22_m971
CATTCCCCACATATGC-1	HTO1	CD22_m971
CATTCCGTCCCATCCA-1	HTO1	CD22_m971
CATTCGAAGAGCGATG-1	HTO2	CD22_i61_2
CATTCGAAGCAACAGG-1	HTO2	CD22_i61_2
CATTCGAAGGCGATAG-1	HTO4	CD22_A11_int_1411
CATTCGAAGGCTCATA-1	HTO3	CD22_A3_nonint_4434
CATTCGAAGGTCCTAA-1	HTO4	CD22_A11_int_1411
CATTCGAAGGTGTCCG-1	HTO4	CD22_A11_int_1411
CATTCGGCAAGGACAC-1	HTO2	CD22_i61_2
CATTCGGCACATTCGG-1	HTO2	CD22_i61_2
CATTCTATCAGTAAAG-1	HTO3	CD22_A3_nonint_4434
CATTCTATCCTACGCC-1	HTO5	CD22_B1_nonint_2261
CATTCTATCGTTAAGT-1	HTO1	CD22_m971
CATTCTGGTCGCCCTA-1	HTO5	CD22_B1_nonint_2261
CATTCTGGTCGTAGAT-1	HTO1	CD22_m971
CATTCTGGTCTCATAT-1	HTO5	CD22_B1_nonint_2261
CATTCTGGTCTGCAAG-1	HTO2	CD22_i61_2
CATTGCAAGAACGGGC-1	HTO5	CD22_B1_nonint_2261
CATTGCAAGACCAATT-1	HTO5	CD22_B1_nonint_2261
CATTGCAAGCAATATC-1	HTO3	CD22_A3_nonint_4434
CATTGCAAGCGCGTAT-1	HTO1	CD22_m971
CATTGCAAGCGTGTCG-1	HTO1	CD22_m971
CATTGCAAGCGTTCCC-1	HTO1	CD22_m971
CATTGCAAGGGCTCAT-1	HTO1	CD22_m971
CATTGCAAGGGGATCA-1	HTO3	CD22_A3_nonint_4434
CATTGCAAGGGGTTGA-1	HTO5	CD22_B1_nonint_2261
CATTGCTTCAGGTGTC-1	HTO4	CD22_A11_int_1411
CATTGCTTCCAATCAG-1	HTO4	CD22_A11_int_1411
CATTGCTTCGCTAACA-1	HTO1	CD22_m971
CATTGGGGTAACGAGA-1	HTO1	CD22_m971
CATTGGGGTAAGCGTT-1	HTO3	CD22_A3_nonint_4434
CATTGGGGTACTTATC-1	HTO1	CD22_m971
CATTGGGGTAGTGCGC-1	HTO4	CD22_A11_int_1411
CATTGGGGTCCCAAAG-1	HTO5	CD22_B1_nonint_2261
CATTGGGGTCCGTCGC-1	HTO4	CD22_A11_int_1411
CATTGGGGTCTACTGC-1	HTO5	CD22_B1_nonint_2261
CATTGGGGTGGTGGAG-1	HTO4	CD22_A11_int_1411
CATTGGTCAAAGGCAC-1	HTO5	CD22_B1_nonint_2261
CATTGGTCAAATTGAA-1	HTO1	CD22_m971
CATTGGTCACATCACG-1	HTO5	CD22_B1_nonint_2261
CATTGGTCACCCTTTA-1	HTO4	CD22_A11_int_1411
CATTGGTCAGCATGGG-1	HTO5	CD22_B1_nonint_2261
CATTGTCTCCAACAGC-1	HTO4	CD22_A11_int_1411
CATTGTCTCGTAGATT-1	HTO5	CD22_B1_nonint_2261
CATTGTCTCGTTCGTT-1	HTO4	CD22_A11_int_1411
CATTGTCTCGTTGGCG-1	HTO2	CD22_i61_2
CATTTAGCAACGTTCG-1	HTO2	CD22_i61_2
CATTTAGCACAGGACG-1	HTO2	CD22_i61_2
CATTTAGCACTACTTT-1	HTO5	CD22_B1_nonint_2261
CATTTAGCACTTGACG-1	HTO3	CD22_A3_nonint_4434
CATTTCCAGAGCGGAC-1	HTO2	CD22_i61_2
CATTTCCAGAGGACGC-1	HTO5	CD22_B1_nonint_2261
CATTTCCAGATGAGTA-1	HTO2	CD22_i61_2
CATTTCCAGGCATTCA-1	HTO5	CD22_B1_nonint_2261
CATTTCCAGGGCATAG-1	HTO4	CD22_A11_int_1411
CATTTCCAGGTCGGTT-1	HTO1	CD22_m971
CATTTCCAGGTGCCCA-1	HTO1	CD22_m971
CATTTCGGTACAAGAG-1	HTO3	CD22_A3_nonint_4434
CATTTCGGTAGTCGGC-1	HTO2	CD22_i61_2
CATTTCGGTCAATCCC-1	HTO1	CD22_m971
CATTTCGGTCAGTAGT-1	HTO5	CD22_B1_nonint_2261
CATTTCGGTCGACTTC-1	HTO4	CD22_A11_int_1411
CATTTGGAGAAGGCAT-1	HTO3	CD22_A3_nonint_4434
CATTTGGAGCAGGGAC-1	HTO4	CD22_A11_int_1411
CATTTGGAGCGTCAAC-1	HTO3	CD22_A3_nonint_4434
CATTTGGAGGCGGAGT-1	HTO2	CD22_i61_2
CATTTGGAGGCTACAC-1	HTO2	CD22_i61_2
CCAAACCAGACGCCAT-1	HTO2	CD22_i61_2
CCAAACCAGCAATAGA-1	HTO2	CD22_i61_2
CCAAACCAGGTGCTAC-1	HTO5	CD22_B1_nonint_2261
CCAAAGGAGAACGGCA-1	HTO2	CD22_i61_2
CCAAAGGAGAGGTATA-1	HTO4	CD22_A11_int_1411
CCAAAGGAGAGTAATG-1	HTO2	CD22_i61_2
CCAAAGGAGCAATGTT-1	HTO1	CD22_m971
CCAAAGGAGCACAAGG-1	HTO4	CD22_A11_int_1411
CCAAAGGAGCCGCTAG-1	HTO4	CD22_A11_int_1411
CCAAAGGAGCGGCATT-1	HTO5	CD22_B1_nonint_2261
CCAAAGGAGGCTGGAA-1	HTO2	CD22_i61_2
CCAAAGGAGGCTTACA-1	HTO3	CD22_A3_nonint_4434
CCAAAGTGTACGTTGG-1	HTO1	CD22_m971
CCAAAGTGTAGACGGG-1	HTO2	CD22_i61_2
CCAAAGTGTATTCGTT-1	HTO2	CD22_i61_2
CCAAAGTGTCCAACGA-1	HTO4	CD22_A11_int_1411
CCAAAGTGTCCAGATG-1	HTO3	CD22_A3_nonint_4434
CCAAAGTGTGTTGTCC-1	HTO5	CD22_B1_nonint_2261
CCAAATCCAAATGACG-1	HTO4	CD22_A11_int_1411
CCAAATCCAATGACGA-1	HTO5	CD22_B1_nonint_2261
CCAAATCCACATAGAG-1	HTO1	CD22_m971
CCAAATCCACCCTATC-1	HTO5	CD22_B1_nonint_2261
CCAAATCCACTCACGA-1	HTO3	CD22_A3_nonint_4434
CCAAATGTCAGTTTAA-1	HTO4	CD22_A11_int_1411
CCAAATGTCCTGCGTC-1	HTO2	CD22_i61_2
CCAAATGTCGTCTTAC-1	HTO3	CD22_A3_nonint_4434
CCAAATGTCGTGGGTT-1	HTO3	CD22_A3_nonint_4434
CCAAATTAGCATATCG-1	HTO2	CD22_i61_2
CCAAATTAGGGGACGT-1	HTO5	CD22_B1_nonint_2261
CCAAATTAGGGGGCAT-1	HTO1	CD22_m971
CCAACAGGTACGGGCT-1	HTO4	CD22_A11_int_1411
CCAACAGGTCAATATG-1	HTO2	CD22_i61_2
CCAACATCAAAACGAT-1	HTO2	CD22_i61_2
CCAACATCAAAATGAC-1	HTO4	CD22_A11_int_1411
CCAACATCAGTGCTCA-1	HTO2	CD22_i61_2
CCAACCCTCCCAAATG-1	HTO3	CD22_A3_nonint_4434
CCAACCCTCCCAGTAA-1	HTO5	CD22_B1_nonint_2261
CCAACCCTCCCCAGCT-1	HTO5	CD22_B1_nonint_2261
CCAACCCTCCTCCGAC-1	HTO4	CD22_A11_int_1411
CCAACCCTCGTCTCGC-1	HTO1	CD22_m971
CCAACCCTCGTTAGGC-1	HTO4	CD22_A11_int_1411
CCAACCGAGAAACCCC-1	HTO2	CD22_i61_2
CCAACCGAGAACATAG-1	HTO1	CD22_m971
CCAACCGAGACATGGG-1	HTO4	CD22_A11_int_1411
CCAACCGAGCATTCAG-1	HTO3	CD22_A3_nonint_4434
CCAACCGAGCGTATAT-1	HTO5	CD22_B1_nonint_2261
CCAACCGAGCTAAGGG-1	HTO2	CD22_i61_2
CCAACCGAGGCGATAG-1	HTO3	CD22_A3_nonint_4434
CCAACCGAGGGCCTTG-1	HTO3	CD22_A3_nonint_4434
CCAACCTGTCAGTATA-1	HTO4	CD22_A11_int_1411
CCAACCTGTCCGTCTG-1	HTO5	CD22_B1_nonint_2261
CCAACCTGTGTGTAGT-1	HTO4	CD22_A11_int_1411
CCAACGAGTATCTCAT-1	HTO2	CD22_i61_2
CCAACGAGTCCTGATC-1	HTO1	CD22_m971
CCAACGAGTGCATTCC-1	HTO2	CD22_i61_2
CCAACGAGTGGAATGA-1	HTO3	CD22_A3_nonint_4434
CCAACGAGTGTGCAAT-1	HTO3	CD22_A3_nonint_4434
CCAACGCCAAAACCTC-1	HTO2	CD22_i61_2
CCAACGCCACCTTTCA-1	HTO1	CD22_m971
CCAACTCGTATCTGTT-1	HTO2	CD22_i61_2
CCAACTCGTCCACGTT-1	HTO3	CD22_A3_nonint_4434
CCAACTCGTCGGCTGG-1	HTO2	CD22_i61_2
CCAACTTTCACCCATT-1	HTO5	CD22_B1_nonint_2261
CCAACTTTCACGCAAC-1	HTO4	CD22_A11_int_1411
CCAACTTTCATTGTAA-1	HTO5	CD22_B1_nonint_2261
CCAACTTTCCCAAATG-1	HTO5	CD22_B1_nonint_2261
CCAACTTTCGTTAGGC-1	HTO1	CD22_m971
CCAAGATGTAACTAGC-1	HTO2	CD22_i61_2
CCAAGATGTATCGTGG-1	HTO2	CD22_i61_2
CCAAGATGTCACGCGG-1	HTO5	CD22_B1_nonint_2261
CCAAGATGTCCCTTGG-1	HTO5	CD22_B1_nonint_2261
CCAAGCCCAATGGTAG-1	HTO2	CD22_i61_2
CCAAGCCCAGCCAAGG-1	HTO2	CD22_i61_2
CCAAGCCCAGCGGACA-1	HTO1	CD22_m971
CCAAGCTAGAAACGCG-1	HTO3	CD22_A3_nonint_4434
CCAAGCTAGGGCGTAA-1	HTO2	CD22_i61_2
CCAAGGGCAACCTAGT-1	HTO2	CD22_i61_2
CCAAGGGCACCGAATT-1	HTO1	CD22_m971
CCAAGGGCACCTAGGC-1	HTO3	CD22_A3_nonint_4434
CCAAGGGCAGCTGACC-1	HTO2	CD22_i61_2
CCAAGGGCAGGACATA-1	HTO1	CD22_m971
CCAAGTATCACAAGCC-1	HTO2	CD22_i61_2
CCAAGTATCATAGCGC-1	HTO2	CD22_i61_2
CCAAGTATCATTCAAA-1	HTO3	CD22_A3_nonint_4434
CCAAGTATCCACTCTG-1	HTO1	CD22_m971
CCAATACCAAAGCTTC-1	HTO1	CD22_m971
CCAATACCAACCCCAA-1	HTO2	CD22_i61_2
CCAATACCAAGTACTC-1	HTO4	CD22_A11_int_1411
CCAATACCAATGCCGC-1	HTO1	CD22_m971
CCAATACCAGGTCTAT-1	HTO4	CD22_A11_int_1411
CCAATACCAGTGGTAA-1	HTO1	CD22_m971
CCAATAGTCCCAGCCT-1	HTO5	CD22_B1_nonint_2261
CCAATAGTCCCCTAGC-1	HTO1	CD22_m971
CCAATAGTCGTTAGGC-1	HTO5	CD22_B1_nonint_2261
CCAATATAGAGCCGAA-1	HTO4	CD22_A11_int_1411
CCAATATAGAGCTTAT-1	HTO1	CD22_m971
CCAATATAGCAAGTAA-1	HTO2	CD22_i61_2
CCAATATAGCCACTTT-1	HTO4	CD22_A11_int_1411
CCAATATAGGGACGTA-1	HTO5	CD22_B1_nonint_2261
CCAATATAGGTCGCCA-1	HTO1	CD22_m971
CCAATATAGGTTATCG-1	HTO3	CD22_A3_nonint_4434
CCAATTACAACATACC-1	HTO5	CD22_B1_nonint_2261
CCAATTACAATGCACT-1	HTO4	CD22_A11_int_1411
CCAATTACACATAGTC-1	HTO4	CD22_A11_int_1411
CCAATTACACGACCTA-1	HTO2	CD22_i61_2
CCAATTACACGCCAAC-1	HTO3	CD22_A3_nonint_4434
CCAATTACACTAACTA-1	HTO1	CD22_m971
CCAATTCTCAAACTTA-1	HTO3	CD22_A3_nonint_4434
CCAATTCTCACTCCCA-1	HTO3	CD22_A3_nonint_4434
CCAATTCTCCACCGCT-1	HTO3	CD22_A3_nonint_4434
CCACAACAGAGGTTGG-1	HTO3	CD22_A3_nonint_4434
CCACAACAGCACGGAA-1	HTO2	CD22_i61_2
CCACAATCAAACACTC-1	HTO1	CD22_m971
CCACAATCAATCGCAT-1	HTO2	CD22_i61_2
CCACAATCACTATAAT-1	HTO3	CD22_A3_nonint_4434
CCACACACAACTTCAA-1	HTO1	CD22_m971
CCACACACAATGGACA-1	HTO2	CD22_i61_2
CCACACACAATGGGCG-1	HTO2	CD22_i61_2
CCACACACACCACTCT-1	HTO5	CD22_B1_nonint_2261
CCACACACAGCAATAG-1	HTO2	CD22_i61_2
CCACACCTCAAATCCG-1	HTO2	CD22_i61_2
CCACACCTCAAGCCAC-1	HTO5	CD22_B1_nonint_2261
CCACACCTCAAGGGGC-1	HTO2	CD22_i61_2
CCACACCTCAGCATTG-1	HTO4	CD22_A11_int_1411
CCACACCTCCCATAAG-1	HTO2	CD22_i61_2
CCACACCTCCTCTGAT-1	HTO2	CD22_i61_2
CCACACCTCGGGTTAC-1	HTO5	CD22_B1_nonint_2261
CCACAGCCAAACCACT-1	HTO5	CD22_B1_nonint_2261
CCACAGCCAAGCAGTA-1	HTO1	CD22_m971
CCACAGCCAAGCTATC-1	HTO3	CD22_A3_nonint_4434
CCACAGCCAATAATTC-1	HTO3	CD22_A3_nonint_4434
CCACAGCCACTAGAAG-1	HTO3	CD22_A3_nonint_4434
CCACAGCCACTCACCT-1	HTO1	CD22_m971
CCACAGCCACTCCTTA-1	HTO1	CD22_m971
CCACAGCCAGCGACGA-1	HTO4	CD22_A11_int_1411
CCACAGGTCGGGCTTG-1	HTO4	CD22_A11_int_1411
CCACATAAGCCAACCG-1	HTO5	CD22_B1_nonint_2261
CCACATAAGCTGTAGC-1	HTO3	CD22_A3_nonint_4434
CCACATAAGGCAGTGA-1	HTO4	CD22_A11_int_1411
CCACATAAGGCTAGAG-1	HTO5	CD22_B1_nonint_2261
CCACATAAGGTTCAGC-1	HTO2	CD22_i61_2
CCACATTTCAACACGC-1	HTO5	CD22_B1_nonint_2261
CCACATTTCCAACAGC-1	HTO5	CD22_B1_nonint_2261
CCACATTTCCCGGCTT-1	HTO2	CD22_i61_2
CCACATTTCCCTGATT-1	HTO5	CD22_B1_nonint_2261
CCACATTTCGTTGGGT-1	HTO2	CD22_i61_2
CCACCAACAATCGGGG-1	HTO2	CD22_i61_2
CCACCAACAGCGCATC-1	HTO2	CD22_i61_2
CCACCAACAGGGCAAT-1	HTO4	CD22_A11_int_1411
CCACCAACAGTATTAT-1	HTO3	CD22_A3_nonint_4434
CCACCAACAGTCATCG-1	HTO3	CD22_A3_nonint_4434
CCACCGTTCAAGCTTG-1	HTO3	CD22_A3_nonint_4434
CCACCGTTCAGCATAT-1	HTO3	CD22_A3_nonint_4434
CCACCGTTCCAACCTT-1	HTO5	CD22_B1_nonint_2261
CCACCGTTCGGTGTTA-1	HTO3	CD22_A3_nonint_4434
CCACCTATCACCTCCA-1	HTO1	CD22_m971
CCACCTATCAGTCCTT-1	HTO3	CD22_A3_nonint_4434
CCACCTATCATTCGCT-1	HTO1	CD22_m971
CCACCTATCCACGTAA-1	HTO1	CD22_m971
CCACCTATCCCAATAG-1	HTO5	CD22_B1_nonint_2261
CCACCTATCCGCAGCA-1	HTO4	CD22_A11_int_1411
CCACCTATCCTAAACG-1	HTO1	CD22_m971
CCACCTATCCTTATGC-1	HTO2	CD22_i61_2
CCACCTATCGGCGATT-1	HTO5	CD22_B1_nonint_2261
CCACCTATCGTACGTA-1	HTO1	CD22_m971
CCACGATAGATCACAT-1	HTO2	CD22_i61_2
CCACGATAGGCTTTAG-1	HTO4	CD22_A11_int_1411
CCACGATAGGGGTAAT-1	HTO3	CD22_A3_nonint_4434
CCACGCTTCACTCGCC-1	HTO3	CD22_A3_nonint_4434
CCACGCTTCATGATGT-1	HTO4	CD22_A11_int_1411
CCACGCTTCCAGTCCC-1	HTO1	CD22_m971
CCACGCTTCCGGTATA-1	HTO4	CD22_A11_int_1411
CCACGCTTCGCTCATT-1	HTO2	CD22_i61_2
CCACGCTTCGCTTCGC-1	HTO4	CD22_A11_int_1411
CCACGCTTCGTACATG-1	HTO4	CD22_A11_int_1411
CCACGGGGTATATGTG-1	HTO3	CD22_A3_nonint_4434
CCACGGGGTCGTACAG-1	HTO3	CD22_A3_nonint_4434
CCACGGGGTGCGCTCC-1	HTO3	CD22_A3_nonint_4434
CCACGGGGTGTGGCCG-1	HTO2	CD22_i61_2
CCACGGTCAAAGCCAA-1	HTO2	CD22_i61_2
CCACGGTCAACCTATA-1	HTO1	CD22_m971
CCACGGTCAACGTACT-1	HTO4	CD22_A11_int_1411
CCACGGTCAACTCGCA-1	HTO5	CD22_B1_nonint_2261
CCACGGTCACACATAC-1	HTO5	CD22_B1_nonint_2261
CCACGGTCACATTCCC-1	HTO2	CD22_i61_2
CCACGGTCACCTGTAG-1	HTO3	CD22_A3_nonint_4434
CCACGGTCAGCAGCCT-1	HTO1	CD22_m971
CCACGGTCAGCATCGC-1	HTO2	CD22_i61_2
CCACGTACAATAGCAG-1	HTO3	CD22_A3_nonint_4434
CCACGTACACAAGCGG-1	HTO5	CD22_B1_nonint_2261
CCACGTACACGGTGCT-1	HTO5	CD22_B1_nonint_2261
CCACGTACACTCACGA-1	HTO2	CD22_i61_2
CCACGTACAGCATGCC-1	HTO2	CD22_i61_2
CCACGTACAGGCGTAG-1	HTO1	CD22_m971
CCACGTTGTACATTTC-1	HTO4	CD22_A11_int_1411
CCACGTTGTATTCGTT-1	HTO4	CD22_A11_int_1411
CCACGTTGTCATACGG-1	HTO2	CD22_i61_2
CCACGTTGTCCTCGAT-1	HTO2	CD22_i61_2
CCACGTTGTGGCTTAG-1	HTO3	CD22_A3_nonint_4434
CCACTAAAGAATGACA-1	HTO5	CD22_B1_nonint_2261
CCACTAAAGAATTTGC-1	HTO5	CD22_B1_nonint_2261
CCACTAAAGAGACGAT-1	HTO3	CD22_A3_nonint_4434
CCACTAAAGATGACGG-1	HTO3	CD22_A3_nonint_4434
CCACTAAAGCTCTCAT-1	HTO3	CD22_A3_nonint_4434
CCACTAGCAACTTACA-1	HTO3	CD22_A3_nonint_4434
CCACTAGCAAGTTGAG-1	HTO1	CD22_m971
CCACTAGCACCAAGGG-1	HTO3	CD22_A3_nonint_4434
CCACTAGCACGGGGTA-1	HTO2	CD22_i61_2
CCACTAGCACTAGCGC-1	HTO5	CD22_B1_nonint_2261
CCACTAGCACTTAGTA-1	HTO2	CD22_i61_2
CCACTAGCAGCATAGA-1	HTO2	CD22_i61_2
CCACTAGCAGCTAAAG-1	HTO2	CD22_i61_2
CCACTAGCAGTTGGGG-1	HTO5	CD22_B1_nonint_2261
CCACTATTCAAATGTC-1	HTO1	CD22_m971
CCACTATTCAAGGGTG-1	HTO4	CD22_A11_int_1411
CCACTATTCCATTCGT-1	HTO1	CD22_m971
CCACTATTCCCGCTGT-1	HTO4	CD22_A11_int_1411
CCACTATTCCCTAATC-1	HTO2	CD22_i61_2
CCACTATTCGCGCGTA-1	HTO3	CD22_A3_nonint_4434
CCACTATTCGGACGTT-1	HTO3	CD22_A3_nonint_4434
CCACTATTCGTTGCTT-1	HTO1	CD22_m971
CCACTCATCAAAGGGT-1	HTO4	CD22_A11_int_1411
CCACTCATCGGACATC-1	HTO5	CD22_B1_nonint_2261
CCACTCATCGGTCAAC-1	HTO2	CD22_i61_2
CCACTCATCGTTATAA-1	HTO5	CD22_B1_nonint_2261
CCACTCTCAAATTGCC-1	HTO3	CD22_A3_nonint_4434
CCACTCTCAACATCCG-1	HTO2	CD22_i61_2
CCACTGACAACTCGAT-1	HTO2	CD22_i61_2
CCACTGACACCCAAGC-1	HTO4	CD22_A11_int_1411
CCACTGACACGTCAAT-1	HTO1	CD22_m971
CCACTGACAGGGACAT-1	HTO1	CD22_m971
CCACTTGTCAGCAGTC-1	HTO2	CD22_i61_2
CCACTTGTCCGGCCTT-1	HTO2	CD22_i61_2
CCACTTGTCGTAATCG-1	HTO1	CD22_m971
CCACTTTAGAAACGCG-1	HTO2	CD22_i61_2
CCACTTTAGACTTTGG-1	HTO2	CD22_i61_2
CCACTTTAGCGATTAT-1	HTO2	CD22_i61_2
CCACTTTAGCGCTTGG-1	HTO5	CD22_B1_nonint_2261
CCACTTTAGGCTGGAA-1	HTO5	CD22_B1_nonint_2261
CCAGAACTCACACACA-1	HTO1	CD22_m971
CCAGAACTCACATCTC-1	HTO4	CD22_A11_int_1411
CCAGAACTCACCAATG-1	HTO2	CD22_i61_2
CCAGAACTCATCATCC-1	HTO2	CD22_i61_2
CCAGAACTCCAAGTGC-1	HTO3	CD22_A3_nonint_4434
CCAGAACTCCGCAATA-1	HTO1	CD22_m971
CCAGAACTCCGCCGTT-1	HTO5	CD22_B1_nonint_2261
CCAGAACTCCGGCACA-1	HTO1	CD22_m971
CCAGAATGTACAGGCC-1	HTO5	CD22_B1_nonint_2261
CCAGAATGTACCCGTT-1	HTO1	CD22_m971
CCAGAATGTATAGGAG-1	HTO4	CD22_A11_int_1411
CCAGAATGTATATTCC-1	HTO3	CD22_A3_nonint_4434
CCAGAATGTCGAAGTT-1	HTO4	CD22_A11_int_1411
CCAGAATGTGCATCAG-1	HTO2	CD22_i61_2
CCAGAATGTGGTGTAT-1	HTO5	CD22_B1_nonint_2261
CCAGACCCAACCAACT-1	HTO1	CD22_m971
CCAGACCCAATAAGAC-1	HTO3	CD22_A3_nonint_4434
CCAGACCCACTCATAA-1	HTO1	CD22_m971
CCAGAGAAGATCGTTG-1	HTO5	CD22_B1_nonint_2261
CCAGAGAAGCCTACGG-1	HTO4	CD22_A11_int_1411
CCAGAGAAGCTACAGC-1	HTO1	CD22_m971
CCAGAGAAGCTTAGTG-1	HTO2	CD22_i61_2
CCAGAGGCAACTTAAT-1	HTO5	CD22_B1_nonint_2261
CCAGAGGCACCTTTCA-1	HTO5	CD22_B1_nonint_2261
CCAGAGGCAGTGAAGC-1	HTO4	CD22_A11_int_1411
CCAGAGGCAGTGCAGG-1	HTO4	CD22_A11_int_1411
CCAGATGGTCCATTCA-1	HTO3	CD22_A3_nonint_4434
CCAGATGGTCGACTAG-1	HTO2	CD22_i61_2
CCAGATGGTCTCATAT-1	HTO5	CD22_B1_nonint_2261
CCAGATGGTCTGCAAG-1	HTO2	CD22_i61_2
CCAGATGGTGGAACCC-1	HTO5	CD22_B1_nonint_2261
CCAGATGGTGGGTATT-1	HTO3	CD22_A3_nonint_4434
CCAGATGGTGTAACGT-1	HTO5	CD22_B1_nonint_2261
CCAGATTCAAAGTTCC-1	HTO4	CD22_A11_int_1411
CCAGATTCAACAGGAC-1	HTO5	CD22_B1_nonint_2261
CCAGATTCAAGTGCCC-1	HTO3	CD22_A3_nonint_4434
CCAGATTCACCACGGT-1	HTO5	CD22_B1_nonint_2261
CCAGATTCACCTTCCG-1	HTO2	CD22_i61_2
CCAGATTCAGCTAACT-1	HTO1	CD22_m971
CCAGATTCAGGACCGA-1	HTO3	CD22_A3_nonint_4434
CCAGCATAGAGGGACC-1	HTO2	CD22_i61_2
CCAGCATAGATAGGGT-1	HTO1	CD22_m971
CCAGCATAGATTGCAT-1	HTO4	CD22_A11_int_1411
CCAGCATAGGGGTTTC-1	HTO5	CD22_B1_nonint_2261
CCAGCATAGGTCGAGA-1	HTO5	CD22_B1_nonint_2261
CCAGCCCGTACCACCT-1	HTO4	CD22_A11_int_1411
CCAGCCCGTATGCAGT-1	HTO1	CD22_m971
CCAGCCCGTCACGTAG-1	HTO3	CD22_A3_nonint_4434
CCAGCCCGTCATTAAG-1	HTO2	CD22_i61_2
CCAGCCCGTCCCAATC-1	HTO5	CD22_B1_nonint_2261
CCAGCCCGTCTTGGTC-1	HTO1	CD22_m971
CCAGCCTTCACACAAT-1	HTO4	CD22_A11_int_1411
CCAGCCTTCACCTCAT-1	HTO3	CD22_A3_nonint_4434
CCAGCCTTCCAAATTA-1	HTO3	CD22_A3_nonint_4434
CCAGCCTTCCGCTCTA-1	HTO5	CD22_B1_nonint_2261
CCAGCCTTCCGGACCA-1	HTO2	CD22_i61_2
CCAGCCTTCCGTATAG-1	HTO4	CD22_A11_int_1411
CCAGCCTTCGCCTTGC-1	HTO1	CD22_m971
CCAGCTACAAACGGCG-1	HTO4	CD22_A11_int_1411
CCAGCTACAACCTAGT-1	HTO2	CD22_i61_2
CCAGCTACAACCTTAA-1	HTO3	CD22_A3_nonint_4434
CCAGCTACAACTAAGG-1	HTO1	CD22_m971
CCAGCTACAATACCCG-1	HTO2	CD22_i61_2
CCAGCTACACACATAC-1	HTO1	CD22_m971
CCAGCTCTCAATTGTA-1	HTO3	CD22_A3_nonint_4434
CCAGCTCTCACAGACC-1	HTO2	CD22_i61_2
CCAGCTCTCACAGCGT-1	HTO5	CD22_B1_nonint_2261
CCAGCTCTCATAGGGG-1	HTO1	CD22_m971
CCAGCTCTCCCATAAG-1	HTO1	CD22_m971
CCAGCTCTCCCTTCTC-1	HTO2	CD22_i61_2
CCAGCTCTCCGCTACC-1	HTO3	CD22_A3_nonint_4434
CCAGCTCTCCGGAAAG-1	HTO2	CD22_i61_2
CCAGCTTGTAAAGCCT-1	HTO4	CD22_A11_int_1411
CCAGCTTGTGGCGAAG-1	HTO3	CD22_A3_nonint_4434
CCAGCTTGTGGCTATG-1	HTO5	CD22_B1_nonint_2261
CCAGCTTGTGGGGTAG-1	HTO5	CD22_B1_nonint_2261
CCAGCTTGTGGTCCCC-1	HTO3	CD22_A3_nonint_4434
CCAGGCTCAAACCGGG-1	HTO4	CD22_A11_int_1411
CCAGGCTCAAACCTTA-1	HTO3	CD22_A3_nonint_4434
CCAGGCTCACCACACA-1	HTO3	CD22_A3_nonint_4434
CCAGGCTCACGCAGTC-1	HTO4	CD22_A11_int_1411
CCAGGCTCAGCGTAGG-1	HTO2	CD22_i61_2
CCAGGCTCAGTCGCAC-1	HTO1	CD22_m971
CCAGGGACAAACTAGG-1	HTO1	CD22_m971
CCAGGGACAAAGCAAT-1	HTO5	CD22_B1_nonint_2261
CCAGGGACAATCCTAA-1	HTO4	CD22_A11_int_1411
CCAGGGACAATGCGGG-1	HTO3	CD22_A3_nonint_4434
CCAGGGACACAACTTA-1	HTO1	CD22_m971
CCAGGGACACAATGGA-1	HTO3	CD22_A3_nonint_4434
CCAGGGACACCCAGTA-1	HTO2	CD22_i61_2
CCAGGGACACTCACCT-1	HTO5	CD22_B1_nonint_2261
CCAGGGACAGCTTTAA-1	HTO2	CD22_i61_2
CCAGGGACAGTGTAAG-1	HTO2	CD22_i61_2
CCAGGGTGTGCCTCTG-1	HTO5	CD22_B1_nonint_2261
CCAGGGTGTGTAATTG-1	HTO5	CD22_B1_nonint_2261
CCAGGGTGTGTTAGTA-1	HTO3	CD22_A3_nonint_4434
CCAGGTAGTACTTCGC-1	HTO5	CD22_B1_nonint_2261
CCAGGTAGTATCCGAG-1	HTO5	CD22_B1_nonint_2261
CCAGGTAGTATCTGCC-1	HTO4	CD22_A11_int_1411
CCAGGTAGTCGGGGTT-1	HTO5	CD22_B1_nonint_2261
CCAGGTAGTGGTGTAT-1	HTO2	CD22_i61_2
CCAGGTAGTGTAAGTC-1	HTO5	CD22_B1_nonint_2261
CCAGGTAGTGTCGATG-1	HTO3	CD22_A3_nonint_4434
CCAGGTTAGATTACAC-1	HTO2	CD22_i61_2
CCAGGTTAGCGCAGTT-1	HTO3	CD22_A3_nonint_4434
CCAGTAATCATATCCC-1	HTO1	CD22_m971
CCAGTAATCCACCCTA-1	HTO2	CD22_i61_2
CCAGTAATCCATAGCA-1	HTO5	CD22_B1_nonint_2261
CCAGTAATCGGAGTCT-1	HTO1	CD22_m971
CCAGTAATCGTCTCAT-1	HTO3	CD22_A3_nonint_4434
CCAGTACAGAACTCAT-1	HTO2	CD22_i61_2
CCAGTACAGAATCTGT-1	HTO2	CD22_i61_2
CCAGTACAGACCTATG-1	HTO3	CD22_A3_nonint_4434
CCAGTACAGATAACGA-1	HTO5	CD22_B1_nonint_2261
CCAGTACAGATAGGGT-1	HTO5	CD22_B1_nonint_2261
CCAGTACAGCATATGT-1	HTO5	CD22_B1_nonint_2261
CCAGTACAGCCAAATT-1	HTO2	CD22_i61_2
CCAGTACAGGCGGTAA-1	HTO2	CD22_i61_2
CCAGTACAGGTCGAAG-1	HTO2	CD22_i61_2
CCAGTACAGGTTATCG-1	HTO2	CD22_i61_2
CCAGTGAGTATATTGG-1	HTO1	CD22_m971
CCAGTGAGTCAGTTCC-1	HTO3	CD22_A3_nonint_4434
CCAGTGAGTCGCCCGT-1	HTO4	CD22_A11_int_1411
CCAGTGCCAAAGTACG-1	HTO1	CD22_m971
CCAGTGCCAACCCTAG-1	HTO2	CD22_i61_2
CCAGTGCCACCTGCAA-1	HTO3	CD22_A3_nonint_4434
CCAGTGCCAGCGCTAC-1	HTO5	CD22_B1_nonint_2261
CCAGTTCGTAATACTG-1	HTO1	CD22_m971
CCAGTTCGTACTAATG-1	HTO3	CD22_A3_nonint_4434
CCAGTTCGTAGGTATC-1	HTO1	CD22_m971
CCAGTTCGTCATCAGG-1	HTO1	CD22_m971
CCAGTTCGTCGCATTC-1	HTO3	CD22_A3_nonint_4434
CCATAACCAACAGACA-1	HTO5	CD22_B1_nonint_2261
CCATAACCAATAATTC-1	HTO4	CD22_A11_int_1411
CCATAAGTCAGCATTG-1	HTO1	CD22_m971
CCATAAGTCATCGGGT-1	HTO1	CD22_m971
CCATAAGTCCGTTCTG-1	HTO5	CD22_B1_nonint_2261
CCATAAGTCGCAACGT-1	HTO5	CD22_B1_nonint_2261
CCATAATAGAACATAG-1	HTO5	CD22_B1_nonint_2261
CCATAATAGAGGGTGC-1	HTO5	CD22_B1_nonint_2261
CCATAATAGCCTATTC-1	HTO3	CD22_A3_nonint_4434
CCATAATAGCGTCTAA-1	HTO4	CD22_A11_int_1411
CCATACAAGAGTGATA-1	HTO2	CD22_i61_2
CCATACAAGCATCACA-1	HTO1	CD22_m971
CCATACAAGCGTACCG-1	HTO1	CD22_m971
CCATACGCAACCCGTA-1	HTO3	CD22_A3_nonint_4434
CCATACGCAAGGTTAG-1	HTO5	CD22_B1_nonint_2261
CCATACGCAAGTCCGC-1	HTO1	CD22_m971
CCATACGCACCTAACG-1	HTO5	CD22_B1_nonint_2261
CCATACGCAGCTACCA-1	HTO4	CD22_A11_int_1411
CCATACGCAGGACCGA-1	HTO5	CD22_B1_nonint_2261
CCATACGCAGTTGGGG-1	HTO2	CD22_i61_2
CCATACTTCATCCTAC-1	HTO5	CD22_B1_nonint_2261
CCATACTTCATCGCGG-1	HTO1	CD22_m971
CCATACTTCCAACCTT-1	HTO3	CD22_A3_nonint_4434
CCATACTTCCCGCTGT-1	HTO5	CD22_B1_nonint_2261
CCATACTTCCGTACTT-1	HTO5	CD22_B1_nonint_2261
CCATAGCAGAAACGTA-1	HTO5	CD22_B1_nonint_2261
CCATAGCAGAGTATTC-1	HTO2	CD22_i61_2
CCATAGCAGATCGACC-1	HTO3	CD22_A3_nonint_4434
CCATAGCAGCATCTTC-1	HTO2	CD22_i61_2
CCATAGCAGCCTGGTG-1	HTO5	CD22_B1_nonint_2261
CCATAGCAGGCATACC-1	HTO4	CD22_A11_int_1411
CCATAGCAGGCGTTAC-1	HTO3	CD22_A3_nonint_4434
CCATAGGGTCTAGTAA-1	HTO1	CD22_m971
CCATAGGGTGCTACCT-1	HTO4	CD22_A11_int_1411
CCATAGGGTGCTCCGC-1	HTO4	CD22_A11_int_1411
CCATAGGGTGGAAATG-1	HTO2	CD22_i61_2
CCATAGGGTGGAGTGG-1	HTO2	CD22_i61_2
CCATAGGGTGTCTTAT-1	HTO5	CD22_B1_nonint_2261
CCATAGGGTGTGAAAG-1	HTO5	CD22_B1_nonint_2261
CCATAGGGTGTTGTCC-1	HTO3	CD22_A3_nonint_4434
CCATATCTCCAAGTGC-1	HTO5	CD22_B1_nonint_2261
CCATATCTCGCGGAAA-1	HTO3	CD22_A3_nonint_4434
CCATATCTCGTAGATT-1	HTO3	CD22_A3_nonint_4434
CCATATCTCGTCACCC-1	HTO3	CD22_A3_nonint_4434
CCATATCTCGTTAGGC-1	HTO5	CD22_B1_nonint_2261
CCATATCTCGTTGACA-1	HTO4	CD22_A11_int_1411
CCATATGAGCACAGCT-1	HTO3	CD22_A3_nonint_4434
CCATATTGTACACTCC-1	HTO3	CD22_A3_nonint_4434
CCATATTGTACATCTT-1	HTO1	CD22_m971
CCATATTGTAGCGGGA-1	HTO5	CD22_B1_nonint_2261
CCATATTGTAGCTGTG-1	HTO5	CD22_B1_nonint_2261
CCATATTGTCCCAAAG-1	HTO3	CD22_A3_nonint_4434
CCATATTGTGGGACTC-1	HTO2	CD22_i61_2
CCATATTGTGTCGGGT-1	HTO5	CD22_B1_nonint_2261
CCATCAAAGCAGCTGT-1	HTO5	CD22_B1_nonint_2261
CCATCATTCCCATTCG-1	HTO1	CD22_m971
CCATCATTCCCGCATC-1	HTO1	CD22_m971
CCATCATTCCGCTAAA-1	HTO3	CD22_A3_nonint_4434
CCATCATTCCTCACGC-1	HTO3	CD22_A3_nonint_4434
CCATCATTCGCATTAG-1	HTO4	CD22_A11_int_1411
CCATCCATCAGGCCAT-1	HTO5	CD22_B1_nonint_2261
CCATCCATCCATCTGT-1	HTO5	CD22_B1_nonint_2261
CCATCCATCCATTCCG-1	HTO2	CD22_i61_2
CCATCCATCCCATTAC-1	HTO3	CD22_A3_nonint_4434
CCATCCATCCGGGAAA-1	HTO2	CD22_i61_2
CCATCCGGTAAACGGA-1	HTO5	CD22_B1_nonint_2261
CCATCCGGTAAATCCA-1	HTO2	CD22_i61_2
CCATCCGGTACAGCGC-1	HTO2	CD22_i61_2
CCATCCGGTATGCGCA-1	HTO1	CD22_m971
CCATCCGGTATTACCT-1	HTO2	CD22_i61_2
CCATCCGGTCGTAGAT-1	HTO2	CD22_i61_2
CCATCCGGTCTACTAT-1	HTO4	CD22_A11_int_1411
CCATCCGGTGGTAATC-1	HTO5	CD22_B1_nonint_2261
CCATCGACACAGTCGC-1	HTO5	CD22_B1_nonint_2261
CCATCGACACTATCTT-1	HTO5	CD22_B1_nonint_2261
CCATCGCTCAACCCTT-1	HTO5	CD22_B1_nonint_2261
CCATCGCTCAGCGGTT-1	HTO5	CD22_B1_nonint_2261
CCATCGCTCAGTGGTC-1	HTO1	CD22_m971
CCATCGCTCATCTCAC-1	HTO5	CD22_B1_nonint_2261
CCATCGCTCATGGCAC-1	HTO5	CD22_B1_nonint_2261
CCATCGCTCCACGAGT-1	HTO4	CD22_A11_int_1411
CCATCGCTCCCGGCTT-1	HTO1	CD22_m971
CCATCGCTCCTTCTAA-1	HTO2	CD22_i61_2
CCATCGCTCGGTCCTC-1	HTO3	CD22_A3_nonint_4434
CCATCGCTCGTAAATC-1	HTO1	CD22_m971
CCATCGGAGCAATGCC-1	HTO2	CD22_i61_2
CCATGACAGCCGATAC-1	HTO3	CD22_A3_nonint_4434
CCATGACAGCGTATTG-1	HTO5	CD22_B1_nonint_2261
CCATGACAGGGTGTTC-1	HTO2	CD22_i61_2
CCATGACAGGGTTCCG-1	HTO5	CD22_B1_nonint_2261
CCATGCACAAATTCGC-1	HTO1	CD22_m971
CCATGCACAAGAATTA-1	HTO4	CD22_A11_int_1411
CCATGCACAATCGACT-1	HTO3	CD22_A3_nonint_4434
CCATGCACACAGCGGA-1	HTO4	CD22_A11_int_1411
CCATGCACACGTAGAA-1	HTO2	CD22_i61_2
CCATGCACACTGACAT-1	HTO2	CD22_i61_2
CCATGCACAGTTGCCA-1	HTO2	CD22_i61_2
CCATGCCTCAAGCTAT-1	HTO2	CD22_i61_2
CCATGCCTCACTCGCC-1	HTO5	CD22_B1_nonint_2261
CCATGCCTCATCTCCG-1	HTO5	CD22_B1_nonint_2261
CCATGCCTCCATTCCG-1	HTO2	CD22_i61_2
CCATGCCTCGTTAGGC-1	HTO1	CD22_m971
CCATGCGAGCTGCACG-1	HTO3	CD22_A3_nonint_4434
CCATGCTGTACATTCT-1	HTO1	CD22_m971
CCATGCTGTAGCGGGA-1	HTO3	CD22_A3_nonint_4434
CCATGCTGTAGGCTTG-1	HTO5	CD22_B1_nonint_2261
CCATGCTGTAGTCGCA-1	HTO3	CD22_A3_nonint_4434
CCATGCTGTAGTTGCG-1	HTO1	CD22_m971
CCATGCTGTCAGTAGT-1	HTO4	CD22_A11_int_1411
CCATGCTGTCTCGCCA-1	HTO2	CD22_i61_2
CCATGGTAGACTTGTG-1	HTO3	CD22_A3_nonint_4434
CCATGGTAGAGTTGAA-1	HTO4	CD22_A11_int_1411
CCATGGTAGCAAGCCT-1	HTO2	CD22_i61_2
CCATGGTAGGTGCGAA-1	HTO3	CD22_A3_nonint_4434
CCATTAACAAAAGCGC-1	HTO1	CD22_m971
CCATTAACAATACGCT-1	HTO1	CD22_m971
CCATTAACACATACCG-1	HTO2	CD22_i61_2
CCATTAACAGCTTCGA-1	HTO2	CD22_i61_2
CCATTAACAGGACGCA-1	HTO2	CD22_i61_2
CCATTACTCAGCATTG-1	HTO4	CD22_A11_int_1411
CCATTACTCATAACGT-1	HTO3	CD22_A3_nonint_4434
CCATTACTCCCTGGCT-1	HTO2	CD22_i61_2
CCATTACTCGTGCGCA-1	HTO2	CD22_i61_2
CCATTAGAGAACGGAT-1	HTO2	CD22_i61_2
CCATTAGAGACGGAGC-1	HTO4	CD22_A11_int_1411
CCATTAGAGACTATGT-1	HTO4	CD22_A11_int_1411
CCATTAGAGCATAGCC-1	HTO5	CD22_B1_nonint_2261
CCATTAGAGCGTTAGC-1	HTO3	CD22_A3_nonint_4434
CCATTAGAGGGAATAC-1	HTO5	CD22_B1_nonint_2261
CCATTAGAGGGAGGTC-1	HTO5	CD22_B1_nonint_2261
CCATTCAGTACATTCT-1	HTO3	CD22_A3_nonint_4434
CCATTCAGTACTTAAG-1	HTO1	CD22_m971
CCATTCAGTCAATTAG-1	HTO5	CD22_B1_nonint_2261
CCATTCAGTGTCTATT-1	HTO2	CD22_i61_2
CCATTCCCAAAACCAG-1	HTO2	CD22_i61_2
CCATTCCCACATATCA-1	HTO3	CD22_A3_nonint_4434
CCATTCCCAGCGCTTA-1	HTO3	CD22_A3_nonint_4434
CCATTCCCAGGAACGT-1	HTO2	CD22_i61_2
CCATTCCCAGGATCAA-1	HTO5	CD22_B1_nonint_2261
CCATTCGTCAAGCATT-1	HTO2	CD22_i61_2
CCATTCGTCACTGACA-1	HTO1	CD22_m971
CCATTCGTCATATTAG-1	HTO3	CD22_A3_nonint_4434
CCATTCGTCATTGTAA-1	HTO3	CD22_A3_nonint_4434
CCATTCGTCCAGCTCC-1	HTO1	CD22_m971
CCATTCGTCCTGAACA-1	HTO1	CD22_m971
CCATTCGTCGCATAGC-1	HTO2	CD22_i61_2
CCATTCGTCGCCTACC-1	HTO5	CD22_B1_nonint_2261
CCATTGAAGAAGGCGC-1	HTO3	CD22_A3_nonint_4434
CCATTGAAGATCCCAA-1	HTO3	CD22_A3_nonint_4434
CCATTGAAGATGCATT-1	HTO3	CD22_A3_nonint_4434
CCATTGAAGGTAAGTA-1	HTO4	CD22_A11_int_1411
CCATTGAAGGTAATTC-1	HTO1	CD22_m971
CCATTTCAGACACCCG-1	HTO2	CD22_i61_2
CCATTTCAGCAAGGCA-1	HTO1	CD22_m971
CCATTTCAGCTAGTTG-1	HTO5	CD22_B1_nonint_2261
CCATTTCAGGGCTTCG-1	HTO3	CD22_A3_nonint_4434
CCATTTGGTATTCAGA-1	HTO3	CD22_A3_nonint_4434
CCATTTGGTCTCCGGC-1	HTO5	CD22_B1_nonint_2261
CCATTTGGTGTAAGCT-1	HTO4	CD22_A11_int_1411
CCATTTGGTGTTGTGG-1	HTO3	CD22_A3_nonint_4434
CCCAAAGGTATACGGT-1	HTO4	CD22_A11_int_1411
CCCAAAGGTGTCTAGG-1	HTO3	CD22_A3_nonint_4434
CCCAAAGGTGTGTTAA-1	HTO3	CD22_A3_nonint_4434
CCCAAATCAACTTCAA-1	HTO1	CD22_m971
CCCAAATCAATAGGCA-1	HTO5	CD22_B1_nonint_2261
CCCAAATCACACCGTA-1	HTO3	CD22_A3_nonint_4434
CCCAAATCAGCCTTAG-1	HTO5	CD22_B1_nonint_2261
CCCAAATCAGGCAATA-1	HTO5	CD22_B1_nonint_2261
CCCAACACAAATCCGT-1	HTO1	CD22_m971
CCCAACACACCAGAGG-1	HTO5	CD22_B1_nonint_2261
CCCAACCTCACCACTT-1	HTO2	CD22_i61_2
CCCAACCTCCAGCAAC-1	HTO4	CD22_A11_int_1411
CCCAACCTCCTCTGGC-1	HTO5	CD22_B1_nonint_2261
CCCAACGAGACATCCA-1	HTO4	CD22_A11_int_1411
CCCAACGAGACTACAT-1	HTO2	CD22_i61_2
CCCAACGAGATCGGTC-1	HTO5	CD22_B1_nonint_2261
CCCAACGAGATCTGCA-1	HTO1	CD22_m971
CCCAACGAGCGAACGA-1	HTO4	CD22_A11_int_1411
CCCAACGAGCGTAATT-1	HTO3	CD22_A3_nonint_4434
CCCAACGAGCTGCACG-1	HTO1	CD22_m971
CCCAAGCCAAAGGGGA-1	HTO2	CD22_i61_2
CCCAAGCCAAGAGGTC-1	HTO5	CD22_B1_nonint_2261
CCCAAGCCAATCATTG-1	HTO2	CD22_i61_2
CCCAAGCCAATGCTAC-1	HTO1	CD22_m971
CCCAAGCCAATTGACC-1	HTO5	CD22_B1_nonint_2261
CCCAAGTAGCAGCTAC-1	HTO5	CD22_B1_nonint_2261
CCCAAGTAGGGCCATT-1	HTO5	CD22_B1_nonint_2261
CCCAAGTAGGGTTAGG-1	HTO2	CD22_i61_2
CCCAATCGTCTGACTC-1	HTO3	CD22_A3_nonint_4434
CCCAATTTCAATGGTT-1	HTO5	CD22_B1_nonint_2261
CCCAATTTCACGGGTT-1	HTO2	CD22_i61_2
CCCAATTTCCGCCCAT-1	HTO4	CD22_A11_int_1411
CCCACAACAACTCGAT-1	HTO1	CD22_m971
CCCACAACAAGGCGCA-1	HTO5	CD22_B1_nonint_2261
CCCACAACAATTAAGA-1	HTO1	CD22_m971
CCCACAACACTTATAG-1	HTO4	CD22_A11_int_1411
CCCACAGAGACGACAG-1	HTO5	CD22_B1_nonint_2261
CCCACAGAGCATGCGT-1	HTO2	CD22_i61_2
CCCACAGAGCCATCGG-1	HTO1	CD22_m971
CCCACAGAGCTTGATG-1	HTO2	CD22_i61_2
CCCACGAAGCAGGGAC-1	HTO3	CD22_A3_nonint_4434
CCCACGTTCACTACTC-1	HTO4	CD22_A11_int_1411
CCCACGTTCATCGACA-1	HTO3	CD22_A3_nonint_4434
CCCACGTTCCAGCATA-1	HTO4	CD22_A11_int_1411
CCCACGTTCCCCACTA-1	HTO4	CD22_A11_int_1411
CCCACGTTCCCCTTAG-1	HTO3	CD22_A3_nonint_4434
CCCACGTTCGCCTGCT-1	HTO4	CD22_A11_int_1411
CCCACGTTCGCGCATG-1	HTO5	CD22_B1_nonint_2261
CCCACGTTCGTATAGT-1	HTO3	CD22_A3_nonint_4434
CCCACTATCAGCCAAC-1	HTO5	CD22_B1_nonint_2261
CCCACTATCATGATGT-1	HTO4	CD22_A11_int_1411
CCCACTATCCAAACCA-1	HTO1	CD22_m971
CCCACTATCCCAGCCT-1	HTO2	CD22_i61_2
CCCACTATCGGGGTAA-1	HTO3	CD22_A3_nonint_4434
CCCAGACCAAATCTCA-1	HTO1	CD22_m971
CCCAGACCAACATTAT-1	HTO1	CD22_m971
CCCAGACCACCAACGC-1	HTO2	CD22_i61_2
CCCAGACCACGTTTCC-1	HTO4	CD22_A11_int_1411
CCCAGCAAGAGGGTGC-1	HTO4	CD22_A11_int_1411
CCCAGCAAGGCCATGT-1	HTO5	CD22_B1_nonint_2261
CCCAGCAAGGTCGACT-1	HTO2	CD22_i61_2
CCCAGCAAGGTGCTGT-1	HTO1	CD22_m971
CCCAGCTTCCAGCAAC-1	HTO2	CD22_i61_2
CCCAGCTTCCGGCTTC-1	HTO3	CD22_A3_nonint_4434
CCCAGTACAAGTCCGC-1	HTO5	CD22_B1_nonint_2261
CCCAGTACAGCGTAGG-1	HTO3	CD22_A3_nonint_4434
CCCAGTACAGGATGGT-1	HTO3	CD22_A3_nonint_4434
CCCATAGCACAAATCC-1	HTO5	CD22_B1_nonint_2261
CCCATAGCACGATTTA-1	HTO4	CD22_A11_int_1411
CCCATGCTCACTCCAT-1	HTO4	CD22_A11_int_1411
CCCATGCTCATGTAAC-1	HTO3	CD22_A3_nonint_4434
CCCATGCTCCGCTAAA-1	HTO1	CD22_m971
CCCATGGAGCGCTGCA-1	HTO2	CD22_i61_2
CCCATGGAGGGGGTAC-1	HTO2	CD22_i61_2
CCCATGGAGGGTTGTC-1	HTO5	CD22_B1_nonint_2261
CCCATGTGTCAAAGGA-1	HTO5	CD22_B1_nonint_2261
CCCATGTGTCGACTCT-1	HTO1	CD22_m971
CCCATGTGTCTTGATT-1	HTO2	CD22_i61_2
CCCATTCCAAATTGCC-1	HTO4	CD22_A11_int_1411
CCCATTCCAGCCCTAA-1	HTO5	CD22_B1_nonint_2261
CCCATTGTCATCCTTA-1	HTO1	CD22_m971
CCCATTGTCCCATTAC-1	HTO5	CD22_B1_nonint_2261
CCCATTTAGAGGCTGA-1	HTO4	CD22_A11_int_1411
CCCTAAGCAAACCACT-1	HTO3	CD22_A3_nonint_4434
CCCTAAGCAACCTAAC-1	HTO5	CD22_B1_nonint_2261
CCCTAAGCACAACTAC-1	HTO4	CD22_A11_int_1411
CCCTAAGCACACTCTC-1	HTO1	CD22_m971
CCCTAAGCAGCATTTA-1	HTO3	CD22_A3_nonint_4434
CCCTAATTCCCCAGCT-1	HTO5	CD22_B1_nonint_2261
CCCTAATTCCGCCGTT-1	HTO1	CD22_m971
CCCTAATTCCTTAGTC-1	HTO5	CD22_B1_nonint_2261
CCCTAATTCGTAGGCT-1	HTO4	CD22_A11_int_1411
CCCTAGCTCACAGCGT-1	HTO2	CD22_i61_2
CCCTAGCTCCACAACA-1	HTO3	CD22_A3_nonint_4434
CCCTAGCTCCGCTTGC-1	HTO3	CD22_A3_nonint_4434
CCCTAGCTCCGGGATT-1	HTO1	CD22_m971
CCCTAGCTCGCAACGT-1	HTO1	CD22_m971
CCCTAGCTCGCTTCGC-1	HTO3	CD22_A3_nonint_4434
CCCTAGCTCGGTGGTT-1	HTO4	CD22_A11_int_1411
CCCTAGGAGACATCCA-1	HTO4	CD22_A11_int_1411
CCCTAGGAGATCCGTA-1	HTO1	CD22_m971
CCCTAGGAGATGTAGA-1	HTO4	CD22_A11_int_1411
CCCTAGGAGCACTGCG-1	HTO3	CD22_A3_nonint_4434
CCCTAGGAGCCAGGTT-1	HTO4	CD22_A11_int_1411
CCCTAGGAGCCTGGTG-1	HTO5	CD22_B1_nonint_2261
CCCTAGGAGCGGTCCA-1	HTO1	CD22_m971
CCCTAGGAGGGCATGA-1	HTO4	CD22_A11_int_1411
CCCTAGTGTAGTGTCG-1	HTO1	CD22_m971
CCCTAGTGTCTGTGGA-1	HTO1	CD22_m971
CCCTAGTGTGGAAAGC-1	HTO4	CD22_A11_int_1411
CCCTATCCACACAACT-1	HTO3	CD22_A3_nonint_4434
CCCTATCCACTCATTT-1	HTO4	CD22_A11_int_1411
CCCTATCCAGTCATAC-1	HTO3	CD22_A3_nonint_4434
CCCTCATCAACCCTAG-1	HTO5	CD22_B1_nonint_2261
CCCTCATCAACTCCCT-1	HTO3	CD22_A3_nonint_4434
CCCTCATCAAGGGTCG-1	HTO3	CD22_A3_nonint_4434
CCCTCATCACTACTAA-1	HTO5	CD22_B1_nonint_2261
CCCTCTCGTAGCTGTG-1	HTO1	CD22_m971
CCCTCTCGTCACCGGG-1	HTO1	CD22_m971
CCCTCTCGTCATCGCT-1	HTO5	CD22_B1_nonint_2261
CCCTCTCGTCCTCGAT-1	HTO5	CD22_B1_nonint_2261
CCCTCTCGTGGGGATG-1	HTO1	CD22_m971
CCCTGAACAAGGGGAA-1	HTO2	CD22_i61_2
CCCTGAACACGGAAAC-1	HTO1	CD22_m971
CCCTGAACACTTCATT-1	HTO2	CD22_i61_2
CCCTGATGTCCACGGG-1	HTO3	CD22_A3_nonint_4434
CCCTGATGTGTGGATT-1	HTO5	CD22_B1_nonint_2261
CCCTGGAAGAACGTTT-1	HTO4	CD22_A11_int_1411
CCCTGGAAGGTTGGTC-1	HTO2	CD22_i61_2
CCCTGTGGTAATACTG-1	HTO4	CD22_A11_int_1411
CCCTGTGGTAGTGTTA-1	HTO1	CD22_m971
CCCTGTGGTATGCGAT-1	HTO5	CD22_B1_nonint_2261
CCCTGTGGTCCAACAG-1	HTO3	CD22_A3_nonint_4434
CCCTGTGGTGCATGGC-1	HTO2	CD22_i61_2
CCCTTACCAAGCTATC-1	HTO2	CD22_i61_2
CCCTTACCACAACTAC-1	HTO5	CD22_B1_nonint_2261
CCCTTAGTCATGTAAC-1	HTO1	CD22_m971
CCCTTAGTCATGTCCT-1	HTO1	CD22_m971
CCCTTAGTCCGTCGCT-1	HTO2	CD22_i61_2
CCCTTATAGATTACGT-1	HTO1	CD22_m971
CCCTTATAGCATGCCG-1	HTO3	CD22_A3_nonint_4434
CCCTTATAGCCTCACC-1	HTO3	CD22_A3_nonint_4434
CCCTTATAGCGGATTC-1	HTO3	CD22_A3_nonint_4434
CCCTTATAGGGAATTA-1	HTO5	CD22_B1_nonint_2261
CCCTTATAGGTAGAGT-1	HTO4	CD22_A11_int_1411
CCCTTCGCAACCTACG-1	HTO3	CD22_A3_nonint_4434
CCCTTCGCAACCTAGT-1	HTO5	CD22_B1_nonint_2261
CCCTTCGCAGCGGTCT-1	HTO5	CD22_B1_nonint_2261
CCCTTGCAGCCATACA-1	HTO3	CD22_A3_nonint_4434
CCCTTGCAGCGTTCAA-1	HTO4	CD22_A11_int_1411
CCCTTGCAGGCTTCAA-1	HTO5	CD22_B1_nonint_2261
CCCTTGCAGGTCTCCC-1	HTO4	CD22_A11_int_1411
CCCTTGCAGGTTATGT-1	HTO1	CD22_m971
CCCTTGCAGGTTCAAT-1	HTO4	CD22_A11_int_1411
CCCTTGGGTACCTATT-1	HTO5	CD22_B1_nonint_2261
CCCTTGGGTATGCGGC-1	HTO5	CD22_B1_nonint_2261
CCCTTGGGTATTCTGT-1	HTO3	CD22_A3_nonint_4434
CCCTTGGGTCGACGGT-1	HTO1	CD22_m971
CCCTTGGGTGTTCAGG-1	HTO5	CD22_B1_nonint_2261
CCCTTTACAACGCACC-1	HTO5	CD22_B1_nonint_2261
CCCTTTACAATTCGGT-1	HTO3	CD22_A3_nonint_4434
CCCTTTACACATCTCC-1	HTO1	CD22_m971
CCCTTTACACCAGGCT-1	HTO5	CD22_B1_nonint_2261
CCCTTTGAGATACCAT-1	HTO2	CD22_i61_2
CCCTTTGAGATATACC-1	HTO2	CD22_i61_2
CCCTTTGAGCAATATC-1	HTO2	CD22_i61_2
CCGAAACTCAGACGCT-1	HTO4	CD22_A11_int_1411
CCGAAACTCGGATCAC-1	HTO1	CD22_m971
CCGAAACTCGTGGTTA-1	HTO5	CD22_B1_nonint_2261
CCGAAATGTAATTCCT-1	HTO1	CD22_m971
CCGAAATGTCATTAAG-1	HTO1	CD22_m971
CCGAAATGTCCGATAG-1	HTO1	CD22_m971
CCGAAATGTCGCAAAT-1	HTO3	CD22_A3_nonint_4434
CCGAAATGTGCGGAGA-1	HTO5	CD22_B1_nonint_2261
CCGAAATGTGGCGCTG-1	HTO4	CD22_A11_int_1411
CCGAAATGTGTATAGC-1	HTO4	CD22_A11_int_1411
CCGAAATGTGTTGGAT-1	HTO1	CD22_m971
CCGAATATCAGAATAG-1	HTO3	CD22_A3_nonint_4434
CCGAATATCGCATAAT-1	HTO4	CD22_A11_int_1411
CCGAATGGTCAAAGGA-1	HTO5	CD22_B1_nonint_2261
CCGAATGGTGCCCGTC-1	HTO4	CD22_A11_int_1411
CCGAATGGTGCGCTGG-1	HTO3	CD22_A3_nonint_4434
CCGAATGGTGGAATTC-1	HTO2	CD22_i61_2
CCGAATGGTGGAGCAG-1	HTO3	CD22_A3_nonint_4434
CCGAATTCAAGTCATC-1	HTO1	CD22_m971
CCGAATTCAATGACGA-1	HTO5	CD22_B1_nonint_2261
CCGAATTCACAACCCA-1	HTO3	CD22_A3_nonint_4434
CCGAATTCACCAGGCT-1	HTO2	CD22_i61_2
CCGAATTCACGTCGGT-1	HTO2	CD22_i61_2
CCGAATTCAGCTTCGA-1	HTO2	CD22_i61_2
CCGACAAGTACAAGCT-1	HTO4	CD22_A11_int_1411
CCGACAAGTAGGGAGT-1	HTO2	CD22_i61_2
CCGACAAGTATCGCTC-1	HTO1	CD22_m971
CCGACAAGTATGGAGA-1	HTO5	CD22_B1_nonint_2261
CCGACAAGTCGTAGTG-1	HTO2	CD22_i61_2
CCGACAAGTCTCGCAT-1	HTO3	CD22_A3_nonint_4434
CCGACAAGTGCGCCTC-1	HTO2	CD22_i61_2
CCGACAAGTGGCTATG-1	HTO2	CD22_i61_2
CCGACAAGTGGTCAGC-1	HTO5	CD22_B1_nonint_2261
CCGACAAGTGGTTTCC-1	HTO4	CD22_A11_int_1411
CCGACACCAAAAGGCC-1	HTO3	CD22_A3_nonint_4434
CCGACACCAAATCCCG-1	HTO5	CD22_B1_nonint_2261
CCGACACCACGTAGAA-1	HTO2	CD22_i61_2
CCGACACCACTTGACG-1	HTO1	CD22_m971
CCGACACCAGGTTTAC-1	HTO3	CD22_A3_nonint_4434
CCGACATAGATCAGGG-1	HTO3	CD22_A3_nonint_4434
CCGACATAGCATAACT-1	HTO3	CD22_A3_nonint_4434
CCGACATAGCCTACGG-1	HTO3	CD22_A3_nonint_4434
CCGACATAGCTCAGGT-1	HTO5	CD22_B1_nonint_2261
CCGACTACAACCTATA-1	HTO3	CD22_A3_nonint_4434
CCGACTACAACGTTCG-1	HTO3	CD22_A3_nonint_4434
CCGACTACAGGCAATA-1	HTO2	CD22_i61_2
CCGACTCTCAAGGGCA-1	HTO4	CD22_A11_int_1411
CCGACTCTCACCTCCA-1	HTO4	CD22_A11_int_1411
CCGACTCTCCCGACTC-1	HTO5	CD22_B1_nonint_2261
CCGACTCTCCTAACTC-1	HTO4	CD22_A11_int_1411
CCGACTCTCGCGTGCA-1	HTO2	CD22_i61_2
CCGACTCTCGGATCCG-1	HTO1	CD22_m971
CCGATACAGAAAGCTA-1	HTO2	CD22_i61_2
CCGATACAGAGTATTC-1	HTO1	CD22_m971
CCGATACAGCATTTCC-1	HTO5	CD22_B1_nonint_2261
CCGATACAGGCATAGG-1	HTO2	CD22_i61_2
CCGATACAGGCGGTAA-1	HTO2	CD22_i61_2
CCGATAGGTGGGTGCT-1	HTO4	CD22_A11_int_1411
CCGATTAAGAGCGGGT-1	HTO2	CD22_i61_2
CCGATTAAGAGTTAGA-1	HTO4	CD22_A11_int_1411
CCGATTAAGCCCACGA-1	HTO5	CD22_B1_nonint_2261
CCGATTAAGCGCCTGA-1	HTO5	CD22_B1_nonint_2261
CCGATTAAGCTTGGCG-1	HTO2	CD22_i61_2
CCGATTAAGGTTCATG-1	HTO5	CD22_B1_nonint_2261
CCGCAATAGATGACGG-1	HTO4	CD22_A11_int_1411
CCGCAATAGCACCTCC-1	HTO5	CD22_B1_nonint_2261
CCGCACAAGCCCAAGT-1	HTO3	CD22_A3_nonint_4434
CCGCACAAGGCCATAC-1	HTO2	CD22_i61_2
CCGCACAAGGCCCACA-1	HTO3	CD22_A3_nonint_4434
CCGCACAAGGCCTGAT-1	HTO2	CD22_i61_2
CCGCACAAGGCGAGTA-1	HTO4	CD22_A11_int_1411
CCGCACAAGGTCGCAT-1	HTO5	CD22_B1_nonint_2261
CCGCACTTCAAATGCT-1	HTO4	CD22_A11_int_1411
CCGCACTTCACGCAGT-1	HTO4	CD22_A11_int_1411
CCGCACTTCAGCACTA-1	HTO5	CD22_B1_nonint_2261
CCGCACTTCATCCTTA-1	HTO5	CD22_B1_nonint_2261
CCGCACTTCCGACGCA-1	HTO2	CD22_i61_2
CCGCACTTCCGCATGG-1	HTO5	CD22_B1_nonint_2261
CCGCACTTCCTGTATC-1	HTO5	CD22_B1_nonint_2261
CCGCAGTCAAGCGAAC-1	HTO5	CD22_B1_nonint_2261
CCGCAGTCAATGTGAG-1	HTO1	CD22_m971
CCGCAGTCACTATGGT-1	HTO1	CD22_m971
CCGCAGTCAGGACTAA-1	HTO1	CD22_m971
CCGCAGTCAGGATGAC-1	HTO3	CD22_A3_nonint_4434
CCGCATACAAACACCT-1	HTO3	CD22_A3_nonint_4434
CCGCATACAATGCAGA-1	HTO5	CD22_B1_nonint_2261
CCGCATACACCAGGGA-1	HTO5	CD22_B1_nonint_2261
CCGCATACACTAGTTA-1	HTO2	CD22_i61_2
CCGCATACACTGCTCT-1	HTO2	CD22_i61_2
CCGCATACAGCGGTCT-1	HTO5	CD22_B1_nonint_2261
CCGCATACAGGACAAC-1	HTO5	CD22_B1_nonint_2261
CCGCATCTCACCACTT-1	HTO5	CD22_B1_nonint_2261
CCGCATCTCGGAATGG-1	HTO2	CD22_i61_2
CCGCATCTCGTACATG-1	HTO4	CD22_A11_int_1411
CCGCATCTCGTCGCTC-1	HTO2	CD22_i61_2
CCGCATTGTAGAGTAG-1	HTO5	CD22_B1_nonint_2261
CCGCATTGTGGCTATG-1	HTO3	CD22_A3_nonint_4434
CCGCATTGTGTACGTG-1	HTO5	CD22_B1_nonint_2261
CCGCCAAAGAACGACG-1	HTO3	CD22_A3_nonint_4434
CCGCCAAAGACTACAT-1	HTO4	CD22_A11_int_1411
CCGCCAAAGCACTCCC-1	HTO2	CD22_i61_2
CCGCCAAAGCCGTCGA-1	HTO5	CD22_B1_nonint_2261
CCGCCAAAGGCGCATT-1	HTO2	CD22_i61_2
CCGCCATTCACAGCTA-1	HTO3	CD22_A3_nonint_4434
CCGCCATTCACTCACT-1	HTO2	CD22_i61_2
CCGCCATTCGCACGTG-1	HTO5	CD22_B1_nonint_2261
CCGCCGTGTAACGAAG-1	HTO1	CD22_m971
CCGCCGTGTATTCTGT-1	HTO1	CD22_m971
CCGCCGTGTGTACCCT-1	HTO1	CD22_m971
CCGCCGTGTGTGTTCC-1	HTO5	CD22_B1_nonint_2261
CCGCCTAGTACCTGTC-1	HTO3	CD22_A3_nonint_4434
CCGCCTAGTAGCGGGA-1	HTO4	CD22_A11_int_1411
CCGCCTAGTCAGTATA-1	HTO2	CD22_i61_2
CCGCCTAGTGGAATCT-1	HTO2	CD22_i61_2
CCGCGTAAGCAAACGG-1	HTO2	CD22_i61_2
CCGCGTAAGCAAGCTC-1	HTO1	CD22_m971
CCGCGTAAGCTTGGGT-1	HTO1	CD22_m971
CCGCGTAAGGTATATC-1	HTO5	CD22_B1_nonint_2261
CCGCGTAAGGTCCATA-1	HTO5	CD22_B1_nonint_2261
CCGCTAACACCAAGCC-1	HTO1	CD22_m971
CCGCTAACACGACACC-1	HTO4	CD22_A11_int_1411
CCGCTAGAGATGGTAA-1	HTO3	CD22_A3_nonint_4434
CCGCTAGAGCCAAGCT-1	HTO1	CD22_m971
CCGCTAGAGCGTGTCG-1	HTO5	CD22_B1_nonint_2261
CCGCTAGAGGCAAGGC-1	HTO2	CD22_i61_2
CCGCTATGTAACCGGC-1	HTO5	CD22_B1_nonint_2261
CCGCTATGTACATTCT-1	HTO3	CD22_A3_nonint_4434
CCGCTATGTACGGTCA-1	HTO4	CD22_A11_int_1411
CCGCTATGTGTCGGCG-1	HTO3	CD22_A3_nonint_4434
CCGCTATGTGTCTTAT-1	HTO2	CD22_i61_2
CCGCTGAAGACTTTGG-1	HTO3	CD22_A3_nonint_4434
CCGCTGAAGAGGGGCT-1	HTO5	CD22_B1_nonint_2261
CCGCTGAAGATACAAG-1	HTO5	CD22_B1_nonint_2261
CCGCTGAAGATTGTGT-1	HTO1	CD22_m971
CCGCTGAAGCACTTAG-1	HTO2	CD22_i61_2
CCGCTGAAGCCATATG-1	HTO4	CD22_A11_int_1411
CCGCTGAAGCGACAGA-1	HTO1	CD22_m971
CCGCTGAAGCGTATAT-1	HTO5	CD22_B1_nonint_2261
CCGCTGTTCAATTCCC-1	HTO3	CD22_A3_nonint_4434
CCGCTGTTCCCATTCG-1	HTO2	CD22_i61_2
CCGCTGTTCCGATGTA-1	HTO4	CD22_A11_int_1411
CCGCTGTTCCTGCGTC-1	HTO5	CD22_B1_nonint_2261
CCGCTGTTCCTGGTCC-1	HTO5	CD22_B1_nonint_2261
CCGCTGTTCGCGGTAT-1	HTO5	CD22_B1_nonint_2261
CCGCTTATCGGCGATT-1	HTO3	CD22_A3_nonint_4434
CCGCTTATCGGGTCCA-1	HTO1	CD22_m971
CCGCTTATCGTGCAAC-1	HTO4	CD22_A11_int_1411
CCGCTTGGTACAGGCC-1	HTO1	CD22_m971
CCGCTTGGTACCTCCG-1	HTO5	CD22_B1_nonint_2261
CCGCTTGGTCAGGCGT-1	HTO3	CD22_A3_nonint_4434
CCGCTTGGTCCTGCGC-1	HTO1	CD22_m971
CCGCTTGGTCGATGAT-1	HTO2	CD22_i61_2
CCGCTTGGTGCTTGCT-1	HTO4	CD22_A11_int_1411
CCGCTTGGTGGTGCGT-1	HTO5	CD22_B1_nonint_2261
CCGGAAGCAATGGGCG-1	HTO1	CD22_m971
CCGGAAGCAGGTAACA-1	HTO4	CD22_A11_int_1411
CCGGACTCAACGCGTC-1	HTO4	CD22_A11_int_1411
CCGGACTCAAGCACAA-1	HTO1	CD22_m971
CCGGACTCAAGCGAAC-1	HTO4	CD22_A11_int_1411
CCGGACTCAAGCGATA-1	HTO5	CD22_B1_nonint_2261
CCGGACTCAATAACCC-1	HTO4	CD22_A11_int_1411
CCGGACTCACTATGGT-1	HTO2	CD22_i61_2
CCGGACTCAGCGTGAG-1	HTO3	CD22_A3_nonint_4434
CCGGACTCAGTTGCGC-1	HTO3	CD22_A3_nonint_4434
CCGGATTAGAAGGGCC-1	HTO1	CD22_m971
CCGGATTAGCCAACCG-1	HTO2	CD22_i61_2
CCGGATTAGCGTACCG-1	HTO2	CD22_i61_2
CCGGATTAGCTCGATA-1	HTO5	CD22_B1_nonint_2261
CCGGATTAGCTTGGGT-1	HTO3	CD22_A3_nonint_4434
CCGGATTAGGGGTATG-1	HTO4	CD22_A11_int_1411
CCGGATTAGGTCTATG-1	HTO5	CD22_B1_nonint_2261
CCGGCAATCATCCCCA-1	HTO2	CD22_i61_2
CCGGCAATCATTATCT-1	HTO4	CD22_A11_int_1411
CCGGCAATCATTCGCT-1	HTO2	CD22_i61_2
CCGGCCTGTAAATTCG-1	HTO5	CD22_B1_nonint_2261
CCGGCCTGTAATCTTC-1	HTO4	CD22_A11_int_1411
CCGGCCTGTACAACGT-1	HTO2	CD22_i61_2
CCGGCCTGTAGCAGGG-1	HTO5	CD22_B1_nonint_2261
CCGGCCTGTCCTTGCG-1	HTO4	CD22_A11_int_1411
CCGGCCTGTCGAGGGA-1	HTO5	CD22_B1_nonint_2261
CCGGCCTGTGCGAGGA-1	HTO4	CD22_A11_int_1411
CCGGCCTGTGCTGTCT-1	HTO2	CD22_i61_2
CCGGCTTTCAATGTTA-1	HTO4	CD22_A11_int_1411
CCGGCTTTCAGTGATT-1	HTO3	CD22_A3_nonint_4434
CCGGGTATCGGGCTCA-1	HTO1	CD22_m971
CCGGTAAGTAGAGATG-1	HTO4	CD22_A11_int_1411
CCGGTAAGTATATCAG-1	HTO3	CD22_A3_nonint_4434
CCGGTAAGTCGGTTAG-1	HTO3	CD22_A3_nonint_4434
CCGGTAAGTCTACAGG-1	HTO3	CD22_A3_nonint_4434
CCGGTATAGAAGCCGA-1	HTO3	CD22_A3_nonint_4434
CCGGTATAGCTCCGGA-1	HTO4	CD22_A11_int_1411
CCGGTATAGGCGTAGA-1	HTO5	CD22_B1_nonint_2261
CCGGTATAGGTAGGGC-1	HTO5	CD22_B1_nonint_2261
CCGGTTACAAGTGCCC-1	HTO4	CD22_A11_int_1411
CCGGTTACACAGGTCC-1	HTO3	CD22_A3_nonint_4434
CCGGTTACACCAGTGC-1	HTO3	CD22_A3_nonint_4434
CCGGTTACAGTGGTAA-1	HTO3	CD22_A3_nonint_4434
CCGGTTCTCAGTATGT-1	HTO3	CD22_A3_nonint_4434
CCGGTTCTCCATTGCT-1	HTO5	CD22_B1_nonint_2261
CCGGTTCTCCGAGCAT-1	HTO1	CD22_m971
CCGGTTCTCCGTCATT-1	HTO1	CD22_m971
CCGGTTCTCCTCTAAC-1	HTO5	CD22_B1_nonint_2261
CCGGTTCTCCTTCAAC-1	HTO1	CD22_m971
CCGGTTCTCGGGCAAA-1	HTO5	CD22_B1_nonint_2261
CCGGTTCTCGTTCATC-1	HTO5	CD22_B1_nonint_2261
CCGTAAATCACTTACC-1	HTO1	CD22_m971
CCGTAAATCATCACTC-1	HTO5	CD22_B1_nonint_2261
CCGTAAATCCATATCC-1	HTO3	CD22_A3_nonint_4434
CCGTAAATCGCCCTTA-1	HTO5	CD22_B1_nonint_2261
CCGTAAATCGTGGTTA-1	HTO4	CD22_A11_int_1411
CCGTAACAGAGCGGAC-1	HTO3	CD22_A3_nonint_4434
CCGTAACAGCAGTCTA-1	HTO5	CD22_B1_nonint_2261
CCGTAACAGCTAGTGC-1	HTO1	CD22_m971
CCGTAACAGCTGATTG-1	HTO2	CD22_i61_2
CCGTAACAGGTATAGA-1	HTO1	CD22_m971
CCGTAAGGTACGGTGC-1	HTO2	CD22_i61_2
CCGTAAGGTAGCTGAT-1	HTO4	CD22_A11_int_1411
CCGTAAGGTCGGAATT-1	HTO2	CD22_i61_2
CCGTAAGGTGGGATGG-1	HTO1	CD22_m971
CCGTAAGGTGGGTAGG-1	HTO2	CD22_i61_2
CCGTAAGGTGTTCGTC-1	HTO1	CD22_m971
CCGTAATCAATATTAC-1	HTO2	CD22_i61_2
CCGTAATCACACTGCA-1	HTO2	CD22_i61_2
CCGTAATCAGGACAAC-1	HTO3	CD22_A3_nonint_4434
CCGTACACAAAAGCGC-1	HTO5	CD22_B1_nonint_2261
CCGTACACAAATTCGC-1	HTO2	CD22_i61_2
CCGTACACAAGAATTA-1	HTO5	CD22_B1_nonint_2261
CCGTACACAATTCATG-1	HTO5	CD22_B1_nonint_2261
CCGTACACACCTGCAA-1	HTO5	CD22_B1_nonint_2261
CCGTACACACTGCTTC-1	HTO1	CD22_m971
CCGTAGTAGAAAGCTA-1	HTO2	CD22_i61_2
CCGTAGTAGCCAGTAC-1	HTO1	CD22_m971
CCGTAGTAGCCGCGTA-1	HTO1	CD22_m971
CCGTATAAGAAGCTGG-1	HTO5	CD22_B1_nonint_2261
CCGTATAAGCTGCATA-1	HTO2	CD22_i61_2
CCGTATAAGCTGGGTT-1	HTO5	CD22_B1_nonint_2261
CCGTCAACAACCCACA-1	HTO2	CD22_i61_2
CCGTCAACACAATAGG-1	HTO3	CD22_A3_nonint_4434
CCGTCAACACCTTTCA-1	HTO3	CD22_A3_nonint_4434
CCGTCAACAGCGCACT-1	HTO1	CD22_m971
CCGTCAACAGGGTTAA-1	HTO4	CD22_A11_int_1411
CCGTCAGAGGCTCAAC-1	HTO5	CD22_B1_nonint_2261
CCGTCCAGTAAAGCGA-1	HTO4	CD22_A11_int_1411
CCGTCCAGTAATGGCT-1	HTO2	CD22_i61_2
CCGTCCAGTAGGCCCG-1	HTO3	CD22_A3_nonint_4434
CCGTCCAGTCATAGCG-1	HTO4	CD22_A11_int_1411
CCGTCCAGTCATGGGC-1	HTO3	CD22_A3_nonint_4434
CCGTCCAGTGGCGAAG-1	HTO4	CD22_A11_int_1411
CCGTCGAAGAGTCCAC-1	HTO1	CD22_m971
CCGTCGAAGCGCTTGG-1	HTO5	CD22_B1_nonint_2261
CCGTCGAAGGGATGAT-1	HTO2	CD22_i61_2
CCGTCGCGTCAAACGT-1	HTO1	CD22_m971
CCGTCGCGTCCTCATA-1	HTO2	CD22_i61_2
CCGTCGCGTCTATAAG-1	HTO4	CD22_A11_int_1411
CCGTCGCGTGCTAGGC-1	HTO5	CD22_B1_nonint_2261
CCGTCTATCAATTCCC-1	HTO3	CD22_A3_nonint_4434
CCGTCTATCACCTACT-1	HTO2	CD22_i61_2
CCGTCTATCACGACTA-1	HTO3	CD22_A3_nonint_4434
CCGTCTATCATACCTC-1	HTO2	CD22_i61_2
CCGTCTATCATTACAA-1	HTO3	CD22_A3_nonint_4434
CCGTCTATCGTGGTTA-1	HTO5	CD22_B1_nonint_2261
CCGTCTGGTACAGCAT-1	HTO2	CD22_i61_2
CCGTCTGGTAGTGTCG-1	HTO4	CD22_A11_int_1411
CCGTCTGGTATTGCTT-1	HTO4	CD22_A11_int_1411
CCGTCTGGTCAATGCG-1	HTO1	CD22_m971
CCGTCTGGTCACACTC-1	HTO3	CD22_A3_nonint_4434
CCGTCTGGTCACTTTG-1	HTO1	CD22_m971
CCGTCTGGTCAGCGTA-1	HTO5	CD22_B1_nonint_2261
CCGTCTGGTCATCGCT-1	HTO2	CD22_i61_2
CCGTCTGGTGCTTCGT-1	HTO2	CD22_i61_2
CCGTCTGGTGGCGCAT-1	HTO2	CD22_i61_2
CCGTGATAGCCCAGCA-1	HTO5	CD22_B1_nonint_2261
CCGTGATAGCCTGGCA-1	HTO5	CD22_B1_nonint_2261
CCGTGATAGCCTTAGA-1	HTO2	CD22_i61_2
CCGTGATAGCTCGTTT-1	HTO2	CD22_i61_2
CCGTGATAGGCATAGG-1	HTO2	CD22_i61_2
CCGTGATAGGCCTGCA-1	HTO5	CD22_B1_nonint_2261
CCGTGATAGGCGTCCA-1	HTO3	CD22_A3_nonint_4434
CCGTGATAGGCTAAGG-1	HTO1	CD22_m971
CCGTGTCTCACGTGGT-1	HTO2	CD22_i61_2
CCGTGTCTCAGGCCAT-1	HTO1	CD22_m971
CCGTGTCTCGCTGTAA-1	HTO2	CD22_i61_2
CCGTGTCTCGGCGCTA-1	HTO5	CD22_B1_nonint_2261
CCGTGTCTCGTTAATA-1	HTO3	CD22_A3_nonint_4434
CCGTGTTGTAAATGGG-1	HTO3	CD22_A3_nonint_4434
CCGTGTTGTAGGCCCG-1	HTO5	CD22_B1_nonint_2261
CCGTGTTGTAGTGTAC-1	HTO2	CD22_i61_2
CCGTGTTGTATCGAGT-1	HTO5	CD22_B1_nonint_2261
CCGTGTTGTCACCGCC-1	HTO5	CD22_B1_nonint_2261
CCGTGTTGTGCTTTCA-1	HTO3	CD22_A3_nonint_4434
CCGTTAAAGAATATCC-1	HTO1	CD22_m971
CCGTTAAAGACCTATG-1	HTO1	CD22_m971
CCGTTAAAGATAATCC-1	HTO4	CD22_A11_int_1411
CCGTTAAAGCACTGTA-1	HTO5	CD22_B1_nonint_2261
CCGTTAAAGCAGCTGT-1	HTO2	CD22_i61_2
CCGTTAAAGCCATTTC-1	HTO5	CD22_B1_nonint_2261
CCGTTAAAGCGATGAG-1	HTO4	CD22_A11_int_1411
CCGTTAAAGCTATAAC-1	HTO1	CD22_m971
CCGTTAGCAACGCACC-1	HTO2	CD22_i61_2
CCGTTAGCAACGCTCA-1	HTO1	CD22_m971
CCGTTAGCAATTCGAC-1	HTO2	CD22_i61_2
CCGTTAGCACATTAGC-1	HTO1	CD22_m971
CCGTTAGCACTATGGT-1	HTO4	CD22_A11_int_1411
CCGTTAGCACTGACAT-1	HTO2	CD22_i61_2
CCGTTGGAGAGCATGG-1	HTO2	CD22_i61_2
CCGTTGGAGAGCGTAG-1	HTO2	CD22_i61_2
CCGTTGGAGCAAATGA-1	HTO5	CD22_B1_nonint_2261
CCGTTTAGTCCAGGGT-1	HTO1	CD22_m971
CCGTTTAGTCCATGCT-1	HTO3	CD22_A3_nonint_4434
CCGTTTAGTCCTAGCT-1	HTO2	CD22_i61_2
CCGTTTAGTCGGATAT-1	HTO5	CD22_B1_nonint_2261
CCGTTTAGTCGGGTTA-1	HTO1	CD22_m971
CCGTTTAGTCTAGCTC-1	HTO3	CD22_A3_nonint_4434
CCGTTTAGTGGAGTGG-1	HTO1	CD22_m971
CCGTTTAGTGGATCGC-1	HTO3	CD22_A3_nonint_4434
CCGTTTCCAACCATCG-1	HTO5	CD22_B1_nonint_2261
CCGTTTCCAACTGAGA-1	HTO2	CD22_i61_2
CCGTTTCCAGGAAGCT-1	HTO1	CD22_m971
CCGTTTCCAGTCGGTC-1	HTO4	CD22_A11_int_1411
CCGTTTCCAGTGCGGA-1	HTO4	CD22_A11_int_1411
CCTAAACCAACGAACA-1	HTO1	CD22_m971
CCTAAACCAACTTACA-1	HTO5	CD22_B1_nonint_2261
CCTAAACCAATTAATC-1	HTO1	CD22_m971
CCTAAACCACGCAACC-1	HTO4	CD22_A11_int_1411
CCTAAACCAGTATACC-1	HTO4	CD22_A11_int_1411
CCTAAAGTCACTCTGT-1	HTO3	CD22_A3_nonint_4434
CCTAAAGTCCATTGCT-1	HTO4	CD22_A11_int_1411
CCTAAAGTCGTAACCA-1	HTO1	CD22_m971
CCTAACGCACGAAGGT-1	HTO3	CD22_A3_nonint_4434
CCTAACGCAGTCCTCT-1	HTO5	CD22_B1_nonint_2261
CCTAACTTCATACGCA-1	HTO2	CD22_i61_2
CCTAACTTCATGGCTA-1	HTO5	CD22_B1_nonint_2261
CCTAACTTCGTAACGC-1	HTO2	CD22_i61_2
CCTAAGCAGAGTTGGG-1	HTO1	CD22_m971
CCTAAGCAGCAATTCG-1	HTO2	CD22_i61_2
CCTAAGCAGCCTAGTA-1	HTO1	CD22_m971
CCTAAGCAGCGGGATA-1	HTO5	CD22_B1_nonint_2261
CCTAAGCAGGTTCGAC-1	HTO3	CD22_A3_nonint_4434
CCTAATACACGATAAG-1	HTO1	CD22_m971
CCTAATACAGCGTAGG-1	HTO4	CD22_A11_int_1411
CCTAATCTCCCGTCTA-1	HTO2	CD22_i61_2
CCTAATCTCGCTTTCG-1	HTO5	CD22_B1_nonint_2261
CCTAATCTCGGTTCCC-1	HTO2	CD22_i61_2
CCTAATGAGACATTCG-1	HTO5	CD22_B1_nonint_2261
CCTAATGAGCAGCTGT-1	HTO2	CD22_i61_2
CCTAATGAGCAGGGTA-1	HTO5	CD22_B1_nonint_2261
CCTAATGAGCCACGAT-1	HTO5	CD22_B1_nonint_2261
CCTAATGAGCCTACGG-1	HTO2	CD22_i61_2
CCTAATGAGGGGTGTA-1	HTO1	CD22_m971
CCTAATTGTAATGTCA-1	HTO5	CD22_B1_nonint_2261
CCTAATTGTATCGTGG-1	HTO1	CD22_m971
CCTAATTGTCATACCC-1	HTO3	CD22_A3_nonint_4434
CCTAATTGTGCCCTAT-1	HTO1	CD22_m971
CCTACATTCCGAGCAT-1	HTO3	CD22_A3_nonint_4434
CCTACATTCCGTCGCT-1	HTO4	CD22_A11_int_1411
CCTACATTCGCAGTGT-1	HTO3	CD22_A3_nonint_4434
CCTACCATCAAGTTCG-1	HTO4	CD22_A11_int_1411
CCTACCATCACCAAGC-1	HTO1	CD22_m971
CCTACCATCACCCCTA-1	HTO3	CD22_A3_nonint_4434
CCTACCATCATGGCGT-1	HTO1	CD22_m971
CCTACCATCCAGTAGC-1	HTO5	CD22_B1_nonint_2261
CCTACCTCAAACGGTA-1	HTO4	CD22_A11_int_1411
CCTACCTCAAGGATCA-1	HTO1	CD22_m971
CCTACCTCAATACCCG-1	HTO4	CD22_A11_int_1411
CCTACCTCAATGCGCC-1	HTO2	CD22_i61_2
CCTACCTCAGCAAGAC-1	HTO3	CD22_A3_nonint_4434
CCTACCTCAGCATGGG-1	HTO5	CD22_B1_nonint_2261
CCTACCTCAGGTCGTC-1	HTO2	CD22_i61_2
CCTACGACAAGTGTCT-1	HTO5	CD22_B1_nonint_2261
CCTACGACAAGTTAGG-1	HTO1	CD22_m971
CCTACGACACAGTCGC-1	HTO5	CD22_B1_nonint_2261
CCTACGACACATATCA-1	HTO4	CD22_A11_int_1411
CCTACGACACCAGTGC-1	HTO3	CD22_A3_nonint_4434
CCTACGACAGTAGGCG-1	HTO5	CD22_B1_nonint_2261
CCTACGCTCAGTAAAG-1	HTO4	CD22_A11_int_1411
CCTACGCTCAGTTGCA-1	HTO2	CD22_i61_2
CCTACGCTCATACTCC-1	HTO3	CD22_A3_nonint_4434
CCTACGCTCATAGGGG-1	HTO3	CD22_A3_nonint_4434
CCTACGCTCCAGGGTT-1	HTO1	CD22_m971
CCTACGCTCGCTTTAC-1	HTO2	CD22_i61_2
CCTACGCTCGGCATTA-1	HTO2	CD22_i61_2
CCTACGCTCGGCCTCT-1	HTO2	CD22_i61_2
CCTACGGAGAGGGTAT-1	HTO5	CD22_B1_nonint_2261
CCTACGGAGATGGCGA-1	HTO5	CD22_B1_nonint_2261
CCTACGGAGCGAAGAT-1	HTO5	CD22_B1_nonint_2261
CCTACGGAGCTACTTC-1	HTO3	CD22_A3_nonint_4434
CCTACGGAGGGGGTAC-1	HTO5	CD22_B1_nonint_2261
CCTACGGAGGTATACT-1	HTO5	CD22_B1_nonint_2261
CCTACGGAGGTCATCA-1	HTO4	CD22_A11_int_1411
CCTACGTGTAACCGTG-1	HTO2	CD22_i61_2
CCTACGTGTAATGGCT-1	HTO3	CD22_A3_nonint_4434
CCTACGTGTACGTCAG-1	HTO5	CD22_B1_nonint_2261
CCTACGTGTCCAAAGT-1	HTO2	CD22_i61_2
CCTACGTGTCGCATAG-1	HTO3	CD22_A3_nonint_4434
CCTACGTGTGCACTCT-1	HTO4	CD22_A11_int_1411
CCTACGTGTGGGAGCA-1	HTO1	CD22_m971
CCTACGTGTGTGCGTA-1	HTO2	CD22_i61_2
CCTACTCCACAACCCA-1	HTO2	CD22_i61_2
CCTACTCCACCTACCT-1	HTO1	CD22_m971
CCTACTCCACCTTCTA-1	HTO4	CD22_A11_int_1411
CCTACTCCACTATAGC-1	HTO1	CD22_m971
CCTACTCCAGTCGGAG-1	HTO5	CD22_B1_nonint_2261
CCTAGACAGCCATCGG-1	HTO4	CD22_A11_int_1411
CCTAGACAGGTTCTAG-1	HTO2	CD22_i61_2
CCTAGAGGTCAGGCCG-1	HTO2	CD22_i61_2
CCTAGAGGTCCTTAAT-1	HTO2	CD22_i61_2
CCTAGAGGTCCTTCGG-1	HTO5	CD22_B1_nonint_2261
CCTAGATCACACCCAA-1	HTO1	CD22_m971
CCTAGATCACCGTTAG-1	HTO2	CD22_i61_2
CCTAGATCAGCGACGA-1	HTO5	CD22_B1_nonint_2261
CCTAGCACAATAGGCA-1	HTO3	CD22_A3_nonint_4434
CCTAGCGAGAACGCGA-1	HTO1	CD22_m971
CCTAGCGAGACTTTGG-1	HTO5	CD22_B1_nonint_2261
CCTAGCGAGAGCAGAT-1	HTO1	CD22_m971
CCTAGCGAGCCATAGC-1	HTO3	CD22_A3_nonint_4434
CCTAGCGAGGCCTATA-1	HTO2	CD22_i61_2
CCTAGCTGTACTTTCG-1	HTO4	CD22_A11_int_1411
CCTAGCTGTATCAGCG-1	HTO5	CD22_B1_nonint_2261
CCTAGCTGTATCGTGG-1	HTO3	CD22_A3_nonint_4434
CCTAGCTGTCCACGTT-1	HTO4	CD22_A11_int_1411
CCTAGCTGTCTTGGAG-1	HTO2	CD22_i61_2
CCTAGCTGTGCAGTCA-1	HTO4	CD22_A11_int_1411
CCTAGGCCAAACTCCG-1	HTO4	CD22_A11_int_1411
CCTAGGCCAACTATCA-1	HTO3	CD22_A3_nonint_4434
CCTAGGCCACATATGC-1	HTO5	CD22_B1_nonint_2261
CCTAGGCCAGCAGCGA-1	HTO5	CD22_B1_nonint_2261
CCTAGGCCAGGGCTCT-1	HTO1	CD22_m971
CCTAGGGTCAACAGCC-1	HTO1	CD22_m971
CCTAGGGTCACGCCTC-1	HTO4	CD22_A11_int_1411
CCTAGGGTCAGCAGTC-1	HTO5	CD22_B1_nonint_2261
CCTAGGGTCAGCGGTT-1	HTO4	CD22_A11_int_1411
CCTAGGGTCCAACATG-1	HTO4	CD22_A11_int_1411
CCTAGGGTCCAACGTA-1	HTO1	CD22_m971
CCTAGGGTCGTCAAAT-1	HTO3	CD22_A3_nonint_4434
CCTAGTCGTAGAGTGA-1	HTO1	CD22_m971
CCTAGTCGTAGCTTGG-1	HTO1	CD22_m971
CCTAGTCGTCCGGTAA-1	HTO3	CD22_A3_nonint_4434
CCTAGTTTCCCTCGGT-1	HTO5	CD22_B1_nonint_2261
CCTAGTTTCGGTGGTT-1	HTO2	CD22_i61_2
CCTAGTTTCGTAATCG-1	HTO3	CD22_A3_nonint_4434
CCTATAACAAGTAAAC-1	HTO5	CD22_B1_nonint_2261
CCTATAACACTGCTCT-1	HTO2	CD22_i61_2
CCTATAACAGTGAGCG-1	HTO4	CD22_A11_int_1411
CCTATACTCAACGCTA-1	HTO3	CD22_A3_nonint_4434
CCTATACTCACCAAAT-1	HTO5	CD22_B1_nonint_2261
CCTATACTCCCACTCA-1	HTO5	CD22_B1_nonint_2261
CCTATACTCGCCATGG-1	HTO4	CD22_A11_int_1411
CCTATGAAGACTATCG-1	HTO2	CD22_i61_2
CCTATGAAGAGTCAGG-1	HTO3	CD22_A3_nonint_4434
CCTATGAAGGCCCTGA-1	HTO2	CD22_i61_2
CCTATGCGTAGCTGGC-1	HTO4	CD22_A11_int_1411
CCTATGCGTCAATCGG-1	HTO3	CD22_A3_nonint_4434
CCTATGCGTCTGGAAT-1	HTO3	CD22_A3_nonint_4434
CCTATGCGTGTCCTTA-1	HTO3	CD22_A3_nonint_4434
CCTATGTTCACCATTC-1	HTO1	CD22_m971
CCTATGTTCACGTAAT-1	HTO1	CD22_m971
CCTATGTTCCAACTTC-1	HTO5	CD22_B1_nonint_2261
CCTATTCAGAAATGGC-1	HTO5	CD22_B1_nonint_2261
CCTATTCAGACCAATT-1	HTO3	CD22_A3_nonint_4434
CCTATTCAGCACCTAA-1	HTO5	CD22_B1_nonint_2261
CCTATTCAGCACTCAA-1	HTO1	CD22_m971
CCTATTCAGCGGGTAA-1	HTO4	CD22_A11_int_1411
CCTATTCAGCTCGGCA-1	HTO1	CD22_m971
CCTATTCAGGCTATGC-1	HTO5	CD22_B1_nonint_2261
CCTATTGGTCCGTTGT-1	HTO4	CD22_A11_int_1411
CCTATTGGTCCTATTG-1	HTO1	CD22_m971
CCTATTGGTCGGAATT-1	HTO1	CD22_m971
CCTATTGGTGGTACTG-1	HTO3	CD22_A3_nonint_4434
CCTCACCAGAGTGATA-1	HTO1	CD22_m971
CCTCACCAGCATGTTG-1	HTO4	CD22_A11_int_1411
CCTCACCAGCCGGATT-1	HTO5	CD22_B1_nonint_2261
CCTCACCAGCGCCACA-1	HTO4	CD22_A11_int_1411
CCTCACCAGCTGATTG-1	HTO2	CD22_i61_2
CCTCACCAGGTATGGG-1	HTO5	CD22_B1_nonint_2261
CCTCACTCAACTTAAT-1	HTO4	CD22_A11_int_1411
CCTCACTCAAGCGTTT-1	HTO2	CD22_i61_2
CCTCACTCACCCAAAT-1	HTO2	CD22_i61_2
CCTCACTCACCGTTTC-1	HTO1	CD22_m971
CCTCACTCACCTAAAC-1	HTO1	CD22_m971
CCTCAGACAACCCTCT-1	HTO4	CD22_A11_int_1411
CCTCAGACACACTCTC-1	HTO5	CD22_B1_nonint_2261
CCTCAGACAGTTGGGG-1	HTO4	CD22_A11_int_1411
CCTCATAGTAATTCAG-1	HTO5	CD22_B1_nonint_2261
CCTCATAGTAGGGGAT-1	HTO1	CD22_m971
CCTCATAGTATGTCTT-1	HTO5	CD22_B1_nonint_2261
CCTCATAGTCTTGGTC-1	HTO5	CD22_B1_nonint_2261
CCTCATAGTGGCTTGA-1	HTO2	CD22_i61_2
CCTCATAGTGTCACGA-1	HTO4	CD22_A11_int_1411
CCTCATCCAACGAGGT-1	HTO1	CD22_m971
CCTCATCCAACTCTCC-1	HTO3	CD22_A3_nonint_4434
CCTCATCCAAGCAAAT-1	HTO2	CD22_i61_2
CCTCATCCACAGCGTC-1	HTO4	CD22_A11_int_1411
CCTCATCCAGGGTGCA-1	HTO4	CD22_A11_int_1411
CCTCATCCAGTTAGTC-1	HTO1	CD22_m971
CCTCATTAGCGTCATA-1	HTO4	CD22_A11_int_1411
CCTCATTAGGCCTGAT-1	HTO1	CD22_m971
CCTCGAACAATCTCTT-1	HTO3	CD22_A3_nonint_4434
CCTCGAACAGCCTCTT-1	HTO3	CD22_A3_nonint_4434
CCTCGAGAGAACCCGT-1	HTO3	CD22_A3_nonint_4434
CCTCGAGAGCATAACT-1	HTO1	CD22_m971
CCTCGAGAGCATCGAC-1	HTO1	CD22_m971
CCTCGAGAGCGCTGCA-1	HTO3	CD22_A3_nonint_4434
CCTCGAGAGGCGGTTT-1	HTO5	CD22_B1_nonint_2261
CCTCGAGAGGTCCTCC-1	HTO1	CD22_m971
CCTCGAGAGGTTCAGC-1	HTO2	CD22_i61_2
CCTCGATGTAAACGCT-1	HTO3	CD22_A3_nonint_4434
CCTCGATGTAGTCGCA-1	HTO3	CD22_A3_nonint_4434
CCTCGATGTATGATGC-1	HTO4	CD22_A11_int_1411
CCTCGATGTCGAGTGC-1	HTO2	CD22_i61_2
CCTCGTCAGACACATT-1	HTO1	CD22_m971
CCTCGTCAGCAAGACG-1	HTO2	CD22_i61_2
CCTCGTCAGCCATGAC-1	HTO4	CD22_A11_int_1411
CCTCGTCAGCCGATTA-1	HTO5	CD22_B1_nonint_2261
CCTCTACCACAAGTAG-1	HTO1	CD22_m971
CCTCTACCACAATGTC-1	HTO5	CD22_B1_nonint_2261
CCTCTACCACCAGACC-1	HTO2	CD22_i61_2
CCTCTAGTCACTCGCC-1	HTO5	CD22_B1_nonint_2261
CCTCTAGTCAGTTTGG-1	HTO3	CD22_A3_nonint_4434
CCTCTAGTCCCATCTG-1	HTO5	CD22_B1_nonint_2261
CCTCTCCGTAAGCATC-1	HTO1	CD22_m971
CCTCTCCGTGGCTATG-1	HTO1	CD22_m971
CCTCTCGCAACAATTT-1	HTO2	CD22_i61_2
CCTCTCGCAACGTAAG-1	HTO4	CD22_A11_int_1411
CCTCTCGCACTCATTT-1	HTO5	CD22_B1_nonint_2261
CCTCTCGCAGTCGGTC-1	HTO1	CD22_m971
CCTCTCGCAGTTAATT-1	HTO5	CD22_B1_nonint_2261
CCTCTGGGTATCCGGA-1	HTO5	CD22_B1_nonint_2261
CCTCTGGGTCACTCCG-1	HTO5	CD22_B1_nonint_2261
CCTCTGGGTCATTAAG-1	HTO5	CD22_B1_nonint_2261
CCTCTGGGTGTGCGGT-1	HTO2	CD22_i61_2
CCTCTGGGTGTGGTGC-1	HTO1	CD22_m971
CCTCTGGGTGTGTTGG-1	HTO4	CD22_A11_int_1411
CCTCTTACAATGCGCC-1	HTO5	CD22_B1_nonint_2261
CCTCTTACAGGAAGCT-1	HTO2	CD22_i61_2
CCTCTTACAGGTAGCG-1	HTO2	CD22_i61_2
CCTCTTACAGTGCACC-1	HTO1	CD22_m971
CCTCTTGAGACCCGTG-1	HTO3	CD22_A3_nonint_4434
CCTCTTGAGACTTGTG-1	HTO1	CD22_m971
CCTCTTGAGCTATAAC-1	HTO4	CD22_A11_int_1411
CCTGAAATCGGAGTCT-1	HTO2	CD22_i61_2
CCTGACACACGACGGA-1	HTO5	CD22_B1_nonint_2261
CCTGACCTCAATGCGC-1	HTO3	CD22_A3_nonint_4434
CCTGACCTCACGATAT-1	HTO1	CD22_m971
CCTGACCTCATGGGTC-1	HTO4	CD22_A11_int_1411
CCTGACCTCATGTGGC-1	HTO3	CD22_A3_nonint_4434
CCTGACCTCCATCGCC-1	HTO3	CD22_A3_nonint_4434
CCTGACGAGAATATCC-1	HTO2	CD22_i61_2
CCTGACGAGAGCGAAT-1	HTO1	CD22_m971
CCTGACGAGATTAAGG-1	HTO5	CD22_B1_nonint_2261
CCTGACGAGCACATCA-1	HTO2	CD22_i61_2
CCTGACGAGCATCTAG-1	HTO3	CD22_A3_nonint_4434
CCTGACGAGCCATAAT-1	HTO5	CD22_B1_nonint_2261
CCTGACGAGCGTATAT-1	HTO4	CD22_A11_int_1411
CCTGACGAGGTAAGTA-1	HTO4	CD22_A11_int_1411
CCTGATAAGAAGGGTT-1	HTO1	CD22_m971
CCTGATAAGATGCATT-1	HTO5	CD22_B1_nonint_2261
CCTGATAAGCAATGGG-1	HTO1	CD22_m971
CCTGATAAGCATAGGG-1	HTO4	CD22_A11_int_1411
CCTGATAAGGCAAAGT-1	HTO3	CD22_A3_nonint_4434
CCTGATAAGGTACGTC-1	HTO4	CD22_A11_int_1411
CCTGATAAGGTAGCTC-1	HTO3	CD22_A3_nonint_4434
CCTGATAAGGTAGGGC-1	HTO2	CD22_i61_2
CCTGATCGTAATCTTC-1	HTO4	CD22_A11_int_1411
CCTGATCGTAGCGCGT-1	HTO4	CD22_A11_int_1411
CCTGATCGTAGTAAGG-1	HTO4	CD22_A11_int_1411
CCTGATCGTATTCGTT-1	HTO4	CD22_A11_int_1411
CCTGATCGTCCCTCTC-1	HTO5	CD22_B1_nonint_2261
CCTGATCGTCTAACGG-1	HTO2	CD22_i61_2
CCTGATCGTGCGAGAG-1	HTO2	CD22_i61_2
CCTGATCGTGGATCGC-1	HTO3	CD22_A3_nonint_4434
CCTGATCGTGTCTAGG-1	HTO4	CD22_A11_int_1411
CCTGCAACAAGTACAG-1	HTO5	CD22_B1_nonint_2261
CCTGCAACAATGTGTC-1	HTO1	CD22_m971
CCTGCAACACAGCATT-1	HTO5	CD22_B1_nonint_2261
CCTGCAACACGACCTA-1	HTO3	CD22_A3_nonint_4434
CCTGCAACACGCACTA-1	HTO2	CD22_i61_2
CCTGCAACACTCGGGT-1	HTO1	CD22_m971
CCTGCAACACTGCTCT-1	HTO3	CD22_A3_nonint_4434
CCTGCAACACTGGGGA-1	HTO5	CD22_B1_nonint_2261
CCTGCAACAGCGAATA-1	HTO2	CD22_i61_2
CCTGCACTCAATGTAC-1	HTO5	CD22_B1_nonint_2261
CCTGCACTCCGATAAT-1	HTO1	CD22_m971
CCTGCACTCGGTTAAT-1	HTO1	CD22_m971
CCTGCAGAGAGACGCA-1	HTO1	CD22_m971
CCTGCAGAGCCAAATT-1	HTO5	CD22_B1_nonint_2261
CCTGCAGAGCCTTTAC-1	HTO4	CD22_A11_int_1411
CCTGCGAAGAAAGCGT-1	HTO1	CD22_m971
CCTGCGAAGAACGGGC-1	HTO2	CD22_i61_2
CCTGCGAAGACAATTC-1	HTO3	CD22_A3_nonint_4434
CCTGCGAAGACACCCG-1	HTO4	CD22_A11_int_1411
CCTGCGAAGACGTGTC-1	HTO5	CD22_B1_nonint_2261
CCTGCGAAGCCTGTAA-1	HTO5	CD22_B1_nonint_2261
CCTGCGAAGCCTTAAG-1	HTO5	CD22_B1_nonint_2261
CCTGCGAAGGTGTCGT-1	HTO1	CD22_m971
CCTGCGCGTCCCTGAT-1	HTO5	CD22_B1_nonint_2261
CCTGCGCGTCGAGGGA-1	HTO5	CD22_B1_nonint_2261
CCTGCGCGTGGAAGTA-1	HTO2	CD22_i61_2
CCTGCTATCACTATAA-1	HTO1	CD22_m971
CCTGCTATCAGTACTG-1	HTO3	CD22_A3_nonint_4434
CCTGCTATCCGATGGT-1	HTO1	CD22_m971
CCTGCTATCCGTATCT-1	HTO4	CD22_A11_int_1411
CCTGCTATCCTCGCAC-1	HTO2	CD22_i61_2
CCTGCTATCCTTCAAC-1	HTO1	CD22_m971
CCTGCTATCGGTCCCT-1	HTO4	CD22_A11_int_1411
CCTGCTTCACTGATTA-1	HTO2	CD22_i61_2
CCTGCTTCAGCAGTAA-1	HTO2	CD22_i61_2
CCTGCTTCAGTTACCG-1	HTO5	CD22_B1_nonint_2261
CCTGGCAAGATCCAAT-1	HTO5	CD22_B1_nonint_2261
CCTGGCAAGCGTAGCT-1	HTO2	CD22_i61_2
CCTGGCAAGGCATACC-1	HTO4	CD22_A11_int_1411
CCTGGCAAGGTCTAGC-1	HTO2	CD22_i61_2
CCTGGCTTCACCCCTA-1	HTO4	CD22_A11_int_1411
CCTGGCTTCATATCCC-1	HTO2	CD22_i61_2
CCTGGCTTCGGACCTG-1	HTO3	CD22_A3_nonint_4434
CCTGGTGAGATCGTTG-1	HTO1	CD22_m971
CCTGGTGAGCACCAAC-1	HTO1	CD22_m971
CCTGGTGAGCGGATAG-1	HTO2	CD22_i61_2
CCTGGTGAGCGTCTCC-1	HTO2	CD22_i61_2
CCTGGTGAGGCGTCCA-1	HTO4	CD22_A11_int_1411
CCTGGTGAGGCTCACG-1	HTO2	CD22_i61_2
CCTGTAAAGATCAGGG-1	HTO2	CD22_i61_2
CCTGTAAAGATTGAAG-1	HTO1	CD22_m971
CCTGTAAAGCAGTCTA-1	HTO4	CD22_A11_int_1411
CCTGTAAAGCGCTGTG-1	HTO1	CD22_m971
CCTGTAAAGCGTACGT-1	HTO5	CD22_B1_nonint_2261
CCTGTAAAGCTGTTGA-1	HTO2	CD22_i61_2
CCTGTAAAGGGATGAT-1	HTO3	CD22_A3_nonint_4434
CCTGTAAAGGTATGGG-1	HTO4	CD22_A11_int_1411
CCTGTACGTAAATTCG-1	HTO3	CD22_A3_nonint_4434
CCTGTACGTAATGTGC-1	HTO5	CD22_B1_nonint_2261
CCTGTACGTACTCGAG-1	HTO1	CD22_m971
CCTGTACGTGCTATCC-1	HTO5	CD22_B1_nonint_2261
CCTGTACGTGTGCGGT-1	HTO5	CD22_B1_nonint_2261
CCTGTAGCAACAGACA-1	HTO2	CD22_i61_2
CCTGTAGCAACGCTCA-1	HTO4	CD22_A11_int_1411
CCTGTCATCAACATTA-1	HTO2	CD22_i61_2
CCTGTCATCACTCCTG-1	HTO5	CD22_B1_nonint_2261
CCTGTCGGTATGTACA-1	HTO3	CD22_A3_nonint_4434
CCTGTCGGTCAGGTGC-1	HTO1	CD22_m971
CCTGTCGGTCGTTAGG-1	HTO5	CD22_B1_nonint_2261
CCTGTCGGTGGCTAAT-1	HTO5	CD22_B1_nonint_2261
CCTGTGGAGAGACTTT-1	HTO3	CD22_A3_nonint_4434
CCTGTGGAGAGGACAT-1	HTO5	CD22_B1_nonint_2261
CCTGTGGAGAGGGGCT-1	HTO1	CD22_m971
CCTGTGGAGCCGTGAT-1	HTO1	CD22_m971
CCTGTGGAGGCAATTT-1	HTO5	CD22_B1_nonint_2261
CCTGTGGAGGGGTTAG-1	HTO1	CD22_m971
CCTTAACTCAATCATA-1	HTO5	CD22_B1_nonint_2261
CCTTAACTCCATAACG-1	HTO1	CD22_m971
CCTTAACTCCCCTAGC-1	HTO2	CD22_i61_2
CCTTAACTCCGACGCA-1	HTO2	CD22_i61_2
CCTTAACTCGCGCATG-1	HTO2	CD22_i61_2
CCTTAACTCGGTGCAT-1	HTO2	CD22_i61_2
CCTTAAGAGCACTATG-1	HTO5	CD22_B1_nonint_2261
CCTTAAGAGCTACAAT-1	HTO3	CD22_A3_nonint_4434
CCTTAAGAGGGACTGA-1	HTO1	CD22_m971
CCTTAAGAGGTATATC-1	HTO5	CD22_B1_nonint_2261
CCTTAATGTACGCCGG-1	HTO1	CD22_m971
CCTTAATGTACTCCCG-1	HTO4	CD22_A11_int_1411
CCTTAATGTACTCGCT-1	HTO5	CD22_B1_nonint_2261
CCTTAATGTGGCGAGA-1	HTO2	CD22_i61_2
CCTTACCCAAATTCGC-1	HTO4	CD22_A11_int_1411
CCTTACCCAATACGCT-1	HTO1	CD22_m971
CCTTACCCACCCAGTA-1	HTO5	CD22_B1_nonint_2261
CCTTACCCAGGTGCGA-1	HTO2	CD22_i61_2
CCTTAGAAGATAAGTG-1	HTO3	CD22_A3_nonint_4434
CCTTAGAAGATCGTTG-1	HTO3	CD22_A3_nonint_4434
CCTTAGAAGGCGGATA-1	HTO3	CD22_A3_nonint_4434
CCTTAGAAGGTATCCA-1	HTO5	CD22_B1_nonint_2261
CCTTAGCGTAATCAGC-1	HTO5	CD22_B1_nonint_2261
CCTTAGCGTCACCGCC-1	HTO4	CD22_A11_int_1411
CCTTAGCGTCTGGATG-1	HTO5	CD22_B1_nonint_2261
CCTTAGCGTGCGAAGG-1	HTO1	CD22_m971
CCTTAGCGTGGGTGAG-1	HTO2	CD22_i61_2
CCTTAGCGTGTATCCC-1	HTO3	CD22_A3_nonint_4434
CCTTAGCGTGTCATGG-1	HTO4	CD22_A11_int_1411
CCTTAGCGTGTGCAAT-1	HTO4	CD22_A11_int_1411
CCTTAGTTCAATATTG-1	HTO4	CD22_A11_int_1411
CCTTAGTTCATCTCAC-1	HTO2	CD22_i61_2
CCTTATCAGACAACGG-1	HTO4	CD22_A11_int_1411
CCTTATCAGCAACCGT-1	HTO2	CD22_i61_2
CCTTATCAGCCATATG-1	HTO2	CD22_i61_2
CCTTATCAGCCTTAGA-1	HTO5	CD22_B1_nonint_2261
CCTTATCAGGTCTAGC-1	HTO4	CD22_A11_int_1411
CCTTATGGTAACTTCT-1	HTO3	CD22_A3_nonint_4434
CCTTATGGTAATGTGC-1	HTO2	CD22_i61_2
CCTTATGGTATAGGGA-1	HTO3	CD22_A3_nonint_4434
CCTTATGGTGCAAGGG-1	HTO1	CD22_m971
CCTTCAGTCCTAATGG-1	HTO1	CD22_m971
CCTTCAGTCCTCCGAC-1	HTO4	CD22_A11_int_1411
CCTTCATAGAAACCGG-1	HTO3	CD22_A3_nonint_4434
CCTTCATAGAGTGGGC-1	HTO5	CD22_B1_nonint_2261
CCTTCATAGATGGGTG-1	HTO1	CD22_m971
CCTTCATAGCACGCCA-1	HTO3	CD22_A3_nonint_4434
CCTTCATAGCCAGTAC-1	HTO1	CD22_m971
CCTTCATAGGTCCTCC-1	HTO1	CD22_m971
CCTTCCCGTAATCTTC-1	HTO2	CD22_i61_2
CCTTCCCGTACCTCCG-1	HTO4	CD22_A11_int_1411
CCTTCCCGTAGTGATC-1	HTO2	CD22_i61_2
CCTTCCCGTCACATGG-1	HTO5	CD22_B1_nonint_2261
CCTTCCCGTCATTGGG-1	HTO2	CD22_i61_2
CCTTCCGCAAAATGGT-1	HTO1	CD22_m971
CCTTCCGCAGCTAGAA-1	HTO1	CD22_m971
CCTTCCGCAGCTTACG-1	HTO5	CD22_B1_nonint_2261
CCTTCCGCAGTTAATT-1	HTO2	CD22_i61_2
CCTTCCTTCAAGTCGC-1	HTO5	CD22_B1_nonint_2261
CCTTCCTTCACCATCT-1	HTO5	CD22_B1_nonint_2261
CCTTCCTTCATGTGGC-1	HTO2	CD22_i61_2
CCTTCGATCAGCATTG-1	HTO4	CD22_A11_int_1411
CCTTCGATCATGAGTT-1	HTO3	CD22_A3_nonint_4434
CCTTCGATCCAGGATC-1	HTO1	CD22_m971
CCTTCGATCCCGTCTA-1	HTO5	CD22_B1_nonint_2261
CCTTCGATCCCTACCA-1	HTO2	CD22_i61_2
CCTTCGATCGCGATGT-1	HTO1	CD22_m971
CCTTCGGGTAGCGTCA-1	HTO4	CD22_A11_int_1411
CCTTCGGGTATCGGGC-1	HTO5	CD22_B1_nonint_2261
CCTTCGGGTCGCGTGG-1	HTO5	CD22_B1_nonint_2261
CCTTCGGGTGCGAAGG-1	HTO5	CD22_B1_nonint_2261
CCTTCTACAACACTAC-1	HTO2	CD22_i61_2
CCTTCTACAACTGCAT-1	HTO5	CD22_B1_nonint_2261
CCTTCTACACGATGTT-1	HTO3	CD22_A3_nonint_4434
CCTTCTACACGGGGTA-1	HTO3	CD22_A3_nonint_4434
CCTTCTCTCCATTCTA-1	HTO3	CD22_A3_nonint_4434
CCTTCTCTCCCCATTG-1	HTO2	CD22_i61_2
CCTTCTCTCCGACCCT-1	HTO4	CD22_A11_int_1411
CCTTCTCTCGCATACA-1	HTO4	CD22_A11_int_1411
CCTTCTCTCGTTCACT-1	HTO2	CD22_i61_2
CCTTGAGCAAAGTAAC-1	HTO4	CD22_A11_int_1411
CCTTGAGCACATAGAG-1	HTO2	CD22_i61_2
CCTTGCCAGAACTAGA-1	HTO3	CD22_A3_nonint_4434
CCTTGCCAGAGTCAGG-1	HTO2	CD22_i61_2
CCTTGCCAGCTACGTA-1	HTO1	CD22_m971
CCTTGCCAGGCATCCG-1	HTO1	CD22_m971
CCTTGCGGTAGCGGTC-1	HTO1	CD22_m971
CCTTGCGGTATGTCTT-1	HTO2	CD22_i61_2
CCTTGCGGTCAATTCT-1	HTO5	CD22_B1_nonint_2261
CCTTGCGGTCTATGGG-1	HTO3	CD22_A3_nonint_4434
CCTTGCGGTGCTGTCT-1	HTO3	CD22_A3_nonint_4434
CCTTGCGGTGGCTTGA-1	HTO4	CD22_A11_int_1411
CCTTGCGGTGGTGTGC-1	HTO4	CD22_A11_int_1411
CCTTGTAGTAAGTCTA-1	HTO3	CD22_A3_nonint_4434
CCTTGTGTCCAGCATA-1	HTO3	CD22_A3_nonint_4434
CCTTGTGTCCCCTATG-1	HTO4	CD22_A11_int_1411
CCTTGTGTCCGAATTG-1	HTO2	CD22_i61_2
CCTTGTGTCCGTTCGC-1	HTO3	CD22_A3_nonint_4434
CCTTGTGTCCGTTCTG-1	HTO3	CD22_A3_nonint_4434
CCTTTAATCAGGAAAC-1	HTO2	CD22_i61_2
CCTTTAATCCGCACTC-1	HTO4	CD22_A11_int_1411
CCTTTAATCGCGTTAA-1	HTO3	CD22_A3_nonint_4434
CCTTTACAGCCATATG-1	HTO4	CD22_A11_int_1411
CCTTTACAGCCATTGA-1	HTO1	CD22_m971
CCTTTACAGCCTGGTG-1	HTO4	CD22_A11_int_1411
CCTTTACAGCGAACAG-1	HTO5	CD22_B1_nonint_2261
CCTTTACAGGTGTTAT-1	HTO5	CD22_B1_nonint_2261
CCTTTAGGTAATGTCA-1	HTO5	CD22_B1_nonint_2261
CCTTTAGGTAGCAATC-1	HTO1	CD22_m971
CCTTTCACAAAGTAAC-1	HTO2	CD22_i61_2
CCTTTCACAAGACAGC-1	HTO2	CD22_i61_2
CCTTTCACAATCAGGA-1	HTO2	CD22_i61_2
CCTTTCACAGCGCACT-1	HTO5	CD22_B1_nonint_2261
CCTTTCCTCACCACTT-1	HTO5	CD22_B1_nonint_2261
CCTTTCCTCATATGGT-1	HTO1	CD22_m971
CCTTTCCTCCAAGACC-1	HTO5	CD22_B1_nonint_2261
CCTTTCCTCCATATGG-1	HTO3	CD22_A3_nonint_4434
CCTTTCCTCCCACAGG-1	HTO3	CD22_A3_nonint_4434
CCTTTCCTCCCTCTAG-1	HTO5	CD22_B1_nonint_2261
CCTTTCCTCGCGTCAG-1	HTO3	CD22_A3_nonint_4434
CCTTTCCTCGGCTATA-1	HTO1	CD22_m971
CCTTTCCTCGTAAATC-1	HTO4	CD22_A11_int_1411
CCTTTCGAGACATAGA-1	HTO2	CD22_i61_2
CCTTTCGAGATGCGAG-1	HTO3	CD22_A3_nonint_4434
CCTTTCGAGCCAGTAC-1	HTO1	CD22_m971
CCTTTCGAGCGCAGTT-1	HTO2	CD22_i61_2
CCTTTCGAGGCCTGCA-1	HTO2	CD22_i61_2
CCTTTCGAGGGTAGGC-1	HTO4	CD22_A11_int_1411
CCTTTGAGTCAGTATA-1	HTO4	CD22_A11_int_1411
CCTTTGAGTCCTATTG-1	HTO3	CD22_A3_nonint_4434
CCTTTGGTCAACCTCT-1	HTO4	CD22_A11_int_1411
CCTTTGGTCACTCATC-1	HTO4	CD22_A11_int_1411
CCTTTGGTCCATCTGT-1	HTO2	CD22_i61_2
CGAAACCTCAGTACTG-1	HTO2	CD22_i61_2
CGAAACCTCCGGAAAG-1	HTO5	CD22_B1_nonint_2261
CGAAACGAGAAAGGAG-1	HTO2	CD22_i61_2
CGAAACGAGATGCATT-1	HTO5	CD22_B1_nonint_2261
CGAAACGAGGGTATCC-1	HTO1	CD22_m971
CGAAACGAGGTCTAGC-1	HTO5	CD22_B1_nonint_2261
CGAACACTCACCAAGC-1	HTO4	CD22_A11_int_1411
CGAACACTCAGACTTG-1	HTO3	CD22_A3_nonint_4434
CGAACACTCAGTGGCT-1	HTO2	CD22_i61_2
CGAACACTCAGTTGTG-1	HTO5	CD22_B1_nonint_2261
CGAACACTCATGTCGA-1	HTO2	CD22_i61_2
CGAACACTCATTACTT-1	HTO5	CD22_B1_nonint_2261
CGAACACTCCACTACT-1	HTO2	CD22_i61_2
CGAACACTCCTCTGCA-1	HTO2	CD22_i61_2
CGAACACTCGCTACTT-1	HTO5	CD22_B1_nonint_2261
CGAACACTCGGCTCCT-1	HTO3	CD22_A3_nonint_4434
CGAACACTCGGGTTCG-1	HTO2	CD22_i61_2
CGAACAGAGAGGTTAA-1	HTO2	CD22_i61_2
CGAACAGAGATTGGTT-1	HTO5	CD22_B1_nonint_2261
CGAACAGAGGCCATCG-1	HTO2	CD22_i61_2
CGAACAGAGGCCTCGA-1	HTO1	CD22_m971
CGAACAGAGGCTTACA-1	HTO5	CD22_B1_nonint_2261
CGAACAGAGGTTGATT-1	HTO1	CD22_m971
CGAACCCCACACAACT-1	HTO2	CD22_i61_2
CGAACCCCACTCTAGG-1	HTO5	CD22_B1_nonint_2261
CGAACGAAGATATACC-1	HTO1	CD22_m971
CGAACGAAGCGGATAG-1	HTO2	CD22_i61_2
CGAACGGCAATGTATT-1	HTO3	CD22_A3_nonint_4434
CGAACGGCAGTTCACG-1	HTO4	CD22_A11_int_1411
CGAAGATAGAATTGAG-1	HTO3	CD22_A3_nonint_4434
CGAAGATAGATTACAC-1	HTO5	CD22_B1_nonint_2261
CGAAGATAGCAAGAGT-1	HTO5	CD22_B1_nonint_2261
CGAAGCAAGAATTTGC-1	HTO2	CD22_i61_2
CGAAGCAAGAGGACGC-1	HTO1	CD22_m971
CGAAGCAAGAGGGATT-1	HTO1	CD22_m971
CGAAGCAAGCGTGGTT-1	HTO3	CD22_A3_nonint_4434
CGAAGCAAGCTTAGCA-1	HTO5	CD22_B1_nonint_2261
CGAAGCAAGGTATCCA-1	HTO2	CD22_i61_2
CGAAGCCGTAAGTTTG-1	HTO1	CD22_m971
CGAAGCCGTACCTCCG-1	HTO2	CD22_i61_2
CGAAGCCGTACGCGCG-1	HTO1	CD22_m971
CGAAGCCGTAGGGCGA-1	HTO5	CD22_B1_nonint_2261
CGAAGCCGTCATAGTA-1	HTO2	CD22_i61_2
CGAAGCCGTCCTTGTA-1	HTO5	CD22_B1_nonint_2261
CGAAGCCGTCTGCGCC-1	HTO5	CD22_B1_nonint_2261
CGAAGCCGTGGCATAT-1	HTO5	CD22_B1_nonint_2261
CGAAGGGGTAATGTCA-1	HTO1	CD22_m971
CGAAGGGGTCCTGATC-1	HTO3	CD22_A3_nonint_4434
CGAAGGGGTCGTATGG-1	HTO2	CD22_i61_2
CGAAGGGGTGGTAAAG-1	HTO5	CD22_B1_nonint_2261
CGAAGGGGTGGTTGTG-1	HTO3	CD22_A3_nonint_4434
CGAAGGTCAAATATAG-1	HTO4	CD22_A11_int_1411
CGAAGGTCAAATCTAT-1	HTO3	CD22_A3_nonint_4434
CGAAGGTCAAGACAAT-1	HTO2	CD22_i61_2
CGAAGGTCAATGAAAC-1	HTO5	CD22_B1_nonint_2261
CGAAGGTCACCCAGTA-1	HTO3	CD22_A3_nonint_4434
CGAAGGTCAGTTCTCC-1	HTO5	CD22_B1_nonint_2261
CGAAGTACAAACCTAC-1	HTO5	CD22_B1_nonint_2261
CGAAGTACAAAGGCCG-1	HTO1	CD22_m971
CGAAGTACAACACGCC-1	HTO4	CD22_A11_int_1411
CGAAGTACAATTAACT-1	HTO1	CD22_m971
CGAAGTACAGTGTTCG-1	HTO3	CD22_A3_nonint_4434
CGAAGTCTCACCATTC-1	HTO1	CD22_m971
CGAAGTCTCCGTAACA-1	HTO5	CD22_B1_nonint_2261
CGAAGTCTCCTGTTAC-1	HTO1	CD22_m971
CGAAGTCTCGCGTGTG-1	HTO5	CD22_B1_nonint_2261
CGAAGTCTCGGATACC-1	HTO2	CD22_i61_2
CGAAGTGAGATTGTGT-1	HTO5	CD22_B1_nonint_2261
CGAAGTGAGCTACAAT-1	HTO1	CD22_m971
CGAAGTTGTACGTTGG-1	HTO3	CD22_A3_nonint_4434
CGAAGTTGTCCGTTGT-1	HTO5	CD22_B1_nonint_2261
CGAAGTTGTGGCCTGG-1	HTO3	CD22_A3_nonint_4434
CGAAGTTGTGTCGTGA-1	HTO5	CD22_B1_nonint_2261
CGAATCATCACTGGCG-1	HTO4	CD22_A11_int_1411
CGAATCATCCCACCGT-1	HTO1	CD22_m971
CGAATCATCCCCTATG-1	HTO1	CD22_m971
CGAATCATCCTGCACC-1	HTO2	CD22_i61_2
CGAATCATCGTCTCAT-1	HTO1	CD22_m971
CGAATCATCGTGACGT-1	HTO1	CD22_m971
CGAATCATCGTTAATA-1	HTO2	CD22_i61_2
CGAATCTCAAAAGCCA-1	HTO1	CD22_m971
CGAATCTCACGTAGGG-1	HTO3	CD22_A3_nonint_4434
CGAATCTCACGTGCTA-1	HTO4	CD22_A11_int_1411
CGAATCTCACTCGCAA-1	HTO3	CD22_A3_nonint_4434
CGAATCTCAGCATCGC-1	HTO2	CD22_i61_2
CGAATGCTCACCTCAT-1	HTO2	CD22_i61_2
CGAATGCTCATTCTCA-1	HTO4	CD22_A11_int_1411
CGAATGCTCCCACGCT-1	HTO2	CD22_i61_2
CGAATGCTCCCATCTG-1	HTO1	CD22_m971
CGAATGCTCCCGTCTA-1	HTO2	CD22_i61_2
CGAATGCTCGTATTAA-1	HTO4	CD22_A11_int_1411
CGAATGGAGGGGATAT-1	HTO4	CD22_A11_int_1411
CGAATGGAGGTTGCCG-1	HTO5	CD22_B1_nonint_2261
CGAATTGTCAGGGTCT-1	HTO5	CD22_B1_nonint_2261
CGAATTGTCCAACACA-1	HTO2	CD22_i61_2
CGAATTTAGACCTTTC-1	HTO1	CD22_m971
CGACAAGAGACCCACG-1	HTO5	CD22_B1_nonint_2261
CGACAAGAGAGCGGGT-1	HTO2	CD22_i61_2
CGACAAGAGAGTCTTG-1	HTO1	CD22_m971
CGACAAGAGCATTCGA-1	HTO2	CD22_i61_2
CGACAAGAGCCATCGG-1	HTO5	CD22_B1_nonint_2261
CGACAAGAGCGTACAC-1	HTO5	CD22_B1_nonint_2261
CGACACCCAACGACCC-1	HTO3	CD22_A3_nonint_4434
CGACACCCAACTTCAA-1	HTO1	CD22_m971
CGACACCCAATCCGGC-1	HTO5	CD22_B1_nonint_2261
CGACACCCAATCGTAC-1	HTO1	CD22_m971
CGACACCCACAATACC-1	HTO3	CD22_A3_nonint_4434
CGACACCCACAGTCGC-1	HTO1	CD22_m971
CGACACCCACCATGCA-1	HTO4	CD22_A11_int_1411
CGACACCCAGGAGCCA-1	HTO2	CD22_i61_2
CGACACCCAGGCATAA-1	HTO1	CD22_m971
CGACAGAAGACAGCGA-1	HTO2	CD22_i61_2
CGACAGAAGCCTCATT-1	HTO5	CD22_B1_nonint_2261
CGACAGAAGGTGCCCA-1	HTO5	CD22_B1_nonint_2261
CGACAGCGTATAGTGC-1	HTO4	CD22_A11_int_1411
CGACAGCGTCCACGGG-1	HTO2	CD22_i61_2
CGACAGCGTCGAAGCC-1	HTO2	CD22_i61_2
CGACAGCGTCTCCGCA-1	HTO2	CD22_i61_2
CGACAGCGTGGTATTA-1	HTO5	CD22_B1_nonint_2261
CGACAGCGTGTATGCG-1	HTO3	CD22_A3_nonint_4434
CGACCATAGACCCACG-1	HTO3	CD22_A3_nonint_4434
CGACCATAGACTCAGC-1	HTO4	CD22_A11_int_1411
CGACCCCGTAAGGTCT-1	HTO1	CD22_m971
CGACCCCGTACATATG-1	HTO3	CD22_A3_nonint_4434
CGACCCCGTACGTGCA-1	HTO2	CD22_i61_2
CGACCCCGTAGGGAGT-1	HTO2	CD22_i61_2
CGACCCCGTCATACTT-1	HTO2	CD22_i61_2
CGACCCCGTCGCTCGC-1	HTO5	CD22_B1_nonint_2261
CGACCCTTCCAGCCTC-1	HTO4	CD22_A11_int_1411
CGACCCTTCCGGACCA-1	HTO3	CD22_A3_nonint_4434
CGACCCTTCCTATGTC-1	HTO2	CD22_i61_2
CGACCTACAACGCGTC-1	HTO1	CD22_m971
CGACCTACACTAGGGG-1	HTO2	CD22_i61_2
CGACCTACAGCATTTA-1	HTO5	CD22_B1_nonint_2261
CGACCTACAGCGACGA-1	HTO3	CD22_A3_nonint_4434
CGACCTACAGCTAGAA-1	HTO1	CD22_m971
CGACGCATCAGGACTC-1	HTO4	CD22_A11_int_1411
CGACGCATCCTGCTAT-1	HTO3	CD22_A3_nonint_4434
CGACGGACAACGCGTC-1	HTO2	CD22_i61_2
CGACGGACAAGACGAC-1	HTO3	CD22_A3_nonint_4434
CGACGGACAATATCAT-1	HTO3	CD22_A3_nonint_4434
CGACGGACACGCCATA-1	HTO2	CD22_i61_2
CGACGGACACGCTCAA-1	HTO2	CD22_i61_2
CGACGGACAGGCACTC-1	HTO5	CD22_B1_nonint_2261
CGACGGACAGTAAAGT-1	HTO2	CD22_i61_2
CGACGGTGTACTGGGC-1	HTO5	CD22_B1_nonint_2261
CGACGGTGTAGGAATG-1	HTO1	CD22_m971
CGACGGTGTCACGGCG-1	HTO4	CD22_A11_int_1411
CGACGTAGTCAAAGCT-1	HTO2	CD22_i61_2
CGACGTAGTCAGTCTC-1	HTO2	CD22_i61_2
CGACGTAGTCCTTCGG-1	HTO5	CD22_B1_nonint_2261
CGACGTAGTCGAGGGA-1	HTO3	CD22_A3_nonint_4434
CGACGTAGTGTGAAAG-1	HTO2	CD22_i61_2
CGACGTTAGCTATAGT-1	HTO5	CD22_B1_nonint_2261
CGACGTTAGGTAATGA-1	HTO1	CD22_m971
CGACGTTAGGTTCGAC-1	HTO1	CD22_m971
CGACGTTAGGTTCTAG-1	HTO5	CD22_B1_nonint_2261
CGACTAATCAAATGCT-1	HTO5	CD22_B1_nonint_2261
CGACTAATCACTCGTT-1	HTO2	CD22_i61_2
CGACTAATCATCCCCA-1	HTO1	CD22_m971
CGACTAATCCCATCTG-1	HTO3	CD22_A3_nonint_4434
CGACTAATCCTTATGC-1	HTO3	CD22_A3_nonint_4434
CGACTAATCGTTGGCG-1	HTO5	CD22_B1_nonint_2261
CGACTAGGTAATGGCT-1	HTO2	CD22_i61_2
CGACTAGGTGGACGGA-1	HTO5	CD22_B1_nonint_2261
CGACTCCTCAGTATGT-1	HTO4	CD22_A11_int_1411
CGACTCCTCCGCATGG-1	HTO5	CD22_B1_nonint_2261
CGACTCCTCGTAAGCC-1	HTO4	CD22_A11_int_1411
CGACTCTGTATTGCCC-1	HTO1	CD22_m971
CGACTCTGTCATAAGC-1	HTO1	CD22_m971
CGACTCTGTCGATGGC-1	HTO2	CD22_i61_2
CGACTCTGTGTAAAGG-1	HTO5	CD22_B1_nonint_2261
CGACTTCGTAACTCGG-1	HTO5	CD22_B1_nonint_2261
CGACTTCGTCAACGTG-1	HTO3	CD22_A3_nonint_4434
CGACTTCGTCGATGAT-1	HTO1	CD22_m971
CGACTTCGTGCCCCTA-1	HTO2	CD22_i61_2
CGACTTCGTGCCTTGT-1	HTO5	CD22_B1_nonint_2261
CGACTTCGTGGAACGG-1	HTO4	CD22_A11_int_1411
CGACTTCGTGGCATTG-1	HTO2	CD22_i61_2
CGAGCATTCAAGGGCA-1	HTO5	CD22_B1_nonint_2261
CGAGCATTCAATTCCC-1	HTO3	CD22_A3_nonint_4434
CGAGCATTCAGGGGTA-1	HTO4	CD22_A11_int_1411
CGAGCATTCCCAACCC-1	HTO3	CD22_A3_nonint_4434
CGAGCATTCCGATGGT-1	HTO1	CD22_m971
CGAGCATTCGCAAGCT-1	HTO2	CD22_i61_2
CGAGCATTCGGCTCCT-1	HTO4	CD22_A11_int_1411
CGAGCATTCGTACGTA-1	HTO3	CD22_A3_nonint_4434
CGAGCATTCGTCACCC-1	HTO1	CD22_m971
CGAGCGACACAGCATT-1	HTO2	CD22_i61_2
CGAGCGACACTTCGAG-1	HTO5	CD22_B1_nonint_2261
CGAGCGTGTCAATTAG-1	HTO3	CD22_A3_nonint_4434
CGAGCGTGTCCGTCGC-1	HTO3	CD22_A3_nonint_4434
CGAGCGTGTGGCTTGA-1	HTO3	CD22_A3_nonint_4434
CGAGGAGGTATCCTAT-1	HTO1	CD22_m971
CGAGGAGGTATGCCAG-1	HTO2	CD22_i61_2
CGAGGAGGTGCCCCGT-1	HTO2	CD22_i61_2
CGAGGAGGTGGAATTC-1	HTO2	CD22_i61_2
CGAGGCTGTAACAGAG-1	HTO4	CD22_A11_int_1411
CGAGGGAGTAATTCAG-1	HTO5	CD22_B1_nonint_2261
CGAGGGAGTACCACCT-1	HTO4	CD22_A11_int_1411
CGAGGGAGTACGCCGG-1	HTO1	CD22_m971
CGAGGGAGTAGGTTCG-1	HTO2	CD22_i61_2
CGAGGGAGTATAGCGT-1	HTO4	CD22_A11_int_1411
CGAGGGAGTCCGATAG-1	HTO4	CD22_A11_int_1411
CGAGGGAGTCGCGTCC-1	HTO4	CD22_A11_int_1411
CGAGGGAGTCGTTCTA-1	HTO3	CD22_A3_nonint_4434
CGAGTAACAACGGCAG-1	HTO3	CD22_A3_nonint_4434
CGAGTAACACAAACCT-1	HTO4	CD22_A11_int_1411
CGAGTAACACGGCTTA-1	HTO5	CD22_B1_nonint_2261
CGAGTAACAGCACGGA-1	HTO2	CD22_i61_2
CGAGTAACAGCCAATT-1	HTO2	CD22_i61_2
CGAGTAACAGGAAGGA-1	HTO2	CD22_i61_2
CGAGTAGAGACGGAGC-1	HTO2	CD22_i61_2
CGAGTAGAGCACTACA-1	HTO2	CD22_i61_2
CGAGTAGAGCCACAAC-1	HTO5	CD22_B1_nonint_2261
CGAGTAGAGGTTATGT-1	HTO5	CD22_B1_nonint_2261
CGAGTCAGTCGAGGGA-1	HTO3	CD22_A3_nonint_4434
CGAGTCTAGAATGGCG-1	HTO4	CD22_A11_int_1411
CGAGTCTAGCCAAGCT-1	HTO4	CD22_A11_int_1411
CGAGTCTAGCGCAGTT-1	HTO3	CD22_A3_nonint_4434
CGAGTCTAGGCATTCA-1	HTO4	CD22_A11_int_1411
CGAGTCTAGGGCGAAC-1	HTO2	CD22_i61_2
CGAGTGCGTAAGTTTG-1	HTO2	CD22_i61_2
CGAGTGCGTAGGAGGT-1	HTO2	CD22_i61_2
CGAGTGCGTCCGTTTA-1	HTO1	CD22_m971
CGAGTGTTCACAGGTC-1	HTO5	CD22_B1_nonint_2261
CGATAAGCAAACGCGG-1	HTO5	CD22_B1_nonint_2261
CGATAAGCAGCGAATA-1	HTO3	CD22_A3_nonint_4434
CGATAAGCAGCTCAAT-1	HTO4	CD22_A11_int_1411
CGATAATTCAGGGACA-1	HTO4	CD22_A11_int_1411
CGATAATTCGCCTTGC-1	HTO4	CD22_A11_int_1411
CGATACATCATAACGT-1	HTO4	CD22_A11_int_1411
CGATACATCCAACACA-1	HTO5	CD22_B1_nonint_2261
CGATACATCCTGTATC-1	HTO1	CD22_m971
CGATAGACAACGTCGC-1	HTO4	CD22_A11_int_1411
CGATAGACACATGAAG-1	HTO2	CD22_i61_2
CGATAGACACTATTCT-1	HTO2	CD22_i61_2
CGATAGACAGCTACAT-1	HTO5	CD22_B1_nonint_2261
CGATAGCTCAAATCCG-1	HTO5	CD22_B1_nonint_2261
CGATAGCTCAGGAAAC-1	HTO4	CD22_A11_int_1411
CGATAGCTCAGGGACA-1	HTO3	CD22_A3_nonint_4434
CGATAGCTCAGTCAGC-1	HTO2	CD22_i61_2
CGATAGCTCCCAACTT-1	HTO5	CD22_B1_nonint_2261
CGATAGCTCCGCATAA-1	HTO5	CD22_B1_nonint_2261
CGATAGCTCGTGTCAA-1	HTO3	CD22_A3_nonint_4434
CGATAGTGTATGAGGA-1	HTO2	CD22_i61_2
CGATAGTGTCGAGTGC-1	HTO4	CD22_A11_int_1411
CGATAGTGTCGCGTAA-1	HTO1	CD22_m971
CGATAGTGTCTACAGG-1	HTO3	CD22_A3_nonint_4434
CGATAGTGTGCGTCTT-1	HTO3	CD22_A3_nonint_4434
CGATCAATCCATTCTA-1	HTO3	CD22_A3_nonint_4434
CGATCAATCCCAGTAA-1	HTO4	CD22_A11_int_1411
CGATCAATCCCGTCTA-1	HTO1	CD22_m971
CGATCAATCGTCAACA-1	HTO4	CD22_A11_int_1411
CGATCAGGTACGAGTT-1	HTO3	CD22_A3_nonint_4434
CGATCAGGTATGCCGA-1	HTO3	CD22_A3_nonint_4434
CGATCAGGTATGGCCA-1	HTO5	CD22_B1_nonint_2261
CGATCAGGTCCCTGTG-1	HTO3	CD22_A3_nonint_4434
CGATCAGGTGGCTGTA-1	HTO1	CD22_m971
CGATCGGTCACTCGGG-1	HTO2	CD22_i61_2
CGATCGGTCAGAAGTA-1	HTO2	CD22_i61_2
CGATCGGTCAGTGATT-1	HTO1	CD22_m971
CGATCGGTCATAGGGG-1	HTO3	CD22_A3_nonint_4434
CGATCGGTCCAGTAGC-1	HTO5	CD22_B1_nonint_2261
CGATCGGTCCGCTTGC-1	HTO1	CD22_m971
CGATCGGTCCGTATTC-1	HTO3	CD22_A3_nonint_4434
CGATCGGTCGCTATCT-1	HTO2	CD22_i61_2
CGATGAGAGAGGGTGC-1	HTO3	CD22_A3_nonint_4434
CGATGAGAGCACGTCG-1	HTO2	CD22_i61_2
CGATGAGAGCTGCGAT-1	HTO5	CD22_B1_nonint_2261
CGATGATGTAATTTGG-1	HTO5	CD22_B1_nonint_2261
CGATGATGTCCACGGG-1	HTO2	CD22_i61_2
CGATGATGTCGAGTGC-1	HTO3	CD22_A3_nonint_4434
CGATGATGTGGCAAGG-1	HTO4	CD22_A11_int_1411
CGATGATGTGTCACGA-1	HTO5	CD22_B1_nonint_2261
CGATGGAAGAGACGCA-1	HTO2	CD22_i61_2
CGATGGAAGCTACTGA-1	HTO2	CD22_i61_2
CGATGGAAGCTATCGA-1	HTO5	CD22_B1_nonint_2261
CGATGGCGTAGTCTGG-1	HTO3	CD22_A3_nonint_4434
CGATGGCGTCAAGTTA-1	HTO3	CD22_A3_nonint_4434
CGATGGCGTCTGTATT-1	HTO4	CD22_A11_int_1411
CGATGGGCAAACGGCG-1	HTO3	CD22_A3_nonint_4434
CGATGGGCAAATGGCA-1	HTO3	CD22_A3_nonint_4434
CGATGGGCACACGTCA-1	HTO4	CD22_A11_int_1411
CGATGGGCACCGACTA-1	HTO1	CD22_m971
CGATGGGCACCTAGAT-1	HTO5	CD22_B1_nonint_2261
CGATGGGCAGCAATCT-1	HTO4	CD22_A11_int_1411
CGATGGGCAGGGAGAA-1	HTO4	CD22_A11_int_1411
CGATGGTTCAGCCGCA-1	HTO4	CD22_A11_int_1411
CGATGGTTCCTCGAAA-1	HTO4	CD22_A11_int_1411
CGATGGTTCGGGCCTA-1	HTO3	CD22_A3_nonint_4434
CGATGTATCACGATAT-1	HTO5	CD22_B1_nonint_2261
CGATGTATCCACCTCA-1	HTO5	CD22_B1_nonint_2261
CGATGTATCCGATCAA-1	HTO3	CD22_A3_nonint_4434
CGATGTATCCGTAAAT-1	HTO1	CD22_m971
CGATGTATCGCATCAA-1	HTO2	CD22_i61_2
CGATGTATCGTCATTC-1	HTO3	CD22_A3_nonint_4434
CGATGTTCACAAGTAG-1	HTO3	CD22_A3_nonint_4434
CGATGTTCACTGGCAC-1	HTO5	CD22_B1_nonint_2261
CGATTACCAAAGTACG-1	HTO1	CD22_m971
CGATTACCAACTGTCG-1	HTO2	CD22_i61_2
CGATTACCAAGCAGTA-1	HTO4	CD22_A11_int_1411
CGATTACCAATGGTAG-1	HTO3	CD22_A3_nonint_4434
CGATTACCACCTCGAA-1	HTO2	CD22_i61_2
CGATTACCACGAATCT-1	HTO4	CD22_A11_int_1411
CGATTACCACGCGACT-1	HTO1	CD22_m971
CGATTACCACGTAGAA-1	HTO1	CD22_m971
CGATTACCACTTCATT-1	HTO4	CD22_A11_int_1411
CGATTACCAGCGACCT-1	HTO4	CD22_A11_int_1411
CGATTACCAGCGGGTA-1	HTO3	CD22_A3_nonint_4434
CGATTACCAGTCATAC-1	HTO2	CD22_i61_2
CGATTATAGATTACCG-1	HTO3	CD22_A3_nonint_4434
CGATTATAGCACCTTT-1	HTO3	CD22_A3_nonint_4434
CGATTATAGCATCACA-1	HTO2	CD22_i61_2
CGATTATAGGCTCACG-1	HTO4	CD22_A11_int_1411
CGATTCAAGACAACCC-1	HTO2	CD22_i61_2
CGATTCAAGGCCTATA-1	HTO2	CD22_i61_2
CGATTCAAGGCTTTAG-1	HTO4	CD22_A11_int_1411
CGATTCAAGGGAGCGT-1	HTO1	CD22_m971
CGATTCAAGGTGCCCA-1	HTO3	CD22_A3_nonint_4434
CGATTGCAGATTATGC-1	HTO3	CD22_A3_nonint_4434
CGATTGCAGCATATCG-1	HTO3	CD22_A3_nonint_4434
CGATTGCAGGGATAGT-1	HTO4	CD22_A11_int_1411
CGATTGGGTAAAGCGA-1	HTO5	CD22_B1_nonint_2261
CGATTGGGTCAAAGCT-1	HTO4	CD22_A11_int_1411
CGATTGGGTCGTGGTA-1	HTO5	CD22_B1_nonint_2261
CGATTGGGTGCTATGG-1	HTO5	CD22_B1_nonint_2261
CGATTTACAAAACCGA-1	HTO3	CD22_A3_nonint_4434
CGATTTACAAAATCCC-1	HTO2	CD22_i61_2
CGATTTACAAGGACAC-1	HTO2	CD22_i61_2
CGATTTACACCCAACA-1	HTO2	CD22_i61_2
CGATTTGAGACGTATT-1	HTO2	CD22_i61_2
CGATTTGAGCAGCGAA-1	HTO3	CD22_A3_nonint_4434
CGATTTGAGCTAAATC-1	HTO4	CD22_A11_int_1411
CGATTTGAGGCCTGCA-1	HTO2	CD22_i61_2
CGCAAATGTAGAGGCG-1	HTO3	CD22_A3_nonint_4434
CGCAAATGTAGTCGAT-1	HTO4	CD22_A11_int_1411
CGCAAATGTCAGTCAG-1	HTO1	CD22_m971
CGCAAATGTCCTCGAT-1	HTO1	CD22_m971
CGCAAATGTCGGCTCC-1	HTO5	CD22_B1_nonint_2261
CGCAAATGTGGGGCTT-1	HTO2	CD22_i61_2
CGCAAATGTGTTAAGC-1	HTO5	CD22_B1_nonint_2261
CGCAACCCAAAACCGA-1	HTO4	CD22_A11_int_1411
CGCAACCCAACGAAGC-1	HTO5	CD22_B1_nonint_2261
CGCAACCCAGCATGGG-1	HTO3	CD22_A3_nonint_4434
CGCAACCCAGTCATAC-1	HTO2	CD22_i61_2
CGCAATATCAATTGTA-1	HTO5	CD22_B1_nonint_2261
CGCAATATCGCCTAAA-1	HTO2	CD22_i61_2
CGCAATTCAAACATAA-1	HTO2	CD22_i61_2
CGCAATTCAAGACAGC-1	HTO2	CD22_i61_2
CGCAATTCAAGGACCG-1	HTO2	CD22_i61_2
CGCAATTCACAGGTAA-1	HTO2	CD22_i61_2
CGCAATTCACTATCTT-1	HTO5	CD22_B1_nonint_2261
CGCACATAGACGTCAC-1	HTO4	CD22_A11_int_1411
CGCACATAGAGCCCCA-1	HTO5	CD22_B1_nonint_2261
CGCACATAGATGTATC-1	HTO1	CD22_m971
CGCACATAGCCATAAT-1	HTO2	CD22_i61_2
CGCACATAGCGGTTAC-1	HTO2	CD22_i61_2
CGCACATAGCGTGCAT-1	HTO4	CD22_A11_int_1411
CGCACCCGTATGCTCC-1	HTO1	CD22_m971
CGCACCCGTGCGTCTT-1	HTO5	CD22_B1_nonint_2261
CGCACCCGTGCTTGTC-1	HTO1	CD22_m971
CGCACCCGTGGGATAA-1	HTO5	CD22_B1_nonint_2261
CGCACCCGTGTTGCAG-1	HTO4	CD22_A11_int_1411
CGCACGTCAACTCCCT-1	HTO2	CD22_i61_2
CGCACGTCAATAAGTA-1	HTO2	CD22_i61_2
CGCACTACACTTAACA-1	HTO1	CD22_m971
CGCACTACAGCTTAGT-1	HTO5	CD22_B1_nonint_2261
CGCACTCTCATAGTCG-1	HTO4	CD22_A11_int_1411
CGCACTCTCCCATCGC-1	HTO1	CD22_m971
CGCACTCTCGTGGGTT-1	HTO5	CD22_B1_nonint_2261
CGCACTCTCGTTGTCT-1	HTO3	CD22_A3_nonint_4434
CGCAGCATCAGCCATA-1	HTO2	CD22_i61_2
CGCAGCATCATGTCGA-1	HTO3	CD22_A3_nonint_4434
CGCAGCATCCCTTAGT-1	HTO2	CD22_i61_2
CGCAGCATCCTTAACC-1	HTO3	CD22_A3_nonint_4434
CGCAGCTCACCACAGC-1	HTO5	CD22_B1_nonint_2261
CGCAGCTCACCCACAA-1	HTO5	CD22_B1_nonint_2261
CGCAGCTCAGCACCTA-1	HTO5	CD22_B1_nonint_2261
CGCAGCTCAGGCGTTC-1	HTO3	CD22_A3_nonint_4434
CGCAGGACAACTAATT-1	HTO2	CD22_i61_2
CGCAGGACACCTACCT-1	HTO2	CD22_i61_2
CGCAGGACAGCTAGGG-1	HTO3	CD22_A3_nonint_4434
CGCAGTAGTACAGGTT-1	HTO4	CD22_A11_int_1411
CGCAGTAGTGCTAGAT-1	HTO5	CD22_B1_nonint_2261
CGCAGTCCAAGCATTC-1	HTO2	CD22_i61_2
CGCAGTCCAATATGCC-1	HTO2	CD22_i61_2
CGCAGTCCACAAACCT-1	HTO5	CD22_B1_nonint_2261
CGCAGTCCACTCCTTA-1	HTO5	CD22_B1_nonint_2261
CGCAGTCCAGTTAATT-1	HTO5	CD22_B1_nonint_2261
CGCAGTCCAGTTCGCA-1	HTO4	CD22_A11_int_1411
CGCAGTTAGAGAATCA-1	HTO4	CD22_A11_int_1411
CGCAGTTAGCCACTAA-1	HTO5	CD22_B1_nonint_2261
CGCAGTTAGGGACGGT-1	HTO5	CD22_B1_nonint_2261
CGCAGTTAGGGAGAGG-1	HTO1	CD22_m971
CGCATAATCACAGACC-1	HTO5	CD22_B1_nonint_2261
CGCATAATCACCTTAC-1	HTO5	CD22_B1_nonint_2261
CGCATAATCATAACGT-1	HTO5	CD22_B1_nonint_2261
CGCATAATCATGGCCG-1	HTO5	CD22_B1_nonint_2261
CGCATACAGCAACGTC-1	HTO4	CD22_A11_int_1411
CGCATACAGCGCTATA-1	HTO3	CD22_A3_nonint_4434
CGCATACAGCTGATAT-1	HTO5	CD22_B1_nonint_2261
CGCATAGGTATGCGAT-1	HTO4	CD22_A11_int_1411
CGCATAGGTATGTCGG-1	HTO5	CD22_B1_nonint_2261
CGCATATCAATTCGGT-1	HTO2	CD22_i61_2
CGCATATCACGCCATA-1	HTO3	CD22_A3_nonint_4434
CGCATATCAGTTACTA-1	HTO1	CD22_m971
CGCATCACAACTGCAT-1	HTO2	CD22_i61_2
CGCATCACACATTGGT-1	HTO4	CD22_A11_int_1411
CGCATCGAGAGACATA-1	HTO5	CD22_B1_nonint_2261
CGCATCGAGAGTGGCA-1	HTO3	CD22_A3_nonint_4434
CGCATCGAGCTGGCAT-1	HTO3	CD22_A3_nonint_4434
CGCATCGAGGCTAAGG-1	HTO2	CD22_i61_2
CGCATCGAGGTAGGTG-1	HTO3	CD22_A3_nonint_4434
CGCATCTGTAGGCGGA-1	HTO3	CD22_A3_nonint_4434
CGCATCTGTCTTATGT-1	HTO2	CD22_i61_2
CGCATCTGTGGACTGC-1	HTO3	CD22_A3_nonint_4434
CGCATCTGTGTGGCCG-1	HTO4	CD22_A11_int_1411
CGCATCTGTGTGTCGA-1	HTO1	CD22_m971
CGCATGGTCATCCGCC-1	HTO3	CD22_A3_nonint_4434
CGCATGGTCATTCGCT-1	HTO2	CD22_i61_2
CGCATGGTCCTGAACA-1	HTO2	CD22_i61_2
CGCATGGTCGGCGTAT-1	HTO4	CD22_A11_int_1411
CGCATTAAGAACGACG-1	HTO5	CD22_B1_nonint_2261
CGCATTAAGAATGGTA-1	HTO5	CD22_B1_nonint_2261
CGCATTAAGCACTTTC-1	HTO3	CD22_A3_nonint_4434
CGCATTAAGGGGTACA-1	HTO1	CD22_m971
CGCATTAAGGGGTATG-1	HTO3	CD22_A3_nonint_4434
CGCATTAAGGGTAAGT-1	HTO4	CD22_A11_int_1411
CGCATTCGTACTCAGG-1	HTO4	CD22_A11_int_1411
CGCATTCGTACTCGCT-1	HTO3	CD22_A3_nonint_4434
CGCATTCGTATCGCTC-1	HTO5	CD22_B1_nonint_2261
CGCATTCGTATGAGCT-1	HTO1	CD22_m971
CGCATTCGTCAGGGTC-1	HTO5	CD22_B1_nonint_2261
CGCATTCGTGGACGCT-1	HTO5	CD22_B1_nonint_2261
CGCCAACCAGTCCATG-1	HTO2	CD22_i61_2
CGCCAATAGAAAGCTA-1	HTO3	CD22_A3_nonint_4434
CGCCAATAGAATTCCG-1	HTO5	CD22_B1_nonint_2261
CGCCAATAGACGGAGC-1	HTO1	CD22_m971
CGCCAATAGCCATCAA-1	HTO5	CD22_B1_nonint_2261
CGCCAATAGGCAAGCA-1	HTO2	CD22_i61_2
CGCCAATAGGCCATCG-1	HTO5	CD22_B1_nonint_2261
CGCCAATAGGGGGCAT-1	HTO1	CD22_m971
CGCCAATAGGGTAGTG-1	HTO1	CD22_m971
CGCCACAAGAAGGTTA-1	HTO3	CD22_A3_nonint_4434
CGCCACAAGCTCCTCA-1	HTO3	CD22_A3_nonint_4434
CGCCATACAACGGGAT-1	HTO1	CD22_m971
CGCCATACACCACGTA-1	HTO5	CD22_B1_nonint_2261
CGCCATACACCAGCTA-1	HTO5	CD22_B1_nonint_2261
CGCCATACACTGGAGG-1	HTO2	CD22_i61_2
CGCCATTGTAAACGCT-1	HTO2	CD22_i61_2
CGCCATTGTAGTATTG-1	HTO4	CD22_A11_int_1411
CGCCATTGTCAACCCT-1	HTO3	CD22_A3_nonint_4434
CGCCATTGTCCGCTAT-1	HTO1	CD22_m971
CGCCATTGTCCTGTCG-1	HTO5	CD22_B1_nonint_2261
CGCCATTGTCGAGCGT-1	HTO2	CD22_i61_2
CGCCATTGTGCAAGCC-1	HTO3	CD22_A3_nonint_4434
CGCCCAAAGGCATGGA-1	HTO3	CD22_A3_nonint_4434
CGCCCAAAGGCTCTAA-1	HTO4	CD22_A11_int_1411
CGCCCATTCAGCCAAC-1	HTO3	CD22_A3_nonint_4434
CGCCCATTCAGTATTA-1	HTO4	CD22_A11_int_1411
CGCCCATTCCCGTGTC-1	HTO1	CD22_m971
CGCCCATTCCGACGCA-1	HTO5	CD22_B1_nonint_2261
CGCCCATTCCGTTTCG-1	HTO4	CD22_A11_int_1411
CGCCCATTCGCTCCTA-1	HTO1	CD22_m971
CGCCCGTGTAACAGGA-1	HTO2	CD22_i61_2
CGCCCGTGTAATCTCT-1	HTO4	CD22_A11_int_1411
CGCCCGTGTCACCGTT-1	HTO3	CD22_A3_nonint_4434
CGCCCGTGTCAGTTGG-1	HTO2	CD22_i61_2
CGCCCGTGTGCATCAG-1	HTO5	CD22_B1_nonint_2261
CGCCCGTGTGCCTTTA-1	HTO3	CD22_A3_nonint_4434
CGCCCTAGTACAATTG-1	HTO1	CD22_m971
CGCCCTAGTACAGCAT-1	HTO5	CD22_B1_nonint_2261
CGCCCTAGTACTATTC-1	HTO5	CD22_B1_nonint_2261
CGCCCTAGTCTCTAGC-1	HTO4	CD22_A11_int_1411
CGCCCTAGTGTCTTAT-1	HTO3	CD22_A3_nonint_4434
CGCCGTCGTACCACGA-1	HTO3	CD22_A3_nonint_4434
CGCCGTCGTACCCCTG-1	HTO3	CD22_A3_nonint_4434
CGCCGTCGTAGCGGGA-1	HTO3	CD22_A3_nonint_4434
CGCCGTCGTATTGAGC-1	HTO5	CD22_B1_nonint_2261
CGCCGTCGTCAAGGCC-1	HTO5	CD22_B1_nonint_2261
CGCCGTCGTCGACTCT-1	HTO2	CD22_i61_2
CGCCGTCGTCTAAATG-1	HTO2	CD22_i61_2
CGCCGTTTCAACTATA-1	HTO3	CD22_A3_nonint_4434
CGCCGTTTCACAATTA-1	HTO4	CD22_A11_int_1411
CGCCGTTTCATCGGGT-1	HTO4	CD22_A11_int_1411
CGCCGTTTCATTCATT-1	HTO2	CD22_i61_2
CGCCGTTTCCCCAACC-1	HTO2	CD22_i61_2
CGCCGTTTCCTGGCTC-1	HTO3	CD22_A3_nonint_4434
CGCCGTTTCGCGTTAA-1	HTO1	CD22_m971
CGCCTAACAACACGAA-1	HTO5	CD22_B1_nonint_2261
CGCCTAACAACTCACG-1	HTO4	CD22_A11_int_1411
CGCCTAACACCAGATT-1	HTO2	CD22_i61_2
CGCCTAACACTACTAA-1	HTO1	CD22_m971
CGCCTACTCGGCGTCA-1	HTO1	CD22_m971
CGCCTACTCGTTACTC-1	HTO4	CD22_A11_int_1411
CGCCTAGAGACGACGA-1	HTO1	CD22_m971
CGCCTAGAGAGTGGCA-1	HTO1	CD22_m971
CGCCTAGAGCACGGTT-1	HTO5	CD22_B1_nonint_2261
CGCCTAGAGCCAAAGG-1	HTO2	CD22_i61_2
CGCCTATGTAACTCCC-1	HTO3	CD22_A3_nonint_4434
CGCCTATGTAGTGTAC-1	HTO5	CD22_B1_nonint_2261
CGCCTATGTCCGACAA-1	HTO2	CD22_i61_2
CGCCTATGTCCTATGC-1	HTO5	CD22_B1_nonint_2261
CGCCTATGTCGCGTAA-1	HTO3	CD22_A3_nonint_4434
CGCCTATGTGTTAATG-1	HTO1	CD22_m971
CGCCTGAAGCAAGTTT-1	HTO3	CD22_A3_nonint_4434
CGCCTGAAGCCTTTCG-1	HTO5	CD22_B1_nonint_2261
CGCCTGAAGGGAGATT-1	HTO5	CD22_B1_nonint_2261
CGCCTGAAGGGGCTTT-1	HTO1	CD22_m971
CGCCTGAAGGTCAATT-1	HTO2	CD22_i61_2
CGCCTGAAGGTGTTAT-1	HTO1	CD22_m971
CGCGAAGCAACGTGGG-1	HTO2	CD22_i61_2
CGCGAAGCAACTGCCA-1	HTO1	CD22_m971
CGCGAAGCAAGGACCG-1	HTO4	CD22_A11_int_1411
CGCGAAGCACTGGGCT-1	HTO3	CD22_A3_nonint_4434
CGCGAAGCACTTGACG-1	HTO2	CD22_i61_2
CGCGACTCAAAACGAT-1	HTO3	CD22_A3_nonint_4434
CGCGACTCAACCATAC-1	HTO3	CD22_A3_nonint_4434
CGCGACTCAAGCCATT-1	HTO5	CD22_B1_nonint_2261
CGCGACTCAGGATGAC-1	HTO1	CD22_m971
CGCGACTCAGTGAAAT-1	HTO2	CD22_i61_2
CGCGATTAGAATTCGT-1	HTO3	CD22_A3_nonint_4434
CGCGATTAGACAATGA-1	HTO5	CD22_B1_nonint_2261
CGCGATTAGAGAGAGA-1	HTO1	CD22_m971
CGCGATTAGAGTGTAA-1	HTO3	CD22_A3_nonint_4434
CGCGATTAGCGTTGTA-1	HTO2	CD22_i61_2
CGCGATTAGCTCATGA-1	HTO5	CD22_B1_nonint_2261
CGCGATTAGCTGACCG-1	HTO2	CD22_i61_2
CGCGATTAGGCCCGTA-1	HTO1	CD22_m971
CGCGATTAGGTAAGAC-1	HTO5	CD22_B1_nonint_2261
CGCGCATCAAGCAAAT-1	HTO3	CD22_A3_nonint_4434
CGCGCATCACTACATA-1	HTO5	CD22_B1_nonint_2261
CGCGCTCGTACGGGCT-1	HTO5	CD22_B1_nonint_2261
CGCGCTCGTACTGGGC-1	HTO5	CD22_B1_nonint_2261
CGCGCTCGTAGGATTC-1	HTO5	CD22_B1_nonint_2261
CGCGCTCGTAGTTGCG-1	HTO4	CD22_A11_int_1411
CGCGCTCGTATAAGGG-1	HTO1	CD22_m971
CGCGCTCGTATAATCG-1	HTO1	CD22_m971
CGCGCTCGTATTCGGG-1	HTO5	CD22_B1_nonint_2261
CGCGCTCGTCATCTCA-1	HTO2	CD22_i61_2
CGCGCTCGTGCTAGGC-1	HTO3	CD22_A3_nonint_4434
CGCGGATGTACATAGC-1	HTO1	CD22_m971
CGCGGATGTAGCGGGA-1	HTO2	CD22_i61_2
CGCGGATGTATACTTC-1	HTO5	CD22_B1_nonint_2261
CGCGGATGTCGTTGGA-1	HTO2	CD22_i61_2
CGCGGATGTGTAGCAT-1	HTO5	CD22_B1_nonint_2261
CGCGGTATCAACAGGG-1	HTO5	CD22_B1_nonint_2261
CGCGGTATCAATCTCC-1	HTO2	CD22_i61_2
CGCGGTATCAGACGCT-1	HTO4	CD22_A11_int_1411
CGCGGTATCCCGGCTT-1	HTO3	CD22_A3_nonint_4434
CGCGGTATCGGCCCTT-1	HTO2	CD22_i61_2
CGCGGTATCGTACTTC-1	HTO3	CD22_A3_nonint_4434
CGCGTAAGTACTCGCT-1	HTO4	CD22_A11_int_1411
CGCGTAAGTATACTAG-1	HTO1	CD22_m971
CGCGTAAGTGCCTGCC-1	HTO2	CD22_i61_2
CGCGTAAGTGCGAGAG-1	HTO2	CD22_i61_2
CGCGTAAGTGGGAGCA-1	HTO4	CD22_A11_int_1411
CGCGTAAGTGTGTTGG-1	HTO3	CD22_A3_nonint_4434
CGCGTACCAACATTAT-1	HTO2	CD22_i61_2
CGCGTACCACATGTCG-1	HTO2	CD22_i61_2
CGCGTACCACCTAGAT-1	HTO5	CD22_B1_nonint_2261
CGCGTACCAGTCGGAG-1	HTO3	CD22_A3_nonint_4434
CGCGTATAGATCGTTG-1	HTO5	CD22_B1_nonint_2261
CGCGTATAGCCACGAT-1	HTO2	CD22_i61_2
CGCGTATAGCGTTGGT-1	HTO5	CD22_B1_nonint_2261
CGCGTATAGGGCATGA-1	HTO2	CD22_i61_2
CGCGTATAGGGTACGA-1	HTO2	CD22_i61_2
CGCGTATAGGTGCGTT-1	HTO5	CD22_B1_nonint_2261
CGCGTCAAGAACTTCG-1	HTO2	CD22_i61_2
CGCGTCAAGATCGTTG-1	HTO3	CD22_A3_nonint_4434
CGCGTCAAGCTGATTG-1	HTO3	CD22_A3_nonint_4434
CGCGTCAAGCTGCACG-1	HTO5	CD22_B1_nonint_2261
CGCGTCAAGCTGTTGA-1	HTO3	CD22_A3_nonint_4434
CGCGTCAAGGCAAGCA-1	HTO2	CD22_i61_2
CGCGTCCGTACGTGAT-1	HTO1	CD22_m971
CGCGTCCGTCCCTGAT-1	HTO2	CD22_i61_2
CGCGTCCGTGCCTATC-1	HTO1	CD22_m971
CGCGTGGGTAAGCCCA-1	HTO1	CD22_m971
CGCGTGGGTATATGGC-1	HTO5	CD22_B1_nonint_2261
CGCGTGGGTCAGGCCG-1	HTO2	CD22_i61_2
CGCGTGGGTCGATGGC-1	HTO2	CD22_i61_2
CGCGTGGGTCGGATAT-1	HTO5	CD22_B1_nonint_2261
CGCGTGGGTCGTGAGC-1	HTO3	CD22_A3_nonint_4434
CGCGTTACAACAAGAT-1	HTO1	CD22_m971
CGCGTTACAATATTAC-1	HTO4	CD22_A11_int_1411
CGCGTTACACACGCAC-1	HTO1	CD22_m971
CGCGTTACACACTCTC-1	HTO4	CD22_A11_int_1411
CGCGTTACACTTCGAG-1	HTO5	CD22_B1_nonint_2261
CGCGTTACAGCAACGG-1	HTO2	CD22_i61_2
CGCGTTACAGTCATAC-1	HTO1	CD22_m971
CGCGTTACAGTGCAGG-1	HTO4	CD22_A11_int_1411
CGCGTTACAGTGGGAT-1	HTO2	CD22_i61_2
CGCTAAATCAGGACTC-1	HTO2	CD22_i61_2
CGCTAAATCCAGCCCT-1	HTO3	CD22_A3_nonint_4434
CGCTAAATCCCACATT-1	HTO4	CD22_A11_int_1411
CGCTAAATCCTAAAGT-1	HTO5	CD22_B1_nonint_2261
CGCTAAATCGGCCATG-1	HTO3	CD22_A3_nonint_4434
CGCTAAGGTCTGTCCG-1	HTO4	CD22_A11_int_1411
CGCTAAGGTCTGTCTA-1	HTO2	CD22_i61_2
CGCTAAGGTGGATATC-1	HTO3	CD22_A3_nonint_4434
CGCTACCTCCGGTGCA-1	HTO2	CD22_i61_2
CGCTACCTCGTCCAAA-1	HTO3	CD22_A3_nonint_4434
CGCTATAAGACGGGTA-1	HTO5	CD22_B1_nonint_2261
CGCTATAAGAGGTTAA-1	HTO2	CD22_i61_2
CGCTATAAGATGTGTT-1	HTO5	CD22_B1_nonint_2261
CGCTATAAGATTAAGG-1	HTO2	CD22_i61_2
CGCTATAAGCACGAAG-1	HTO5	CD22_B1_nonint_2261
CGCTATCGTACTTCTG-1	HTO5	CD22_B1_nonint_2261
CGCTATCGTATGGAGA-1	HTO4	CD22_A11_int_1411
CGCTCAACAAACATAA-1	HTO3	CD22_A3_nonint_4434
CGCTCAACAACAATTT-1	HTO3	CD22_A3_nonint_4434
CGCTCAACAATGGCGG-1	HTO1	CD22_m971
CGCTCAACACCTCATC-1	HTO3	CD22_A3_nonint_4434
CGCTCAACACTGACGC-1	HTO3	CD22_A3_nonint_4434
CGCTCGAAGACACGGA-1	HTO2	CD22_i61_2
CGCTCGAAGACGCCAT-1	HTO4	CD22_A11_int_1411
CGCTCGAAGATCCGAC-1	HTO4	CD22_A11_int_1411
CGCTCGAAGGCGCATT-1	HTO3	CD22_A3_nonint_4434
CGCTCGCGTACTGGAT-1	HTO5	CD22_B1_nonint_2261
CGCTCGCGTATCGCTC-1	HTO1	CD22_m971
CGCTCGCGTATGGGTT-1	HTO5	CD22_B1_nonint_2261
CGCTCGCGTCAAAGCT-1	HTO5	CD22_B1_nonint_2261
CGCTCGCGTCATCGCT-1	HTO5	CD22_B1_nonint_2261
CGCTCGCGTGGGATGG-1	HTO5	CD22_B1_nonint_2261
CGCTCTATCAACATTA-1	HTO2	CD22_i61_2
CGCTCTATCAATGTGT-1	HTO2	CD22_i61_2
CGCTCTATCAGGAAAC-1	HTO3	CD22_A3_nonint_4434
CGCTCTATCGTAAATC-1	HTO5	CD22_B1_nonint_2261
CGCTCTGGTACGCCGG-1	HTO4	CD22_A11_int_1411
CGCTCTGGTATATTCC-1	HTO5	CD22_B1_nonint_2261
CGCTCTGGTCGATGGC-1	HTO4	CD22_A11_int_1411
CGCTCTGGTCGGTATG-1	HTO5	CD22_B1_nonint_2261
CGCTCTGGTGCGTAGC-1	HTO5	CD22_B1_nonint_2261
CGCTCTGGTGTCGCTT-1	HTO2	CD22_i61_2
CGCTGACCAAACGAGC-1	HTO3	CD22_A3_nonint_4434
CGCTGACCAGGGCAAT-1	HTO1	CD22_m971
CGCTGATAGCCGCTAG-1	HTO1	CD22_m971
CGCTGATAGCGAACAG-1	HTO2	CD22_i61_2
CGCTGATAGCGGTGTT-1	HTO3	CD22_A3_nonint_4434
CGCTGATAGCTAGTCA-1	HTO1	CD22_m971
CGCTGATAGCTCCGGA-1	HTO3	CD22_A3_nonint_4434
CGCTGATAGCTGTATG-1	HTO2	CD22_i61_2
CGCTGCAAGAAGCGGC-1	HTO4	CD22_A11_int_1411
CGCTGCAAGATACGAA-1	HTO5	CD22_B1_nonint_2261
CGCTGCAAGATAGCGG-1	HTO2	CD22_i61_2
CGCTGCAAGCTATCGA-1	HTO3	CD22_A3_nonint_4434
CGCTGCAAGGTTGCCG-1	HTO5	CD22_B1_nonint_2261
CGCTGCAAGGTTGTGC-1	HTO5	CD22_B1_nonint_2261
CGCTGCCGTAGGCAGG-1	HTO4	CD22_A11_int_1411
CGCTGCCGTCACCCAT-1	HTO2	CD22_i61_2
CGCTGCCGTGGCAATT-1	HTO4	CD22_A11_int_1411
CGCTGCCGTGGGAGCA-1	HTO2	CD22_i61_2
CGCTGGGGTAGCCTTC-1	HTO4	CD22_A11_int_1411
CGCTGGGGTCCAGTTC-1	HTO3	CD22_A3_nonint_4434
CGCTGGGGTCCGTCCA-1	HTO5	CD22_B1_nonint_2261
CGCTGGGGTCCTTTAG-1	HTO1	CD22_m971
CGCTGGGGTCGTTGCT-1	HTO2	CD22_i61_2
CGCTGGGGTGTGCGCG-1	HTO5	CD22_B1_nonint_2261
CGCTGTGAGATTGGTT-1	HTO3	CD22_A3_nonint_4434
CGCTGTGAGCAAGGCA-1	HTO5	CD22_B1_nonint_2261
CGCTGTGAGCATCGAC-1	HTO1	CD22_m971
CGCTGTGAGGGCATAG-1	HTO2	CD22_i61_2
CGCTGTGAGGGCTCAT-1	HTO4	CD22_A11_int_1411
CGCTTCATCAATTGGT-1	HTO5	CD22_B1_nonint_2261
CGCTTCATCATGAATC-1	HTO3	CD22_A3_nonint_4434
CGCTTCATCCATGCTT-1	HTO4	CD22_A11_int_1411
CGCTTCATCCCTTCTC-1	HTO4	CD22_A11_int_1411
CGCTTCATCCGAAACC-1	HTO1	CD22_m971
CGCTTCGGTAACATGC-1	HTO1	CD22_m971
CGCTTCGGTAACCCCT-1	HTO3	CD22_A3_nonint_4434
CGCTTGCTCAAACTAC-1	HTO5	CD22_B1_nonint_2261
CGCTTGCTCATGAATC-1	HTO5	CD22_B1_nonint_2261
CGCTTGCTCCCTAGTT-1	HTO3	CD22_A3_nonint_4434
CGCTTGCTCCTCAGCC-1	HTO3	CD22_A3_nonint_4434
CGCTTGCTCCTTAATT-1	HTO5	CD22_B1_nonint_2261
CGCTTGCTCGCCATAA-1	HTO2	CD22_i61_2
CGCTTGGAGAAGCTAA-1	HTO4	CD22_A11_int_1411
CGCTTGGAGACCAGGA-1	HTO5	CD22_B1_nonint_2261
CGCTTGTGTATGAGCT-1	HTO5	CD22_B1_nonint_2261
CGCTTGTGTCAGGCCG-1	HTO2	CD22_i61_2
CGCTTGTGTCCCTGAT-1	HTO1	CD22_m971
CGCTTGTGTCTTATGT-1	HTO2	CD22_i61_2
CGCTTTAGTCTGATAA-1	HTO5	CD22_B1_nonint_2261
CGCTTTAGTCTTGTGC-1	HTO2	CD22_i61_2
CGCTTTAGTGCACAGC-1	HTO1	CD22_m971
CGCTTTAGTGCTTAGG-1	HTO1	CD22_m971
CGCTTTAGTGGCTTTC-1	HTO3	CD22_A3_nonint_4434
CGCTTTAGTGTAGTGT-1	HTO2	CD22_i61_2
CGCTTTCCAAACATTT-1	HTO5	CD22_B1_nonint_2261
CGCTTTCCAAATGCGA-1	HTO4	CD22_A11_int_1411
CGCTTTCCAACCTAGT-1	HTO5	CD22_B1_nonint_2261
CGCTTTCCAACGGTCC-1	HTO4	CD22_A11_int_1411
CGCTTTCCAATCGCGC-1	HTO4	CD22_A11_int_1411
CGGAAACCAAAATGAC-1	HTO4	CD22_A11_int_1411
CGGAAACCACGTTATA-1	HTO4	CD22_A11_int_1411
CGGAAAGTCAAGCTTG-1	HTO3	CD22_A3_nonint_4434
CGGAAAGTCAAGTCCA-1	HTO1	CD22_m971
CGGAAAGTCATAGGGG-1	HTO5	CD22_B1_nonint_2261
CGGAAAGTCCAGCATA-1	HTO3	CD22_A3_nonint_4434
CGGAAAGTCGCATCGG-1	HTO4	CD22_A11_int_1411
CGGAATCTCACCACAA-1	HTO5	CD22_B1_nonint_2261
CGGAATCTCACCTCAT-1	HTO2	CD22_i61_2
CGGAATCTCATACTCC-1	HTO5	CD22_B1_nonint_2261
CGGAATCTCCAGCTCC-1	HTO1	CD22_m971
CGGAATCTCCCGACTC-1	HTO5	CD22_B1_nonint_2261
CGGAATCTCGCGGTTG-1	HTO1	CD22_m971
CGGAATCTCGGCGTCA-1	HTO2	CD22_i61_2
CGGAATCTCGGTCCCT-1	HTO5	CD22_B1_nonint_2261
CGGAATGAGAAACTAG-1	HTO5	CD22_B1_nonint_2261
CGGAATGAGAAGGTTA-1	HTO1	CD22_m971
CGGAATGAGACGAACG-1	HTO5	CD22_B1_nonint_2261
CGGAATGAGATCCTAG-1	HTO1	CD22_m971
CGGAATGAGCATGTTG-1	HTO5	CD22_B1_nonint_2261
CGGAATGAGCCGTATA-1	HTO5	CD22_B1_nonint_2261
CGGAATGAGCTCCTCA-1	HTO2	CD22_i61_2
CGGAATGAGGCAACAG-1	HTO1	CD22_m971
CGGAATTGTAGTGAGA-1	HTO2	CD22_i61_2
CGGAATTGTCCCAATC-1	HTO2	CD22_i61_2
CGGAATTGTGTCCTTA-1	HTO5	CD22_B1_nonint_2261
CGGACATTCACACCTT-1	HTO2	CD22_i61_2
CGGACATTCAGTCAGC-1	HTO3	CD22_A3_nonint_4434
CGGACATTCGGGCTAT-1	HTO5	CD22_B1_nonint_2261
CGGACCATCAGGGGTA-1	HTO4	CD22_A11_int_1411
CGGACCATCATGCGGT-1	HTO1	CD22_m971
CGGACCATCCAGCTCC-1	HTO5	CD22_B1_nonint_2261
CGGACCATCGTATCAG-1	HTO5	CD22_B1_nonint_2261
CGGACCTCAAAACCGA-1	HTO2	CD22_i61_2
CGGACCTCAAAGGCCG-1	HTO3	CD22_A3_nonint_4434
CGGACCTCACTATTCT-1	HTO1	CD22_m971
CGGACCTCAGCCTTTC-1	HTO5	CD22_B1_nonint_2261
CGGATAGAGAAACGGT-1	HTO1	CD22_m971
CGGATAGAGACCAATT-1	HTO1	CD22_m971
CGGATAGAGCCATAGC-1	HTO3	CD22_A3_nonint_4434
CGGATAGAGGTATGTT-1	HTO3	CD22_A3_nonint_4434
CGGATATGTACCCATC-1	HTO5	CD22_B1_nonint_2261
CGGATATGTAGCGTCA-1	HTO1	CD22_m971
CGGATATGTCCGCCTA-1	HTO1	CD22_m971
CGGATATGTGCATTGG-1	HTO2	CD22_i61_2
CGGATATGTGGATGTT-1	HTO1	CD22_m971
CGGATATGTGGGTGAG-1	HTO4	CD22_A11_int_1411
CGGATATGTGTACTCC-1	HTO1	CD22_m971
CGGATATGTGTGTCTC-1	HTO1	CD22_m971
CGGATTCAGAGGCGAC-1	HTO4	CD22_A11_int_1411
CGGATTCAGCACCTCC-1	HTO4	CD22_A11_int_1411
CGGATTCAGCATATCG-1	HTO2	CD22_i61_2
CGGATTCAGGCATCGT-1	HTO3	CD22_A3_nonint_4434
CGGATTCAGGCTGTCG-1	HTO3	CD22_A3_nonint_4434
CGGATTCAGGCTTTGA-1	HTO2	CD22_i61_2
CGGATTCAGGTCTACA-1	HTO5	CD22_B1_nonint_2261
CGGCAAGCAATTCGTA-1	HTO5	CD22_B1_nonint_2261
CGGCAAGCACATAGCT-1	HTO2	CD22_i61_2
CGGCAAGCACCTTGAG-1	HTO2	CD22_i61_2
CGGCAAGCACGTCGGT-1	HTO5	CD22_B1_nonint_2261
CGGCAAGCACTATAGC-1	HTO2	CD22_i61_2
CGGCAAGCAGGATTTC-1	HTO2	CD22_i61_2
CGGCAAGCAGTATCAC-1	HTO4	CD22_A11_int_1411
CGGCAATTCAGGCCAT-1	HTO5	CD22_B1_nonint_2261
CGGCAATTCCAATATA-1	HTO1	CD22_m971
CGGCAATTCCAGTATG-1	HTO3	CD22_A3_nonint_4434
CGGCAATTCCGATAGC-1	HTO4	CD22_A11_int_1411
CGGCAATTCGCGGCTA-1	HTO3	CD22_A3_nonint_4434
CGGCACATCAAACCGC-1	HTO2	CD22_i61_2
CGGCACATCAAGGTAA-1	HTO5	CD22_B1_nonint_2261
CGGCACATCACAGTTG-1	HTO2	CD22_i61_2
CGGCACATCATAGCGC-1	HTO2	CD22_i61_2
CGGCACATCCCTGATT-1	HTO5	CD22_B1_nonint_2261
CGGCACATCCGCTTCA-1	HTO1	CD22_m971
CGGCACTCAAGGTAAT-1	HTO5	CD22_B1_nonint_2261
CGGCACTCACGGCTAC-1	HTO5	CD22_B1_nonint_2261
CGGCACTCAGGAATCA-1	HTO3	CD22_A3_nonint_4434
CGGCACTCAGGTAGCG-1	HTO4	CD22_A11_int_1411
CGGCATGTCAAGCACC-1	HTO4	CD22_A11_int_1411
CGGCATGTCACTCTTA-1	HTO2	CD22_i61_2
CGGCATGTCATGGCTA-1	HTO4	CD22_A11_int_1411
CGGCATGTCCAGTCAA-1	HTO2	CD22_i61_2
CGGCATGTCGTCAACA-1	HTO4	CD22_A11_int_1411
CGGCATTAGCACCTCC-1	HTO4	CD22_A11_int_1411
CGGCATTAGGGAATTA-1	HTO2	CD22_i61_2
CGGCATTAGGGCTAGA-1	HTO2	CD22_i61_2
CGGCCTAAGAATGGCG-1	HTO4	CD22_A11_int_1411
CGGCCTAAGACAGTTT-1	HTO1	CD22_m971
CGGCCTAAGACATAAG-1	HTO2	CD22_i61_2
CGGCCTAAGCATAGCC-1	HTO5	CD22_B1_nonint_2261
CGGCCTAAGGCGTCAT-1	HTO5	CD22_B1_nonint_2261
CGGCCTAAGGGATTAA-1	HTO1	CD22_m971
CGGCCTAAGGGCGAGT-1	HTO2	CD22_i61_2
CGGCCTTTCCAACAGC-1	HTO2	CD22_i61_2
CGGCCTTTCCAATGCA-1	HTO1	CD22_m971
CGGCCTTTCCAGCAAC-1	HTO2	CD22_i61_2
CGGCCTTTCCGGCACA-1	HTO5	CD22_B1_nonint_2261
CGGCGTATCAACTCCT-1	HTO5	CD22_B1_nonint_2261
CGGCGTATCACAGCGT-1	HTO2	CD22_i61_2
CGGCGTATCACCACAA-1	HTO4	CD22_A11_int_1411
CGGCGTATCCGAAGTC-1	HTO5	CD22_B1_nonint_2261
CGGCGTATCCGCTCTA-1	HTO1	CD22_m971
CGGCGTATCGCGCGTA-1	HTO5	CD22_B1_nonint_2261
CGGCTACCAACGTGGG-1	HTO5	CD22_B1_nonint_2261
CGGCTACCAAGAGATT-1	HTO4	CD22_A11_int_1411
CGGCTCCGTAACCGGC-1	HTO2	CD22_i61_2
CGGCTCCGTACTATGA-1	HTO1	CD22_m971
CGGCTCCGTCGACTCT-1	HTO5	CD22_B1_nonint_2261
CGGCTGGGTACATAGC-1	HTO1	CD22_m971
CGGCTGGGTACGGTGC-1	HTO4	CD22_A11_int_1411
CGGCTGGGTAGTTTAG-1	HTO2	CD22_i61_2
CGGCTGGGTCGATCAG-1	HTO5	CD22_B1_nonint_2261
CGGCTGGGTGCGTTTC-1	HTO3	CD22_A3_nonint_4434
CGGCTGGGTGTCTGAG-1	HTO5	CD22_B1_nonint_2261
CGGCTTACAAAATCCC-1	HTO2	CD22_i61_2
CGGCTTACAATACGGA-1	HTO3	CD22_A3_nonint_4434
CGGCTTACACTCATTT-1	HTO4	CD22_A11_int_1411
CGGCTTACAGCAGTAA-1	HTO3	CD22_A3_nonint_4434
CGGCTTCTCATGCAAT-1	HTO3	CD22_A3_nonint_4434
CGGCTTCTCCGATCGG-1	HTO3	CD22_A3_nonint_4434
CGGCTTCTCCTCGCAC-1	HTO4	CD22_A11_int_1411
CGGCTTGAGACCTACA-1	HTO2	CD22_i61_2
CGGCTTGAGCAATACT-1	HTO4	CD22_A11_int_1411
CGGCTTGAGCATCTAG-1	HTO1	CD22_m971
CGGCTTGAGCTGATTG-1	HTO5	CD22_B1_nonint_2261
CGGCTTGAGCTGTGCG-1	HTO2	CD22_i61_2
CGGCTTGAGGGCTTCG-1	HTO2	CD22_i61_2
CGGGAAATCAAAGTTC-1	HTO2	CD22_i61_2
CGGGAAATCATCGCCC-1	HTO4	CD22_A11_int_1411
CGGGAAATCCCAATAG-1	HTO1	CD22_m971
CGGGAAATCCCTATTA-1	HTO1	CD22_m971
CGGGAAATCCTCTGGC-1	HTO4	CD22_A11_int_1411
CGGGATAAGCAACCCG-1	HTO4	CD22_A11_int_1411
CGGGATAAGCAAGCCT-1	HTO5	CD22_B1_nonint_2261
CGGGATAAGCGACGTT-1	HTO3	CD22_A3_nonint_4434
CGGGATAAGCGTGAGA-1	HTO1	CD22_m971
CGGGATTTCAAATCAC-1	HTO4	CD22_A11_int_1411
CGGGATTTCACCAACA-1	HTO2	CD22_i61_2
CGGGATTTCAGCATAT-1	HTO5	CD22_B1_nonint_2261
CGGGATTTCATCGGGT-1	HTO4	CD22_A11_int_1411
CGGGCATGTGGAGTGG-1	HTO3	CD22_A3_nonint_4434
CGGGGATAGAACTTCG-1	HTO4	CD22_A11_int_1411
CGGGGATAGAATTCGT-1	HTO2	CD22_i61_2
CGGGGATAGATCGGTC-1	HTO3	CD22_A3_nonint_4434
CGGGGATAGCAGCCAT-1	HTO3	CD22_A3_nonint_4434
CGGGGTACACCGTTTC-1	HTO2	CD22_i61_2
CGGGGTACACGTAAAG-1	HTO5	CD22_B1_nonint_2261
CGGGGTACAGCGTATT-1	HTO2	CD22_i61_2
CGGGGTACAGGTTTAC-1	HTO3	CD22_A3_nonint_4434
CGGGGTACAGTACGAA-1	HTO3	CD22_A3_nonint_4434
CGGGGTTGTCACTAGG-1	HTO3	CD22_A3_nonint_4434
CGGGGTTGTGGGGAAT-1	HTO3	CD22_A3_nonint_4434
CGGGTAAAGCAATCCA-1	HTO3	CD22_A3_nonint_4434
CGGGTAAAGGGAATTA-1	HTO4	CD22_A11_int_1411
CGGGTACGTAAGTGTC-1	HTO3	CD22_A3_nonint_4434
CGGGTACGTACCTGCT-1	HTO3	CD22_A3_nonint_4434
CGGGTACGTCACACCT-1	HTO5	CD22_B1_nonint_2261
CGGGTACGTCCAACCT-1	HTO1	CD22_m971
CGGGTACGTCGCTGCC-1	HTO5	CD22_B1_nonint_2261
CGGGTACGTCTCGATC-1	HTO3	CD22_A3_nonint_4434
CGGGTACGTGTGCATG-1	HTO3	CD22_A3_nonint_4434
CGGGTAGCAAGGACCG-1	HTO5	CD22_B1_nonint_2261
CGGGTAGCAAGGTTTC-1	HTO5	CD22_B1_nonint_2261
CGGGTAGCAATTCGTA-1	HTO3	CD22_A3_nonint_4434
CGGGTAGCACCTCTAC-1	HTO5	CD22_B1_nonint_2261
CGGGTAGCACGCGTAC-1	HTO5	CD22_B1_nonint_2261
CGGGTAGCAGCAGCCT-1	HTO1	CD22_m971
CGGGTATTCACAGGTC-1	HTO5	CD22_B1_nonint_2261
CGGGTATTCATCCTTA-1	HTO5	CD22_B1_nonint_2261
CGGGTATTCCGCCCAT-1	HTO2	CD22_i61_2
CGGGTATTCCTCTAAC-1	HTO5	CD22_B1_nonint_2261
CGGGTATTCGCGTCAG-1	HTO3	CD22_A3_nonint_4434
CGGGTATTCGTAGTTG-1	HTO2	CD22_i61_2
CGGGTCATCAGTGCTA-1	HTO4	CD22_A11_int_1411
CGGGTCATCGCAATAT-1	HTO1	CD22_m971
CGGGTCATCGCTTATC-1	HTO3	CD22_A3_nonint_4434
CGGGTCTCAAATGAAC-1	HTO2	CD22_i61_2
CGGGTCTCAAGAGGGA-1	HTO3	CD22_A3_nonint_4434
CGGGTCTCACCAGCTA-1	HTO1	CD22_m971
CGGGTCTCACCTACTC-1	HTO1	CD22_m971
CGGGTCTCACGCTTTC-1	HTO3	CD22_A3_nonint_4434
CGGGTCTCAGGACTAA-1	HTO2	CD22_i61_2
CGGGTCTCAGGCTCTA-1	HTO4	CD22_A11_int_1411
CGGGTTAGTAAGTTTG-1	HTO1	CD22_m971
CGGGTTAGTCAGGCCG-1	HTO3	CD22_A3_nonint_4434
CGGGTTAGTCCGCTAT-1	HTO3	CD22_A3_nonint_4434
CGGGTTAGTCTAACTT-1	HTO3	CD22_A3_nonint_4434
CGGGTTAGTCTAAGCG-1	HTO4	CD22_A11_int_1411
CGGGTTAGTGGATATC-1	HTO5	CD22_B1_nonint_2261
CGGGTTAGTGGCGTGT-1	HTO5	CD22_B1_nonint_2261
CGGGTTAGTGTTCGAG-1	HTO1	CD22_m971
CGGGTTTAGAACTAAG-1	HTO3	CD22_A3_nonint_4434
CGGGTTTAGCCGTAGT-1	HTO2	CD22_i61_2
CGGTAACTCGTGGGTT-1	HTO1	CD22_m971
CGGTATATCAATTGGT-1	HTO2	CD22_i61_2
CGGTATATCACCATCT-1	HTO3	CD22_A3_nonint_4434
CGGTATATCACCCGCT-1	HTO5	CD22_B1_nonint_2261
CGGTATATCAGCGTGT-1	HTO3	CD22_A3_nonint_4434
CGGTATATCGCAATTG-1	HTO3	CD22_A3_nonint_4434
CGGTATATCGCGTAAC-1	HTO3	CD22_A3_nonint_4434
CGGTATGGTCCGCATT-1	HTO2	CD22_i61_2
CGGTATGGTGGACGGA-1	HTO2	CD22_i61_2
CGGTATGGTGTCGAAT-1	HTO5	CD22_B1_nonint_2261
CGGTATTCAAGGCCGA-1	HTO1	CD22_m971
CGGTATTCACCGCTAA-1	HTO2	CD22_i61_2
CGGTATTCACGCTCAA-1	HTO3	CD22_A3_nonint_4434
CGGTATTCAGTCCACA-1	HTO2	CD22_i61_2
CGGTATTCAGTTCGCA-1	HTO1	CD22_m971
CGGTCAGTCCGTTACT-1	HTO3	CD22_A3_nonint_4434
CGGTCAGTCGTCGCTC-1	HTO5	CD22_B1_nonint_2261
CGGTCATAGAGGCTGA-1	HTO1	CD22_m971
CGGTCATAGATCCGAC-1	HTO3	CD22_A3_nonint_4434
CGGTCATAGCTCGGCA-1	HTO4	CD22_A11_int_1411
CGGTCATAGGTATTCG-1	HTO2	CD22_i61_2
CGGTCATAGGTCCCGA-1	HTO5	CD22_B1_nonint_2261
CGGTCCAAGACCCATA-1	HTO5	CD22_B1_nonint_2261
CGGTCCTTCATGGTCA-1	HTO4	CD22_A11_int_1411
CGGTCCTTCCGTATAG-1	HTO3	CD22_A3_nonint_4434
CGGTCCTTCCTCGGGA-1	HTO3	CD22_A3_nonint_4434
CGGTCGATCAATATGC-1	HTO4	CD22_A11_int_1411
CGGTCGATCACTATCC-1	HTO3	CD22_A3_nonint_4434
CGGTCGATCATACCCT-1	HTO1	CD22_m971
CGGTCGATCATATTAG-1	HTO5	CD22_B1_nonint_2261
CGGTCGATCCATCTAC-1	HTO3	CD22_A3_nonint_4434
CGGTCGATCGCAACGT-1	HTO2	CD22_i61_2
CGGTCGTCAACGCGAG-1	HTO4	CD22_A11_int_1411
CGGTCGTCACTGGGAG-1	HTO5	CD22_B1_nonint_2261
CGGTCGTCAGCAAGAC-1	HTO1	CD22_m971
CGGTCGTCAGTCTTCC-1	HTO5	CD22_B1_nonint_2261
CGGTGCATCAACTCCT-1	HTO3	CD22_A3_nonint_4434
CGGTGCATCCTAGCTT-1	HTO1	CD22_m971
CGGTGCATCCTCCTTC-1	HTO5	CD22_B1_nonint_2261
CGGTGCTCACCCAACA-1	HTO4	CD22_A11_int_1411
CGGTGCTCAGCATTCG-1	HTO2	CD22_i61_2
CGGTGCTCAGCTTCAG-1	HTO5	CD22_B1_nonint_2261
CGGTGCTCAGGTTTCG-1	HTO1	CD22_m971
CGGTGTAGTAGCCCTT-1	HTO5	CD22_B1_nonint_2261
CGGTGTAGTATCCAGG-1	HTO1	CD22_m971
CGGTGTAGTCTTCAAT-1	HTO1	CD22_m971
CGGTGTAGTGTCTGAG-1	HTO1	CD22_m971
CGGTGTCCAGGAATCA-1	HTO3	CD22_A3_nonint_4434
CGGTGTCCAGGCGTAG-1	HTO5	CD22_B1_nonint_2261
CGGTGTTAGACTATCG-1	HTO5	CD22_B1_nonint_2261
CGGTGTTAGGGGTTAG-1	HTO3	CD22_A3_nonint_4434
CGGTTAATCATTGTAA-1	HTO4	CD22_A11_int_1411
CGGTTAATCCTCCGGT-1	HTO4	CD22_A11_int_1411
CGGTTACAGAATGGGT-1	HTO2	CD22_i61_2
CGGTTACAGATCCCAA-1	HTO2	CD22_i61_2
CGGTTACAGCTGGGTT-1	HTO1	CD22_m971
CGGTTACAGGCGATAG-1	HTO5	CD22_B1_nonint_2261
CGGTTACAGGCTACAC-1	HTO5	CD22_B1_nonint_2261
CGGTTACAGGGCGTAA-1	HTO4	CD22_A11_int_1411
CGGTTACAGGTAATTC-1	HTO5	CD22_B1_nonint_2261
CGGTTAGGTAAAGCGA-1	HTO1	CD22_m971
CGGTTAGGTGCTACAG-1	HTO3	CD22_A3_nonint_4434
CGGTTCGAGAATGTTC-1	HTO2	CD22_i61_2
CGGTTCGAGAGTGCAG-1	HTO2	CD22_i61_2
CGGTTCGAGCACGAAG-1	HTO5	CD22_B1_nonint_2261
CGGTTCGAGCTATTGG-1	HTO1	CD22_m971
CGGTTCGAGGTTGTGC-1	HTO3	CD22_A3_nonint_4434
CGGTTCTGTACTCCCG-1	HTO4	CD22_A11_int_1411
CGGTTCTGTAGGACCC-1	HTO5	CD22_B1_nonint_2261
CGGTTCTGTAGTGAGA-1	HTO5	CD22_B1_nonint_2261
CGGTTCTGTATTCAGA-1	HTO5	CD22_B1_nonint_2261
CGGTTCTGTCAGCCCC-1	HTO2	CD22_i61_2
CGGTTCTGTCCATCCG-1	HTO1	CD22_m971
CGGTTCTGTCCTCGAT-1	HTO2	CD22_i61_2
CGGTTCTGTCGGTTTC-1	HTO5	CD22_B1_nonint_2261
CGGTTCTGTGCCCCTA-1	HTO4	CD22_A11_int_1411
CGGTTCTGTGCGTATG-1	HTO2	CD22_i61_2
CGGTTTAAGACGAAGT-1	HTO2	CD22_i61_2
CGGTTTAAGATACCCA-1	HTO3	CD22_A3_nonint_4434
CGGTTTAAGCTGCAAC-1	HTO5	CD22_B1_nonint_2261
CGGTTTAAGGTCATCA-1	HTO3	CD22_A3_nonint_4434
CGGTTTCGTAGGACTT-1	HTO1	CD22_m971
CGGTTTCGTAGGGCGA-1	HTO5	CD22_B1_nonint_2261
CGGTTTCGTCACACTC-1	HTO2	CD22_i61_2
CGGTTTCGTCCATTCA-1	HTO2	CD22_i61_2
CGGTTTCGTGCCTTTA-1	HTO1	CD22_m971
CGGTTTCGTGTCGTAG-1	HTO2	CD22_i61_2
CGTAAAGCAAGGTTCT-1	HTO4	CD22_A11_int_1411
CGTAAAGCACCACTAG-1	HTO4	CD22_A11_int_1411
CGTAAAGCAGCTGTAT-1	HTO3	CD22_A3_nonint_4434
CGTAAAGCAGGACGCA-1	HTO4	CD22_A11_int_1411
CGTAAATTCACTCTTA-1	HTO5	CD22_B1_nonint_2261
CGTAAATTCACTTCTA-1	HTO2	CD22_i61_2
CGTAAATTCCAATTCC-1	HTO1	CD22_m971
CGTAAATTCCGAATGC-1	HTO4	CD22_A11_int_1411
CGTAAATTCCTCCAAT-1	HTO3	CD22_A3_nonint_4434
CGTAAATTCGCACAAC-1	HTO4	CD22_A11_int_1411
CGTAAATTCGTGCAAC-1	HTO1	CD22_m971
CGTAACATCACTCCCA-1	HTO3	CD22_A3_nonint_4434
CGTAACATCACTTCTA-1	HTO1	CD22_m971
CGTAACATCATACTCC-1	HTO4	CD22_A11_int_1411
CGTAACATCATGGGCT-1	HTO3	CD22_A3_nonint_4434
CGTAACATCATTCGCT-1	HTO2	CD22_i61_2
CGTAACATCCTCGAAA-1	HTO3	CD22_A3_nonint_4434
CGTAACATCCTCGTCA-1	HTO5	CD22_B1_nonint_2261
CGTAACATCGTCAACA-1	HTO3	CD22_A3_nonint_4434
CGTAACCAGAGCGTGA-1	HTO3	CD22_A3_nonint_4434
CGTAACCAGATAGTGA-1	HTO4	CD22_A11_int_1411
CGTAACCAGCGCAGTT-1	HTO3	CD22_A3_nonint_4434
CGTAACCAGGTGTATT-1	HTO5	CD22_B1_nonint_2261
CGTAACTCAAGCGTCC-1	HTO4	CD22_A11_int_1411
CGTAACTCAATAAGTA-1	HTO3	CD22_A3_nonint_4434
CGTAACTCACAACATC-1	HTO4	CD22_A11_int_1411
CGTAACTCACACATAC-1	HTO2	CD22_i61_2
CGTAACTCACTCTAGG-1	HTO2	CD22_i61_2
CGTAATAGTATAGTGC-1	HTO3	CD22_A3_nonint_4434
CGTAATAGTCAATCGG-1	HTO5	CD22_B1_nonint_2261
CGTAATAGTCAGGGTC-1	HTO2	CD22_i61_2
CGTAATAGTCCAGTGA-1	HTO2	CD22_i61_2
CGTAATAGTCGTAGAT-1	HTO1	CD22_m971
CGTAATAGTGCACGTA-1	HTO2	CD22_i61_2
CGTAATAGTGGTGTAT-1	HTO5	CD22_B1_nonint_2261
CGTAATCCAATTCATG-1	HTO4	CD22_A11_int_1411
CGTAATCCACACTATA-1	HTO3	CD22_A3_nonint_4434
CGTAATCCAGCACGCT-1	HTO1	CD22_m971
CGTAATTAGCATGCCG-1	HTO1	CD22_m971
CGTACAATCAACATTA-1	HTO2	CD22_i61_2
CGTACAATCATCGCTT-1	HTO1	CD22_m971
CGTACAATCATGGGTC-1	HTO3	CD22_A3_nonint_4434
CGTACAATCATTCAAA-1	HTO4	CD22_A11_int_1411
CGTACACAGATCTTGG-1	HTO5	CD22_B1_nonint_2261
CGTACACAGCAGTATT-1	HTO4	CD22_A11_int_1411
CGTACACAGCATATCG-1	HTO1	CD22_m971
CGTACACAGCGCATCG-1	HTO5	CD22_B1_nonint_2261
CGTACACAGGCATTCA-1	HTO3	CD22_A3_nonint_4434
CGTACACAGGGCCATT-1	HTO5	CD22_B1_nonint_2261
CGTACAGGTCGCCATT-1	HTO1	CD22_m971
CGTACAGGTCGGTTCT-1	HTO5	CD22_B1_nonint_2261
CGTACAGGTCTGTTAT-1	HTO4	CD22_A11_int_1411
CGTACAGGTGCTCGGG-1	HTO5	CD22_B1_nonint_2261
CGTACATCAAATATTC-1	HTO4	CD22_A11_int_1411
CGTACATCACAACATC-1	HTO5	CD22_B1_nonint_2261
CGTACATCACCAGATT-1	HTO3	CD22_A3_nonint_4434
CGTACATCAGCATCAT-1	HTO5	CD22_B1_nonint_2261
CGTACATCAGGACTAA-1	HTO1	CD22_m971
CGTACCGAGAATGTAG-1	HTO1	CD22_m971
CGTACCGAGACGCCAT-1	HTO5	CD22_B1_nonint_2261
CGTACCGAGAGGCAGC-1	HTO2	CD22_i61_2
CGTACCGAGATGGAGT-1	HTO5	CD22_B1_nonint_2261
CGTACCGAGATGTAGA-1	HTO4	CD22_A11_int_1411
CGTACCGAGCAAGCTC-1	HTO2	CD22_i61_2
CGTACCGAGCGAATTT-1	HTO3	CD22_A3_nonint_4434
CGTACCGAGCTAATCG-1	HTO5	CD22_B1_nonint_2261
CGTACCTGTACTACAA-1	HTO3	CD22_A3_nonint_4434
CGTACCTGTATCTTCG-1	HTO3	CD22_A3_nonint_4434
CGTACCTGTCTACAGG-1	HTO2	CD22_i61_2
CGTACCTGTGCGTCTT-1	HTO5	CD22_B1_nonint_2261
CGTACCTGTGGGGATG-1	HTO5	CD22_B1_nonint_2261
CGTACCTGTGGGGTCT-1	HTO4	CD22_A11_int_1411
CGTACGCCAACTATCA-1	HTO1	CD22_m971
CGTACGCCAATCGGGG-1	HTO5	CD22_B1_nonint_2261
CGTACGCCACCGCATA-1	HTO3	CD22_A3_nonint_4434
CGTACGCCAGTGTCGC-1	HTO2	CD22_i61_2
CGTACGTAGAAACTAG-1	HTO3	CD22_A3_nonint_4434
CGTACGTAGCAACCCG-1	HTO3	CD22_A3_nonint_4434
CGTACGTAGCATTTCC-1	HTO2	CD22_i61_2
CGTACGTAGGGCATAG-1	HTO1	CD22_m971
CGTAGAACAACATCAC-1	HTO3	CD22_A3_nonint_4434
CGTAGAACAACTTCAA-1	HTO2	CD22_i61_2
CGTAGAACACATTCGG-1	HTO1	CD22_m971
CGTAGAACACCCTTTA-1	HTO2	CD22_i61_2
CGTAGAGAGAATTTGC-1	HTO3	CD22_A3_nonint_4434
CGTAGAGAGACAAGAC-1	HTO3	CD22_A3_nonint_4434
CGTAGAGAGATAATCC-1	HTO1	CD22_m971
CGTAGAGAGCCATTTC-1	HTO4	CD22_A11_int_1411
CGTAGAGAGCGTTGAC-1	HTO1	CD22_m971
CGTAGAGAGCTATAAC-1	HTO1	CD22_m971
CGTAGAGAGGCGAGTA-1	HTO5	CD22_B1_nonint_2261
CGTAGAGAGGGGCTTT-1	HTO5	CD22_B1_nonint_2261
CGTAGATGTAAGGAAT-1	HTO2	CD22_i61_2
CGTAGATGTCCTAGTC-1	HTO1	CD22_m971
CGTAGATGTCTAATTC-1	HTO4	CD22_A11_int_1411
CGTAGATGTGGCGTTA-1	HTO3	CD22_A3_nonint_4434
CGTAGATGTGGTTCGA-1	HTO1	CD22_m971
CGTAGCCCAATGACGA-1	HTO3	CD22_A3_nonint_4434
CGTAGCCCACTAACGT-1	HTO3	CD22_A3_nonint_4434
CGTAGCCCAGTGCGAG-1	HTO2	CD22_i61_2
CGTAGCTAGAGGCCAA-1	HTO3	CD22_A3_nonint_4434
CGTAGCTAGCTGCTAA-1	HTO4	CD22_A11_int_1411
CGTAGCTAGGCGTGAA-1	HTO1	CD22_m971
CGTAGCTAGGGTACGA-1	HTO1	CD22_m971
CGTAGCTAGGGTCTGT-1	HTO3	CD22_A3_nonint_4434
CGTAGCTAGGTCCGCA-1	HTO5	CD22_B1_nonint_2261
CGTAGCTAGGTGGGTA-1	HTO3	CD22_A3_nonint_4434
CGTAGGCGTAAAGCCT-1	HTO5	CD22_B1_nonint_2261
CGTAGGCGTACGGTTG-1	HTO1	CD22_m971
CGTAGGCGTAGCCAGC-1	HTO5	CD22_B1_nonint_2261
CGTAGGCGTCTATTCG-1	HTO3	CD22_A3_nonint_4434
CGTAGGCGTGCGATGC-1	HTO3	CD22_A3_nonint_4434
CGTAGGCGTGCTACAG-1	HTO5	CD22_B1_nonint_2261
CGTAGGCGTGTTCTCA-1	HTO1	CD22_m971
CGTAGGGCACCCTAAG-1	HTO5	CD22_B1_nonint_2261
CGTAGTGGTAGCCAGC-1	HTO3	CD22_A3_nonint_4434
CGTAGTGGTAGTTAGC-1	HTO1	CD22_m971
CGTAGTGGTCGATTGG-1	HTO2	CD22_i61_2
CGTAGTGGTCGCTCGC-1	HTO2	CD22_i61_2
CGTAGTGGTCTGGAAT-1	HTO2	CD22_i61_2
CGTATAAGTACCTATT-1	HTO5	CD22_B1_nonint_2261
CGTATAAGTACGGTGC-1	HTO3	CD22_A3_nonint_4434
CGTATAAGTAGGAATG-1	HTO2	CD22_i61_2
CGTATAAGTCTAAATG-1	HTO3	CD22_A3_nonint_4434
CGTATAAGTCTAGTGG-1	HTO1	CD22_m971
CGTATAGTCAGCAATT-1	HTO1	CD22_m971
CGTATAGTCCGACCCT-1	HTO2	CD22_i61_2
CGTATATAGAATGGCG-1	HTO3	CD22_A3_nonint_4434
CGTATATAGGTCTACA-1	HTO5	CD22_B1_nonint_2261
CGTATCGCAACAATGG-1	HTO5	CD22_B1_nonint_2261
CGTATCGCAATGTGTC-1	HTO5	CD22_B1_nonint_2261
CGTATCGCACCACAGC-1	HTO3	CD22_A3_nonint_4434
CGTATCGCACGTAGAA-1	HTO4	CD22_A11_int_1411
CGTATCTTCAACAGGG-1	HTO1	CD22_m971
CGTATCTTCGGCGTTG-1	HTO1	CD22_m971
CGTATGGGTACGTCTC-1	HTO1	CD22_m971
CGTATGGGTACGTTCC-1	HTO5	CD22_B1_nonint_2261
CGTATGGGTATCAATG-1	HTO5	CD22_B1_nonint_2261
CGTATGGGTCCAGGGT-1	HTO3	CD22_A3_nonint_4434
CGTATGGGTGCCCATT-1	HTO2	CD22_i61_2
CGTATTCTCAGCCGTG-1	HTO3	CD22_A3_nonint_4434
CGTATTCTCCAGCGCA-1	HTO2	CD22_i61_2
CGTATTCTCCGTTCTG-1	HTO5	CD22_B1_nonint_2261
CGTATTCTCGCGGATT-1	HTO4	CD22_A11_int_1411
CGTATTCTCGGATACC-1	HTO4	CD22_A11_int_1411
CGTATTCTCGGCCATG-1	HTO3	CD22_A3_nonint_4434
CGTATTGAGAATGTAG-1	HTO2	CD22_i61_2
CGTATTGAGACGCGTT-1	HTO1	CD22_m971
CGTATTGAGAGTGCAG-1	HTO4	CD22_A11_int_1411
CGTATTGAGCGATTAT-1	HTO5	CD22_B1_nonint_2261
CGTATTGAGGTAGAGT-1	HTO3	CD22_A3_nonint_4434
CGTCAACAGAGCAGAT-1	HTO2	CD22_i61_2
CGTCAACAGAGTTTCG-1	HTO1	CD22_m971
CGTCAACAGATACCCA-1	HTO4	CD22_A11_int_1411
CGTCAACAGATCCAAT-1	HTO5	CD22_B1_nonint_2261
CGTCAACAGCATGGAG-1	HTO3	CD22_A3_nonint_4434
CGTCAATCAAAGGGGA-1	HTO4	CD22_A11_int_1411
CGTCAATCAACTCGCA-1	HTO1	CD22_m971
CGTCAATCAATGGCGG-1	HTO5	CD22_B1_nonint_2261
CGTCAATCACCTGCAA-1	HTO5	CD22_B1_nonint_2261
CGTCAATCACTCTAGG-1	HTO2	CD22_i61_2
CGTCAGAGTAGGCTTG-1	HTO2	CD22_i61_2
CGTCAGAGTCCGTCTG-1	HTO2	CD22_i61_2
CGTCAGAGTCGTATAA-1	HTO5	CD22_B1_nonint_2261
CGTCAGAGTGTAGTTA-1	HTO3	CD22_A3_nonint_4434
CGTCAGCCAACGCCAC-1	HTO3	CD22_A3_nonint_4434
CGTCAGCCAAGCCATT-1	HTO3	CD22_A3_nonint_4434
CGTCAGCCACATATGC-1	HTO1	CD22_m971
CGTCAGCCACGGCAAG-1	HTO5	CD22_B1_nonint_2261
CGTCAGCCACTAACTA-1	HTO3	CD22_A3_nonint_4434
CGTCAGCCACTTATCT-1	HTO1	CD22_m971
CGTCAGTAGACCATGC-1	HTO5	CD22_B1_nonint_2261
CGTCAGTAGATCGGAG-1	HTO1	CD22_m971
CGTCAGTAGCCCATGG-1	HTO4	CD22_A11_int_1411
CGTCAGTAGCCGCTGA-1	HTO5	CD22_B1_nonint_2261
CGTCATAAGATTGCAT-1	HTO5	CD22_B1_nonint_2261
CGTCATAAGCCATAAT-1	HTO2	CD22_i61_2
CGTCATAAGCGGGATA-1	HTO1	CD22_m971
CGTCATAAGCTCAGCG-1	HTO1	CD22_m971
CGTCATAAGGCACAAG-1	HTO2	CD22_i61_2
CGTCATTTCAACCAAT-1	HTO4	CD22_A11_int_1411
CGTCATTTCAATATGC-1	HTO3	CD22_A3_nonint_4434
CGTCATTTCAATGTAC-1	HTO4	CD22_A11_int_1411
CGTCATTTCACTCCGC-1	HTO2	CD22_i61_2
CGTCATTTCATAAGTC-1	HTO1	CD22_m971
CGTCATTTCCGACGCA-1	HTO4	CD22_A11_int_1411
CGTCGCTTCCAATTGG-1	HTO2	CD22_i61_2
CGTCGCTTCCATCATC-1	HTO2	CD22_i61_2
CGTCGCTTCCTTCGCA-1	HTO2	CD22_i61_2
CGTCGCTTCGCAAAGG-1	HTO5	CD22_B1_nonint_2261
CGTCGGGGTAATTGGC-1	HTO1	CD22_m971
CGTCGGGGTACATTAG-1	HTO2	CD22_i61_2
CGTCGGGGTCATCGCT-1	HTO5	CD22_B1_nonint_2261
CGTCGGGGTCGCTGGG-1	HTO3	CD22_A3_nonint_4434
CGTCGGGGTGTAAGTC-1	HTO2	CD22_i61_2
CGTCGGTCACAATGCT-1	HTO3	CD22_A3_nonint_4434
CGTCGGTCACCCACAA-1	HTO5	CD22_B1_nonint_2261
CGTCGGTCAGTACGGG-1	HTO2	CD22_i61_2
CGTCGTACAACACGAA-1	HTO3	CD22_A3_nonint_4434
CGTCGTACACGTATCG-1	HTO4	CD22_A11_int_1411
CGTCGTACACGTCTAG-1	HTO3	CD22_A3_nonint_4434
CGTCGTCTCAATCGCA-1	HTO2	CD22_i61_2
CGTCGTCTCCGATGGT-1	HTO1	CD22_m971
CGTCGTCTCCTAGCCC-1	HTO2	CD22_i61_2
CGTCTAAAGATCCAAT-1	HTO3	CD22_A3_nonint_4434
CGTCTAAAGATCCCAA-1	HTO4	CD22_A11_int_1411
CGTCTAAAGCACGAAG-1	HTO5	CD22_B1_nonint_2261
CGTCTAAAGCATAGCC-1	HTO5	CD22_B1_nonint_2261
CGTCTAAAGCCTTCAT-1	HTO3	CD22_A3_nonint_4434
CGTCTAAAGCGGTCAT-1	HTO1	CD22_m971
CGTCTAAAGGTAGGAT-1	HTO2	CD22_i61_2
CGTCTAGCACAATGGA-1	HTO1	CD22_m971
CGTCTAGCAGGCCTTA-1	HTO1	CD22_m971
CGTCTAGCAGTATTAT-1	HTO3	CD22_A3_nonint_4434
CGTCTATTCAAATCAC-1	HTO1	CD22_m971
CGTCTATTCAATCCCT-1	HTO1	CD22_m971
CGTCTATTCACATGTG-1	HTO2	CD22_i61_2
CGTCTATTCCAATACG-1	HTO5	CD22_B1_nonint_2261
CGTCTATTCGTGGCCA-1	HTO2	CD22_i61_2
CGTCTATTCGTTAGCA-1	HTO1	CD22_m971
CGTCTCCAGAGTCTTG-1	HTO5	CD22_B1_nonint_2261
CGTCTCCAGATCCACA-1	HTO3	CD22_A3_nonint_4434
CGTCTCCAGCTTGATG-1	HTO4	CD22_A11_int_1411
CGTCTCCAGGCTTGAC-1	HTO1	CD22_m971
CGTCTCCAGGTAATGA-1	HTO3	CD22_A3_nonint_4434
CGTCTCCAGGTAGCAG-1	HTO5	CD22_B1_nonint_2261
CGTCTGTGTGTCCCTG-1	HTO4	CD22_A11_int_1411
CGTCTTAGTACATTAG-1	HTO2	CD22_i61_2
CGTCTTAGTAGCCTTC-1	HTO5	CD22_B1_nonint_2261
CGTCTTAGTAGGATTC-1	HTO1	CD22_m971
CGTCTTAGTCATGCAG-1	HTO2	CD22_i61_2
CGTCTTAGTGGAAGTA-1	HTO1	CD22_m971
CGTGAGAAGACCATGC-1	HTO5	CD22_B1_nonint_2261
CGTGAGAAGAGTAAGC-1	HTO3	CD22_A3_nonint_4434
CGTGAGAAGATGCTCA-1	HTO1	CD22_m971
CGTGAGAAGCAATTAC-1	HTO1	CD22_m971
CGTGAGAAGCAGCCCA-1	HTO1	CD22_m971
CGTGAGAAGCCAAAGG-1	HTO2	CD22_i61_2
CGTGAGAAGCCATTTC-1	HTO3	CD22_A3_nonint_4434
CGTGAGAAGGGGCTTT-1	HTO2	CD22_i61_2
CGTGAGCGTAGCGTTG-1	HTO3	CD22_A3_nonint_4434
CGTGAGCGTCCGATAG-1	HTO1	CD22_m971
CGTGAGCGTCCTGATC-1	HTO5	CD22_B1_nonint_2261
CGTGAGCGTGTTAGTA-1	HTO2	CD22_i61_2
CGTGAGTTCAGTTATA-1	HTO3	CD22_A3_nonint_4434
CGTGAGTTCATACTAA-1	HTO2	CD22_i61_2
CGTGAGTTCATCAGCA-1	HTO2	CD22_i61_2
CGTGAGTTCCTATCCG-1	HTO3	CD22_A3_nonint_4434
CGTGAGTTCGCTAATG-1	HTO5	CD22_B1_nonint_2261
CGTGAGTTCGTAGCGT-1	HTO3	CD22_A3_nonint_4434
CGTGAGTTCGTATCGA-1	HTO1	CD22_m971
CGTGAGTTCGTTCGGG-1	HTO2	CD22_i61_2
CGTGCATAGAGTGTAA-1	HTO2	CD22_i61_2
CGTGCATAGATATCAC-1	HTO2	CD22_i61_2
CGTGCATAGCAACAGG-1	HTO5	CD22_B1_nonint_2261
CGTGCATAGCGCGTAT-1	HTO3	CD22_A3_nonint_4434
CGTGCATAGGGAATCG-1	HTO1	CD22_m971
CGTGCATAGGGAGTAT-1	HTO5	CD22_B1_nonint_2261
CGTGCCCGTCCAACAG-1	HTO3	CD22_A3_nonint_4434
CGTGCCCGTCCGCCTA-1	HTO1	CD22_m971
CGTGCCCGTCGACGGT-1	HTO1	CD22_m971
CGTGCCCGTGCCTATC-1	HTO1	CD22_m971
CGTGCTACAACGTTTA-1	HTO2	CD22_i61_2
CGTGCTACACAAATGG-1	HTO1	CD22_m971
CGTGCTACACACATAC-1	HTO2	CD22_i61_2
CGTGCTACACACTAAC-1	HTO4	CD22_A11_int_1411
CGTGGAAAGAATGCAA-1	HTO3	CD22_A3_nonint_4434
CGTGGAAAGCAACGAG-1	HTO2	CD22_i61_2
CGTGGAAAGCCTTTCG-1	HTO3	CD22_A3_nonint_4434
CGTGGAAAGCGATTGC-1	HTO2	CD22_i61_2
CGTGGAAAGCTGATAT-1	HTO4	CD22_A11_int_1411
CGTGGGTGTAGTTTAG-1	HTO4	CD22_A11_int_1411
CGTGGGTGTGCGCGAT-1	HTO2	CD22_i61_2
CGTGGGTGTGGCGCTG-1	HTO5	CD22_B1_nonint_2261
CGTGGTAGTAATTGTG-1	HTO3	CD22_A3_nonint_4434
CGTGGTTAGAGCATTT-1	HTO3	CD22_A3_nonint_4434
CGTGGTTAGCACAAGG-1	HTO5	CD22_B1_nonint_2261
CGTGGTTAGCAGCGTT-1	HTO1	CD22_m971
CGTGGTTAGCCACATA-1	HTO2	CD22_i61_2
CGTGGTTAGGCTTGCG-1	HTO5	CD22_B1_nonint_2261
CGTGGTTAGGTATATC-1	HTO3	CD22_A3_nonint_4434
CGTGGTTAGGTCTGCG-1	HTO5	CD22_B1_nonint_2261
CGTGTCCTCAAAGGGT-1	HTO5	CD22_B1_nonint_2261
CGTGTCCTCAAATGCT-1	HTO2	CD22_i61_2
CGTGTCCTCATACGTG-1	HTO5	CD22_B1_nonint_2261
CGTGTCCTCATCGCCC-1	HTO3	CD22_A3_nonint_4434
CGTGTCCTCCAGCTCC-1	HTO5	CD22_B1_nonint_2261
CGTGTCCTCCTACTTA-1	HTO2	CD22_i61_2
CGTGTCCTCCTCTCGA-1	HTO5	CD22_B1_nonint_2261
CGTGTCGAGCTGCATA-1	HTO1	CD22_m971
CGTGTCTGTAACCGGC-1	HTO3	CD22_A3_nonint_4434
CGTGTCTGTAGGTTTA-1	HTO5	CD22_B1_nonint_2261
CGTGTTAAGATATGAG-1	HTO1	CD22_m971
CGTGTTAAGCCATGGT-1	HTO3	CD22_A3_nonint_4434
CGTGTTAAGCTAAGCC-1	HTO2	CD22_i61_2
CGTGTTAAGGTCCAGT-1	HTO2	CD22_i61_2
CGTGTTCGTCACATGG-1	HTO2	CD22_i61_2
CGTGTTCGTCAGGTGC-1	HTO5	CD22_B1_nonint_2261
CGTGTTCGTGCATCAG-1	HTO1	CD22_m971
CGTTAAAGTACGCATG-1	HTO3	CD22_A3_nonint_4434
CGTTAAAGTAGGTTCG-1	HTO1	CD22_m971
CGTTAAAGTATATGTG-1	HTO5	CD22_B1_nonint_2261
CGTTAAAGTCAGTTCC-1	HTO1	CD22_m971
CGTTAAAGTCTGCGCC-1	HTO5	CD22_B1_nonint_2261
CGTTAAAGTCTTAGCC-1	HTO2	CD22_i61_2
CGTTAAAGTGCCCCGT-1	HTO5	CD22_B1_nonint_2261
CGTTAATAGAAAGCGT-1	HTO1	CD22_m971
CGTTAATAGACTAATC-1	HTO5	CD22_B1_nonint_2261
CGTTAATAGAGGTAAC-1	HTO5	CD22_B1_nonint_2261
CGTTAATAGCAAGTTT-1	HTO3	CD22_A3_nonint_4434
CGTTAATAGCCACATA-1	HTO2	CD22_i61_2
CGTTAATAGGCGGTAA-1	HTO5	CD22_B1_nonint_2261
CGTTAATAGGTAGACG-1	HTO3	CD22_A3_nonint_4434
CGTTACAAGAAACGCG-1	HTO5	CD22_B1_nonint_2261
CGTTACAAGATTGTGT-1	HTO2	CD22_i61_2
CGTTACAAGCCCACAG-1	HTO3	CD22_A3_nonint_4434
CGTTACAAGGCACAAG-1	HTO2	CD22_i61_2
CGTTACAAGGTCGAGA-1	HTO3	CD22_A3_nonint_4434
CGTTACTTCAACTGCA-1	HTO5	CD22_B1_nonint_2261
CGTTACTTCAAGTCGC-1	HTO1	CD22_m971
CGTTACTTCACTCCTG-1	HTO5	CD22_B1_nonint_2261
CGTTACTTCCCGCTGT-1	HTO2	CD22_i61_2
CGTTACTTCCTTGTGT-1	HTO1	CD22_m971
CGTTAGCAGAACGGGC-1	HTO5	CD22_B1_nonint_2261
CGTTAGCAGAAGCGGC-1	HTO1	CD22_m971
CGTTAGCAGAATCAAG-1	HTO5	CD22_B1_nonint_2261
CGTTAGCAGCAAACGG-1	HTO2	CD22_i61_2
CGTTAGGGTACCTAGG-1	HTO2	CD22_i61_2
CGTTAGGGTGCGCCTC-1	HTO1	CD22_m971
CGTTAGGGTGCTTCCG-1	HTO5	CD22_B1_nonint_2261
CGTTAGGGTGGTTGGC-1	HTO4	CD22_A11_int_1411
CGTTAGTCAAACGGCG-1	HTO5	CD22_B1_nonint_2261
CGTTAGTCAATAGGGC-1	HTO5	CD22_B1_nonint_2261
CGTTAGTCAATTCGGT-1	HTO5	CD22_B1_nonint_2261
CGTTAGTCAGGGTGCA-1	HTO4	CD22_A11_int_1411
CGTTATACAAAACCGA-1	HTO3	CD22_A3_nonint_4434
CGTTATACAAACATTT-1	HTO4	CD22_A11_int_1411
CGTTATACAAATGAAC-1	HTO2	CD22_i61_2
CGTTATACAACGAGAC-1	HTO5	CD22_B1_nonint_2261
CGTTATACACGTAGAA-1	HTO2	CD22_i61_2
CGTTATGAGAAAGGAG-1	HTO1	CD22_m971
CGTTATGAGAACCATT-1	HTO4	CD22_A11_int_1411
CGTTATGAGACATGCC-1	HTO1	CD22_m971
CGTTATGAGAGCAGAT-1	HTO5	CD22_B1_nonint_2261
CGTTATGAGATGCCAC-1	HTO4	CD22_A11_int_1411
CGTTATGAGCTAATCG-1	HTO2	CD22_i61_2
CGTTATGAGGGTCTGT-1	HTO5	CD22_B1_nonint_2261
CGTTCAAAGCCATGAC-1	HTO2	CD22_i61_2
CGTTCAAAGGGGGTAC-1	HTO2	CD22_i61_2
CGTTCAGCACATCACG-1	HTO5	CD22_B1_nonint_2261
CGTTCAGCAGCCAATT-1	HTO1	CD22_m971
CGTTCAGCAGGACTAA-1	HTO2	CD22_i61_2
CGTTCAGCAGTACGAA-1	HTO4	CD22_A11_int_1411
CGTTCCCAGACTGTTG-1	HTO2	CD22_i61_2
CGTTCCCAGATGTGAA-1	HTO4	CD22_A11_int_1411
CGTTCCCAGCAAGAGT-1	HTO2	CD22_i61_2
CGTTCCCAGCTACAAT-1	HTO3	CD22_A3_nonint_4434
CGTTCCCAGCTACGAC-1	HTO1	CD22_m971
CGTTCCGGTACAACGT-1	HTO4	CD22_A11_int_1411
CGTTCCGGTACTATGA-1	HTO5	CD22_B1_nonint_2261
CGTTCCGGTATTCTGT-1	HTO5	CD22_B1_nonint_2261
CGTTCCGGTCACTTTG-1	HTO3	CD22_A3_nonint_4434
CGTTCGACAAAAGCGC-1	HTO5	CD22_B1_nonint_2261
CGTTCGACAACATCAC-1	HTO5	CD22_B1_nonint_2261
CGTTCGACAGCCTTAG-1	HTO2	CD22_i61_2
CGTTCGACAGTGTTAC-1	HTO3	CD22_A3_nonint_4434
CGTTCGTGTCTACGGA-1	HTO4	CD22_A11_int_1411
CGTTCTAGTAGTGATC-1	HTO4	CD22_A11_int_1411
CGTTCTAGTATCACCC-1	HTO4	CD22_A11_int_1411
CGTTCTAGTCGACAGC-1	HTO5	CD22_B1_nonint_2261
CGTTCTAGTGCATGGC-1	HTO2	CD22_i61_2
CGTTCTAGTGGTTGTG-1	HTO5	CD22_B1_nonint_2261
CGTTCTAGTGTCTTCA-1	HTO5	CD22_B1_nonint_2261
CGTTCTGTCACAACGC-1	HTO1	CD22_m971
CGTTCTGTCACGGGTT-1	HTO1	CD22_m971
CGTTCTGTCCACACCC-1	HTO2	CD22_i61_2
CGTTCTGTCCCACTTG-1	HTO4	CD22_A11_int_1411
CGTTCTGTCGTGGCAT-1	HTO5	CD22_B1_nonint_2261
CGTTGACAGACGTCCG-1	HTO3	CD22_A3_nonint_4434
CGTTGACAGCCTTCAT-1	HTO2	CD22_i61_2
CGTTGACAGCTAGATT-1	HTO2	CD22_i61_2
CGTTGACAGGGACGTA-1	HTO4	CD22_A11_int_1411
CGTTGCGAGACCCGTG-1	HTO1	CD22_m971
CGTTGCGAGCAGGGTA-1	HTO5	CD22_B1_nonint_2261
CGTTGCGAGGCTGTCG-1	HTO5	CD22_B1_nonint_2261
CGTTGCGAGGGTTTCA-1	HTO3	CD22_A3_nonint_4434
CGTTGCTGTAATTTGG-1	HTO4	CD22_A11_int_1411
CGTTGCTGTCCGGTAA-1	HTO5	CD22_B1_nonint_2261
CGTTGCTGTGTGTCCT-1	HTO3	CD22_A3_nonint_4434
CGTTGGAGTATAGGAG-1	HTO4	CD22_A11_int_1411
CGTTGGAGTATGTACA-1	HTO4	CD22_A11_int_1411
CGTTGGAGTCAGCCTT-1	HTO5	CD22_B1_nonint_2261
CGTTGGAGTCCTTAGC-1	HTO5	CD22_B1_nonint_2261
CGTTGGAGTGGGTCTA-1	HTO2	CD22_i61_2
CGTTGGTAGAGGCGGT-1	HTO5	CD22_B1_nonint_2261
CGTTGGTAGCAATGGG-1	HTO5	CD22_B1_nonint_2261
CGTTGGTAGCCGTAGT-1	HTO2	CD22_i61_2
CGTTGGTAGCCTTCAT-1	HTO5	CD22_B1_nonint_2261
CGTTGGTAGCTCACCC-1	HTO3	CD22_A3_nonint_4434
CGTTGGTAGGCAACAG-1	HTO2	CD22_i61_2
CGTTGGTAGGCTGTTA-1	HTO3	CD22_A3_nonint_4434
CGTTGGTAGGTATAGA-1	HTO3	CD22_A3_nonint_4434
CGTTGTAAGAGCAGCA-1	HTO1	CD22_m971
CGTTGTAAGAGGGTAT-1	HTO4	CD22_A11_int_1411
CGTTGTAAGATAACAG-1	HTO5	CD22_B1_nonint_2261
CGTTGTAAGCACGGTT-1	HTO4	CD22_A11_int_1411
CGTTGTAAGCCGGATT-1	HTO3	CD22_A3_nonint_4434
CGTTGTAAGCGGTTAC-1	HTO2	CD22_i61_2
CGTTGTAAGCGTTGAC-1	HTO3	CD22_A3_nonint_4434
CGTTTACTCCCTACCA-1	HTO5	CD22_B1_nonint_2261
CGTTTACTCCTAGTTC-1	HTO2	CD22_i61_2
CGTTTACTCGCTCCAC-1	HTO4	CD22_A11_int_1411
CGTTTACTCGGCGCTA-1	HTO5	CD22_B1_nonint_2261
CGTTTAGAGACGCTGT-1	HTO1	CD22_m971
CGTTTAGAGATGGGGC-1	HTO4	CD22_A11_int_1411
CGTTTAGAGCGATTGC-1	HTO3	CD22_A3_nonint_4434
CGTTTAGAGGGCGATA-1	HTO1	CD22_m971
CGTTTAGAGGTAGCAG-1	HTO1	CD22_m971
CGTTTCAGTCAGTGCA-1	HTO2	CD22_i61_2
CGTTTCAGTGTCCCTG-1	HTO1	CD22_m971
CGTTTCCCAAAACTAA-1	HTO5	CD22_B1_nonint_2261
CGTTTCCCAACACGAA-1	HTO4	CD22_A11_int_1411
CGTTTCCCAACCCATG-1	HTO3	CD22_A3_nonint_4434
CGTTTCCCAACTGGAA-1	HTO1	CD22_m971
CGTTTCCCAATGGACA-1	HTO3	CD22_A3_nonint_4434
CGTTTCCCAATGGTCT-1	HTO4	CD22_A11_int_1411
CGTTTCCCACACAAGA-1	HTO5	CD22_B1_nonint_2261
CGTTTCCCAGCTACGC-1	HTO5	CD22_B1_nonint_2261
CGTTTCCCAGGGCGTA-1	HTO4	CD22_A11_int_1411
CGTTTGAAGACATGTT-1	HTO5	CD22_B1_nonint_2261
CGTTTGAAGCAGGCTT-1	HTO2	CD22_i61_2
CGTTTGAAGCTTAGTG-1	HTO1	CD22_m971
CGTTTGAAGGGGCGAT-1	HTO2	CD22_i61_2
CTAAACCCAACATATT-1	HTO2	CD22_i61_2
CTAAACCCAAGAATAC-1	HTO1	CD22_m971
CTAAACCCACAACGAA-1	HTO2	CD22_i61_2
CTAAACCCACAATTCA-1	HTO3	CD22_A3_nonint_4434
CTAAACCCACTCACGA-1	HTO4	CD22_A11_int_1411
CTAAACGTCCTCCACA-1	HTO1	CD22_m971
CTAAACTAGACAACCC-1	HTO1	CD22_m971
CTAAACTAGCCTACGG-1	HTO3	CD22_A3_nonint_4434
CTAAACTAGCGCGTCA-1	HTO4	CD22_A11_int_1411
CTAAACTAGCTGACAC-1	HTO4	CD22_A11_int_1411
CTAAACTAGGCTTAAT-1	HTO3	CD22_A3_nonint_4434
CTAAAGGCAACCACAT-1	HTO3	CD22_A3_nonint_4434
CTAAAGGCAGCCTTTC-1	HTO3	CD22_A3_nonint_4434
CTAAAGGCAGCGCACT-1	HTO5	CD22_B1_nonint_2261
CTAAATCAGATGGTAA-1	HTO4	CD22_A11_int_1411
CTAAATCAGCCTGGTG-1	HTO5	CD22_B1_nonint_2261
CTAAATCAGCGTACCG-1	HTO2	CD22_i61_2
CTAAATCAGCTACATG-1	HTO3	CD22_A3_nonint_4434
CTAAATCAGCTAGGAG-1	HTO5	CD22_B1_nonint_2261
CTAAATCAGCTATAAC-1	HTO2	CD22_i61_2
CTAAATCAGGGGAATT-1	HTO1	CD22_m971
CTAAATGGTAGCCTTC-1	HTO1	CD22_m971
CTAAATGGTGGTGTAT-1	HTO3	CD22_A3_nonint_4434
CTAAATGGTGTATGTA-1	HTO2	CD22_i61_2
CTAAATTCAACAAGAT-1	HTO5	CD22_B1_nonint_2261
CTAAATTCAACACTAC-1	HTO4	CD22_A11_int_1411
CTAAATTCAACTCCGA-1	HTO1	CD22_m971
CTAAATTCAATGCGGG-1	HTO1	CD22_m971
CTAAATTCACAACTTA-1	HTO2	CD22_i61_2
CTAAATTCACAAGTCT-1	HTO1	CD22_m971
CTAAATTCACCAGTGC-1	HTO4	CD22_A11_int_1411
CTAAATTCACCTTCTA-1	HTO5	CD22_B1_nonint_2261
CTAAATTCAGCATCAT-1	HTO3	CD22_A3_nonint_4434
CTAAATTCAGCGGACA-1	HTO4	CD22_A11_int_1411
CTAACATAGAGTGATA-1	HTO3	CD22_A3_nonint_4434
CTAACATAGATCCAAT-1	HTO1	CD22_m971
CTAACCCGTAAAGCCT-1	HTO3	CD22_A3_nonint_4434
CTAACCCGTAGCGTTG-1	HTO4	CD22_A11_int_1411
CTAACCCGTATCAGGT-1	HTO2	CD22_i61_2
CTAACCCGTGCGTTTC-1	HTO2	CD22_i61_2
CTAACCCGTGGCATAT-1	HTO4	CD22_A11_int_1411
CTAACCGCAAACCGGG-1	HTO2	CD22_i61_2
CTAACCGCAAGTTACC-1	HTO5	CD22_B1_nonint_2261
CTAACCGCAATGGTCT-1	HTO3	CD22_A3_nonint_4434
CTAACCGCAATTAACT-1	HTO4	CD22_A11_int_1411
CTAACCGCACTATAAT-1	HTO2	CD22_i61_2
CTAACGGGTAACCGTG-1	HTO5	CD22_B1_nonint_2261
CTAACGGGTACGTCTC-1	HTO2	CD22_i61_2
CTAACGGGTGTAGAAG-1	HTO4	CD22_A11_int_1411
CTAACGGGTGTGTGCA-1	HTO1	CD22_m971
CTAACGTCACCGCATA-1	HTO5	CD22_B1_nonint_2261
CTAACGTCACTTCTCA-1	HTO3	CD22_A3_nonint_4434
CTAACTACAAAGCTAG-1	HTO2	CD22_i61_2
CTAACTACAACTATAT-1	HTO2	CD22_i61_2
CTAACTACAACTGAGA-1	HTO1	CD22_m971
CTAACTACAAGTACTC-1	HTO3	CD22_A3_nonint_4434
CTAACTACAATAGGGC-1	HTO2	CD22_i61_2
CTAACTACACAACGAA-1	HTO1	CD22_m971
CTAACTACAGGATCAA-1	HTO5	CD22_B1_nonint_2261
CTAACTACAGTAGCGG-1	HTO2	CD22_i61_2
CTAACTCTCATACTCC-1	HTO4	CD22_A11_int_1411
CTAACTTGTATGCTGG-1	HTO3	CD22_A3_nonint_4434
CTAACTTGTCCAGGTA-1	HTO4	CD22_A11_int_1411
CTAACTTGTCGTTAAA-1	HTO2	CD22_i61_2
CTAACTTGTGTCGGCG-1	HTO5	CD22_B1_nonint_2261
CTAAGCATCACCACTT-1	HTO2	CD22_i61_2
CTAAGCATCAGTCATG-1	HTO3	CD22_A3_nonint_4434
CTAAGCCAGACCTATG-1	HTO3	CD22_A3_nonint_4434
CTAAGCCAGAGACATA-1	HTO5	CD22_B1_nonint_2261
CTAAGCCAGCTCTGAA-1	HTO2	CD22_i61_2
CTAAGCCAGGCCATAC-1	HTO1	CD22_m971
CTAAGCCAGGTGGGTA-1	HTO2	CD22_i61_2
CTAAGCGGTACTCTAT-1	HTO2	CD22_i61_2
CTAAGCGGTCCTAGCT-1	HTO4	CD22_A11_int_1411
CTAAGCGGTCTTAGGG-1	HTO1	CD22_m971
CTAAGCTCAGTACGGG-1	HTO4	CD22_A11_int_1411
CTAAGCTCAGTGAAAT-1	HTO5	CD22_B1_nonint_2261
CTAAGGACAAAGTCTC-1	HTO1	CD22_m971
CTAAGGACAACGAGAC-1	HTO5	CD22_B1_nonint_2261
CTAAGGACAAGCGCTC-1	HTO1	CD22_m971
CTAAGGACAATGGCCC-1	HTO5	CD22_B1_nonint_2261
CTAAGGACAATTCAGC-1	HTO5	CD22_B1_nonint_2261
CTAAGGACACATTGGT-1	HTO4	CD22_A11_int_1411
CTAAGGACACCTATAA-1	HTO4	CD22_A11_int_1411
CTAAGGACACTAAGGA-1	HTO5	CD22_B1_nonint_2261
CTAAGGACAGTGTCGC-1	HTO2	CD22_i61_2
CTAAGGGAGAAGGCTG-1	HTO5	CD22_B1_nonint_2261
CTAAGGGAGATCCCAA-1	HTO1	CD22_m971
CTAAGGGAGCCTGTGG-1	HTO5	CD22_B1_nonint_2261
CTAAGGGAGCGGCTTG-1	HTO3	CD22_A3_nonint_4434
CTAAGGGAGGGGATCA-1	HTO1	CD22_m971
CTAAGGGAGGTAAGGT-1	HTO2	CD22_i61_2
CTAAGGGAGGTCTGGT-1	HTO5	CD22_B1_nonint_2261
CTAAGGGAGGTGCCAT-1	HTO1	CD22_m971
CTAAGGTGTAAGTAGG-1	HTO4	CD22_A11_int_1411
CTAAGGTGTACCCATC-1	HTO5	CD22_B1_nonint_2261
CTAAGGTGTACTAATG-1	HTO5	CD22_B1_nonint_2261
CTAAGGTGTAGGAGTA-1	HTO5	CD22_B1_nonint_2261
CTAAGGTGTCACTTAT-1	HTO1	CD22_m971
CTAAGGTGTGTCACGA-1	HTO1	CD22_m971
CTAAGGTGTGTGTGAT-1	HTO1	CD22_m971
CTAAGTAGTAACTGCG-1	HTO2	CD22_i61_2
CTAAGTAGTAAGTGCT-1	HTO5	CD22_B1_nonint_2261
CTAAGTAGTCCGTCCA-1	HTO5	CD22_B1_nonint_2261
CTAAGTAGTCGTTCTA-1	HTO3	CD22_A3_nonint_4434
CTAAGTAGTCTCGTCG-1	HTO2	CD22_i61_2
CTAAGTAGTCTTATAC-1	HTO2	CD22_i61_2
CTAAGTAGTGCCTTCG-1	HTO3	CD22_A3_nonint_4434
CTAAGTAGTGGACCGT-1	HTO2	CD22_i61_2
CTAAGTCCAATGGACA-1	HTO4	CD22_A11_int_1411
CTAAGTCCACGCGAAG-1	HTO1	CD22_m971
CTAATACAGATGGGCA-1	HTO3	CD22_A3_nonint_4434
CTAATACAGATGTTCG-1	HTO5	CD22_B1_nonint_2261
CTAATACAGCAAAGGT-1	HTO1	CD22_m971
CTAATACAGCAAGCTC-1	HTO4	CD22_A11_int_1411
CTAATACAGCCACTAA-1	HTO1	CD22_m971
CTAATACAGCCCATGG-1	HTO3	CD22_A3_nonint_4434
CTAATACAGCGTTATG-1	HTO1	CD22_m971
CTAATACAGGTGCTAC-1	HTO3	CD22_A3_nonint_4434
CTAATATCAACGGCAG-1	HTO2	CD22_i61_2
CTAATATCACTGACAT-1	HTO4	CD22_A11_int_1411
CTAATATCAGCGGTCT-1	HTO3	CD22_A3_nonint_4434
CTAATCACAATAGTAA-1	HTO2	CD22_i61_2
CTAATCACACTGCTCT-1	HTO1	CD22_m971
CTAATCACAGGGCTTC-1	HTO5	CD22_B1_nonint_2261
CTAATCACAGTGAGGT-1	HTO1	CD22_m971
CTAATCACAGTTGCGC-1	HTO5	CD22_B1_nonint_2261
CTAATCCTCCTATACC-1	HTO3	CD22_A3_nonint_4434
CTAATCGAGCACGCCA-1	HTO4	CD22_A11_int_1411
CTAATCGAGCCCTAGG-1	HTO4	CD22_A11_int_1411
CTAATCGAGCTGTGCG-1	HTO3	CD22_A3_nonint_4434
CTAATCGAGGCAGTGA-1	HTO2	CD22_i61_2
CTAATCTGTATCACCC-1	HTO1	CD22_m971
CTAATCTGTCAATCCC-1	HTO1	CD22_m971
CTAATCTGTCTAAGTA-1	HTO1	CD22_m971
CTAATGAGTACTTCTG-1	HTO5	CD22_B1_nonint_2261
CTAATGAGTAGCTGGC-1	HTO1	CD22_m971
CTAATGAGTATTGCCC-1	HTO2	CD22_i61_2
CTAATGAGTCATACAA-1	HTO2	CD22_i61_2
CTAATGAGTGGAACGG-1	HTO3	CD22_A3_nonint_4434
CTAATGGTCAAGCATT-1	HTO4	CD22_A11_int_1411
CTAATGGTCAAGGCTC-1	HTO1	CD22_m971
CTAATGGTCAGGCTTA-1	HTO2	CD22_i61_2
CTAATGGTCATTGGCA-1	HTO1	CD22_m971
CTAATGGTCCACTACT-1	HTO2	CD22_i61_2
CTAATGGTCCGATCGG-1	HTO5	CD22_B1_nonint_2261
CTAATGGTCGGTGTTA-1	HTO5	CD22_B1_nonint_2261
CTAATGGTCGTATCGA-1	HTO5	CD22_B1_nonint_2261
CTAATTCGTAGAGGGT-1	HTO3	CD22_A3_nonint_4434
CTAATTCGTCAGTAGT-1	HTO5	CD22_B1_nonint_2261
CTACAAGTCACATTGG-1	HTO5	CD22_B1_nonint_2261
CTACAAGTCCACAACA-1	HTO3	CD22_A3_nonint_4434
CTACAAGTCCCCATGC-1	HTO4	CD22_A11_int_1411
CTACAATAGATTCAAC-1	HTO3	CD22_A3_nonint_4434
CTACAATAGCAGTAGG-1	HTO2	CD22_i61_2
CTACAATAGCCTGGCA-1	HTO5	CD22_B1_nonint_2261
CTACAATAGCTATAAC-1	HTO3	CD22_A3_nonint_4434
CTACAATAGCTATCGA-1	HTO2	CD22_i61_2
CTACAATAGCTCAGTA-1	HTO4	CD22_A11_int_1411
CTACAATAGGGGACGT-1	HTO5	CD22_B1_nonint_2261
CTACACAAGACTATCG-1	HTO5	CD22_B1_nonint_2261
CTACACAAGATCCAAT-1	HTO5	CD22_B1_nonint_2261
CTACACAAGCCGGTAT-1	HTO2	CD22_i61_2
CTACAGGGTACTACTT-1	HTO5	CD22_B1_nonint_2261
CTACAGGGTATCGTGG-1	HTO2	CD22_i61_2
CTACAGGGTCGAGCGT-1	HTO2	CD22_i61_2
CTACAGGGTCGCGCTC-1	HTO1	CD22_m971
CTACAGGGTGCGCGAT-1	HTO4	CD22_A11_int_1411
CTACAGGGTGTTCTCA-1	HTO3	CD22_A3_nonint_4434
CTACATACAAGAGGTC-1	HTO1	CD22_m971
CTACATACAATAGCAG-1	HTO4	CD22_A11_int_1411
CTACATACACCACGGT-1	HTO2	CD22_i61_2
CTACATACACTTCGTC-1	HTO2	CD22_i61_2
CTACATCTCATCACTC-1	HTO2	CD22_i61_2
CTACATCTCATCGCTT-1	HTO2	CD22_i61_2
CTACATCTCCAGCTAA-1	HTO5	CD22_B1_nonint_2261
CTACATCTCCCACCGT-1	HTO2	CD22_i61_2
CTACATCTCCCTAGTT-1	HTO1	CD22_m971
CTACATGAGAATATCC-1	HTO3	CD22_A3_nonint_4434
CTACATGAGACTTTGG-1	HTO1	CD22_m971
CTACATGAGCACTGCG-1	HTO2	CD22_i61_2
CTACATGAGGGGCGAT-1	HTO1	CD22_m971
CTACGACAGACCCAAC-1	HTO2	CD22_i61_2
CTACGACAGATTGAAG-1	HTO4	CD22_A11_int_1411
CTACGACAGATTGAGA-1	HTO1	CD22_m971
CTACGACAGCACAATT-1	HTO1	CD22_m971
CTACGACAGCGTACAC-1	HTO2	CD22_i61_2
CTACGACAGGGAAATC-1	HTO1	CD22_m971
CTACGATCAACGTCCA-1	HTO5	CD22_B1_nonint_2261
CTACGATCAATGACAG-1	HTO2	CD22_i61_2
CTACGATCACGCAACC-1	HTO2	CD22_i61_2
CTACGATCACGCCAAC-1	HTO4	CD22_A11_int_1411
CTACGATCAGGATTAG-1	HTO4	CD22_A11_int_1411
CTACGATCAGGCACTC-1	HTO5	CD22_B1_nonint_2261
CTACGATCAGGCGACA-1	HTO1	CD22_m971
CTACGATCAGTTGGAA-1	HTO2	CD22_i61_2
CTACGCACAATTCTAG-1	HTO1	CD22_m971
CTACGCACACCGCTAA-1	HTO2	CD22_i61_2
CTACGCACACTACTTT-1	HTO3	CD22_A3_nonint_4434
CTACGCACAGGAACGT-1	HTO4	CD22_A11_int_1411
CTACGCACAGGATTAG-1	HTO4	CD22_A11_int_1411
CTACGCCTCAACGAAA-1	HTO4	CD22_A11_int_1411
CTACGCCTCACCAAAT-1	HTO2	CD22_i61_2
CTACGCCTCAGTGATT-1	HTO5	CD22_B1_nonint_2261
CTACGCCTCCCTGACC-1	HTO3	CD22_A3_nonint_4434
CTACGCGAGCTATGGC-1	HTO5	CD22_B1_nonint_2261
CTACGCGAGGCTTCCC-1	HTO5	CD22_B1_nonint_2261
CTACGCGAGGTTGCCG-1	HTO1	CD22_m971
CTACGCTGTACCTCCG-1	HTO1	CD22_m971
CTACGCTGTATGCCAG-1	HTO5	CD22_B1_nonint_2261
CTACGGAGTAGCCTTC-1	HTO1	CD22_m971
CTACGGAGTATTCGGG-1	HTO3	CD22_A3_nonint_4434
CTACGGAGTCGCTTGT-1	HTO2	CD22_i61_2
CTACGGAGTCGTCGGG-1	HTO3	CD22_A3_nonint_4434
CTACGTAAGAGGTTAA-1	HTO2	CD22_i61_2
CTACGTAAGGTCGCCA-1	HTO3	CD22_A3_nonint_4434
CTACGTAAGGTCTGTA-1	HTO2	CD22_i61_2
CTACTAACAAATTCCA-1	HTO4	CD22_A11_int_1411
CTACTAACACCAAATC-1	HTO4	CD22_A11_int_1411
CTACTAACAGCATGGG-1	HTO5	CD22_B1_nonint_2261
CTACTAACAGTGGCGA-1	HTO5	CD22_B1_nonint_2261
CTACTACTCAATCCCT-1	HTO4	CD22_A11_int_1411
CTACTACTCAATCGGC-1	HTO5	CD22_B1_nonint_2261
CTACTACTCCATAGGC-1	HTO5	CD22_B1_nonint_2261
CTACTACTCCCTACAT-1	HTO2	CD22_i61_2
CTACTACTCCCTAGGG-1	HTO5	CD22_B1_nonint_2261
CTACTACTCGCAACGT-1	HTO5	CD22_B1_nonint_2261
CTACTACTCGCACCCT-1	HTO2	CD22_i61_2
CTACTACTCGTGTCGG-1	HTO5	CD22_B1_nonint_2261
CTACTACTCGTTATAA-1	HTO5	CD22_B1_nonint_2261
CTACTATGTAATTTGG-1	HTO2	CD22_i61_2
CTACTATGTACCTGCT-1	HTO5	CD22_B1_nonint_2261
CTACTATGTACGGGTC-1	HTO5	CD22_B1_nonint_2261
CTACTATGTACGGTTG-1	HTO2	CD22_i61_2
CTACTATGTATGAGCT-1	HTO4	CD22_A11_int_1411
CTACTATGTCCTGATC-1	HTO2	CD22_i61_2
CTACTATGTCTGACTC-1	HTO2	CD22_i61_2
CTACTCCCAAAGCATG-1	HTO4	CD22_A11_int_1411
CTACTCCCAAATCGAG-1	HTO2	CD22_i61_2
CTACTCCCAAATTGCC-1	HTO5	CD22_B1_nonint_2261
CTACTCCCAACGTCCA-1	HTO4	CD22_A11_int_1411
CTACTCCCAAGCAGTA-1	HTO5	CD22_B1_nonint_2261
CTACTCCCAATACGTC-1	HTO2	CD22_i61_2
CTACTCCCAATCAACC-1	HTO2	CD22_i61_2
CTACTCCCACCAGCTA-1	HTO5	CD22_B1_nonint_2261
CTACTCCCAGGTAGCG-1	HTO5	CD22_B1_nonint_2261
CTACTGAAGAGGACCA-1	HTO5	CD22_B1_nonint_2261
CTACTGAAGCGATGGA-1	HTO5	CD22_B1_nonint_2261
CTACTGAAGGGAGATT-1	HTO5	CD22_B1_nonint_2261
CTACTGCGTATGCTGG-1	HTO3	CD22_A3_nonint_4434
CTACTTATCACCAAAT-1	HTO1	CD22_m971
CTACTTATCACTTGCT-1	HTO3	CD22_A3_nonint_4434
CTACTTATCATGTAGT-1	HTO2	CD22_i61_2
CTACTTATCCCCTTAG-1	HTO2	CD22_i61_2
CTACTTATCCTAGGGT-1	HTO5	CD22_B1_nonint_2261
CTACTTATCGTTGACA-1	HTO2	CD22_i61_2
CTACTTCAGAACCCGT-1	HTO3	CD22_A3_nonint_4434
CTACTTCAGAACGACG-1	HTO1	CD22_m971
CTACTTCAGCATAATC-1	HTO5	CD22_B1_nonint_2261
CTACTTCAGCGCACAT-1	HTO2	CD22_i61_2
CTACTTCAGCGTAGCT-1	HTO4	CD22_A11_int_1411
CTACTTCAGGCTCTAA-1	HTO1	CD22_m971
CTACTTTCAATTCTAG-1	HTO1	CD22_m971
CTACTTTCACCATTCC-1	HTO3	CD22_A3_nonint_4434
CTACTTTCACTATAAT-1	HTO5	CD22_B1_nonint_2261
CTACTTTCAGCTACCA-1	HTO3	CD22_A3_nonint_4434
CTACTTTCAGGACCTC-1	HTO5	CD22_B1_nonint_2261
CTACTTTCAGTGGGAT-1	HTO2	CD22_i61_2
CTAGAAGCAAAGCGTA-1	HTO3	CD22_A3_nonint_4434
CTAGAAGCAGCTGACC-1	HTO3	CD22_A3_nonint_4434
CTAGAAGCAGGTTGCC-1	HTO2	CD22_i61_2
CTAGAAGCAGTACGCC-1	HTO5	CD22_B1_nonint_2261
CTAGATTAGACATTCG-1	HTO3	CD22_A3_nonint_4434
CTAGATTAGACTGCAC-1	HTO1	CD22_m971
CTAGATTAGCGCTCGA-1	HTO5	CD22_B1_nonint_2261
CTAGATTAGCGTATTG-1	HTO1	CD22_m971
CTAGCAATCAATATGC-1	HTO5	CD22_B1_nonint_2261
CTAGCAATCCACAAGC-1	HTO5	CD22_B1_nonint_2261
CTAGCAGGTCACTTTG-1	HTO5	CD22_B1_nonint_2261
CTAGCAGGTCGGGTTA-1	HTO3	CD22_A3_nonint_4434
CTAGCAGGTGCGGTTA-1	HTO4	CD22_A11_int_1411
CTAGCAGGTGGCGAAG-1	HTO1	CD22_m971
CTAGCATCAAGTTGAG-1	HTO3	CD22_A3_nonint_4434
CTAGCATCAATGTCCG-1	HTO2	CD22_i61_2
CTAGCATCACTTCGTC-1	HTO4	CD22_A11_int_1411
CTAGCATCAGGCATTT-1	HTO5	CD22_B1_nonint_2261
CTAGCCCTCAAGCCAC-1	HTO2	CD22_i61_2
CTAGCCCTCATGCCTT-1	HTO2	CD22_i61_2
CTAGCCCTCCAAAGCC-1	HTO3	CD22_A3_nonint_4434
CTAGCCCTCCCACTTG-1	HTO5	CD22_B1_nonint_2261
CTAGCCCTCCCGGTTC-1	HTO4	CD22_A11_int_1411
CTAGCCCTCGTTACCT-1	HTO4	CD22_A11_int_1411
CTAGCCGAGCGATTTG-1	HTO4	CD22_A11_int_1411
CTAGCCGAGGTCTGGT-1	HTO3	CD22_A3_nonint_4434
CTAGCGCCAACACAAG-1	HTO4	CD22_A11_int_1411
CTAGCGCCAACGCACC-1	HTO5	CD22_B1_nonint_2261
CTAGCGCCAATAGTAA-1	HTO1	CD22_m971
CTAGCGCCACTATCTT-1	HTO4	CD22_A11_int_1411
CTAGCGCCAGCTTATA-1	HTO3	CD22_A3_nonint_4434
CTAGCGTAGAACGCGA-1	HTO5	CD22_B1_nonint_2261
CTAGCGTAGAACGTTT-1	HTO3	CD22_A3_nonint_4434
CTAGCGTAGAAGGGCC-1	HTO4	CD22_A11_int_1411
CTAGCGTAGAGGGTAT-1	HTO3	CD22_A3_nonint_4434
CTAGCGTAGCACCAAC-1	HTO5	CD22_B1_nonint_2261
CTAGCGTAGCATTAAC-1	HTO1	CD22_m971
CTAGCGTAGCCTGATA-1	HTO2	CD22_i61_2
CTAGCGTAGCTCAGTA-1	HTO1	CD22_m971
CTAGCTAAGCGTCAAC-1	HTO2	CD22_i61_2
CTAGCTAAGCTTAGGC-1	HTO1	CD22_m971
CTAGCTCGTATACCCC-1	HTO4	CD22_A11_int_1411
CTAGCTCGTATCCCTA-1	HTO4	CD22_A11_int_1411
CTAGCTCGTCAAACGT-1	HTO3	CD22_A3_nonint_4434
CTAGCTCGTCCTTCGG-1	HTO5	CD22_B1_nonint_2261
CTAGCTCGTCTATTGT-1	HTO5	CD22_B1_nonint_2261
CTAGCTTTCCAATGCA-1	HTO3	CD22_A3_nonint_4434
CTAGCTTTCCGAGCAT-1	HTO1	CD22_m971
CTAGCTTTCCGGGATT-1	HTO2	CD22_i61_2
CTAGCTTTCGTGCAAC-1	HTO3	CD22_A3_nonint_4434
CTAGGAACACCTTCTA-1	HTO5	CD22_B1_nonint_2261
CTAGGAACAGTATGGA-1	HTO4	CD22_A11_int_1411
CTAGGAACAGTTAGCT-1	HTO3	CD22_A3_nonint_4434
CTAGGAGAGATCATCG-1	HTO3	CD22_A3_nonint_4434
CTAGGAGAGCTACGCG-1	HTO5	CD22_B1_nonint_2261
CTAGGAGAGGTAAGTA-1	HTO1	CD22_m971
CTAGGAGAGGTCTGTA-1	HTO3	CD22_A3_nonint_4434
CTAGGCCCAAGTTACC-1	HTO4	CD22_A11_int_1411
CTAGGCCCACCACTAG-1	HTO3	CD22_A3_nonint_4434
CTAGGCCCACCGCATA-1	HTO5	CD22_B1_nonint_2261
CTAGGCCCACGCGTTA-1	HTO1	CD22_m971
CTAGGCCCAGCCAATT-1	HTO3	CD22_A3_nonint_4434
CTAGGCCCAGGACCTC-1	HTO5	CD22_B1_nonint_2261
CTAGGCCCAGGACGCA-1	HTO2	CD22_i61_2
CTAGGCCCAGGTTGCC-1	HTO1	CD22_m971
CTAGGGCGTAGTTTAG-1	HTO1	CD22_m971
CTAGGGCGTATAGTCA-1	HTO3	CD22_A3_nonint_4434
CTAGGGCGTCCATTTG-1	HTO5	CD22_B1_nonint_2261
CTAGGGCGTGCGAATT-1	HTO1	CD22_m971
CTAGGGGCAAATTACT-1	HTO5	CD22_B1_nonint_2261
CTAGGGGCACCAAGCC-1	HTO1	CD22_m971
CTAGGGGCACCCATAG-1	HTO3	CD22_A3_nonint_4434
CTAGGGGCACCGTTAG-1	HTO5	CD22_B1_nonint_2261
CTAGGGGCAGGTTGCC-1	HTO5	CD22_B1_nonint_2261
CTAGGTCAGCACGAAG-1	HTO3	CD22_A3_nonint_4434
CTAGGTCAGGTTCTAG-1	HTO5	CD22_B1_nonint_2261
CTAGGTGGTAGGGAGT-1	HTO2	CD22_i61_2
CTAGGTGGTCCAGATG-1	HTO3	CD22_A3_nonint_4434
CTAGGTGGTGCTACCT-1	HTO1	CD22_m971
CTAGTATAGCTCGTAA-1	HTO3	CD22_A3_nonint_4434
CTAGTATAGCTTGGCG-1	HTO4	CD22_A11_int_1411
CTAGTATAGGGAAGCC-1	HTO4	CD22_A11_int_1411
CTAGTATAGGTGGGTA-1	HTO2	CD22_i61_2
CTAGTCAAGGTCGAAG-1	HTO2	CD22_i61_2
CTAGTCGCAAGACAAT-1	HTO4	CD22_A11_int_1411
CTAGTCTTCGTCATTC-1	HTO2	CD22_i61_2
CTAGTGCAGAAGCTAA-1	HTO1	CD22_m971
CTAGTGCAGAATGGTA-1	HTO4	CD22_A11_int_1411
CTAGTGCAGATTGTGT-1	HTO4	CD22_A11_int_1411
CTAGTGCAGCGCTGAT-1	HTO1	CD22_m971
CTAGTGCAGGCATTCA-1	HTO4	CD22_A11_int_1411
CTAGTGCAGGCCATCG-1	HTO4	CD22_A11_int_1411
CTAGTGCAGGTCATCA-1	HTO2	CD22_i61_2
CTAGTGGGTCAGGCGT-1	HTO4	CD22_A11_int_1411
CTAGTGGGTCGGGCAT-1	HTO5	CD22_B1_nonint_2261
CTAGTGGGTCTTGTCA-1	HTO2	CD22_i61_2
CTAGTTACAACTCCGA-1	HTO2	CD22_i61_2
CTAGTTACAATGAAAC-1	HTO2	CD22_i61_2
CTAGTTACAATGTGAG-1	HTO2	CD22_i61_2
CTAGTTACAGTTGAGA-1	HTO2	CD22_i61_2
CTAGTTCTCACACACA-1	HTO2	CD22_i61_2
CTAGTTCTCACTTTCA-1	HTO3	CD22_A3_nonint_4434
CTAGTTCTCCAATGTG-1	HTO5	CD22_B1_nonint_2261
CTAGTTCTCGGATGTC-1	HTO3	CD22_A3_nonint_4434
CTAGTTCTCGTAAGCC-1	HTO1	CD22_m971
CTAGTTGAGACATCCA-1	HTO2	CD22_i61_2
CTAGTTGAGGTCGCAT-1	HTO3	CD22_A3_nonint_4434
CTATAACAGCTGCATA-1	HTO2	CD22_i61_2
CTATAACAGGTCTACA-1	HTO1	CD22_m971
CTATAAGGTAACAGGA-1	HTO2	CD22_i61_2
CTATAAGGTATCACGG-1	HTO5	CD22_B1_nonint_2261
CTATAAGGTGTCCCGC-1	HTO5	CD22_B1_nonint_2261
CTATAAGGTGTCTTCA-1	HTO1	CD22_m971
CTATAATCAACTTCGG-1	HTO2	CD22_i61_2
CTATACACAAAGGACC-1	HTO2	CD22_i61_2
CTATACACACTATTCT-1	HTO2	CD22_i61_2
CTATACCTCACATGTG-1	HTO2	CD22_i61_2
CTATACCTCACCAACA-1	HTO5	CD22_B1_nonint_2261
CTATACCTCAGTGATT-1	HTO5	CD22_B1_nonint_2261
CTATACCTCCCACATT-1	HTO3	CD22_A3_nonint_4434
CTATACCTCCGTCGCT-1	HTO2	CD22_i61_2
CTATACCTCCTTCGCA-1	HTO5	CD22_B1_nonint_2261
CTATACCTCGCACTAA-1	HTO5	CD22_B1_nonint_2261
CTATAGCCAAACTCTA-1	HTO1	CD22_m971
CTATAGCCAATATTAC-1	HTO2	CD22_i61_2
CTATAGCCACGTACGC-1	HTO4	CD22_A11_int_1411
CTATAGCCAGCTCAAT-1	HTO5	CD22_B1_nonint_2261
CTATAGTAGAACCCGT-1	HTO4	CD22_A11_int_1411
CTATAGTAGCCATTTC-1	HTO2	CD22_i61_2
CTATAGTAGCGTTAAT-1	HTO2	CD22_i61_2
CTATAGTAGGTCGAAG-1	HTO1	CD22_m971
CTATCACTCACACAAT-1	HTO5	CD22_B1_nonint_2261
CTATCACTCAGCTGTA-1	HTO2	CD22_i61_2
CTATCACTCAGTGATT-1	HTO3	CD22_A3_nonint_4434
CTATCACTCCATCGCC-1	HTO3	CD22_A3_nonint_4434
CTATCACTCCATGCCC-1	HTO5	CD22_B1_nonint_2261
CTATCACTCGGCGTTG-1	HTO4	CD22_A11_int_1411
CTATCAGAGACGCGAA-1	HTO5	CD22_B1_nonint_2261
CTATCAGAGAGGACGC-1	HTO2	CD22_i61_2
CTATCAGAGAGTCCAC-1	HTO5	CD22_B1_nonint_2261
CTATCAGAGCAAAGCG-1	HTO2	CD22_i61_2
CTATCAGAGCGTAGAG-1	HTO2	CD22_i61_2
CTATCAGAGGGACACA-1	HTO1	CD22_m971
CTATCAGAGGTCCGAT-1	HTO4	CD22_A11_int_1411
CTATCCCCAAAACCGA-1	HTO4	CD22_A11_int_1411
CTATCCCCAACTAAGG-1	HTO1	CD22_m971
CTATCCCCAATGGGCG-1	HTO5	CD22_B1_nonint_2261
CTATCCCCACGTACAT-1	HTO2	CD22_i61_2
CTATCCCCAGCGACGA-1	HTO5	CD22_B1_nonint_2261
CTATCCCCAGTGATTC-1	HTO5	CD22_B1_nonint_2261
CTATCCGTCAGTTTCC-1	HTO5	CD22_B1_nonint_2261
CTATCCGTCGGACCTG-1	HTO2	CD22_i61_2
CTATCGAAGACCCTAA-1	HTO3	CD22_A3_nonint_4434
CTATCGAAGCAACCGT-1	HTO2	CD22_i61_2
CTATCGAAGCGCATCG-1	HTO2	CD22_i61_2
CTATCGAAGCTTGATG-1	HTO3	CD22_A3_nonint_4434
CTATCGAAGGGATAGT-1	HTO2	CD22_i61_2
CTATCGAAGGGGTAAT-1	HTO3	CD22_A3_nonint_4434
CTATCGCGTATTCGGG-1	HTO2	CD22_i61_2
CTATCGCGTATTCTGT-1	HTO3	CD22_A3_nonint_4434
CTATCGCGTGGCGATC-1	HTO2	CD22_i61_2
CTATCTTCAATTAAGA-1	HTO2	CD22_i61_2
CTATCTTCACTAGTCG-1	HTO3	CD22_A3_nonint_4434
CTATGACCAAAGCCGG-1	HTO5	CD22_B1_nonint_2261
CTATGACCACGATGTT-1	HTO2	CD22_i61_2
CTATGACCACGTTTCC-1	HTO5	CD22_B1_nonint_2261
CTATGACCACTTCTAT-1	HTO3	CD22_A3_nonint_4434
CTATGACCAGGACATA-1	HTO2	CD22_i61_2
CTATGCTTCAAGGCTC-1	HTO3	CD22_A3_nonint_4434
CTATGCTTCACAGACC-1	HTO1	CD22_m971
CTATGCTTCCTGCAAA-1	HTO1	CD22_m971
CTATGCTTCCTTCAAC-1	HTO4	CD22_A11_int_1411
CTATGGCAGACTGCGT-1	HTO5	CD22_B1_nonint_2261
CTATGGCAGCACTTAG-1	HTO4	CD22_A11_int_1411
CTATGGCAGCGAATGG-1	HTO2	CD22_i61_2
CTATGGCAGCTGACCG-1	HTO2	CD22_i61_2
CTATGGGGTACCTTGC-1	HTO4	CD22_A11_int_1411
CTATGGGGTATCCTGC-1	HTO2	CD22_i61_2
CTATGGGGTCAGGCCG-1	HTO3	CD22_A3_nonint_4434
CTATGGGGTCTGATAA-1	HTO5	CD22_B1_nonint_2261
CTATGGTCACAGTCAT-1	HTO2	CD22_i61_2
CTATGGTCACCACAGC-1	HTO5	CD22_B1_nonint_2261
CTATGGTCACTATAAT-1	HTO1	CD22_m971
CTATGTCTCCGGCACA-1	HTO1	CD22_m971
CTATGTCTCGTTACCT-1	HTO3	CD22_A3_nonint_4434
CTATGTGAGAATTGTC-1	HTO3	CD22_A3_nonint_4434
CTATGTGAGACATATC-1	HTO3	CD22_A3_nonint_4434
CTATGTGAGGCATCCG-1	HTO5	CD22_B1_nonint_2261
CTATGTGAGGGTAGCA-1	HTO3	CD22_A3_nonint_4434
CTATGTTGTAATTGTG-1	HTO3	CD22_A3_nonint_4434
CTATGTTGTACTACAA-1	HTO3	CD22_A3_nonint_4434
CTATGTTGTATCTCGC-1	HTO3	CD22_A3_nonint_4434
CTATGTTGTCGTAATA-1	HTO1	CD22_m971
CTATGTTGTCTCCGGC-1	HTO1	CD22_m971
CTATGTTGTGGAGTGG-1	HTO1	CD22_m971
CTATGTTGTGGGAGAT-1	HTO3	CD22_A3_nonint_4434
CTATTCGGTAGGCGCT-1	HTO2	CD22_i61_2
CTATTCGGTCCAGATG-1	HTO2	CD22_i61_2
CTATTCGGTCGCTGCC-1	HTO3	CD22_A3_nonint_4434
CTATTCGGTCTGTTGC-1	HTO5	CD22_B1_nonint_2261
CTATTCGGTGCTATCC-1	HTO5	CD22_B1_nonint_2261
CTATTCTCACAACTAC-1	HTO2	CD22_i61_2
CTATTCTCAGCTAGGG-1	HTO1	CD22_m971
CTATTCTCAGTTAAGG-1	HTO2	CD22_i61_2
CTATTGCTCACAATCG-1	HTO4	CD22_A11_int_1411
CTATTGCTCACCTACT-1	HTO5	CD22_B1_nonint_2261
CTATTGCTCATTGCTC-1	HTO2	CD22_i61_2
CTATTGCTCCGACGCA-1	HTO3	CD22_A3_nonint_4434
CTATTGCTCCGATCAA-1	HTO3	CD22_A3_nonint_4434
CTATTGCTCCTCTGAT-1	HTO5	CD22_B1_nonint_2261
CTATTGCTCGCCTTGC-1	HTO3	CD22_A3_nonint_4434
CTATTGCTCGGACTAC-1	HTO5	CD22_B1_nonint_2261
CTATTGGAGATAGTAG-1	HTO4	CD22_A11_int_1411
CTATTGGAGCACCAAC-1	HTO3	CD22_A3_nonint_4434
CTATTGGAGCACCGCA-1	HTO3	CD22_A3_nonint_4434
CTATTGGAGCCTATTC-1	HTO3	CD22_A3_nonint_4434
CTATTGGAGCGATTAT-1	HTO3	CD22_A3_nonint_4434
CTATTGGAGCTTAAGT-1	HTO2	CD22_i61_2
CTATTGGAGGGGTATG-1	HTO2	CD22_i61_2
CTATTGGAGGGTTTCA-1	HTO3	CD22_A3_nonint_4434
CTATTGTGTACAAGGA-1	HTO1	CD22_m971
CTATTGTGTACCATGG-1	HTO4	CD22_A11_int_1411
CTATTGTGTAGAATGG-1	HTO1	CD22_m971
CTATTGTGTAGCAATC-1	HTO4	CD22_A11_int_1411
CTATTGTGTCCTCGAT-1	HTO4	CD22_A11_int_1411
CTATTGTGTCTCGAAG-1	HTO1	CD22_m971
CTATTGTGTGTGTGCA-1	HTO1	CD22_m971
CTCAATACAATGCCCA-1	HTO2	CD22_i61_2
CTCAATACACGCGTTA-1	HTO5	CD22_B1_nonint_2261
CTCAATACAGCTACAT-1	HTO5	CD22_B1_nonint_2261
CTCACCCAGAAAGTCA-1	HTO5	CD22_B1_nonint_2261
CTCACCCAGACCCATA-1	HTO5	CD22_B1_nonint_2261
CTCACCCAGATAAGTG-1	HTO5	CD22_B1_nonint_2261
CTCACCCAGCCAAGCT-1	HTO4	CD22_A11_int_1411
CTCACCCAGCGAACAG-1	HTO3	CD22_A3_nonint_4434
CTCACCCAGCGGTCAT-1	HTO2	CD22_i61_2
CTCACCCAGGCTAACC-1	HTO1	CD22_m971
CTCACCCAGGCTGGAA-1	HTO2	CD22_i61_2
CTCACCCAGGGAGGTC-1	HTO3	CD22_A3_nonint_4434
CTCACCCAGGTAGTTT-1	HTO4	CD22_A11_int_1411
CTCACCTCAATCAGAG-1	HTO3	CD22_A3_nonint_4434
CTCACCTCACAACGGG-1	HTO5	CD22_B1_nonint_2261
CTCACCTCACATTCAA-1	HTO3	CD22_A3_nonint_4434
CTCACGACAAAATCCC-1	HTO2	CD22_i61_2
CTCACGACAACCAAGA-1	HTO5	CD22_B1_nonint_2261
CTCACGACACACAACT-1	HTO5	CD22_B1_nonint_2261
CTCACGACACAGCACC-1	HTO5	CD22_B1_nonint_2261
CTCACGACACGATTAC-1	HTO2	CD22_i61_2
CTCACGACACGCAGCT-1	HTO4	CD22_A11_int_1411
CTCACGACAGCTACGC-1	HTO1	CD22_m971
CTCACGACAGTTGCCA-1	HTO1	CD22_m971
CTCACGCTCCGGACAT-1	HTO5	CD22_B1_nonint_2261
CTCACGCTCCTATGCT-1	HTO3	CD22_A3_nonint_4434
CTCACGCTCGTCACCC-1	HTO5	CD22_B1_nonint_2261
CTCACTCCAAAAGCCA-1	HTO2	CD22_i61_2
CTCACTCCAACGCAGG-1	HTO5	CD22_B1_nonint_2261
CTCACTCCAAGGACCG-1	HTO1	CD22_m971
CTCACTCCAATTAAAG-1	HTO4	CD22_A11_int_1411
CTCACTCCACGAGCGA-1	HTO4	CD22_A11_int_1411
CTCACTCCACGATGGG-1	HTO3	CD22_A3_nonint_4434
CTCACTCCAGCTCAAT-1	HTO5	CD22_B1_nonint_2261
CTCACTCCAGCTCTAG-1	HTO4	CD22_A11_int_1411
CTCAGCCTCAGGTTCA-1	HTO2	CD22_i61_2
CTCAGCCTCCGGTTAA-1	HTO1	CD22_m971
CTCAGCCTCCTCGCTA-1	HTO4	CD22_A11_int_1411
CTCAGCGAGAAAGCCG-1	HTO1	CD22_m971
CTCAGCGAGAACTTGT-1	HTO2	CD22_i61_2
CTCAGCGAGAATGCGG-1	HTO4	CD22_A11_int_1411
CTCAGCGAGAGGGATT-1	HTO4	CD22_A11_int_1411
CTCAGCGAGCCTACGG-1	HTO4	CD22_A11_int_1411
CTCAGCGAGGCTACAC-1	HTO4	CD22_A11_int_1411
CTCAGCGAGGGGGTTA-1	HTO4	CD22_A11_int_1411
CTCAGCGAGGTAAGAC-1	HTO5	CD22_B1_nonint_2261
CTCAGCGAGGTCTCCC-1	HTO3	CD22_A3_nonint_4434
CTCAGGTAGAGGTACG-1	HTO1	CD22_m971
CTCAGGTAGAGTTTAC-1	HTO1	CD22_m971
CTCAGGTAGCCATACA-1	HTO2	CD22_i61_2
CTCAGGTAGCTAACAT-1	HTO3	CD22_A3_nonint_4434
CTCAGTAAGAACGGCA-1	HTO3	CD22_A3_nonint_4434
CTCAGTAAGAACTTGT-1	HTO4	CD22_A11_int_1411
CTCAGTAAGATATGAG-1	HTO2	CD22_i61_2
CTCAGTAAGCGTACGT-1	HTO5	CD22_B1_nonint_2261
CTCAGTAAGGGTTTCA-1	HTO5	CD22_B1_nonint_2261
CTCATAACAAAGTCTC-1	HTO3	CD22_A3_nonint_4434
CTCATAACACATCGGC-1	HTO4	CD22_A11_int_1411
CTCATAACACATGGGG-1	HTO4	CD22_A11_int_1411
CTCATAACACGCGTTA-1	HTO5	CD22_B1_nonint_2261
CTCATAACACTATACA-1	HTO2	CD22_i61_2
CTCATAGAGAACGACG-1	HTO4	CD22_A11_int_1411
CTCATAGAGACGTATT-1	HTO2	CD22_i61_2
CTCATAGAGCTAACAT-1	HTO3	CD22_A3_nonint_4434
CTCATAGAGGGCATGA-1	HTO4	CD22_A11_int_1411
CTCATATGTAATGGAG-1	HTO4	CD22_A11_int_1411
CTCATATGTATGCCAG-1	HTO5	CD22_B1_nonint_2261
CTCATATGTCCTTGTA-1	HTO5	CD22_B1_nonint_2261
CTCATATGTCGAGGGA-1	HTO5	CD22_B1_nonint_2261
CTCATATGTCTAGTGG-1	HTO5	CD22_B1_nonint_2261
CTCATATGTGTCCATC-1	HTO3	CD22_A3_nonint_4434
CTCATGAAGCATCGAC-1	HTO5	CD22_B1_nonint_2261
CTCATGAAGCTGTATG-1	HTO2	CD22_i61_2
CTCATGAAGGGGTTTC-1	HTO5	CD22_B1_nonint_2261
CTCATTGGTAATCTTC-1	HTO2	CD22_i61_2
CTCATTGGTACAAGCT-1	HTO5	CD22_B1_nonint_2261
CTCATTGGTAGACGTT-1	HTO2	CD22_i61_2
CTCATTGGTCGTATGG-1	HTO2	CD22_i61_2
CTCATTGGTGCTCTTA-1	HTO2	CD22_i61_2
CTCATTTCAAGACAGC-1	HTO1	CD22_m971
CTCATTTCAATCGTCG-1	HTO5	CD22_B1_nonint_2261
CTCATTTCAATGGTAG-1	HTO2	CD22_i61_2
CTCATTTCAATTGTAT-1	HTO2	CD22_i61_2
CTCATTTCACACAATC-1	HTO3	CD22_A3_nonint_4434
CTCATTTCACATGCGC-1	HTO1	CD22_m971
CTCCAATTCAAGTCCA-1	HTO4	CD22_A11_int_1411
CTCCAATTCACTCCAT-1	HTO5	CD22_B1_nonint_2261
CTCCAATTCATTATCT-1	HTO3	CD22_A3_nonint_4434
CTCCAATTCCTGCGTC-1	HTO5	CD22_B1_nonint_2261
CTCCACTCAAGTACTC-1	HTO5	CD22_B1_nonint_2261
CTCCACTCAGTCCTCT-1	HTO2	CD22_i61_2
CTCCAGCTCATCATCC-1	HTO2	CD22_i61_2
CTCCAGCTCCCTAAAG-1	HTO1	CD22_m971
CTCCAGCTCCTCTGGC-1	HTO4	CD22_A11_int_1411
CTCCAGCTCGTTAGGC-1	HTO3	CD22_A3_nonint_4434
CTCCATCCACCTCTCG-1	HTO3	CD22_A3_nonint_4434
CTCCATCCACTGGGCT-1	HTO3	CD22_A3_nonint_4434
CTCCATCCAGCCTTAG-1	HTO1	CD22_m971
CTCCATCCAGTATTAT-1	HTO2	CD22_i61_2
CTCCATCCAGTGAAGC-1	HTO5	CD22_B1_nonint_2261
CTCCATCCAGTTAGCT-1	HTO3	CD22_A3_nonint_4434
CTCCATGTCAGTCAAT-1	HTO5	CD22_B1_nonint_2261
CTCCATGTCCCACTAT-1	HTO1	CD22_m971
CTCCATGTCGGGTCAT-1	HTO4	CD22_A11_int_1411
CTCCATGTCGGTTAGC-1	HTO2	CD22_i61_2
CTCCGAACAACAACCT-1	HTO3	CD22_A3_nonint_4434
CTCCGAACAAGCGCTC-1	HTO3	CD22_A3_nonint_4434
CTCCGAACAATGTGTC-1	HTO3	CD22_A3_nonint_4434
CTCCGAACAGTGTGGG-1	HTO3	CD22_A3_nonint_4434
CTCCGACTCAAATTGC-1	HTO4	CD22_A11_int_1411
CTCCGACTCACCCAAA-1	HTO5	CD22_B1_nonint_2261
CTCCGACTCAGCGCCA-1	HTO2	CD22_i61_2
CTCCGACTCATCGCTT-1	HTO2	CD22_i61_2
CTCCGACTCCCATACT-1	HTO5	CD22_B1_nonint_2261
CTCCGACTCCGGAAAG-1	HTO3	CD22_A3_nonint_4434
CTCCGACTCGCAGTAC-1	HTO2	CD22_i61_2
CTCCGACTCGCCCGTT-1	HTO3	CD22_A3_nonint_4434
CTCCGCAGTGGTCCCC-1	HTO3	CD22_A3_nonint_4434
CTCCGCAGTGTCGGGT-1	HTO5	CD22_B1_nonint_2261
CTCCGCAGTGTTGTCC-1	HTO4	CD22_A11_int_1411
CTCCGGAAGCATCGCG-1	HTO5	CD22_B1_nonint_2261
CTCCGGAAGCGGGGAT-1	HTO4	CD22_A11_int_1411
CTCCGGAAGCTGTGCG-1	HTO5	CD22_B1_nonint_2261
CTCCGGCGTAAGTGAG-1	HTO1	CD22_m971
CTCCGGCGTACATAGC-1	HTO5	CD22_B1_nonint_2261
CTCCGGCGTCGATTGG-1	HTO1	CD22_m971
CTCCGGTTCACTGACA-1	HTO4	CD22_A11_int_1411
CTCCGGTTCATCGGGT-1	HTO1	CD22_m971
CTCCGGTTCATGGTGC-1	HTO4	CD22_A11_int_1411
CTCCGGTTCATTGTAA-1	HTO2	CD22_i61_2
CTCCGGTTCCCAAGTA-1	HTO5	CD22_B1_nonint_2261
CTCCGGTTCGCAACTA-1	HTO1	CD22_m971
CTCCGGTTCGTATCAG-1	HTO1	CD22_m971
CTCCTCAAGACCTTTC-1	HTO5	CD22_B1_nonint_2261
CTCCTCAAGATGACGG-1	HTO4	CD22_A11_int_1411
CTCCTCAAGCTAGCCG-1	HTO1	CD22_m971
CTCCTCAAGGGCATAG-1	HTO1	CD22_m971
CTCCTCAAGGTCACGT-1	HTO3	CD22_A3_nonint_4434
CTCCTCTTCAAGCCAC-1	HTO2	CD22_i61_2
CTCCTCTTCATCGGGT-1	HTO2	CD22_i61_2
CTCCTCTTCATTAAGC-1	HTO5	CD22_B1_nonint_2261
CTCCTCTTCCCAAAGC-1	HTO2	CD22_i61_2
CTCCTCTTCCCCTAGC-1	HTO3	CD22_A3_nonint_4434
CTCCTCTTCCTCATTA-1	HTO5	CD22_B1_nonint_2261
CTCCTCTTCGTCTTCG-1	HTO1	CD22_m971
CTCCTGGGTGCCTCGC-1	HTO3	CD22_A3_nonint_4434
CTCCTGGGTGGTCCCC-1	HTO5	CD22_B1_nonint_2261
CTCCTTACAAAATGAC-1	HTO1	CD22_m971
CTCCTTACACAGCAGG-1	HTO1	CD22_m971
CTCCTTACAGGACTTT-1	HTO2	CD22_i61_2
CTCCTTCTCAATATCA-1	HTO4	CD22_A11_int_1411
CTCCTTCTCGCAACTA-1	HTO1	CD22_m971
CTCCTTCTCGTAGATT-1	HTO3	CD22_A3_nonint_4434
CTCCTTCTCGTGTCGG-1	HTO3	CD22_A3_nonint_4434
CTCGAAATCATAGCAT-1	HTO1	CD22_m971
CTCGAAATCATGTCGA-1	HTO5	CD22_B1_nonint_2261
CTCGAAATCCTATCAC-1	HTO3	CD22_A3_nonint_4434
CTCGAAATCGGACTAC-1	HTO5	CD22_B1_nonint_2261
CTCGAACAGAGGTATA-1	HTO4	CD22_A11_int_1411
CTCGAACAGATACGGG-1	HTO3	CD22_A3_nonint_4434
CTCGAACAGCATTTGG-1	HTO1	CD22_m971
CTCGAACAGGGTTAGG-1	HTO5	CD22_B1_nonint_2261
CTCGAACAGGTATATC-1	HTO4	CD22_A11_int_1411
CTCGAACAGGTCGTAC-1	HTO5	CD22_B1_nonint_2261
CTCGAAGGTCAAGTTA-1	HTO5	CD22_B1_nonint_2261
CTCGAAGGTCCCAATC-1	HTO3	CD22_A3_nonint_4434
CTCGAAGGTGTACCCT-1	HTO4	CD22_A11_int_1411
CTCGACACAACGGTCC-1	HTO5	CD22_B1_nonint_2261
CTCGACACACTACTTT-1	HTO3	CD22_A3_nonint_4434
CTCGAGCCAAATTCCA-1	HTO4	CD22_A11_int_1411
CTCGAGCCAACCTACG-1	HTO1	CD22_m971
CTCGAGCCAACGGGAT-1	HTO3	CD22_A3_nonint_4434
CTCGAGCCAATACGGA-1	HTO4	CD22_A11_int_1411
CTCGAGCCAATGAATA-1	HTO4	CD22_A11_int_1411
CTCGAGCCACATCTCC-1	HTO3	CD22_A3_nonint_4434
CTCGAGCCAGTAAGAT-1	HTO4	CD22_A11_int_1411
CTCGAGTAGAGGAGTT-1	HTO4	CD22_A11_int_1411
CTCGAGTAGCATGGTC-1	HTO5	CD22_B1_nonint_2261
CTCGAGTAGCCAACCG-1	HTO2	CD22_i61_2
CTCGATAAGAAACGCG-1	HTO1	CD22_m971
CTCGATAAGACCCACG-1	HTO2	CD22_i61_2
CTCGATAAGCAACATT-1	HTO5	CD22_B1_nonint_2261
CTCGATAAGCTAGATT-1	HTO2	CD22_i61_2
CTCGATAAGCTTGTGA-1	HTO1	CD22_m971
CTCGATAAGGTCCCGA-1	HTO5	CD22_B1_nonint_2261
CTCGATCGTACGTCAG-1	HTO1	CD22_m971
CTCGATCGTATAAGCC-1	HTO5	CD22_B1_nonint_2261
CTCGATCGTCCAACCT-1	HTO5	CD22_B1_nonint_2261
CTCGATCGTGCTAAGT-1	HTO3	CD22_A3_nonint_4434
CTCGCAACACAGTCGC-1	HTO2	CD22_i61_2
CTCGCACTCAGGCTGT-1	HTO5	CD22_B1_nonint_2261
CTCGCACTCATGGTAT-1	HTO1	CD22_m971
CTCGCACTCCCGGTTC-1	HTO1	CD22_m971
CTCGCACTCCCTGGCT-1	HTO4	CD22_A11_int_1411
CTCGCACTCCTAGTTC-1	HTO5	CD22_B1_nonint_2261
CTCGCCAGTACACTCC-1	HTO1	CD22_m971
CTCGCCAGTACCTCCG-1	HTO5	CD22_B1_nonint_2261
CTCGCCAGTATTCGGG-1	HTO5	CD22_B1_nonint_2261
CTCGCCAGTCGCACCC-1	HTO2	CD22_i61_2
CTCGCCAGTCGTATAA-1	HTO1	CD22_m971
CTCGCCAGTCGTTCGT-1	HTO2	CD22_i61_2
CTCGCCAGTGGAGCTC-1	HTO5	CD22_B1_nonint_2261
CTCGCTATCCACCTAT-1	HTO5	CD22_B1_nonint_2261
CTCGCTGGTAAGGTCT-1	HTO1	CD22_m971
CTCGCTGGTACAGAAG-1	HTO3	CD22_A3_nonint_4434
CTCGCTGGTAGTGCGC-1	HTO1	CD22_m971
CTCGCTGGTATCCGCT-1	HTO5	CD22_B1_nonint_2261
CTCGGACCAAATTGGG-1	HTO3	CD22_A3_nonint_4434
CTCGGACCAACCAAGA-1	HTO1	CD22_m971
CTCGGACCAAGAATAC-1	HTO5	CD22_B1_nonint_2261
CTCGGACCAAGCAAAT-1	HTO3	CD22_A3_nonint_4434
CTCGGACCAAGCATAG-1	HTO5	CD22_B1_nonint_2261
CTCGGACCACCAACGC-1	HTO5	CD22_B1_nonint_2261
CTCGGCAAGAAGTAGC-1	HTO2	CD22_i61_2
CTCGGCAAGGGTTGTC-1	HTO2	CD22_i61_2
CTCGGCTTCCAATTGG-1	HTO2	CD22_i61_2
CTCGGCTTCCATTCAC-1	HTO1	CD22_m971
CTCGGCTTCCTCCGAC-1	HTO2	CD22_i61_2
CTCGGCTTCGCGTAGT-1	HTO3	CD22_A3_nonint_4434
CTCGGGATCCACCCTA-1	HTO3	CD22_A3_nonint_4434
CTCGGGATCCAGTAGC-1	HTO3	CD22_A3_nonint_4434
CTCGGGATCCGGCGTA-1	HTO2	CD22_i61_2
CTCGGGATCCTGCGTC-1	HTO2	CD22_i61_2
CTCGGGATCGTCTCGC-1	HTO2	CD22_i61_2
CTCGGGTCAAGGGACT-1	HTO1	CD22_m971
CTCGGGTCAATGGGCG-1	HTO2	CD22_i61_2
CTCGGGTCACAACGCC-1	HTO2	CD22_i61_2
CTCGGGTCACGATAAG-1	HTO2	CD22_i61_2
CTCGGGTCACTGACAT-1	HTO3	CD22_A3_nonint_4434
CTCGGGTCAGCCAACC-1	HTO2	CD22_i61_2
CTCGGGTCAGTTCTCC-1	HTO2	CD22_i61_2
CTCGGTACAACTGCGC-1	HTO5	CD22_B1_nonint_2261
CTCGGTACACACTAAC-1	HTO1	CD22_m971
CTCGGTACACGGTCGT-1	HTO2	CD22_i61_2
CTCGGTACACTCCTTA-1	HTO3	CD22_A3_nonint_4434
CTCGGTACAGCTCCAA-1	HTO5	CD22_B1_nonint_2261
CTCGGTACAGTCCACA-1	HTO1	CD22_m971
CTCGGTACAGTGCGTC-1	HTO2	CD22_i61_2
CTCGGTTGTCCATCCG-1	HTO2	CD22_i61_2
CTCGGTTGTGTCTATT-1	HTO4	CD22_A11_int_1411
CTCGTAAAGATTGTGT-1	HTO2	CD22_i61_2
CTCGTAAAGCTGTGGT-1	HTO2	CD22_i61_2
CTCGTAAAGGCAAAGT-1	HTO5	CD22_B1_nonint_2261
CTCGTAAAGGTCCTCC-1	HTO5	CD22_B1_nonint_2261
CTCGTCATCACGTAAT-1	HTO4	CD22_A11_int_1411
CTCGTCATCAGCACGT-1	HTO5	CD22_B1_nonint_2261
CTCGTCATCAGTCCTT-1	HTO3	CD22_A3_nonint_4434
CTCGTCATCCGTATAG-1	HTO2	CD22_i61_2
CTCGTCATCGGTTCGG-1	HTO2	CD22_i61_2
CTCGTCGGTAGCTGTG-1	HTO1	CD22_m971
CTCGTGGAGAGCGGAC-1	HTO4	CD22_A11_int_1411
CTCGTGGAGAGCTTAT-1	HTO3	CD22_A3_nonint_4434
CTCGTGGAGAGTGATA-1	HTO5	CD22_B1_nonint_2261
CTCGTGGAGATGCATT-1	HTO2	CD22_i61_2
CTCGTGGAGATGCCAC-1	HTO3	CD22_A3_nonint_4434
CTCGTGGAGCATTACG-1	HTO5	CD22_B1_nonint_2261
CTCGTGGAGCGATTGC-1	HTO2	CD22_i61_2
CTCGTGGAGCTAAGCC-1	HTO5	CD22_B1_nonint_2261
CTCGTTCCAAAGCCGG-1	HTO3	CD22_A3_nonint_4434
CTCGTTCCAACATCCG-1	HTO5	CD22_B1_nonint_2261
CTCGTTCCAACCAGAA-1	HTO2	CD22_i61_2
CTCGTTCCAACTTCGG-1	HTO3	CD22_A3_nonint_4434
CTCGTTCCAAGCTGGG-1	HTO2	CD22_i61_2
CTCGTTCCAATACCCG-1	HTO1	CD22_m971
CTCGTTGTCACGACTA-1	HTO4	CD22_A11_int_1411
CTCGTTGTCACGGTTA-1	HTO4	CD22_A11_int_1411
CTCGTTGTCATTGCTC-1	HTO4	CD22_A11_int_1411
CTCGTTGTCCTACTAC-1	HTO2	CD22_i61_2
CTCGTTTAGAGGCGTA-1	HTO2	CD22_i61_2
CTCGTTTAGCACGGAA-1	HTO5	CD22_B1_nonint_2261
CTCGTTTAGCGTGTTA-1	HTO5	CD22_B1_nonint_2261
CTCGTTTAGCTAGCTA-1	HTO1	CD22_m971
CTCGTTTAGGCCTATA-1	HTO5	CD22_B1_nonint_2261
CTCGTTTAGGGGGCAT-1	HTO5	CD22_B1_nonint_2261
CTCTAACTCAACGCTA-1	HTO5	CD22_B1_nonint_2261
CTCTAACTCACACATG-1	HTO5	CD22_B1_nonint_2261
CTCTAACTCACGACAC-1	HTO1	CD22_m971
CTCTAACTCATGCAGC-1	HTO1	CD22_m971
CTCTAACTCCCTGGCT-1	HTO5	CD22_B1_nonint_2261
CTCTAACTCGTTCGGG-1	HTO4	CD22_A11_int_1411
CTCTAATGTACGCAAT-1	HTO4	CD22_A11_int_1411
CTCTAATGTATCCGCT-1	HTO3	CD22_A3_nonint_4434
CTCTAATGTCCTGATC-1	HTO4	CD22_A11_int_1411
CTCTAATGTCGGGTTA-1	HTO5	CD22_B1_nonint_2261
CTCTAATGTGCCTCTG-1	HTO1	CD22_m971
CTCTAGAAGACATTCG-1	HTO1	CD22_m971
CTCTAGAAGATGGGCA-1	HTO1	CD22_m971
CTCTAGAAGCTCGAAC-1	HTO5	CD22_B1_nonint_2261
CTCTAGAAGGTTGTGC-1	HTO3	CD22_A3_nonint_4434
CTCTAGCGTCAATCGG-1	HTO2	CD22_i61_2
CTCTAGCGTCCTCTCC-1	HTO1	CD22_m971
CTCTAGGCAACATGGA-1	HTO2	CD22_i61_2
CTCTAGGCAAGGACCG-1	HTO4	CD22_A11_int_1411
CTCTAGGCAAGGCGCA-1	HTO2	CD22_i61_2
CTCTAGGCACAGTAAG-1	HTO2	CD22_i61_2
CTCTAGGCACCTCATC-1	HTO1	CD22_m971
CTCTAGGCAGTTAGAG-1	HTO2	CD22_i61_2
CTCTAGTTCATCGCCC-1	HTO2	CD22_i61_2
CTCTAGTTCCAACATG-1	HTO5	CD22_B1_nonint_2261
CTCTAGTTCCACCATT-1	HTO5	CD22_B1_nonint_2261
CTCTAGTTCGTTGTCT-1	HTO5	CD22_B1_nonint_2261
CTCTCATAGAGAGGTT-1	HTO2	CD22_i61_2
CTCTCATAGATCGATT-1	HTO5	CD22_B1_nonint_2261
CTCTCATAGATGAGTA-1	HTO5	CD22_B1_nonint_2261
CTCTCATAGCACGTCG-1	HTO1	CD22_m971
CTCTCATAGCCAGAGA-1	HTO5	CD22_B1_nonint_2261
CTCTCATAGCGCCTAG-1	HTO5	CD22_B1_nonint_2261
CTCTCATAGGGGGTTA-1	HTO5	CD22_B1_nonint_2261
CTCTCATAGGTGCGAA-1	HTO3	CD22_A3_nonint_4434
CTCTCCAAGAAGGGCC-1	HTO4	CD22_A11_int_1411
CTCTCCAAGAGAGGTT-1	HTO1	CD22_m971
CTCTCCAAGAGCTTTG-1	HTO5	CD22_B1_nonint_2261
CTCTCCAAGCGGCATT-1	HTO5	CD22_B1_nonint_2261
CTCTCCAAGGCTATGC-1	HTO5	CD22_B1_nonint_2261
CTCTCCGCAAACATTT-1	HTO3	CD22_A3_nonint_4434
CTCTCCGCAAAGCATG-1	HTO3	CD22_A3_nonint_4434
CTCTCCGCACAAACCT-1	HTO3	CD22_A3_nonint_4434
CTCTCCGCAGTTGAAG-1	HTO1	CD22_m971
CTCTCCTTCACATCAG-1	HTO2	CD22_i61_2
CTCTCCTTCATTAATG-1	HTO4	CD22_A11_int_1411
CTCTCCTTCCTAGTTC-1	HTO2	CD22_i61_2
CTCTCCTTCCTCCATG-1	HTO1	CD22_m971
CTCTCCTTCGTTAATA-1	HTO2	CD22_i61_2
CTCTCGATCATAATCA-1	HTO5	CD22_B1_nonint_2261
CTCTCGATCCCAAATG-1	HTO5	CD22_B1_nonint_2261
CTCTCGATCCCAGCTC-1	HTO5	CD22_B1_nonint_2261
CTCTCGATCCCTTCAG-1	HTO2	CD22_i61_2
CTCTCGATCGTTCGGG-1	HTO4	CD22_A11_int_1411
CTCTCGGGTAAAGCTC-1	HTO2	CD22_i61_2
CTCTCGGGTACAAGCT-1	HTO3	CD22_A3_nonint_4434
CTCTCGGGTAGTTTAG-1	HTO1	CD22_m971
CTCTCGGGTCACGTTC-1	HTO1	CD22_m971
CTCTCGGGTGTTGGAT-1	HTO3	CD22_A3_nonint_4434
CTCTGAAAGCTACAGC-1	HTO4	CD22_A11_int_1411
CTCTGAAAGCTCGATA-1	HTO4	CD22_A11_int_1411
CTCTGAAAGGCTCACG-1	HTO1	CD22_m971
CTCTGAAAGGGCTAAG-1	HTO5	CD22_B1_nonint_2261
CTCTGAAAGGTAGGGC-1	HTO2	CD22_i61_2
CTCTGATTCAAGGTAA-1	HTO5	CD22_B1_nonint_2261
CTCTGATTCACAGACC-1	HTO3	CD22_A3_nonint_4434
CTCTGATTCACTCATC-1	HTO2	CD22_i61_2
CTCTGATTCCTCCACA-1	HTO2	CD22_i61_2
CTCTGATTCGCTTTCG-1	HTO3	CD22_A3_nonint_4434
CTCTGATTCGGACTTA-1	HTO5	CD22_B1_nonint_2261
CTCTGATTCGGCGTAT-1	HTO5	CD22_B1_nonint_2261
CTCTGGGAGAAAGTGC-1	HTO5	CD22_B1_nonint_2261
CTCTGGGAGAGCGATG-1	HTO3	CD22_A3_nonint_4434
CTCTGGGAGATTAACC-1	HTO1	CD22_m971
CTCTGGGAGCACAAGG-1	HTO4	CD22_A11_int_1411
CTCTGGGAGCCATAAT-1	HTO3	CD22_A3_nonint_4434
CTCTGGGAGCCCATTT-1	HTO2	CD22_i61_2
CTCTGGGAGGTCTACA-1	HTO2	CD22_i61_2
CTCTGGGAGGTGCGAA-1	HTO2	CD22_i61_2
CTGAAAGCACGCGTTA-1	HTO5	CD22_B1_nonint_2261
CTGAAAGCAGCGAATA-1	HTO2	CD22_i61_2
CTGAATTAGATCGACC-1	HTO2	CD22_i61_2
CTGAATTAGGTGAGTG-1	HTO5	CD22_B1_nonint_2261
CTGACACAGAACGACG-1	HTO2	CD22_i61_2
CTGACACAGACGGGTA-1	HTO1	CD22_m971
CTGACACAGAGAGAGA-1	HTO3	CD22_A3_nonint_4434
CTGACACAGAGGTGAT-1	HTO1	CD22_m971
CTGACACAGATCGCGT-1	HTO2	CD22_i61_2
CTGACACAGCAGTCCG-1	HTO5	CD22_B1_nonint_2261
CTGACACAGCCTTGCC-1	HTO5	CD22_B1_nonint_2261
CTGACATCAAAGGGGA-1	HTO1	CD22_m971
CTGACATCAAGCTTCG-1	HTO2	CD22_i61_2
CTGACATCAAGTTAGG-1	HTO4	CD22_A11_int_1411
CTGACATCACGCGACT-1	HTO3	CD22_A3_nonint_4434
CTGACATCAGTACAAG-1	HTO4	CD22_A11_int_1411
CTGACATCAGTGAAGC-1	HTO4	CD22_A11_int_1411
CTGACCACAAAACGGC-1	HTO1	CD22_m971
CTGACCACAAACGCGG-1	HTO5	CD22_B1_nonint_2261
CTGACCACAAAGTAAC-1	HTO5	CD22_B1_nonint_2261
CTGACCACAAGTATCC-1	HTO3	CD22_A3_nonint_4434
CTGACCACAATCCTAA-1	HTO1	CD22_m971
CTGACCACAATGGCCC-1	HTO1	CD22_m971
CTGACCACAATTATCG-1	HTO2	CD22_i61_2
CTGACCACACGTAACT-1	HTO2	CD22_i61_2
CTGACCGAGACAATGA-1	HTO3	CD22_A3_nonint_4434
CTGACCGAGCAATGTT-1	HTO1	CD22_m971
CTGACCGAGCAGCGAA-1	HTO3	CD22_A3_nonint_4434
CTGACCGAGCCCTAGG-1	HTO5	CD22_B1_nonint_2261
CTGACCGAGCTAAGGG-1	HTO3	CD22_A3_nonint_4434
CTGACCGAGGCGTGAA-1	HTO5	CD22_B1_nonint_2261
CTGACCGAGGTCATGC-1	HTO2	CD22_i61_2
CTGACGCCAACAGACA-1	HTO5	CD22_B1_nonint_2261
CTGACGCCAGCACGGA-1	HTO4	CD22_A11_int_1411
CTGACGCCAGCTTCGA-1	HTO4	CD22_A11_int_1411
CTGACGCCAGTCAATC-1	HTO1	CD22_m971
CTGACGCCAGTCATCG-1	HTO3	CD22_A3_nonint_4434
CTGACGCCAGTGTCGC-1	HTO3	CD22_A3_nonint_4434
CTGACGTAGACGCCAT-1	HTO5	CD22_B1_nonint_2261
CTGACGTAGACGTGTC-1	HTO2	CD22_i61_2
CTGACGTAGAGGTAAC-1	HTO4	CD22_A11_int_1411
CTGACGTAGATTACAC-1	HTO4	CD22_A11_int_1411
CTGACGTAGCACGCCA-1	HTO5	CD22_B1_nonint_2261
CTGACGTAGCCGTTGG-1	HTO5	CD22_B1_nonint_2261
CTGACGTAGCGTATAT-1	HTO4	CD22_A11_int_1411
CTGACGTAGCGTTTAG-1	HTO3	CD22_A3_nonint_4434
CTGACGTAGGCTAAGG-1	HTO1	CD22_m971
CTGACGTAGGGTAAGT-1	HTO1	CD22_m971
CTGACTCGTATAGCGT-1	HTO5	CD22_B1_nonint_2261
CTGACTCGTCACCCAT-1	HTO4	CD22_A11_int_1411
CTGACTCGTCATTTCG-1	HTO4	CD22_A11_int_1411
CTGATAAGTAAGCCAT-1	HTO1	CD22_m971
CTGATAAGTCGATCAG-1	HTO4	CD22_A11_int_1411
CTGATAAGTCTCGTCG-1	HTO2	CD22_i61_2
CTGATATAGACCCGAT-1	HTO5	CD22_B1_nonint_2261
CTGATATAGAGTTTAC-1	HTO4	CD22_A11_int_1411
CTGATATAGATCCGAC-1	HTO3	CD22_A3_nonint_4434
CTGATATAGCGTCTAA-1	HTO3	CD22_A3_nonint_4434
CTGATATAGGCAAAGT-1	HTO2	CD22_i61_2
CTGATATAGGTAAGAC-1	HTO3	CD22_A3_nonint_4434
CTGATTACAACGGACG-1	HTO1	CD22_m971
CTGATTACAATGCGCC-1	HTO5	CD22_B1_nonint_2261
CTGATTACAATTACCA-1	HTO2	CD22_i61_2
CTGATTACACAAGGCG-1	HTO2	CD22_i61_2
CTGATTACACCAGATT-1	HTO5	CD22_B1_nonint_2261
CTGATTACAGTACGGG-1	HTO5	CD22_B1_nonint_2261
CTGATTCTCCCAGTAA-1	HTO2	CD22_i61_2
CTGATTCTCCGATCGG-1	HTO5	CD22_B1_nonint_2261
CTGATTCTCGTCGAGT-1	HTO2	CD22_i61_2
CTGATTGAGATGGAGT-1	HTO2	CD22_i61_2
CTGATTGAGCCTATTC-1	HTO5	CD22_B1_nonint_2261
CTGATTGAGGCATTCA-1	HTO5	CD22_B1_nonint_2261
CTGATTGAGGTAGTGG-1	HTO3	CD22_A3_nonint_4434
CTGATTGAGGTATTGT-1	HTO5	CD22_B1_nonint_2261
CTGCAAATCACTCGCC-1	HTO1	CD22_m971
CTGCAAATCCCATTAC-1	HTO1	CD22_m971
CTGCAAATCCGCCCAT-1	HTO5	CD22_B1_nonint_2261
CTGCAAATCGGACATC-1	HTO5	CD22_B1_nonint_2261
CTGCAAATCGTATCTC-1	HTO4	CD22_A11_int_1411
CTGCAAATCGTGCTCC-1	HTO3	CD22_A3_nonint_4434
CTGCAACAGACAATGA-1	HTO2	CD22_i61_2
CTGCAACAGACCCGAT-1	HTO3	CD22_A3_nonint_4434
CTGCAACAGCACCCGA-1	HTO1	CD22_m971
CTGCAACAGCAGGGAC-1	HTO1	CD22_m971
CTGCAACAGCCGGATT-1	HTO3	CD22_A3_nonint_4434
CTGCAACAGGTGTCCG-1	HTO5	CD22_B1_nonint_2261
CTGCAAGGTACTAAGC-1	HTO5	CD22_B1_nonint_2261
CTGCAAGGTAGAGGGT-1	HTO5	CD22_B1_nonint_2261
CTGCAAGGTAGCGCGT-1	HTO1	CD22_m971
CTGCAAGGTAGGAAAT-1	HTO1	CD22_m971
CTGCAAGGTAGGATAG-1	HTO5	CD22_B1_nonint_2261
CTGCAAGGTCAGCTTC-1	HTO5	CD22_B1_nonint_2261
CTGCAAGGTCGGTATG-1	HTO1	CD22_m971
CTGCAAGGTCTACGCT-1	HTO1	CD22_m971
CTGCAATCAATTCTAG-1	HTO2	CD22_i61_2
CTGCAATCACTATACA-1	HTO5	CD22_B1_nonint_2261
CTGCAATCACTTAGCG-1	HTO2	CD22_i61_2
CTGCAATCAGTGATTC-1	HTO1	CD22_m971
CTGCAATCAGTTAAGG-1	HTO1	CD22_m971
CTGCACACAAGTTTCA-1	HTO5	CD22_B1_nonint_2261
CTGCACACAATATGTT-1	HTO5	CD22_B1_nonint_2261
CTGCACACACCTAGAT-1	HTO2	CD22_i61_2
CTGCACACAGGGATTA-1	HTO5	CD22_B1_nonint_2261
CTGCACACAGTGATTC-1	HTO2	CD22_i61_2
CTGCACCTCAAACTAC-1	HTO5	CD22_B1_nonint_2261
CTGCACCTCAACCCTT-1	HTO1	CD22_m971
CTGCACCTCACATTAA-1	HTO2	CD22_i61_2
CTGCACCTCAGAATAG-1	HTO5	CD22_B1_nonint_2261
CTGCACCTCAGGGGTA-1	HTO5	CD22_B1_nonint_2261
CTGCACCTCGCACTCC-1	HTO1	CD22_m971
CTGCACCTCGGTACTA-1	HTO4	CD22_A11_int_1411
CTGCACCTCGTCCCTA-1	HTO1	CD22_m971
CTGCACGAGAGCGGAC-1	HTO2	CD22_i61_2
CTGCACGAGAGTAATG-1	HTO1	CD22_m971
CTGCACGAGCACCTTT-1	HTO2	CD22_i61_2
CTGCACGAGGGCTTCG-1	HTO1	CD22_m971
CTGCACGAGGGCTTGT-1	HTO2	CD22_i61_2
CTGCACGAGGGTAAGT-1	HTO1	CD22_m971
CTGCACGAGGTCCGAT-1	HTO4	CD22_A11_int_1411
CTGCACGAGGTCCTAA-1	HTO1	CD22_m971
CTGCAGTAGAAAGTGC-1	HTO5	CD22_B1_nonint_2261
CTGCAGTAGCGTCTCC-1	HTO1	CD22_m971
CTGCAGTAGGCGAGTA-1	HTO4	CD22_A11_int_1411
CTGCAGTAGGCTATGC-1	HTO1	CD22_m971
CTGCAGTAGGCTTTAG-1	HTO2	CD22_i61_2
CTGCATAAGAATGTAG-1	HTO4	CD22_A11_int_1411
CTGCATAAGACCTATG-1	HTO2	CD22_i61_2
CTGCATAAGAGTGCAG-1	HTO5	CD22_B1_nonint_2261
CTGCATAAGAGTTAAG-1	HTO3	CD22_A3_nonint_4434
CTGCATAAGGGAAATC-1	HTO2	CD22_i61_2
CTGCATAAGGTCCGCA-1	HTO1	CD22_m971
CTGCATCGTACTCAGG-1	HTO2	CD22_i61_2
CTGCATCGTATGTGTA-1	HTO3	CD22_A3_nonint_4434
CTGCATCGTCCAGGTA-1	HTO4	CD22_A11_int_1411
CTGCATCGTCGATTGG-1	HTO2	CD22_i61_2
CTGCATCGTGCTATAA-1	HTO3	CD22_A3_nonint_4434
CTGCATCGTGCTCTTA-1	HTO5	CD22_B1_nonint_2261
CTGCATCGTGGAAATG-1	HTO1	CD22_m971
CTGCATCGTGTGAAAG-1	HTO2	CD22_i61_2
CTGCGATAGCGAAACG-1	HTO3	CD22_A3_nonint_4434
CTGCGATAGCTACGTA-1	HTO4	CD22_A11_int_1411
CTGCGATAGCTCACCC-1	HTO2	CD22_i61_2
CTGCGCCGTAGGAGTA-1	HTO1	CD22_m971
CTGCGCCGTCGTGCCC-1	HTO1	CD22_m971
CTGCGCCGTCTAAGTA-1	HTO4	CD22_A11_int_1411
CTGCGCCGTGGCTTGA-1	HTO3	CD22_A3_nonint_4434
CTGCGCCGTGTTCGCT-1	HTO3	CD22_A3_nonint_4434
CTGCGTACACAGGTAA-1	HTO4	CD22_A11_int_1411
CTGCGTACAGGATCAA-1	HTO3	CD22_A3_nonint_4434
CTGCGTACAGTCTTAA-1	HTO3	CD22_A3_nonint_4434
CTGCGTCTCAAATCTA-1	HTO1	CD22_m971
CTGCGTCTCACCCCTA-1	HTO5	CD22_B1_nonint_2261
CTGCGTCTCATAACTA-1	HTO1	CD22_m971
CTGCGTCTCATCTCAC-1	HTO1	CD22_m971
CTGCGTCTCCACATCT-1	HTO5	CD22_B1_nonint_2261
CTGCGTCTCCCGTAAA-1	HTO3	CD22_A3_nonint_4434
CTGCGTCTCCGTTCTG-1	HTO2	CD22_i61_2
CTGCGTCTCGCAATTG-1	HTO4	CD22_A11_int_1411
CTGCGTCTCGGCCAAT-1	HTO4	CD22_A11_int_1411
CTGCGTCTCGGTGGTT-1	HTO3	CD22_A3_nonint_4434
CTGCGTGAGGTCCAAC-1	HTO1	CD22_m971
CTGCTAAAGAAAGTCA-1	HTO5	CD22_B1_nonint_2261
CTGCTAAAGCCTACGG-1	HTO1	CD22_m971
CTGCTATTCCAACAGC-1	HTO5	CD22_B1_nonint_2261
CTGCTATTCCGGGCTA-1	HTO3	CD22_A3_nonint_4434
CTGCTATTCGCGTAGT-1	HTO1	CD22_m971
CTGCTCTCAAAAGGCC-1	HTO3	CD22_A3_nonint_4434
CTGCTCTCACACAACT-1	HTO5	CD22_B1_nonint_2261
CTGCTCTCAGCAGGCA-1	HTO2	CD22_i61_2
CTGCTCTCAGTGAAGC-1	HTO5	CD22_B1_nonint_2261
CTGCTTCCAAACATGG-1	HTO2	CD22_i61_2
CTGCTTCCAAGACAGC-1	HTO3	CD22_A3_nonint_4434
CTGCTTCCAAGCCGTC-1	HTO3	CD22_A3_nonint_4434
CTGCTTCCAATGCCCA-1	HTO3	CD22_A3_nonint_4434
CTGCTTCCACACAGAA-1	HTO4	CD22_A11_int_1411
CTGCTTCCAGGAACGT-1	HTO5	CD22_B1_nonint_2261
CTGCTTCCAGTACGAA-1	HTO1	CD22_m971
CTGGAATGTAAGTGCT-1	HTO5	CD22_B1_nonint_2261
CTGGAATGTATATGGC-1	HTO5	CD22_B1_nonint_2261
CTGGAATGTCCTTAGC-1	HTO4	CD22_A11_int_1411
CTGGAATGTCGTAATA-1	HTO5	CD22_B1_nonint_2261
CTGGAATGTGGATTGT-1	HTO3	CD22_A3_nonint_4434
CTGGAATGTGGGTTTG-1	HTO2	CD22_i61_2
CTGGAGGCAATACCCG-1	HTO1	CD22_m971
CTGGAGGCAATTGTAT-1	HTO2	CD22_i61_2
CTGGAGGCACGTACAT-1	HTO1	CD22_m971
CTGGAGGCACGTAGGG-1	HTO3	CD22_A3_nonint_4434
CTGGAGGCAGTATGTC-1	HTO2	CD22_i61_2
CTGGATGGTATACTTC-1	HTO5	CD22_B1_nonint_2261
CTGGATGGTATATCCT-1	HTO4	CD22_A11_int_1411
CTGGATGGTATGCGGC-1	HTO3	CD22_A3_nonint_4434
CTGGATGGTCACGGGT-1	HTO2	CD22_i61_2
CTGGCACCAAATTGCC-1	HTO4	CD22_A11_int_1411
CTGGCACCAACTGGGG-1	HTO3	CD22_A3_nonint_4434
CTGGCACCAAGTTAGG-1	HTO2	CD22_i61_2
CTGGCACCAGTACGGG-1	HTO2	CD22_i61_2
CTGGCACCAGTATACC-1	HTO3	CD22_A3_nonint_4434
CTGGCATAGAACCCCG-1	HTO4	CD22_A11_int_1411
CTGGCATAGAAGCGTG-1	HTO5	CD22_B1_nonint_2261
CTGGCATAGAATCTGT-1	HTO1	CD22_m971
CTGGCATAGACAGTTT-1	HTO2	CD22_i61_2
CTGGCATAGGCTTCCC-1	HTO2	CD22_i61_2
CTGGCATAGGTACGTC-1	HTO1	CD22_m971
CTGGCTCTCACACTTC-1	HTO3	CD22_A3_nonint_4434
CTGGCTCTCCAATCGA-1	HTO3	CD22_A3_nonint_4434
CTGGCTCTCCCATCGC-1	HTO5	CD22_B1_nonint_2261
CTGGCTCTCGGGCTAT-1	HTO1	CD22_m971
CTGGCTCTCGTCGAAC-1	HTO5	CD22_B1_nonint_2261
CTGGCTTGTACTCAGG-1	HTO5	CD22_B1_nonint_2261
CTGGCTTGTCACCGGG-1	HTO1	CD22_m971
CTGGCTTGTGGTTCGA-1	HTO2	CD22_i61_2
CTGGCTTGTGTAAAGG-1	HTO4	CD22_A11_int_1411
CTGGGAGCACGTCGTA-1	HTO5	CD22_B1_nonint_2261
CTGGGCATCAAGCGTC-1	HTO5	CD22_B1_nonint_2261
CTGGGCATCACCCTAT-1	HTO2	CD22_i61_2
CTGGGCATCCAATACG-1	HTO4	CD22_A11_int_1411
CTGGGCATCCCACTAT-1	HTO5	CD22_B1_nonint_2261
CTGGGCATCCGTGTCC-1	HTO3	CD22_A3_nonint_4434
CTGGGCTCAACGCGCT-1	HTO1	CD22_m971
CTGGGCTCAATGTATT-1	HTO2	CD22_i61_2
CTGGGCTCACATCTCC-1	HTO4	CD22_A11_int_1411
CTGGGCTCACCAGGGA-1	HTO4	CD22_A11_int_1411
CTGGGCTCAGCTCAAT-1	HTO2	CD22_i61_2
CTGGGGACAATCGCCA-1	HTO5	CD22_B1_nonint_2261
CTGGGTGTCGCGATGT-1	HTO3	CD22_A3_nonint_4434
CTGGGTGTCGCTGTAA-1	HTO5	CD22_B1_nonint_2261
CTGGGTGTCGGCAACT-1	HTO4	CD22_A11_int_1411
CTGGGTGTCGGCGAAA-1	HTO1	CD22_m971
CTGGGTTAGAATGCAA-1	HTO5	CD22_B1_nonint_2261
CTGGGTTAGACTCGAC-1	HTO2	CD22_i61_2
CTGGGTTAGCAAGAGT-1	HTO1	CD22_m971
CTGGGTTAGCATTACG-1	HTO3	CD22_A3_nonint_4434
CTGGGTTAGCGTTATG-1	HTO4	CD22_A11_int_1411
CTGGGTTAGCTAGTAT-1	HTO2	CD22_i61_2
CTGGGTTAGCTTCGTT-1	HTO4	CD22_A11_int_1411
CTGGGTTAGGCGGATA-1	HTO4	CD22_A11_int_1411
CTGGGTTAGGCTTGTA-1	HTO3	CD22_A3_nonint_4434
CTGGTAATCACTTAAA-1	HTO1	CD22_m971
CTGGTAATCCCAATAG-1	HTO2	CD22_i61_2
CTGGTAATCCCTCTAG-1	HTO1	CD22_m971
CTGGTAATCCCTGAAA-1	HTO5	CD22_B1_nonint_2261
CTGGTAATCCGTACAA-1	HTO3	CD22_A3_nonint_4434
CTGGTAATCGGGCCTA-1	HTO5	CD22_B1_nonint_2261
CTGGTAGGTATCAGGT-1	HTO5	CD22_B1_nonint_2261
CTGGTAGGTCCACGTT-1	HTO2	CD22_i61_2
CTGGTAGGTCGAAGTT-1	HTO1	CD22_m971
CTGGTAGGTCGAGGGA-1	HTO1	CD22_m971
CTGGTAGGTCGCATTC-1	HTO2	CD22_i61_2
CTGGTAGGTGCGAGGA-1	HTO3	CD22_A3_nonint_4434
CTGGTAGGTGTCGATG-1	HTO2	CD22_i61_2
CTGGTCCTCCAAGCGT-1	HTO2	CD22_i61_2
CTGGTCCTCCAATCAG-1	HTO3	CD22_A3_nonint_4434
CTGGTCCTCGTATTAA-1	HTO4	CD22_A11_int_1411
CTGGTCGAGAGCAGAT-1	HTO5	CD22_B1_nonint_2261
CTGGTCGAGCAATTAC-1	HTO5	CD22_B1_nonint_2261
CTGGTCGAGGCATTCA-1	HTO4	CD22_A11_int_1411
CTGGTCGAGGGGCATA-1	HTO4	CD22_A11_int_1411
CTGGTCTGTAATGGGA-1	HTO4	CD22_A11_int_1411
CTGGTCTGTACTCTAT-1	HTO4	CD22_A11_int_1411
CTGGTCTGTAGGAAAT-1	HTO4	CD22_A11_int_1411
CTGGTCTGTCGCTCGC-1	HTO2	CD22_i61_2
CTGGTCTGTGCCTGGG-1	HTO3	CD22_A3_nonint_4434
CTGGTCTGTGGAAAGC-1	HTO1	CD22_m971
CTGGTGAGTCACCGTT-1	HTO4	CD22_A11_int_1411
CTGGTTAAGAACCATT-1	HTO2	CD22_i61_2
CTGGTTAAGACAACCC-1	HTO4	CD22_A11_int_1411
CTGGTTAAGGGAGAGG-1	HTO1	CD22_m971
CTGGTTAAGGGGGTTA-1	HTO4	CD22_A11_int_1411
CTGGTTAAGGTTGCCG-1	HTO2	CD22_i61_2
CTGTAACCAAGCGCTC-1	HTO4	CD22_A11_int_1411
CTGTAACCACCAATTA-1	HTO1	CD22_m971
CTGTAACCAGCAGGAT-1	HTO1	CD22_m971
CTGTAACCAGCGGTAG-1	HTO1	CD22_m971
CTGTAACCAGGACCTC-1	HTO2	CD22_i61_2
CTGTAACCAGGTCATT-1	HTO1	CD22_m971
CTGTAATAGATAACAG-1	HTO2	CD22_i61_2
CTGTAATAGCCCACGA-1	HTO4	CD22_A11_int_1411
CTGTAATAGGGGCATA-1	HTO5	CD22_B1_nonint_2261
CTGTAATAGGTGTATT-1	HTO1	CD22_m971
CTGTACAAGAAGGTTA-1	HTO2	CD22_i61_2
CTGTACAAGCGATGGA-1	HTO2	CD22_i61_2
CTGTACCGTAATCGCG-1	HTO4	CD22_A11_int_1411
CTGTACCGTCGCATCT-1	HTO1	CD22_m971
CTGTACCGTCGGAATT-1	HTO5	CD22_B1_nonint_2261
CTGTACCGTCGTTAAA-1	HTO3	CD22_A3_nonint_4434
CTGTACCGTGCCATAG-1	HTO5	CD22_B1_nonint_2261
CTGTACCGTGTAGCAT-1	HTO5	CD22_B1_nonint_2261
CTGTACGCAAATTGGG-1	HTO5	CD22_B1_nonint_2261
CTGTACGCACCCATAG-1	HTO4	CD22_A11_int_1411
CTGTACGCACGCCAAC-1	HTO5	CD22_B1_nonint_2261
CTGTACGCACTGGCAC-1	HTO5	CD22_B1_nonint_2261
CTGTACGCAGTAGCGG-1	HTO1	CD22_m971
CTGTACTTCCGCAATA-1	HTO1	CD22_m971
CTGTACTTCGCCCTAC-1	HTO1	CD22_m971
CTGTAGCAGAAGGCAT-1	HTO5	CD22_B1_nonint_2261
CTGTAGCAGAGTGTAA-1	HTO5	CD22_B1_nonint_2261
CTGTAGCAGGCATACC-1	HTO1	CD22_m971
CTGTAGCAGGGCATGA-1	HTO3	CD22_A3_nonint_4434
CTGTAGCAGGTACCCG-1	HTO4	CD22_A11_int_1411
CTGTAGCAGGTAGAGT-1	HTO2	CD22_i61_2
CTGTATCTCCAACAGC-1	HTO2	CD22_i61_2
CTGTATCTCCCTGATT-1	HTO5	CD22_B1_nonint_2261
CTGTATGAGAGGACCA-1	HTO1	CD22_m971
CTGTATGAGCAAACCC-1	HTO4	CD22_A11_int_1411
CTGTATGAGCCCACGA-1	HTO3	CD22_A3_nonint_4434
CTGTATGAGCTATCGA-1	HTO5	CD22_B1_nonint_2261
CTGTATTGTAAGCCAT-1	HTO2	CD22_i61_2
CTGTATTGTAAGGGTA-1	HTO1	CD22_m971
CTGTATTGTACATCCC-1	HTO2	CD22_i61_2
CTGTATTGTATGAGAG-1	HTO3	CD22_A3_nonint_4434
CTGTATTGTGGAATGA-1	HTO2	CD22_i61_2
CTGTATTGTGTATCGG-1	HTO4	CD22_A11_int_1411
CTGTATTGTGTTACTT-1	HTO1	CD22_m971
CTGTCATTCAACTCTC-1	HTO5	CD22_B1_nonint_2261
CTGTCATTCATGCGGT-1	HTO2	CD22_i61_2
CTGTCATTCCCAACTT-1	HTO5	CD22_B1_nonint_2261
CTGTCATTCCGATGGT-1	HTO5	CD22_B1_nonint_2261
CTGTCCGGTATGTTAG-1	HTO5	CD22_B1_nonint_2261
CTGTCCGGTCAGCGGT-1	HTO1	CD22_m971
CTGTCCGGTCCTTAAT-1	HTO5	CD22_B1_nonint_2261
CTGTCCGGTCTAACCC-1	HTO3	CD22_A3_nonint_4434
CTGTCCGGTCTCTAGC-1	HTO5	CD22_B1_nonint_2261
CTGTCCGGTGTTACCC-1	HTO2	CD22_i61_2
CTGTCGGAGAAGGGCC-1	HTO2	CD22_i61_2
CTGTCGGAGACCAGAG-1	HTO5	CD22_B1_nonint_2261
CTGTCGGAGCCTTGCC-1	HTO2	CD22_i61_2
CTGTCGGAGCTACTTC-1	HTO1	CD22_m971
CTGTCGGAGGGCGAGT-1	HTO5	CD22_B1_nonint_2261
CTGTCTAGTACTGTGG-1	HTO5	CD22_B1_nonint_2261
CTGTCTAGTAGCAATC-1	HTO5	CD22_B1_nonint_2261
CTGTCTAGTATCAGTA-1	HTO3	CD22_A3_nonint_4434
CTGTCTAGTCTAAGTA-1	HTO1	CD22_m971
CTGTCTAGTGCATTGG-1	HTO3	CD22_A3_nonint_4434
CTGTCTAGTGGCTTGA-1	HTO5	CD22_B1_nonint_2261
CTGTGAGGTATCCAGG-1	HTO4	CD22_A11_int_1411
CTGTGAGGTATTACAG-1	HTO1	CD22_m971
CTGTGCGAGATGTAGA-1	HTO4	CD22_A11_int_1411
CTGTGGAGTACTTGCC-1	HTO3	CD22_A3_nonint_4434
CTGTGGAGTCAGCATG-1	HTO5	CD22_B1_nonint_2261
CTGTGGAGTCCCTTGG-1	HTO1	CD22_m971
CTGTGGTAGATCAGGG-1	HTO5	CD22_B1_nonint_2261
CTGTGGTAGGCCCCAA-1	HTO1	CD22_m971
CTGTTACTCACGTATG-1	HTO3	CD22_A3_nonint_4434
CTGTTACTCCTAAGCA-1	HTO2	CD22_i61_2
CTGTTACTCGGACGTT-1	HTO1	CD22_m971
CTGTTACTCGGTAATT-1	HTO1	CD22_m971
CTGTTACTCGTTAGGC-1	HTO3	CD22_A3_nonint_4434
CTGTTATGTAGCCTCT-1	HTO2	CD22_i61_2
CTGTTATGTCCGCCTA-1	HTO4	CD22_A11_int_1411
CTGTTATGTCGACTAG-1	HTO5	CD22_B1_nonint_2261
CTGTTATGTCTGGTGA-1	HTO3	CD22_A3_nonint_4434
CTGTTATGTGTATTCT-1	HTO1	CD22_m971
CTGTTCGTCCAGGGTT-1	HTO1	CD22_m971
CTGTTGAAGAAACCGG-1	HTO3	CD22_A3_nonint_4434
CTGTTGAAGAAGCATA-1	HTO5	CD22_B1_nonint_2261
CTGTTGAAGGCTAACC-1	HTO2	CD22_i61_2
CTGTTGCGTAAGTAGG-1	HTO1	CD22_m971
CTGTTGCGTAAGTGAG-1	HTO5	CD22_B1_nonint_2261
CTGTTGCGTAATTGTG-1	HTO2	CD22_i61_2
CTGTTGCGTACTATAG-1	HTO1	CD22_m971
CTGTTGCGTCGGCTCC-1	HTO3	CD22_A3_nonint_4434
CTGTTGCGTGTCGATG-1	HTO2	CD22_i61_2
CTTAAATCAACTAACC-1	HTO5	CD22_B1_nonint_2261
CTTAAATCAAGTCATC-1	HTO1	CD22_m971
CTTAAATCACGGTGTC-1	HTO3	CD22_A3_nonint_4434
CTTAAATCACTGATTA-1	HTO1	CD22_m971
CTTAACACAACCTATA-1	HTO1	CD22_m971
CTTAACACAAGTCGGG-1	HTO1	CD22_m971
CTTAACACACACCGTA-1	HTO1	CD22_m971
CTTAACACAGCCTGAC-1	HTO1	CD22_m971
CTTAACACAGGCCTTA-1	HTO5	CD22_B1_nonint_2261
CTTAACACAGGTTCGC-1	HTO4	CD22_A11_int_1411
CTTAACCTCCCCATGC-1	HTO3	CD22_A3_nonint_4434
CTTAACCTCGGAGCTT-1	HTO5	CD22_B1_nonint_2261
CTTAACCTCGTTGCAA-1	HTO5	CD22_B1_nonint_2261
CTTAAGCCAACCAGAA-1	HTO3	CD22_A3_nonint_4434
CTTAAGCCAAGACGTA-1	HTO3	CD22_A3_nonint_4434
CTTAAGCCAATGGTAG-1	HTO1	CD22_m971
CTTAAGCCACAATGGA-1	HTO4	CD22_A11_int_1411
CTTAAGCCAGTGATAG-1	HTO2	CD22_i61_2
CTTAAGCCAGTTACCG-1	HTO4	CD22_A11_int_1411
CTTAAGTAGAACATAG-1	HTO2	CD22_i61_2
CTTAAGTAGAACTAGA-1	HTO5	CD22_B1_nonint_2261
CTTAAGTAGAATTACC-1	HTO3	CD22_A3_nonint_4434
CTTAAGTAGATCAGGG-1	HTO3	CD22_A3_nonint_4434
CTTAAGTAGGCTGGTT-1	HTO1	CD22_m971
CTTAAGTAGGTTAGGG-1	HTO5	CD22_B1_nonint_2261
CTTAATCGTACAGGCC-1	HTO5	CD22_B1_nonint_2261
CTTAATCGTAGACGGG-1	HTO1	CD22_m971
CTTAATCGTCATGCAG-1	HTO1	CD22_m971
CTTAATCGTCCAGCTT-1	HTO2	CD22_i61_2
CTTAATCGTCTGTTAT-1	HTO3	CD22_A3_nonint_4434
CTTAATCGTGGTAGGG-1	HTO5	CD22_B1_nonint_2261
CTTAATTTCCGTCAAA-1	HTO3	CD22_A3_nonint_4434
CTTAGCAAGACGGAGC-1	HTO1	CD22_m971
CTTAGCAAGATAGGGT-1	HTO1	CD22_m971
CTTAGCAAGCTCATAG-1	HTO3	CD22_A3_nonint_4434
CTTAGCAAGCTGTACA-1	HTO1	CD22_m971
CTTAGCAAGCTTAAGT-1	HTO4	CD22_A11_int_1411
CTTAGCAAGGCTTTGA-1	HTO4	CD22_A11_int_1411
CTTAGCAAGGTTGTGC-1	HTO4	CD22_A11_int_1411
CTTAGCCGTATGCCTC-1	HTO3	CD22_A3_nonint_4434
CTTAGCCGTCCCTTGG-1	HTO5	CD22_B1_nonint_2261
CTTAGCCGTGCCCATT-1	HTO5	CD22_B1_nonint_2261
CTTAGCCGTGTTCATT-1	HTO5	CD22_B1_nonint_2261
CTTAGCGCAAAACGAT-1	HTO5	CD22_B1_nonint_2261
CTTAGCGCAAAGCCGG-1	HTO5	CD22_B1_nonint_2261
CTTAGCGCAGCATAAG-1	HTO5	CD22_B1_nonint_2261
CTTAGCGCAGCCAACC-1	HTO1	CD22_m971
CTTAGCGCAGCGGTCT-1	HTO2	CD22_i61_2
CTTAGCTTCCTATACC-1	HTO3	CD22_A3_nonint_4434
CTTAGCTTCGTCGAAC-1	HTO1	CD22_m971
CTTAGGCAGACAGAAC-1	HTO4	CD22_A11_int_1411
CTTAGGCAGACGCCCA-1	HTO5	CD22_B1_nonint_2261
CTTAGGCAGAGTGGCA-1	HTO2	CD22_i61_2
CTTAGGGGTAGGAAAT-1	HTO3	CD22_A3_nonint_4434
CTTAGGGGTGGAGCAG-1	HTO1	CD22_m971
CTTAGTACAAAACGAT-1	HTO2	CD22_i61_2
CTTAGTACAAAGGAGG-1	HTO3	CD22_A3_nonint_4434
CTTAGTACAACAACCT-1	HTO4	CD22_A11_int_1411
CTTAGTACAACAGGGT-1	HTO3	CD22_A3_nonint_4434
CTTAGTACAACGTCGC-1	HTO3	CD22_A3_nonint_4434
CTTAGTACAACTGAAG-1	HTO3	CD22_A3_nonint_4434
CTTAGTACAAGCCATT-1	HTO5	CD22_B1_nonint_2261
CTTAGTACACCAATAC-1	HTO2	CD22_i61_2
CTTAGTACAGTGAGGT-1	HTO3	CD22_A3_nonint_4434
CTTAGTCTCACAGACC-1	HTO5	CD22_B1_nonint_2261
CTTAGTCTCACCCCTA-1	HTO5	CD22_B1_nonint_2261
CTTAGTCTCGCTCATT-1	HTO4	CD22_A11_int_1411
CTTAGTCTCGGCCAAT-1	HTO1	CD22_m971
CTTAGTGAGACACGGA-1	HTO2	CD22_i61_2
CTTAGTGAGACTTAAC-1	HTO5	CD22_B1_nonint_2261
CTTAGTGAGATCGATT-1	HTO1	CD22_m971
CTTAGTGAGCCGTATA-1	HTO1	CD22_m971
CTTAGTGAGCGAAGCA-1	HTO3	CD22_A3_nonint_4434
CTTAGTGAGCTCATAG-1	HTO3	CD22_A3_nonint_4434
CTTAGTGAGGCGTTAC-1	HTO4	CD22_A11_int_1411
CTTAGTGAGGTAAGCG-1	HTO2	CD22_i61_2
CTTAGTTGTACGGTGC-1	HTO2	CD22_i61_2
CTTAGTTGTAGTCGGC-1	HTO3	CD22_A3_nonint_4434
CTTAGTTGTATTGGTA-1	HTO2	CD22_i61_2
CTTAGTTGTCACACTC-1	HTO4	CD22_A11_int_1411
CTTAGTTGTCACGGGT-1	HTO1	CD22_m971
CTTAGTTGTCCAGGTA-1	HTO5	CD22_B1_nonint_2261
CTTAGTTGTCCCTGTG-1	HTO3	CD22_A3_nonint_4434
CTTAGTTGTCGCTTTA-1	HTO2	CD22_i61_2
CTTAGTTGTGCGAGAG-1	HTO3	CD22_A3_nonint_4434
CTTATACGTACAGGTT-1	HTO4	CD22_A11_int_1411
CTTATACGTACTTAAG-1	HTO5	CD22_B1_nonint_2261
CTTATACGTCCTTCGG-1	HTO2	CD22_i61_2
CTTATACGTGCTTAGG-1	HTO2	CD22_i61_2
CTTATACGTGGAACCC-1	HTO3	CD22_A3_nonint_4434
CTTATAGCAACGTACT-1	HTO4	CD22_A11_int_1411
CTTATCATCAGGGTCT-1	HTO1	CD22_m971
CTTATCATCCCGTCTA-1	HTO1	CD22_m971
CTTATCATCGCACCTC-1	HTO2	CD22_i61_2
CTTATCATCGCCTGCT-1	HTO1	CD22_m971
CTTATCTCAACCAAGA-1	HTO1	CD22_m971
CTTATCTCACAACGGG-1	HTO2	CD22_i61_2
CTTATCTCACACCTCT-1	HTO5	CD22_B1_nonint_2261
CTTATCTCACCGCAGT-1	HTO3	CD22_A3_nonint_4434
CTTATCTCAGCGTAGG-1	HTO5	CD22_B1_nonint_2261
CTTATGCTCGCAAAGG-1	HTO3	CD22_A3_nonint_4434
CTTATGCTCGGATTGC-1	HTO2	CD22_i61_2
CTTATGCTCGGTCTAA-1	HTO2	CD22_i61_2
CTTATGCTCGTGCAGT-1	HTO5	CD22_B1_nonint_2261
CTTCAATGTATCAGTA-1	HTO5	CD22_B1_nonint_2261
CTTCAATGTCATCAGG-1	HTO3	CD22_A3_nonint_4434
CTTCAATGTCCCTCTC-1	HTO5	CD22_B1_nonint_2261
CTTCAATGTCCGTAAG-1	HTO4	CD22_A11_int_1411
CTTCATATCAATTGTA-1	HTO5	CD22_B1_nonint_2261
CTTCATATCACGTGGT-1	HTO5	CD22_B1_nonint_2261
CTTCATATCAGTACAT-1	HTO4	CD22_A11_int_1411
CTTCATATCCGCTAAA-1	HTO1	CD22_m971
CTTCATATCGGTTAGC-1	HTO3	CD22_A3_nonint_4434
CTTCATATCGTTAAGT-1	HTO4	CD22_A11_int_1411
CTTCATTCAATGCTTA-1	HTO3	CD22_A3_nonint_4434
CTTCATTCACCCTTTA-1	HTO1	CD22_m971
CTTCATTCAGTTGGAA-1	HTO3	CD22_A3_nonint_4434
CTTCGAGCAATGCACT-1	HTO2	CD22_i61_2
CTTCGAGCACAGGCGA-1	HTO1	CD22_m971
CTTCGAGCACGGCTTA-1	HTO2	CD22_i61_2
CTTCGAGCACGGTATT-1	HTO4	CD22_A11_int_1411
CTTCGAGCACTTATCT-1	HTO4	CD22_A11_int_1411
CTTCGAGCAGTATAGG-1	HTO5	CD22_B1_nonint_2261
CTTCGAGCAGTCTTAA-1	HTO4	CD22_A11_int_1411
CTTCGCATCAAAGGTA-1	HTO2	CD22_i61_2
CTTCGCATCAGAAGTA-1	HTO4	CD22_A11_int_1411
CTTCGCATCAGCATCA-1	HTO2	CD22_i61_2
CTTCGCATCAGGGGTA-1	HTO3	CD22_A3_nonint_4434
CTTCGCATCATTCGCT-1	HTO4	CD22_A11_int_1411
CTTCGCATCCAGGGTT-1	HTO5	CD22_B1_nonint_2261
CTTCGCATCCTTCTAA-1	HTO2	CD22_i61_2
CTTCGCATCGGGCTCA-1	HTO1	CD22_m971
CTTCGCATCGTAAATC-1	HTO3	CD22_A3_nonint_4434
CTTCGTCCAATTCGAC-1	HTO4	CD22_A11_int_1411
CTTCGTCCACCTATAA-1	HTO1	CD22_m971
CTTCGTCCAGCAGTAA-1	HTO5	CD22_B1_nonint_2261
CTTCGTCCAGGAAGGA-1	HTO4	CD22_A11_int_1411
CTTCGTGTCAAAGGTA-1	HTO3	CD22_A3_nonint_4434
CTTCGTGTCAAATCAC-1	HTO5	CD22_B1_nonint_2261
CTTCGTGTCAGCCGTG-1	HTO4	CD22_A11_int_1411
CTTCGTGTCATTCAAA-1	HTO2	CD22_i61_2
CTTCGTGTCATTGTAA-1	HTO3	CD22_A3_nonint_4434
CTTCGTGTCCAATTCC-1	HTO1	CD22_m971
CTTCGTGTCCTTCGTG-1	HTO2	CD22_i61_2
CTTCGTGTCGCGCGTA-1	HTO1	CD22_m971
CTTCGTGTCGCGTATA-1	HTO1	CD22_m971
CTTCGTGTCGCGTTAA-1	HTO4	CD22_A11_int_1411
CTTCGTGTCGTATACG-1	HTO1	CD22_m971
CTTCGTTAGAATTGAG-1	HTO4	CD22_A11_int_1411
CTTCGTTAGCAACGAG-1	HTO3	CD22_A3_nonint_4434
CTTCGTTAGGTTATGT-1	HTO2	CD22_i61_2
CTTCTAATCACATTAA-1	HTO5	CD22_B1_nonint_2261
CTTCTAATCACCAACA-1	HTO1	CD22_m971
CTTCTAATCCAATGTG-1	HTO1	CD22_m971
CTTCTACAGACATGAA-1	HTO1	CD22_m971
CTTCTACAGAGCGTGA-1	HTO1	CD22_m971
CTTCTACAGCACTAGC-1	HTO4	CD22_A11_int_1411
CTTCTACAGCCTGTGG-1	HTO2	CD22_i61_2
CTTCTACAGGCGGATA-1	HTO3	CD22_A3_nonint_4434
CTTCTACAGGGCCTTG-1	HTO2	CD22_i61_2
CTTCTAGGTAACGAGA-1	HTO3	CD22_A3_nonint_4434
CTTCTAGGTACGCAAT-1	HTO1	CD22_m971
CTTCTAGGTCCATTCA-1	HTO2	CD22_i61_2
CTTCTAGGTCGATTGG-1	HTO2	CD22_i61_2
CTTCTAGGTGGTTTGG-1	HTO5	CD22_B1_nonint_2261
CTTCTAGGTGTGCCTT-1	HTO5	CD22_B1_nonint_2261
CTTCTATCAACGTTTA-1	HTO2	CD22_i61_2
CTTCTATCACAATACC-1	HTO4	CD22_A11_int_1411
CTTCTCACAACACAAG-1	HTO4	CD22_A11_int_1411
CTTCTCACAGCTACAT-1	HTO4	CD22_A11_int_1411
CTTCTCACAGGAATCA-1	HTO3	CD22_A3_nonint_4434
CTTCTCACAGGATGAC-1	HTO1	CD22_m971
CTTCTCTGTATGAGTC-1	HTO5	CD22_B1_nonint_2261
CTTCTCTGTCCTAGCT-1	HTO5	CD22_B1_nonint_2261
CTTCTCTGTGGCAAGG-1	HTO3	CD22_A3_nonint_4434
CTTCTCTGTGTATCGG-1	HTO2	CD22_i61_2
CTTGAATAGCAAGACG-1	HTO2	CD22_i61_2
CTTGAATAGCCGGATT-1	HTO4	CD22_A11_int_1411
CTTGAATAGGCTACAC-1	HTO1	CD22_m971
CTTGACGCAAAGCTCT-1	HTO1	CD22_m971
CTTGACGCACACTGCA-1	HTO5	CD22_B1_nonint_2261
CTTGATGAGAAGCCAG-1	HTO1	CD22_m971
CTTGATGAGACAAGCG-1	HTO2	CD22_i61_2
CTTGATGAGCGGTCAT-1	HTO1	CD22_m971
CTTGATGAGCGTGTTA-1	HTO5	CD22_B1_nonint_2261
CTTGATGAGCTCGTTT-1	HTO2	CD22_i61_2
CTTGATGAGGTATTGT-1	HTO4	CD22_A11_int_1411
CTTGATTGTACAATTG-1	HTO3	CD22_A3_nonint_4434
CTTGATTGTACTATTC-1	HTO2	CD22_i61_2
CTTGATTGTAGGGGCA-1	HTO2	CD22_i61_2
CTTGATTGTCGAGGGA-1	HTO2	CD22_i61_2
CTTGATTGTCTCATAT-1	HTO2	CD22_i61_2
CTTGATTGTGGCTAGC-1	HTO5	CD22_B1_nonint_2261
CTTGATTGTGTCGATG-1	HTO1	CD22_m971
CTTGGAGGTAGCCTCT-1	HTO5	CD22_B1_nonint_2261
CTTGGAGGTATCTCGC-1	HTO2	CD22_i61_2
CTTGGAGGTCATAGTA-1	HTO3	CD22_A3_nonint_4434
CTTGGAGGTCTTGGAG-1	HTO5	CD22_B1_nonint_2261
CTTGGAGGTGCTCGTT-1	HTO5	CD22_B1_nonint_2261
CTTGGCGAGAACGTGG-1	HTO4	CD22_A11_int_1411
CTTGGCGAGAGACGCA-1	HTO5	CD22_B1_nonint_2261
CTTGGCGAGCAGGGTA-1	HTO4	CD22_A11_int_1411
CTTGGCGAGCCCAACG-1	HTO4	CD22_A11_int_1411
CTTGGCGAGCTGCACG-1	HTO1	CD22_m971
CTTGGCGAGGCATCCG-1	HTO5	CD22_B1_nonint_2261
CTTGGCGAGGCTCAAC-1	HTO4	CD22_A11_int_1411
CTTGGCGAGGTTGATT-1	HTO5	CD22_B1_nonint_2261
CTTGGGTAGAATATCC-1	HTO1	CD22_m971
CTTGGGTAGCAAATGA-1	HTO5	CD22_B1_nonint_2261
CTTGGTCGTATCGAGT-1	HTO3	CD22_A3_nonint_4434
CTTGGTCGTCAGGCGT-1	HTO3	CD22_A3_nonint_4434
CTTGGTCGTCCAAAGT-1	HTO3	CD22_A3_nonint_4434
CTTGGTCGTGTCCGGG-1	HTO2	CD22_i61_2
CTTGTACTCATAACTA-1	HTO4	CD22_A11_int_1411
CTTGTACTCCCAACCC-1	HTO3	CD22_A3_nonint_4434
CTTGTAGAGGTAGGCA-1	HTO4	CD22_A11_int_1411
CTTGTATGTACATATG-1	HTO2	CD22_i61_2
CTTGTATGTCGACTCT-1	HTO5	CD22_B1_nonint_2261
CTTGTATGTGGTAGTT-1	HTO3	CD22_A3_nonint_4434
CTTGTCAGTACGCAAT-1	HTO1	CD22_m971
CTTGTCAGTGGAATCT-1	HTO2	CD22_i61_2
CTTGTCAGTGGGACTC-1	HTO2	CD22_i61_2
CTTGTCGTCACATCTC-1	HTO3	CD22_A3_nonint_4434
CTTGTCGTCACCAATG-1	HTO2	CD22_i61_2
CTTGTCGTCACGCGCA-1	HTO1	CD22_m971
CTTGTCGTCCTCCGGT-1	HTO2	CD22_i61_2
CTTGTCGTCGTTAAGT-1	HTO1	CD22_m971
CTTGTCTAGGGCGAAC-1	HTO3	CD22_A3_nonint_4434
CTTGTCTAGGGTGATG-1	HTO3	CD22_A3_nonint_4434
CTTGTCTAGGTAGTAA-1	HTO4	CD22_A11_int_1411
CTTGTGAAGAAGCCAG-1	HTO4	CD22_A11_int_1411
CTTGTGAAGCAAGATA-1	HTO2	CD22_i61_2
CTTGTGAAGCATTACG-1	HTO3	CD22_A3_nonint_4434
CTTGTGAAGCGGTTTA-1	HTO5	CD22_B1_nonint_2261
CTTGTGAAGCGTGAAG-1	HTO4	CD22_A11_int_1411
CTTGTGAAGCTCCGGA-1	HTO4	CD22_A11_int_1411
CTTGTGAAGCTGATTG-1	HTO5	CD22_B1_nonint_2261
CTTGTGCGTCAAACGT-1	HTO5	CD22_B1_nonint_2261
CTTGTGTTCAGGGTCT-1	HTO2	CD22_i61_2
CTTGTGTTCATGTTAA-1	HTO1	CD22_m971
CTTGTGTTCATTCAAA-1	HTO5	CD22_B1_nonint_2261
CTTGTGTTCCACGAGT-1	HTO2	CD22_i61_2
CTTGTGTTCCTGGGCA-1	HTO3	CD22_A3_nonint_4434
CTTGTGTTCGTATAAC-1	HTO2	CD22_i61_2
GCAAAGGTCATATTAG-1	HTO3	CD22_A3_nonint_4434
GCAAAGGTCATGGTAT-1	HTO1	CD22_m971
GCAAAGGTCCGTATAG-1	HTO3	CD22_A3_nonint_4434
GCAAAGGTCGCAGTAC-1	HTO2	CD22_i61_2
GCAAAGTAGAAAGGAG-1	HTO1	CD22_m971
GCAAAGTAGCAGTCCG-1	HTO1	CD22_m971
GCAAAGTAGCTGACCG-1	HTO1	CD22_m971
GCAAAGTAGGCTCGAT-1	HTO2	CD22_i61_2
GCAAAGTAGGGCGATA-1	HTO5	CD22_B1_nonint_2261
GCAACAGAGACAATGA-1	HTO2	CD22_i61_2
GCAACAGAGAGCAACG-1	HTO4	CD22_A11_int_1411
GCAACAGAGAGGCCAA-1	HTO2	CD22_i61_2
GCAACAGAGCCGCCAA-1	HTO1	CD22_m971
GCAACCCCAAAAGGGG-1	HTO1	CD22_m971
GCAACCCCACCCACAA-1	HTO1	CD22_m971
GCAACCCCACTAACCG-1	HTO4	CD22_A11_int_1411
GCAACCCCAGCTTAGT-1	HTO2	CD22_i61_2
GCAACCCCAGGTTTAC-1	HTO2	CD22_i61_2
GCAACGAAGATTACGT-1	HTO3	CD22_A3_nonint_4434
GCAACGAAGCCATAGC-1	HTO4	CD22_A11_int_1411
GCAACGAAGCTTAGGC-1	HTO5	CD22_B1_nonint_2261
GCAACGGCAACTAATT-1	HTO2	CD22_i61_2
GCAACGGCAATCCTAA-1	HTO5	CD22_B1_nonint_2261
GCAACGGCACTCACGA-1	HTO4	CD22_A11_int_1411
GCAACGTTCAACCATG-1	HTO5	CD22_B1_nonint_2261
GCAACGTTCACCATCT-1	HTO4	CD22_A11_int_1411
GCAACGTTCCTACGCC-1	HTO4	CD22_A11_int_1411
GCAACGTTCCTTGTCG-1	HTO3	CD22_A3_nonint_4434
GCAACGTTCGCAAGTC-1	HTO4	CD22_A11_int_1411
GCAACGTTCGCGACAT-1	HTO4	CD22_A11_int_1411
GCAACGTTCGGTACTA-1	HTO4	CD22_A11_int_1411
GCAACGTTCGTACATG-1	HTO4	CD22_A11_int_1411
GCAACTATCACCAAAT-1	HTO5	CD22_B1_nonint_2261
GCAACTATCACCTCAT-1	HTO5	CD22_B1_nonint_2261
GCAACTATCAGCCGCA-1	HTO5	CD22_B1_nonint_2261
GCAACTATCCGTGAGT-1	HTO5	CD22_B1_nonint_2261
GCAACTATCGTTGCTT-1	HTO3	CD22_A3_nonint_4434
GCAACTTCAATCGCCA-1	HTO1	CD22_m971
GCAACTTCAATTCAGC-1	HTO4	CD22_A11_int_1411
GCAAGACCAATCTCTT-1	HTO5	CD22_B1_nonint_2261
GCAAGACCACCTCTAC-1	HTO5	CD22_B1_nonint_2261
GCAAGCAAGAAGCGGC-1	HTO2	CD22_i61_2
GCAAGCAAGCGCACAT-1	HTO3	CD22_A3_nonint_4434
GCAAGCAAGCTCGTTT-1	HTO5	CD22_B1_nonint_2261
GCAAGCAAGGCAAGGC-1	HTO2	CD22_i61_2
GCAAGCCGTAAGTCTA-1	HTO2	CD22_i61_2
GCAAGCCGTATCCCCG-1	HTO4	CD22_A11_int_1411
GCAAGCCGTCGAAGGG-1	HTO5	CD22_B1_nonint_2261
GCAAGCCGTGGCATAT-1	HTO3	CD22_A3_nonint_4434
GCAAGCCGTGTATCTT-1	HTO5	CD22_B1_nonint_2261
GCAAGCTTCAAGCTCA-1	HTO3	CD22_A3_nonint_4434
GCAAGCTTCAATATGC-1	HTO4	CD22_A11_int_1411
GCAAGCTTCACACATG-1	HTO4	CD22_A11_int_1411
GCAAGCTTCCACGAGT-1	HTO1	CD22_m971
GCAAGCTTCGTAAATC-1	HTO5	CD22_B1_nonint_2261
GCAAGGCAGAAGGTTA-1	HTO5	CD22_B1_nonint_2261
GCAAGGCAGAGCAGAT-1	HTO5	CD22_B1_nonint_2261
GCAAGGCAGAGGACAT-1	HTO4	CD22_A11_int_1411
GCAAGGCAGCAACAGG-1	HTO5	CD22_B1_nonint_2261
GCAAGGCAGCCAGCAT-1	HTO2	CD22_i61_2
GCAAGGCAGCCATCGG-1	HTO5	CD22_B1_nonint_2261
GCAAGGCAGCCTAGTA-1	HTO1	CD22_m971
GCAAGGCAGGCTGTCG-1	HTO2	CD22_i61_2
GCAAGTCTCACATACG-1	HTO4	CD22_A11_int_1411
GCAAGTCTCGGTCCTC-1	HTO3	CD22_A3_nonint_4434
GCAAGTCTCGTTACTC-1	HTO2	CD22_i61_2
GCAATAGCAAATATAG-1	HTO2	CD22_i61_2
GCAATAGCAACCTGCA-1	HTO2	CD22_i61_2
GCAATAGCACCTGACA-1	HTO2	CD22_i61_2
GCAATAGCACCTGTAG-1	HTO5	CD22_B1_nonint_2261
GCAATAGCACTAATAT-1	HTO5	CD22_B1_nonint_2261
GCAATAGCAGCTAAAG-1	HTO2	CD22_i61_2
GCAATCCAGAGTAAGC-1	HTO4	CD22_A11_int_1411
GCAATCCAGATAGCGG-1	HTO1	CD22_m971
GCAATCCAGGGCTGAA-1	HTO2	CD22_i61_2
GCAATCGGTATTACAG-1	HTO2	CD22_i61_2
GCAATCGGTATTGCGG-1	HTO5	CD22_B1_nonint_2261
GCAATCGGTGTATTCT-1	HTO2	CD22_i61_2
GCAATCTCAAACATGG-1	HTO3	CD22_A3_nonint_4434
GCAATCTCAACAATGG-1	HTO1	CD22_m971
GCAATCTCAACTGGGG-1	HTO2	CD22_i61_2
GCAATCTCAAGTATCC-1	HTO4	CD22_A11_int_1411
GCAATCTCACCGGAAG-1	HTO1	CD22_m971
GCAATCTCACCTTGAG-1	HTO1	CD22_m971
GCAATGTGTACTGGAT-1	HTO2	CD22_i61_2
GCAATGTGTCTTCAAT-1	HTO2	CD22_i61_2
GCAATGTGTGGCTAAT-1	HTO5	CD22_B1_nonint_2261
GCAATGTGTGTCTCCG-1	HTO2	CD22_i61_2
GCAATTGTCAGTTGTG-1	HTO3	CD22_A3_nonint_4434
GCAATTGTCATGGCGT-1	HTO2	CD22_i61_2
GCAATTGTCCCAACTT-1	HTO2	CD22_i61_2
GCAATTGTCGCCTTGC-1	HTO5	CD22_B1_nonint_2261
GCAATTTAGCACAATT-1	HTO3	CD22_A3_nonint_4434
GCAATTTAGCTGCGAT-1	HTO2	CD22_i61_2
GCAATTTAGGCATCAC-1	HTO3	CD22_A3_nonint_4434
GCAATTTAGGGCTAGA-1	HTO1	CD22_m971
GCAATTTAGGTGGGTA-1	HTO2	CD22_i61_2
GCACAAGAGACACATT-1	HTO1	CD22_m971
GCACAAGAGACCCACG-1	HTO4	CD22_A11_int_1411
GCACAAGAGCAAGCGA-1	HTO4	CD22_A11_int_1411
GCACAAGAGCAGTCTA-1	HTO1	CD22_m971
GCACAAGAGCCACTTT-1	HTO1	CD22_m971
GCACAAGAGCCGATTA-1	HTO2	CD22_i61_2
GCACAAGAGGGCGAAC-1	HTO1	CD22_m971
GCACAAGAGGGTATCC-1	HTO1	CD22_m971
GCACAAGAGGTAGGCA-1	HTO4	CD22_A11_int_1411
GCACACCCAACGCGAG-1	HTO5	CD22_B1_nonint_2261
GCACACCCAATAGGCA-1	HTO2	CD22_i61_2
GCACACCCAATGATCC-1	HTO1	CD22_m971
GCACACCCAGTACGCC-1	HTO2	CD22_i61_2
GCACACCCAGTATGTC-1	HTO2	CD22_i61_2
GCACAGCGTAACCGTG-1	HTO4	CD22_A11_int_1411
GCACAGCGTAGGAGGT-1	HTO2	CD22_i61_2
GCACAGCGTAGGATAG-1	HTO1	CD22_m971
GCACAGCGTATACGGT-1	HTO1	CD22_m971
GCACAGCGTCCTAGAG-1	HTO1	CD22_m971
GCACAGCGTCTAAAGC-1	HTO1	CD22_m971
GCACAGCGTCTGGCTT-1	HTO1	CD22_m971
GCACAGCGTCTTCAAT-1	HTO4	CD22_A11_int_1411
GCACAGCGTGGGTTAT-1	HTO5	CD22_B1_nonint_2261
GCACAGCGTGTTCATT-1	HTO4	CD22_A11_int_1411
GCACCATAGAATTCGT-1	HTO5	CD22_B1_nonint_2261
GCACCATAGAGTAATG-1	HTO3	CD22_A3_nonint_4434
GCACCATAGCAACCCG-1	HTO2	CD22_i61_2
GCACCATAGCACTACA-1	HTO1	CD22_m971
GCACCATAGCCTCTTG-1	HTO3	CD22_A3_nonint_4434
GCACCATAGGCGAATG-1	HTO1	CD22_m971
GCACCCAAGAGAATTG-1	HTO5	CD22_B1_nonint_2261
GCACCCAAGCGAAGTG-1	HTO1	CD22_m971
GCACCCAAGCTCTCCA-1	HTO4	CD22_A11_int_1411
GCACCCAAGGCGATAG-1	HTO5	CD22_B1_nonint_2261
GCACCCTTCACATGTG-1	HTO3	CD22_A3_nonint_4434
GCACCCTTCATACTCC-1	HTO2	CD22_i61_2
GCACCCTTCCCACTTG-1	HTO5	CD22_B1_nonint_2261
GCACCTACAATGTGAG-1	HTO2	CD22_i61_2
GCACCTACAGTGACCC-1	HTO5	CD22_B1_nonint_2261
GCACCTCTCACATATA-1	HTO5	CD22_B1_nonint_2261
GCACCTCTCACGCCTC-1	HTO3	CD22_A3_nonint_4434
GCACCTCTCCACTTCG-1	HTO2	CD22_i61_2
GCACCTCTCCTGCGTC-1	HTO2	CD22_i61_2
GCACCTCTCGGCAATC-1	HTO5	CD22_B1_nonint_2261
GCACGAAAGAAATCAG-1	HTO1	CD22_m971
GCACGAAAGACAGCGA-1	HTO3	CD22_A3_nonint_4434
GCACGAAAGACGTATT-1	HTO3	CD22_A3_nonint_4434
GCACGAAAGCAAGCTC-1	HTO4	CD22_A11_int_1411
GCACGAAAGCTGCGAT-1	HTO2	CD22_i61_2
GCACGAAAGGGAATTA-1	HTO1	CD22_m971
GCACGAAAGGTCTGCG-1	HTO5	CD22_B1_nonint_2261
GCACGAAAGGTGAGTG-1	HTO5	CD22_B1_nonint_2261
GCACGCTCAACAATGG-1	HTO2	CD22_i61_2
GCACGCTCAACCTGCA-1	HTO3	CD22_A3_nonint_4434
GCACGCTCACATACCG-1	HTO1	CD22_m971
GCACGCTCAGCGAATA-1	HTO5	CD22_B1_nonint_2261
GCACGCTCAGGTTACT-1	HTO4	CD22_A11_int_1411
GCACGCTCAGTATAGG-1	HTO5	CD22_B1_nonint_2261
GCACGGACAAATTGCC-1	HTO2	CD22_i61_2
GCACGGACAACACAGA-1	HTO4	CD22_A11_int_1411
GCACGGACAACCATAC-1	HTO2	CD22_i61_2
GCACGTAGTAGCCCTT-1	HTO5	CD22_B1_nonint_2261
GCACGTAGTATCACGG-1	HTO5	CD22_B1_nonint_2261
GCACGTAGTCGCCGTC-1	HTO1	CD22_m971
GCACGTAGTCTGGCCC-1	HTO2	CD22_i61_2
GCACGTAGTGGGACCT-1	HTO5	CD22_B1_nonint_2261
GCACGTGTCACTTTCA-1	HTO2	CD22_i61_2
GCACGTGTCAGCCATA-1	HTO1	CD22_m971
GCACGTGTCATAGGGG-1	HTO1	CD22_m971
GCACGTGTCATCCGTT-1	HTO2	CD22_i61_2
GCACGTGTCCAAGCGT-1	HTO2	CD22_i61_2
GCACGTTAGAATCAAG-1	HTO5	CD22_B1_nonint_2261
GCACGTTAGAGAGAGA-1	HTO2	CD22_i61_2
GCACGTTAGCATTAGT-1	HTO1	CD22_m971
GCACGTTAGGGTATCC-1	HTO3	CD22_A3_nonint_4434
GCACTAATCATCCTTA-1	HTO4	CD22_A11_int_1411
GCACTAATCATCTCAC-1	HTO1	CD22_m971
GCACTAATCCGGAATC-1	HTO1	CD22_m971
GCACTAATCCTAGTCT-1	HTO2	CD22_i61_2
GCACTAATCGTTAATA-1	HTO5	CD22_B1_nonint_2261
GCACTAGGTCAAGGCC-1	HTO2	CD22_i61_2
GCACTAGGTCAGTATA-1	HTO1	CD22_m971
GCACTCCTCACCCTAT-1	HTO1	CD22_m971
GCACTCCTCCTGGCTC-1	HTO2	CD22_i61_2
GCACTCTGTATCAGGT-1	HTO5	CD22_B1_nonint_2261
GCACTCTGTCATCAGG-1	HTO4	CD22_A11_int_1411
GCACTCTGTCGCTTTA-1	HTO4	CD22_A11_int_1411
GCAGCCTCAACCCCAA-1	HTO4	CD22_A11_int_1411
GCAGCCTCACCAATTA-1	HTO5	CD22_B1_nonint_2261
GCAGCCTCACGCACTA-1	HTO4	CD22_A11_int_1411
GCAGCCTCACGCGTAC-1	HTO2	CD22_i61_2
GCAGCCTCACTACGAT-1	HTO5	CD22_B1_nonint_2261
GCAGCGACAACACAGA-1	HTO3	CD22_A3_nonint_4434
GCAGCGACAAGAATTA-1	HTO4	CD22_A11_int_1411
GCAGCGACAATTCAGC-1	HTO4	CD22_A11_int_1411
GCAGCGACACATGCCA-1	HTO3	CD22_A3_nonint_4434
GCAGCGACACTTAAGC-1	HTO4	CD22_A11_int_1411
GCAGGATCAACGATAG-1	HTO5	CD22_B1_nonint_2261
GCAGGATCACGAACCC-1	HTO3	CD22_A3_nonint_4434
GCAGGATCACGTAATC-1	HTO5	CD22_B1_nonint_2261
GCAGGATCAGTGCACC-1	HTO3	CD22_A3_nonint_4434
GCAGGCACAAATGAAC-1	HTO2	CD22_i61_2
GCAGGCACAACCATAC-1	HTO1	CD22_m971
GCAGGCACAACTGGAA-1	HTO1	CD22_m971
GCAGGCACAAGCAAGC-1	HTO5	CD22_B1_nonint_2261
GCAGGCACAATCTTAG-1	HTO1	CD22_m971
GCAGGCACACATAGTC-1	HTO1	CD22_m971
GCAGGCACAGGAAAGG-1	HTO1	CD22_m971
GCAGGCACAGGCATAA-1	HTO3	CD22_A3_nonint_4434
GCAGGGTAGACAGAAC-1	HTO2	CD22_i61_2
GCAGGGTAGATCCTAG-1	HTO2	CD22_i61_2
GCAGGGTAGGGGGCAT-1	HTO2	CD22_i61_2
GCAGGGTAGGTATGGG-1	HTO5	CD22_B1_nonint_2261
GCAGGGTAGGTTCTAG-1	HTO1	CD22_m971
GCAGTAACAAAGGGAG-1	HTO2	CD22_i61_2
GCAGTAACAACCCTCT-1	HTO5	CD22_B1_nonint_2261
GCAGTAACACTAAGCT-1	HTO5	CD22_B1_nonint_2261
GCAGTAACAGTGCGTC-1	HTO5	CD22_B1_nonint_2261
GCAGTACTCCAATCGA-1	HTO5	CD22_B1_nonint_2261
GCAGTACTCCGGCATG-1	HTO4	CD22_A11_int_1411
GCAGTACTCCGTAAAT-1	HTO2	CD22_i61_2
GCAGTACTCGGGCATT-1	HTO2	CD22_i61_2
GCAGTCAGTAGCTGTG-1	HTO5	CD22_B1_nonint_2261
GCAGTCAGTAGGCGCT-1	HTO4	CD22_A11_int_1411
GCAGTCAGTATCGCAG-1	HTO5	CD22_B1_nonint_2261
GCAGTCAGTATGCAGT-1	HTO2	CD22_i61_2
GCAGTCAGTGCGAAGG-1	HTO5	CD22_B1_nonint_2261
GCAGTGTTCAAAGCCC-1	HTO3	CD22_A3_nonint_4434
GCAGTGTTCACATGTG-1	HTO3	CD22_A3_nonint_4434
GCAGTGTTCAGCCAAC-1	HTO1	CD22_m971
GCAGTGTTCATATGGT-1	HTO2	CD22_i61_2
GCAGTGTTCATCCGTT-1	HTO1	CD22_m971
GCAGTGTTCCAATGTG-1	HTO5	CD22_B1_nonint_2261
GCAGTGTTCCTAAACG-1	HTO2	CD22_i61_2
GCATAAGCAACATACC-1	HTO1	CD22_m971
GCATAAGCAACTCCCT-1	HTO5	CD22_B1_nonint_2261
GCATAAGCAAGGACCG-1	HTO1	CD22_m971
GCATAAGCAGCATGGG-1	HTO1	CD22_m971
GCATAATTCACGTAAT-1	HTO2	CD22_i61_2
GCATAATTCAGTCCTT-1	HTO2	CD22_i61_2
GCATAATTCCATGCCC-1	HTO2	CD22_i61_2
GCATAATTCCCATACT-1	HTO5	CD22_B1_nonint_2261
GCATAATTCCTCGCTA-1	HTO3	CD22_A3_nonint_4434
GCATACCAGCCCTAGG-1	HTO3	CD22_A3_nonint_4434
GCATAGACACAAATCC-1	HTO3	CD22_A3_nonint_4434
GCATAGACACTGGCAC-1	HTO4	CD22_A11_int_1411
GCATAGACAGGAGCCA-1	HTO3	CD22_A3_nonint_4434
GCATAGACAGGGCAAT-1	HTO5	CD22_B1_nonint_2261
GCATAGCTCACACGGT-1	HTO5	CD22_B1_nonint_2261
GCATAGCTCACCCTGC-1	HTO3	CD22_A3_nonint_4434
GCATAGCTCCATTCTA-1	HTO1	CD22_m971
GCATAGGAGCCCACAG-1	HTO5	CD22_B1_nonint_2261
GCATAGGAGCCGTTAA-1	HTO2	CD22_i61_2
GCATAGGAGCCTGGCA-1	HTO4	CD22_A11_int_1411
GCATAGGAGCTGCATA-1	HTO5	CD22_B1_nonint_2261
GCATAGGAGGGGTAAT-1	HTO5	CD22_B1_nonint_2261
GCATAGTGTAATCCCC-1	HTO2	CD22_i61_2
GCATAGTGTATGCTCC-1	HTO2	CD22_i61_2
GCATAGTGTGTTGTCC-1	HTO5	CD22_B1_nonint_2261
GCATCAATCATGGCCG-1	HTO2	CD22_i61_2
GCATCAATCGTAGTCA-1	HTO5	CD22_B1_nonint_2261
GCATCAATCGTCATTC-1	HTO5	CD22_B1_nonint_2261
GCATCAATCGTCGAAC-1	HTO3	CD22_A3_nonint_4434
GCATCACAGCAACGTC-1	HTO1	CD22_m971
GCATCACAGCGGCCTA-1	HTO1	CD22_m971
GCATCACAGGCGTTAC-1	HTO3	CD22_A3_nonint_4434
GCATCACAGGTATCCA-1	HTO5	CD22_B1_nonint_2261
GCATCAGGTAAGGTCT-1	HTO2	CD22_i61_2
GCATCAGGTCACGGGT-1	HTO2	CD22_i61_2
GCATCAGGTCCGATAG-1	HTO3	CD22_A3_nonint_4434
GCATCAGGTCGTCTTA-1	HTO5	CD22_B1_nonint_2261
GCATCATCACCGTCAA-1	HTO3	CD22_A3_nonint_4434
GCATCATCAGGAACCG-1	HTO5	CD22_B1_nonint_2261
GCATCCACAAGCGAAC-1	HTO4	CD22_A11_int_1411
GCATCCACACACTTAA-1	HTO1	CD22_m971
GCATCCACACCAGGGA-1	HTO2	CD22_i61_2
GCATCCGAGAATACAG-1	HTO5	CD22_B1_nonint_2261
GCATCCGAGCGGTTAC-1	HTO1	CD22_m971
GCATCCGAGGGACGTA-1	HTO5	CD22_B1_nonint_2261
GCATCCGAGGTCCGCA-1	HTO2	CD22_i61_2
GCATCGCCAATGGACA-1	HTO2	CD22_i61_2
GCATCGCCAGGAAGCT-1	HTO2	CD22_i61_2
GCATCGCCAGGCATTT-1	HTO1	CD22_m971
GCATCGGTCACGAGCT-1	HTO1	CD22_m971
GCATCGGTCATCAATA-1	HTO5	CD22_B1_nonint_2261
GCATCGGTCGCTTTAC-1	HTO5	CD22_B1_nonint_2261
GCATCGGTCGGTGTCG-1	HTO3	CD22_A3_nonint_4434
GCATCGTAGCACAATT-1	HTO3	CD22_A3_nonint_4434
GCATCGTAGCGGGTAA-1	HTO1	CD22_m971
GCATCGTAGCTCTCAT-1	HTO5	CD22_B1_nonint_2261
GCATCGTAGCTTGAAT-1	HTO2	CD22_i61_2
GCATCGTAGGTCCCGA-1	HTO3	CD22_A3_nonint_4434
GCATGAACAACTTTAG-1	HTO1	CD22_m971
GCATGAACACCCAAAT-1	HTO1	CD22_m971
GCATGAACAGCATGAA-1	HTO5	CD22_B1_nonint_2261
GCATGCCCAAATGCGA-1	HTO4	CD22_A11_int_1411
GCATGCCCAACAATGG-1	HTO3	CD22_A3_nonint_4434
GCATGCCCAACTCCGA-1	HTO1	CD22_m971
GCATGCCCAAGCTGGG-1	HTO1	CD22_m971
GCATGCCCAATGCAGA-1	HTO4	CD22_A11_int_1411
GCATGCCCAATGCGCC-1	HTO3	CD22_A3_nonint_4434
GCATGCCCACACAATC-1	HTO3	CD22_A3_nonint_4434
GCATGGCGTACGGTCA-1	HTO2	CD22_i61_2
GCATGGCGTACTTGGG-1	HTO3	CD22_A3_nonint_4434
GCATGGCGTCTAATGA-1	HTO3	CD22_A3_nonint_4434
GCATGGGCAACCATAC-1	HTO2	CD22_i61_2
GCATGGGCAACGGTCC-1	HTO2	CD22_i61_2
GCATGGGCACGGCAAG-1	HTO3	CD22_A3_nonint_4434
GCATGGGCACTCACTC-1	HTO4	CD22_A11_int_1411
GCATGGGCAGCCACTA-1	HTO2	CD22_i61_2
GCATGGGCAGGATAGC-1	HTO3	CD22_A3_nonint_4434
GCATGGGCAGGTTTAC-1	HTO4	CD22_A11_int_1411
GCATGGTTCAAATCTA-1	HTO4	CD22_A11_int_1411
GCATGGTTCACCAAAT-1	HTO2	CD22_i61_2
GCATGGTTCAGCAATT-1	HTO3	CD22_A3_nonint_4434
GCATGGTTCATTCATT-1	HTO1	CD22_m971
GCATGGTTCCGGTAAC-1	HTO1	CD22_m971
GCATGGTTCGTAGATT-1	HTO5	CD22_B1_nonint_2261
GCATTACCAACGCGAG-1	HTO5	CD22_B1_nonint_2261
GCATTACCAAGGCCGA-1	HTO5	CD22_B1_nonint_2261
GCATTACCAATACGGA-1	HTO3	CD22_A3_nonint_4434
GCATTACCAATTGTAT-1	HTO4	CD22_A11_int_1411
GCATTACCACAATGGA-1	HTO2	CD22_i61_2
GCATTACCAGGTAACA-1	HTO2	CD22_i61_2
GCATTAGTCACTACTC-1	HTO1	CD22_m971
GCATTAGTCATGACCA-1	HTO5	CD22_B1_nonint_2261
GCATTAGTCGCCTTGC-1	HTO4	CD22_A11_int_1411
GCATTAGTCGGACATC-1	HTO1	CD22_m971
GCATTAGTCGTAGCAC-1	HTO2	CD22_i61_2
GCATTCAAGAAGGTGT-1	HTO1	CD22_m971
GCATTCAAGATCAGGG-1	HTO2	CD22_i61_2
GCATTCAAGCACATCA-1	HTO3	CD22_A3_nonint_4434
GCATTCAAGCGCTGCA-1	HTO1	CD22_m971
GCATTCAAGCGTATAT-1	HTO1	CD22_m971
GCATTCAAGCGTCTAA-1	HTO3	CD22_A3_nonint_4434
GCATTCCGTAAGGGAC-1	HTO1	CD22_m971
GCATTCCGTACAAGAG-1	HTO1	CD22_m971
GCATTCCGTACCCATC-1	HTO1	CD22_m971
GCATTCCGTAGTTAGC-1	HTO5	CD22_B1_nonint_2261
GCATTCGCAAAATCTT-1	HTO2	CD22_i61_2
GCATTCGCAAATCCCG-1	HTO2	CD22_i61_2
GCATTCGCAACGGACG-1	HTO2	CD22_i61_2
GCATTCGCAATGCGAA-1	HTO1	CD22_m971
GCATTCGCACAATTCA-1	HTO1	CD22_m971
GCATTCGCACATAGAG-1	HTO3	CD22_A3_nonint_4434
GCATTCGCACGTAGGG-1	HTO2	CD22_i61_2
GCATTGGGTACCTAGG-1	HTO1	CD22_m971
GCATTGGGTATAAGCC-1	HTO2	CD22_i61_2
GCATTGGGTATCAGCG-1	HTO4	CD22_A11_int_1411
GCATTGGGTATTGCCC-1	HTO4	CD22_A11_int_1411
GCATTGGGTGTCGGGT-1	HTO5	CD22_B1_nonint_2261
GCATTTACAATGGGGT-1	HTO3	CD22_A3_nonint_4434
GCATTTACACATATCA-1	HTO1	CD22_m971
GCATTTACAGCTACGC-1	HTO3	CD22_A3_nonint_4434
GCCAAATGTATATCCT-1	HTO2	CD22_i61_2
GCCAAATGTATCATTC-1	HTO5	CD22_B1_nonint_2261
GCCAACCCACTTCGAG-1	HTO3	CD22_A3_nonint_4434
GCCAACCCAGTCTATA-1	HTO3	CD22_A3_nonint_4434
GCCAACCCAGTGCAGG-1	HTO1	CD22_m971
GCCAAGGCAGGATCAA-1	HTO4	CD22_A11_int_1411
GCCAAGGCAGTTAGAG-1	HTO3	CD22_A3_nonint_4434
GCCAAGGCAGTTGATC-1	HTO2	CD22_i61_2
GCCAATATCAAGCTCA-1	HTO3	CD22_A3_nonint_4434
GCCAATATCAAGGCTC-1	HTO2	CD22_i61_2
GCCAATATCCAATTCC-1	HTO1	CD22_m971
GCCAATATCGTAGGCT-1	HTO4	CD22_A11_int_1411
GCCAATTCAGCGCGAA-1	HTO4	CD22_A11_int_1411
GCCAATTCAGGGCAAT-1	HTO1	CD22_m971
GCCAATTCAGTAGCGG-1	HTO3	CD22_A3_nonint_4434
GCCACATAGATTGAGA-1	HTO5	CD22_B1_nonint_2261
GCCACATAGCCTAAGC-1	HTO4	CD22_A11_int_1411
GCCACATAGCGATGAG-1	HTO1	CD22_m971
GCCACATAGCTGCGAT-1	HTO3	CD22_A3_nonint_4434
GCCACATAGCTTGAAT-1	HTO2	CD22_i61_2
GCCACATAGGTCGCAT-1	HTO2	CD22_i61_2
GCCACTACACACGCAC-1	HTO3	CD22_A3_nonint_4434
GCCACTACACACTCTC-1	HTO5	CD22_B1_nonint_2261
GCCACTACACTATTCT-1	HTO2	CD22_i61_2
GCCACTACAGCATCGC-1	HTO1	CD22_m971
GCCACTTGTATAGCGT-1	HTO1	CD22_m971
GCCACTTGTCCATTTG-1	HTO4	CD22_A11_int_1411
GCCACTTGTCCTACGT-1	HTO3	CD22_A3_nonint_4434
GCCACTTGTGCGTTAG-1	HTO2	CD22_i61_2
GCCACTTGTGCTCTTA-1	HTO5	CD22_B1_nonint_2261
GCCATAATCCTTCAAC-1	HTO5	CD22_B1_nonint_2261
GCCATAATCGGTTAGC-1	HTO1	CD22_m971
GCCATAATCGTGGGTT-1	HTO5	CD22_B1_nonint_2261
GCCATACAGACATTCG-1	HTO3	CD22_A3_nonint_4434
GCCATACAGATCACAT-1	HTO2	CD22_i61_2
GCCATACAGCAAATGA-1	HTO3	CD22_A3_nonint_4434
GCCATACAGCTTGTGA-1	HTO5	CD22_B1_nonint_2261
GCCATAGGTACCCATC-1	HTO3	CD22_A3_nonint_4434
GCCATAGGTATGGCGC-1	HTO2	CD22_i61_2
GCCATAGGTCATCAGG-1	HTO2	CD22_i61_2
GCCATATCAGCTCAAT-1	HTO5	CD22_B1_nonint_2261
GCCATATCAGGGTCTC-1	HTO1	CD22_m971
GCCATCGAGACAAGCG-1	HTO1	CD22_m971
GCCATCGAGCAACCCG-1	HTO5	CD22_B1_nonint_2261
GCCATCGAGCCGTTGG-1	HTO2	CD22_i61_2
GCCATCGAGGGTACGA-1	HTO5	CD22_B1_nonint_2261
GCCATGGTCAAGGGGC-1	HTO1	CD22_m971
GCCATGGTCCGTTTCG-1	HTO1	CD22_m971
GCCATGGTCCTCAGCC-1	HTO5	CD22_B1_nonint_2261
GCCATGGTCCTTATGC-1	HTO1	CD22_m971
GCCATGGTCGCAAAGG-1	HTO2	CD22_i61_2
GCCATGTAGATATCAC-1	HTO2	CD22_i61_2
GCCATGTAGGGATTAA-1	HTO2	CD22_i61_2
GCCATTAAGACTTTCC-1	HTO5	CD22_B1_nonint_2261
GCCATTAAGCAAGATA-1	HTO5	CD22_B1_nonint_2261
GCCATTAAGCGACAAG-1	HTO3	CD22_A3_nonint_4434
GCCATTCGTAGTACGT-1	HTO4	CD22_A11_int_1411
GCCCAACCAACTATAT-1	HTO2	CD22_i61_2
GCCCAACCACACTATA-1	HTO2	CD22_i61_2
GCCCAACCAGGAATCA-1	HTO5	CD22_B1_nonint_2261
GCCCAATAGAATTCCG-1	HTO1	CD22_m971
GCCCAATAGATCCCAA-1	HTO3	CD22_A3_nonint_4434
GCCCAATAGATGTTCG-1	HTO4	CD22_A11_int_1411
GCCCAATAGCCTCACC-1	HTO4	CD22_A11_int_1411
GCCCAATAGGCAAGGC-1	HTO3	CD22_A3_nonint_4434
GCCCAATAGGCATCCG-1	HTO3	CD22_A3_nonint_4434
GCCCACAAGCATACAT-1	HTO4	CD22_A11_int_1411
GCCCACAAGCCAAATT-1	HTO2	CD22_i61_2
GCCCATACACTATAGC-1	HTO4	CD22_A11_int_1411
GCCCATACAGGGGCTA-1	HTO4	CD22_A11_int_1411
GCCCATACAGTACTTA-1	HTO2	CD22_i61_2
GCCCATTGTACTGGGC-1	HTO5	CD22_B1_nonint_2261
GCCCATTGTATATCAG-1	HTO4	CD22_A11_int_1411
GCCCATTGTATCGCGA-1	HTO2	CD22_i61_2
GCCCATTGTCTTCTCT-1	HTO5	CD22_B1_nonint_2261
GCCCATTGTCTTGTCA-1	HTO2	CD22_i61_2
GCCCCAAAGAATTCGT-1	HTO1	CD22_m971
GCCCCAAAGAGCAGCA-1	HTO3	CD22_A3_nonint_4434
GCCCCAAAGAGGACGC-1	HTO2	CD22_i61_2
GCCCCAAAGATGCGAG-1	HTO1	CD22_m971
GCCCCAAAGCCGGTAT-1	HTO1	CD22_m971
GCCCCAAAGCGCATCG-1	HTO2	CD22_i61_2
GCCCCAAAGGCCACAT-1	HTO4	CD22_A11_int_1411
GCCCCAAAGGCTCAAC-1	HTO1	CD22_m971
GCCCCAAAGGCTTTGA-1	HTO2	CD22_i61_2
GCCCCATTCACTGTCT-1	HTO5	CD22_B1_nonint_2261
GCCCCATTCATCTCCG-1	HTO5	CD22_B1_nonint_2261
GCCCCGTGTATCGCTC-1	HTO4	CD22_A11_int_1411
GCCCCGTGTCCACGTT-1	HTO2	CD22_i61_2
GCCCCGTGTCTGCGCC-1	HTO3	CD22_A3_nonint_4434
GCCCCGTGTGCGTATG-1	HTO5	CD22_B1_nonint_2261
GCCCCGTGTGGATGGG-1	HTO3	CD22_A3_nonint_4434
GCCCCTAGTAACGTCG-1	HTO1	CD22_m971
GCCCCTAGTGCAAGGG-1	HTO1	CD22_m971
GCCCCTAGTGGTCAAT-1	HTO1	CD22_m971
GCCCCTAGTGTCGCCC-1	HTO2	CD22_i61_2
GCCCGAGGTACATATG-1	HTO4	CD22_A11_int_1411
GCCCGAGGTCACTATT-1	HTO2	CD22_i61_2
GCCCGAGGTCGTGCCC-1	HTO5	CD22_B1_nonint_2261
GCCCGAGGTGTAATTG-1	HTO3	CD22_A3_nonint_4434
GCCCGAGGTGTTGGAT-1	HTO2	CD22_i61_2
GCCCGTAAGCCATTTC-1	HTO1	CD22_m971
GCCCGTAAGCCTGGTG-1	HTO2	CD22_i61_2
GCCCGTAAGCTCTGAA-1	HTO2	CD22_i61_2
GCCCGTAAGGCTTCAA-1	HTO5	CD22_B1_nonint_2261
GCCCGTAAGGGAATAC-1	HTO4	CD22_A11_int_1411
GCCCGTCGTCAACCTC-1	HTO2	CD22_i61_2
GCCCGTCGTCACATGG-1	HTO2	CD22_i61_2
GCCCGTCGTCAGGCCG-1	HTO5	CD22_B1_nonint_2261
GCCCGTCGTCGACGGT-1	HTO5	CD22_B1_nonint_2261
GCCCGTTTCATGATGT-1	HTO1	CD22_m971
GCCCGTTTCATGGGCT-1	HTO2	CD22_i61_2
GCCCGTTTCCAGGTTA-1	HTO1	CD22_m971
GCCCGTTTCCAGTATG-1	HTO1	CD22_m971
GCCCGTTTCCATGCTT-1	HTO4	CD22_A11_int_1411
GCCCGTTTCCTGTCGC-1	HTO1	CD22_m971
GCCCGTTTCGCTCCAC-1	HTO4	CD22_A11_int_1411
GCCCGTTTCGGCGTTG-1	HTO1	CD22_m971
GCCCGTTTCGGTTCCC-1	HTO1	CD22_m971
GCCCTAACAACCATCG-1	HTO5	CD22_B1_nonint_2261
GCCCTAACAATCATGC-1	HTO4	CD22_A11_int_1411
GCCCTAACAGCGACCT-1	HTO4	CD22_A11_int_1411
GCCCTAACAGTGGCAG-1	HTO4	CD22_A11_int_1411
GCCCTACTCCACCTCA-1	HTO5	CD22_B1_nonint_2261
GCCCTACTCCTCTCGA-1	HTO5	CD22_B1_nonint_2261
GCCCTACTCGGGCATT-1	HTO3	CD22_A3_nonint_4434
GCCCTACTCGGGCTCA-1	HTO5	CD22_B1_nonint_2261
GCCCTATGTATCTCTG-1	HTO4	CD22_A11_int_1411
GCCCTATGTCAACTCC-1	HTO5	CD22_B1_nonint_2261
GCCCTATGTCACACCT-1	HTO2	CD22_i61_2
GCCCTATGTCAGTTCC-1	HTO4	CD22_A11_int_1411
GCCCTATGTGCGTCTT-1	HTO5	CD22_B1_nonint_2261
GCCCTATGTGGAGCGA-1	HTO1	CD22_m971
GCCCTATGTGTCGGGT-1	HTO3	CD22_A3_nonint_4434
GCCCTGAAGAATTACC-1	HTO5	CD22_B1_nonint_2261
GCCCTGAAGAGCGTGA-1	HTO3	CD22_A3_nonint_4434
GCCCTGAAGCAACATT-1	HTO2	CD22_i61_2
GCCCTGAAGCTACTTC-1	HTO5	CD22_B1_nonint_2261
GCCCTGAAGGGGGTAC-1	HTO2	CD22_i61_2
GCCCTTATCAAATCAC-1	HTO1	CD22_m971
GCCCTTATCATGTCGA-1	HTO3	CD22_A3_nonint_4434
GCCCTTATCGCATAAT-1	HTO4	CD22_A11_int_1411
GCCCTTATCGTGGGTT-1	HTO4	CD22_A11_int_1411
GCCTAAATCAGCATAT-1	HTO1	CD22_m971
GCCTAAATCATGGACC-1	HTO3	CD22_A3_nonint_4434
GCCTAAATCCGGTATA-1	HTO4	CD22_A11_int_1411
GCCTAAATCCGTATTC-1	HTO5	CD22_B1_nonint_2261
GCCTACCTCAAACCGC-1	HTO1	CD22_m971
GCCTACCTCAGTTTAA-1	HTO2	CD22_i61_2
GCCTACCTCATATGTA-1	HTO1	CD22_m971
GCCTACCTCCATGCCC-1	HTO5	CD22_B1_nonint_2261
GCCTACCTCCTATTGC-1	HTO5	CD22_B1_nonint_2261
GCCTACCTCGTATTCC-1	HTO1	CD22_m971
GCCTATAAGAGAGAGA-1	HTO1	CD22_m971
GCCTATAAGCTACAGC-1	HTO2	CD22_i61_2
GCCTATAAGGGCGGAT-1	HTO1	CD22_m971
GCCTATCGTAACTGCG-1	HTO5	CD22_B1_nonint_2261
GCCTATCGTATAGGGA-1	HTO3	CD22_A3_nonint_4434
GCCTCGAAGAGCCCAT-1	HTO3	CD22_A3_nonint_4434
GCCTCGAAGAGGTATA-1	HTO5	CD22_B1_nonint_2261
GCCTCGAAGCATGCGT-1	HTO4	CD22_A11_int_1411
GCCTCGAAGCTCAGCG-1	HTO1	CD22_m971
GCCTCGCGTACGCTTC-1	HTO5	CD22_B1_nonint_2261
GCCTCTATCAAGGCTC-1	HTO1	CD22_m971
GCCTCTATCACAGATT-1	HTO5	CD22_B1_nonint_2261
GCCTCTATCAGGGACA-1	HTO2	CD22_i61_2
GCCTCTATCATCCGTT-1	HTO1	CD22_m971
GCCTCTATCGCAATAT-1	HTO5	CD22_B1_nonint_2261
GCCTCTATCGCGTATA-1	HTO3	CD22_A3_nonint_4434
GCCTCTATCGGCGCTA-1	HTO1	CD22_m971
GCCTCTATCGTAATCG-1	HTO3	CD22_A3_nonint_4434
GCCTCTGGTACGGATT-1	HTO1	CD22_m971
GCCTCTGGTATTCGGG-1	HTO2	CD22_i61_2
GCCTCTGGTCAGGCCG-1	HTO3	CD22_A3_nonint_4434
GCCTCTGGTCCTACGT-1	HTO4	CD22_A11_int_1411
GCCTCTGGTGTCCCGC-1	HTO2	CD22_i61_2
GCCTCTTCAAACGGGT-1	HTO5	CD22_B1_nonint_2261
GCCTCTTCAATTCATG-1	HTO2	CD22_i61_2
GCCTCTTCACATGGTT-1	HTO5	CD22_B1_nonint_2261
GCCTCTTCACCAAGGG-1	HTO4	CD22_A11_int_1411
GCCTCTTCAGTACGCC-1	HTO2	CD22_i61_2
GCCTGACCAAACGCAA-1	HTO4	CD22_A11_int_1411
GCCTGACCAAGAGAGG-1	HTO2	CD22_i61_2
GCCTGACCAATCACTA-1	HTO1	CD22_m971
GCCTGACCACGGTGCT-1	HTO2	CD22_i61_2
GCCTGACCAGCCAATT-1	HTO4	CD22_A11_int_1411
GCCTGACCAGGATGGT-1	HTO2	CD22_i61_2
GCCTGATAGATAGCGG-1	HTO4	CD22_A11_int_1411
GCCTGATAGCAGGAGC-1	HTO4	CD22_A11_int_1411
GCCTGATAGGGGGTTA-1	HTO3	CD22_A3_nonint_4434
GCCTGATAGGTAGCAG-1	HTO3	CD22_A3_nonint_4434
GCCTGCAAGACTTTCC-1	HTO1	CD22_m971
GCCTGCAAGCTGCAAC-1	HTO1	CD22_m971
GCCTGCAAGGCGTGAA-1	HTO5	CD22_B1_nonint_2261
GCCTGCAAGGGCATAG-1	HTO4	CD22_A11_int_1411
GCCTGCCGTAACGTCG-1	HTO5	CD22_B1_nonint_2261
GCCTGCCGTAGCTTGG-1	HTO3	CD22_A3_nonint_4434
GCCTGCCGTCCGTAAG-1	HTO2	CD22_i61_2
GCCTGCCGTCGCTCTG-1	HTO5	CD22_B1_nonint_2261
GCCTGCCGTCTAGTGG-1	HTO4	CD22_A11_int_1411
GCCTGCCGTGCATTCC-1	HTO5	CD22_B1_nonint_2261
GCCTGCCGTGTCGAGC-1	HTO3	CD22_A3_nonint_4434
GCCTGCTTCGGGTCAT-1	HTO2	CD22_i61_2
GCCTGGGGTATAGGCT-1	HTO1	CD22_m971
GCCTGGGGTCAGCCTT-1	HTO4	CD22_A11_int_1411
GCCTGGGGTCGAGTCA-1	HTO1	CD22_m971
GCCTGGGGTCTTCTCT-1	HTO5	CD22_B1_nonint_2261
GCCTGGGGTGTTCGTC-1	HTO1	CD22_m971
GCCTTAGCACCTAGGC-1	HTO5	CD22_B1_nonint_2261
GCCTTAGCACTCGTTC-1	HTO3	CD22_A3_nonint_4434
GCCTTAGCAGTAACCT-1	HTO2	CD22_i61_2
GCCTTCGGTGGGGTAG-1	HTO4	CD22_A11_int_1411
GCCTTGCTCACATATA-1	HTO1	CD22_m971
GCCTTGCTCGTATGCA-1	HTO5	CD22_B1_nonint_2261
GCCTTGCTCGTTCATC-1	HTO1	CD22_m971
GCCTTGTGTACAGCAT-1	HTO3	CD22_A3_nonint_4434
GCCTTGTGTATGTTAG-1	HTO5	CD22_B1_nonint_2261
GCCTTGTGTGCACTAG-1	HTO3	CD22_A3_nonint_4434
GCCTTGTGTGGCGCTG-1	HTO4	CD22_A11_int_1411
GCCTTGTGTGTGTTAA-1	HTO4	CD22_A11_int_1411
GCCTTTAGTATCTGTT-1	HTO2	CD22_i61_2
GCCTTTAGTCACCGGG-1	HTO4	CD22_A11_int_1411
GCCTTTAGTCCGTTTA-1	HTO1	CD22_m971
GCCTTTAGTGGTATTA-1	HTO1	CD22_m971
GCCTTTAGTGGTTTCC-1	HTO2	CD22_i61_2
GCCTTTCCAACGAACA-1	HTO5	CD22_B1_nonint_2261
GCCTTTCCACATTCAA-1	HTO3	CD22_A3_nonint_4434
GCCTTTCCAGCTATTA-1	HTO5	CD22_B1_nonint_2261
GCCTTTCCAGGCTCTA-1	HTO1	CD22_m971
GCGAAACCAAAGCATG-1	HTO5	CD22_B1_nonint_2261
GCGAAACCAATAGCGA-1	HTO5	CD22_B1_nonint_2261
GCGAAACCACAAGTAG-1	HTO3	CD22_A3_nonint_4434
GCGAAACCACAGCATT-1	HTO3	CD22_A3_nonint_4434
GCGAAACCACATTTAG-1	HTO5	CD22_B1_nonint_2261
GCGAAACCAGCTCCAA-1	HTO1	CD22_m971
GCGAAACCAGGTTACT-1	HTO2	CD22_i61_2
GCGAAACCAGTTGAAG-1	HTO3	CD22_A3_nonint_4434
GCGAAAGTCAATACGT-1	HTO2	CD22_i61_2
GCGAAAGTCAATCGTG-1	HTO4	CD22_A11_int_1411
GCGAAAGTCACGACTA-1	HTO5	CD22_B1_nonint_2261
GCGAAAGTCATGAGTT-1	HTO2	CD22_i61_2
GCGAAAGTCATGCAAT-1	HTO3	CD22_A3_nonint_4434
GCGAAAGTCCAGCAGT-1	HTO5	CD22_B1_nonint_2261
GCGAAAGTCCATAGGC-1	HTO2	CD22_i61_2
GCGAAAGTCCCGCGTT-1	HTO5	CD22_B1_nonint_2261
GCGAAAGTCGGTCAAC-1	HTO2	CD22_i61_2
GCGAAGCAGAACGGAT-1	HTO1	CD22_m971
GCGAAGCAGCATCTTC-1	HTO2	CD22_i61_2
GCGAAGCAGCCCATTT-1	HTO4	CD22_A11_int_1411
GCGAAGCAGCTCGAGT-1	HTO1	CD22_m971
GCGAAGCAGGGTATCC-1	HTO5	CD22_B1_nonint_2261
GCGAAGCAGGTATAGA-1	HTO3	CD22_A3_nonint_4434
GCGAAGGGTACATCTT-1	HTO4	CD22_A11_int_1411
GCGAATACAAAGGGAG-1	HTO4	CD22_A11_int_1411
GCGAATACAAATCTAT-1	HTO5	CD22_B1_nonint_2261
GCGAATACAGCGACGA-1	HTO5	CD22_B1_nonint_2261
GCGAATACAGTCGGAG-1	HTO5	CD22_B1_nonint_2261
GCGAATACAGTTCAGT-1	HTO1	CD22_m971
GCGAATGAGAATGGCG-1	HTO3	CD22_A3_nonint_4434
GCGAATGAGACAGCGA-1	HTO4	CD22_A11_int_1411
GCGAATGAGGCGTAGA-1	HTO1	CD22_m971
GCGAATTGTAGGAATG-1	HTO5	CD22_B1_nonint_2261
GCGAATTGTCGTATGG-1	HTO5	CD22_B1_nonint_2261
GCGAATTGTGGCATAT-1	HTO3	CD22_A3_nonint_4434
GCGAATTGTGGGAGCA-1	HTO5	CD22_B1_nonint_2261
GCGAATTGTGTCGAAT-1	HTO4	CD22_A11_int_1411
GCGACAGCAATCAAGG-1	HTO1	CD22_m971
GCGACAGCACCAATTA-1	HTO4	CD22_A11_int_1411
GCGACAGCACCACACA-1	HTO3	CD22_A3_nonint_4434
GCGACAGCACCGTCAA-1	HTO4	CD22_A11_int_1411
GCGACAGCACTTATAG-1	HTO1	CD22_m971
GCGACAGCAGCGCTAC-1	HTO1	CD22_m971
GCGACAGCAGCGTAGG-1	HTO5	CD22_B1_nonint_2261
GCGACATTCAATCGGC-1	HTO3	CD22_A3_nonint_4434
GCGACATTCGGATCAC-1	HTO2	CD22_i61_2
GCGACATTCGGTACGT-1	HTO2	CD22_i61_2
GCGACATTCGTGTAAT-1	HTO5	CD22_B1_nonint_2261
GCGACCTCACCACCAA-1	HTO4	CD22_A11_int_1411
GCGACCTCACCACGGT-1	HTO1	CD22_m971
GCGACCTCACGTCGTA-1	HTO3	CD22_A3_nonint_4434
GCGACCTCAGTGCTCA-1	HTO5	CD22_B1_nonint_2261
GCGACCTCAGTTGGTT-1	HTO5	CD22_B1_nonint_2261
GCGACGACAAAGTGCA-1	HTO2	CD22_i61_2
GCGACGACAATAGGCA-1	HTO5	CD22_B1_nonint_2261
GCGACGACAGTGTCAT-1	HTO5	CD22_B1_nonint_2261
GCGAGAGGTAAGCAAG-1	HTO1	CD22_m971
GCGAGAGGTAATACTG-1	HTO4	CD22_A11_int_1411
GCGAGAGGTAATTGTG-1	HTO5	CD22_B1_nonint_2261
GCGAGAGGTACCATCC-1	HTO1	CD22_m971
GCGAGAGGTACTACGG-1	HTO4	CD22_A11_int_1411
GCGAGAGGTCATTGGG-1	HTO1	CD22_m971
GCGAGAGGTCGGATAT-1	HTO5	CD22_B1_nonint_2261
GCGAGAGGTGTGCAAT-1	HTO1	CD22_m971
GCGAGAGGTGTTCGTC-1	HTO3	CD22_A3_nonint_4434
GCGAGGAGTAAAGCTC-1	HTO1	CD22_m971
GCGAGGAGTAAATGGG-1	HTO4	CD22_A11_int_1411
GCGAGGAGTAAGCGTT-1	HTO3	CD22_A3_nonint_4434
GCGAGGAGTAATCTTC-1	HTO4	CD22_A11_int_1411
GCGAGGAGTATGAGCT-1	HTO4	CD22_A11_int_1411
GCGAGGAGTATTATCC-1	HTO2	CD22_i61_2
GCGAGGAGTCGTAATA-1	HTO2	CD22_i61_2
GCGAGGAGTCTAACTT-1	HTO1	CD22_m971
GCGAGGAGTGCACGTA-1	HTO2	CD22_i61_2
GCGAGGAGTGGAATGA-1	HTO4	CD22_A11_int_1411
GCGAGTAAGAGTGATA-1	HTO3	CD22_A3_nonint_4434
GCGAGTAAGAGTGTAA-1	HTO1	CD22_m971
GCGAGTAAGGCAAGGC-1	HTO1	CD22_m971
GCGAGTTTCACAACTG-1	HTO5	CD22_B1_nonint_2261
GCGAGTTTCCCTATGT-1	HTO2	CD22_i61_2
GCGAGTTTCCGGCCTT-1	HTO1	CD22_m971
GCGAGTTTCGTACGTA-1	HTO3	CD22_A3_nonint_4434
GCGATAACAACTTACA-1	HTO4	CD22_A11_int_1411
GCGATAACAAGGGACT-1	HTO3	CD22_A3_nonint_4434
GCGATAACACACTCTC-1	HTO4	CD22_A11_int_1411
GCGATAACACCGGTTA-1	HTO3	CD22_A3_nonint_4434
GCGATAACAGCCAATT-1	HTO4	CD22_A11_int_1411
GCGATAACAGTTGGTT-1	HTO3	CD22_A3_nonint_4434
GCGATAGAGACTGCCG-1	HTO2	CD22_i61_2
GCGATAGAGAGCCCAT-1	HTO2	CD22_i61_2
GCGATAGAGATCGACC-1	HTO1	CD22_m971
GCGATAGAGATGAAGC-1	HTO2	CD22_i61_2
GCGATGCGTAATTCAG-1	HTO1	CD22_m971
GCGATGCGTAGGAATG-1	HTO4	CD22_A11_int_1411
GCGATGCGTATATCAG-1	HTO3	CD22_A3_nonint_4434
GCGATGCGTATCCCCG-1	HTO1	CD22_m971
GCGATGCGTATCCGTC-1	HTO2	CD22_i61_2
GCGATGCGTCTCCGCA-1	HTO3	CD22_A3_nonint_4434
GCGATGCGTCTGTATT-1	HTO4	CD22_A11_int_1411
GCGATGCGTGCGCGAT-1	HTO1	CD22_m971
GCGATGTTCACGGTGT-1	HTO2	CD22_i61_2
GCGATGTTCCAGCAAC-1	HTO2	CD22_i61_2
GCGATGTTCCGGGTCA-1	HTO3	CD22_A3_nonint_4434
GCGATGTTCCTCACGC-1	HTO3	CD22_A3_nonint_4434
GCGCAATTCAACGCAC-1	HTO5	CD22_B1_nonint_2261
GCGCAATTCATGGTAT-1	HTO2	CD22_i61_2
GCGCAATTCCCTTTAA-1	HTO2	CD22_i61_2
GCGCAATTCGGCAATC-1	HTO1	CD22_m971
GCGCAATTCGTATCTC-1	HTO5	CD22_B1_nonint_2261
GCGCACTCAATGCATC-1	HTO4	CD22_A11_int_1411
GCGCATCCAACGTCGC-1	HTO1	CD22_m971
GCGCATCCAAGCGCTC-1	HTO1	CD22_m971
GCGCATCCAATCACGT-1	HTO2	CD22_i61_2
GCGCATCCACCTTCCG-1	HTO4	CD22_A11_int_1411
GCGCATCCACGAACGG-1	HTO2	CD22_i61_2
GCGCATCCAGCGTGAG-1	HTO2	CD22_i61_2
GCGCATCCAGTGTGGG-1	HTO2	CD22_i61_2
GCGCATGTCACCCATT-1	HTO5	CD22_B1_nonint_2261
GCGCATGTCAGCAATT-1	HTO2	CD22_i61_2
GCGCATTAGAGCCGAA-1	HTO2	CD22_i61_2
GCGCATTAGCATGGAG-1	HTO4	CD22_A11_int_1411
GCGCATTAGCCATTGA-1	HTO5	CD22_B1_nonint_2261
GCGCATTAGCTGCAAC-1	HTO2	CD22_i61_2
GCGCATTAGCTGCACG-1	HTO5	CD22_B1_nonint_2261
GCGCATTAGCTGTACA-1	HTO4	CD22_A11_int_1411
GCGCATTAGGGCATGA-1	HTO3	CD22_A3_nonint_4434
GCGCCTCGTACTCGAG-1	HTO1	CD22_m971
GCGCCTCGTGCTTTCA-1	HTO5	CD22_B1_nonint_2261
GCGCCTTTCACGCTAA-1	HTO5	CD22_B1_nonint_2261
GCGCCTTTCACTCACT-1	HTO5	CD22_B1_nonint_2261
GCGCCTTTCCCTGTCA-1	HTO1	CD22_m971
GCGCCTTTCCCTTAGT-1	HTO2	CD22_i61_2
GCGCCTTTCCGTTTCG-1	HTO5	CD22_B1_nonint_2261
GCGCCTTTCGTATTAA-1	HTO4	CD22_A11_int_1411
GCGCGAACAAGAGAGG-1	HTO4	CD22_A11_int_1411
GCGCGAACAGGGCTCT-1	HTO3	CD22_A3_nonint_4434
GCGCGATGTAGCGTAT-1	HTO5	CD22_B1_nonint_2261
GCGCGATGTAGTGTTA-1	HTO1	CD22_m971
GCGCGATGTCCTTCGG-1	HTO4	CD22_A11_int_1411
GCGCGTATCAATTATG-1	HTO2	CD22_i61_2
GCGCGTATCATCCCAT-1	HTO3	CD22_A3_nonint_4434
GCGCGTATCCGCAATA-1	HTO5	CD22_B1_nonint_2261
GCGCTACCACCTAATA-1	HTO5	CD22_B1_nonint_2261
GCGCTCAAGCAGGGGT-1	HTO1	CD22_m971
GCGCTCAAGGCAATCC-1	HTO5	CD22_B1_nonint_2261
GCGCTCCGTACGAGTT-1	HTO1	CD22_m971
GCGCTCCGTCATCTAT-1	HTO3	CD22_A3_nonint_4434
GCGCTCCGTGCTAGAT-1	HTO4	CD22_A11_int_1411
GCGCTCCGTGGACCGT-1	HTO5	CD22_B1_nonint_2261
GCGCTGGGTAATGGGA-1	HTO2	CD22_i61_2
GCGCTGGGTAGGACGG-1	HTO5	CD22_B1_nonint_2261
GCGCTGGGTATCGGGC-1	HTO5	CD22_B1_nonint_2261
GCGCTGGGTCAACGTG-1	HTO4	CD22_A11_int_1411
GCGCTGGGTCCTATGC-1	HTO2	CD22_i61_2
GCGCTGGGTCGCAAAT-1	HTO4	CD22_A11_int_1411
GCGCTTACAAGTCGGG-1	HTO2	CD22_i61_2
GCGCTTACAATGAATA-1	HTO2	CD22_i61_2
GCGCTTGAGAGGAGCC-1	HTO5	CD22_B1_nonint_2261
GCGCTTGAGCCAGCAT-1	HTO1	CD22_m971
GCGCTTGAGCTGTCGG-1	HTO5	CD22_B1_nonint_2261
GCGGAAATCAAGGCTC-1	HTO2	CD22_i61_2
GCGGAAATCACCAACA-1	HTO5	CD22_B1_nonint_2261
GCGGAAATCACTCCGC-1	HTO5	CD22_B1_nonint_2261
GCGGAAATCCATGCCC-1	HTO3	CD22_A3_nonint_4434
GCGGAAATCCCCTAAT-1	HTO5	CD22_B1_nonint_2261
GCGGAAATCGTATAGT-1	HTO2	CD22_i61_2
GCGGACACACGGAAAC-1	HTO4	CD22_A11_int_1411
GCGGAGAGTAAAGTGG-1	HTO1	CD22_m971
GCGGAGAGTAATGTCA-1	HTO4	CD22_A11_int_1411
GCGGAGAGTACCACGA-1	HTO3	CD22_A3_nonint_4434
GCGGAGAGTACCTATT-1	HTO3	CD22_A3_nonint_4434
GCGGAGAGTACCTCCG-1	HTO1	CD22_m971
GCGGAGAGTACGAAAG-1	HTO5	CD22_B1_nonint_2261
GCGGAGAGTAGGATAG-1	HTO5	CD22_B1_nonint_2261
GCGGAGAGTATGATGC-1	HTO3	CD22_A3_nonint_4434
GCGGAGAGTCTGTTAT-1	HTO3	CD22_A3_nonint_4434
GCGGAGAGTGGAGCGA-1	HTO2	CD22_i61_2
GCGGAGTAGATCCACA-1	HTO2	CD22_i61_2
GCGGAGTAGGGACGTA-1	HTO1	CD22_m971
GCGGATAAGAAAGCTA-1	HTO1	CD22_m971
GCGGATAAGAGAGAGA-1	HTO3	CD22_A3_nonint_4434
GCGGATAAGATTACGT-1	HTO2	CD22_i61_2
GCGGATAAGCGTACGT-1	HTO1	CD22_m971
GCGGATAAGCGTTTGA-1	HTO3	CD22_A3_nonint_4434
GCGGATAAGGGACATG-1	HTO2	CD22_i61_2
GCGGATTTCACTTACC-1	HTO3	CD22_A3_nonint_4434
GCGGATTTCAGACACC-1	HTO4	CD22_A11_int_1411
GCGGATTTCATCCTTA-1	HTO2	CD22_i61_2
GCGGATTTCCCTGCTA-1	HTO3	CD22_A3_nonint_4434
GCGGATTTCCGGACCA-1	HTO5	CD22_B1_nonint_2261
GCGGATTTCCTGTTAC-1	HTO3	CD22_A3_nonint_4434
GCGGATTTCGCTGTAA-1	HTO2	CD22_i61_2
GCGGCTATCAAGCTAT-1	HTO4	CD22_A11_int_1411
GCGGCTATCAGTCATG-1	HTO3	CD22_A3_nonint_4434
GCGGCTATCATAGGGG-1	HTO5	CD22_B1_nonint_2261
GCGGCTATCCAAATCG-1	HTO1	CD22_m971
GCGGCTATCGTCCAAA-1	HTO5	CD22_B1_nonint_2261
GCGGGATAGAAGCCAG-1	HTO4	CD22_A11_int_1411
GCGGGATAGACCTACA-1	HTO2	CD22_i61_2
GCGGGTACAACCCGTA-1	HTO4	CD22_A11_int_1411
GCGGGTACAATCCCGA-1	HTO5	CD22_B1_nonint_2261
GCGGGTACACAACTCG-1	HTO2	CD22_i61_2
GCGGGTACACACTACG-1	HTO1	CD22_m971
GCGGGTACACCCATAG-1	HTO3	CD22_A3_nonint_4434
GCGGGTACACGAATCT-1	HTO4	CD22_A11_int_1411
GCGGGTACAGCAAGAC-1	HTO2	CD22_i61_2
GCGGGTTGTAGCTGAT-1	HTO4	CD22_A11_int_1411
GCGGGTTGTAGGCCGT-1	HTO5	CD22_B1_nonint_2261
GCGGGTTGTCAAGGCC-1	HTO1	CD22_m971
GCGGGTTGTCGCGGAT-1	HTO5	CD22_B1_nonint_2261
GCGGTAAAGAACCCAC-1	HTO5	CD22_B1_nonint_2261
GCGGTAAAGAATACGA-1	HTO2	CD22_i61_2
GCGGTAAAGAGAAGGA-1	HTO2	CD22_i61_2
GCGGTAAAGATCCGAC-1	HTO3	CD22_A3_nonint_4434
GCGGTAAAGCCATCGG-1	HTO5	CD22_B1_nonint_2261
GCGGTAAAGGGCTAAG-1	HTO2	CD22_i61_2
GCGGTAGCAAAAGGCC-1	HTO1	CD22_m971
GCGGTAGCAACTTTAG-1	HTO2	CD22_i61_2
GCGGTAGCAAGCCGAG-1	HTO2	CD22_i61_2
GCGGTAGCAGCTGTAT-1	HTO5	CD22_B1_nonint_2261
GCGGTAGCAGGACGCA-1	HTO1	CD22_m971
GCGGTATTCCGACTCC-1	HTO3	CD22_A3_nonint_4434
GCGGTATTCCTCCAGC-1	HTO2	CD22_i61_2
GCGGTATTCCTGCGTC-1	HTO5	CD22_B1_nonint_2261
GCGGTATTCGTCTTAC-1	HTO4	CD22_A11_int_1411
GCGGTCTCAAAGTGCA-1	HTO5	CD22_B1_nonint_2261
GCGGTCTCAAGCGAAC-1	HTO4	CD22_A11_int_1411
GCGGTCTCAAGGTTCT-1	HTO4	CD22_A11_int_1411
GCGGTCTCAATAGGGC-1	HTO1	CD22_m971
GCGGTCTCAATCAGCT-1	HTO4	CD22_A11_int_1411
GCGGTTAGTAATGGCT-1	HTO3	CD22_A3_nonint_4434
GCGGTTAGTACCACTC-1	HTO5	CD22_B1_nonint_2261
GCGGTTAGTATAATCG-1	HTO1	CD22_m971
GCGGTTAGTCACTAGG-1	HTO1	CD22_m971
GCGGTTAGTCGCCCTA-1	HTO3	CD22_A3_nonint_4434
GCGGTTAGTCTAATTC-1	HTO4	CD22_A11_int_1411
GCGGTTAGTGGATCGC-1	HTO5	CD22_B1_nonint_2261
GCGGTTAGTGTACTCC-1	HTO1	CD22_m971
GCGGTTGTCAAATTGC-1	HTO2	CD22_i61_2
GCGGTTGTCACTACCT-1	HTO5	CD22_B1_nonint_2261
GCGGTTGTCGCTTCCA-1	HTO1	CD22_m971
GCGGTTTAGAGACATA-1	HTO3	CD22_A3_nonint_4434
GCGGTTTAGCAAATTC-1	HTO5	CD22_B1_nonint_2261
GCGGTTTAGCATCTAG-1	HTO2	CD22_i61_2
GCGGTTTAGGCAACGA-1	HTO2	CD22_i61_2
GCGGTTTAGGGATGAT-1	HTO4	CD22_A11_int_1411
GCGGTTTAGGGTTCGT-1	HTO4	CD22_A11_int_1411
GCGTAACTCACCCCTA-1	HTO1	CD22_m971
GCGTAACTCATCACTC-1	HTO1	CD22_m971
GCGTAGAAGATGGTTT-1	HTO4	CD22_A11_int_1411
GCGTAGAAGGGAAATC-1	HTO3	CD22_A3_nonint_4434
GCGTAGAAGGTTAATC-1	HTO1	CD22_m971
GCGTAGCGTCCAGTAG-1	HTO1	CD22_m971
GCGTAGCGTCTAAGTA-1	HTO3	CD22_A3_nonint_4434
GCGTAGCGTCTGCAAG-1	HTO2	CD22_i61_2
GCGTAGCGTGTCATCC-1	HTO2	CD22_i61_2
GCGTAGGCAAGCCGTC-1	HTO2	CD22_i61_2
GCGTAGGCACCACGGT-1	HTO5	CD22_B1_nonint_2261
GCGTAGGCACTTAAAT-1	HTO3	CD22_A3_nonint_4434
GCGTAGGCAGGTTCAT-1	HTO5	CD22_B1_nonint_2261
GCGTAGTTCAGTACGC-1	HTO4	CD22_A11_int_1411
GCGTAGTTCATGGTTG-1	HTO5	CD22_B1_nonint_2261
GCGTAGTTCATTGTCC-1	HTO5	CD22_B1_nonint_2261
GCGTAGTTCCGTATTC-1	HTO2	CD22_i61_2
GCGTAGTTCCTACTAC-1	HTO3	CD22_A3_nonint_4434
GCGTAGTTCCTCCAAT-1	HTO2	CD22_i61_2
GCGTAGTTCCTCCACA-1	HTO2	CD22_i61_2
GCGTATATCAATCCTC-1	HTO3	CD22_A3_nonint_4434
GCGTATATCACGGTGT-1	HTO5	CD22_B1_nonint_2261
GCGTATATCCACGTAA-1	HTO1	CD22_m971
GCGTATATCCCACCTA-1	HTO3	CD22_A3_nonint_4434
GCGTATATCCCGTCTA-1	HTO5	CD22_B1_nonint_2261
GCGTATATCCTTGTGT-1	HTO3	CD22_A3_nonint_4434
GCGTATATCGCGCCTT-1	HTO4	CD22_A11_int_1411
GCGTATATCGGCCATG-1	HTO1	CD22_m971
GCGTATGGTAAGTAGG-1	HTO4	CD22_A11_int_1411
GCGTATGGTATGCGAT-1	HTO4	CD22_A11_int_1411
GCGTATGGTCAGCAAT-1	HTO4	CD22_A11_int_1411
GCGTATGGTCGCTGGG-1	HTO5	CD22_B1_nonint_2261
GCGTATGGTGGTTAGT-1	HTO3	CD22_A3_nonint_4434
GCGTATGGTGTCATCC-1	HTO4	CD22_A11_int_1411
GCGTATTCAAAATTTC-1	HTO3	CD22_A3_nonint_4434
GCGTATTCAATAGCGA-1	HTO3	CD22_A3_nonint_4434
GCGTATTCAGTGTCGC-1	HTO5	CD22_B1_nonint_2261
GCGTCAGTCAATCCTC-1	HTO5	CD22_B1_nonint_2261
GCGTCAGTCAATTCGG-1	HTO5	CD22_B1_nonint_2261
GCGTCAGTCCCCACGT-1	HTO4	CD22_A11_int_1411
GCGTCAGTCCCTTTCC-1	HTO3	CD22_A3_nonint_4434
GCGTCAGTCGGGCAAA-1	HTO3	CD22_A3_nonint_4434
GCGTCATAGATGGGGC-1	HTO2	CD22_i61_2
GCGTCATAGCACAGGA-1	HTO3	CD22_A3_nonint_4434
GCGTCATAGGGGTTAG-1	HTO1	CD22_m971
GCGTCATAGGTGCTGT-1	HTO4	CD22_A11_int_1411
GCGTCCAAGCGGGATA-1	HTO5	CD22_B1_nonint_2261
GCGTCCAAGGCAGGGT-1	HTO5	CD22_B1_nonint_2261
GCGTCGATCACATCTC-1	HTO4	CD22_A11_int_1411
GCGTCGATCAGTTGTG-1	HTO4	CD22_A11_int_1411
GCGTCGATCGCTCCTA-1	HTO3	CD22_A3_nonint_4434
GCGTCGATCGGGTCAT-1	HTO1	CD22_m971
GCGTCTACAAAATGGT-1	HTO1	CD22_m971
GCGTCTACAAACCCAT-1	HTO5	CD22_B1_nonint_2261
GCGTCTACAACATGTC-1	HTO3	CD22_A3_nonint_4434
GCGTCTACAACGATAG-1	HTO3	CD22_A3_nonint_4434
GCGTCTACAATGCTAC-1	HTO4	CD22_A11_int_1411
GCGTCTACAGGCATTT-1	HTO3	CD22_A3_nonint_4434
GCGTCTTGTACCACCT-1	HTO1	CD22_m971
GCGTCTTGTCACGTTC-1	HTO2	CD22_i61_2
GCGTGAAAGCATAACT-1	HTO2	CD22_i61_2
GCGTGAAAGCCAAAGG-1	HTO5	CD22_B1_nonint_2261
GCGTGAAAGCGCCACA-1	HTO2	CD22_i61_2
GCGTGAAAGCTACGAC-1	HTO2	CD22_i61_2
GCGTGAAAGGCAGTGA-1	HTO2	CD22_i61_2
GCGTGAGCAACTGGGG-1	HTO2	CD22_i61_2
GCGTGAGCAAGGGACT-1	HTO4	CD22_A11_int_1411
GCGTGAGCACAATACC-1	HTO2	CD22_i61_2
GCGTGAGCACGGTATT-1	HTO2	CD22_i61_2
GCGTGCATCATTGGGC-1	HTO2	CD22_i61_2
GCGTGCATCCTAGCAA-1	HTO1	CD22_m971
GCGTGCATCGGCGATT-1	HTO4	CD22_A11_int_1411
GCGTGCTCAATAGCCT-1	HTO5	CD22_B1_nonint_2261
GCGTGCTCACATAGCT-1	HTO4	CD22_A11_int_1411
GCGTGCTCACTGCTTC-1	HTO1	CD22_m971
GCGTGCTCAGTCATCG-1	HTO1	CD22_m971
GCGTGTCCACGTTCAG-1	HTO1	CD22_m971
GCGTGTCCAGCATTTA-1	HTO1	CD22_m971
GCGTGTCCAGTACTCG-1	HTO4	CD22_A11_int_1411
GCGTGTGTCAAGCCGT-1	HTO2	CD22_i61_2
GCGTGTGTCAGCAGTC-1	HTO4	CD22_A11_int_1411
GCGTGTGTCATGCGGT-1	HTO3	CD22_A3_nonint_4434
GCGTGTGTCGGGTTAC-1	HTO5	CD22_B1_nonint_2261
GCGTGTTAGCACAAGG-1	HTO1	CD22_m971
GCGTGTTAGCATAGGG-1	HTO4	CD22_A11_int_1411
GCGTGTTAGCGTAGAG-1	HTO2	CD22_i61_2
GCGTGTTAGGGGATAT-1	HTO4	CD22_A11_int_1411
GCGTTAATCAGGTAAA-1	HTO2	CD22_i61_2
GCGTTAATCATGACCA-1	HTO5	CD22_B1_nonint_2261
GCGTTAATCATGGTGC-1	HTO3	CD22_A3_nonint_4434
GCGTTAATCCAATTAA-1	HTO2	CD22_i61_2
GCGTTAATCCAATTCC-1	HTO4	CD22_A11_int_1411
GCGTTAATCCACAACA-1	HTO2	CD22_i61_2
GCGTTAATCCACTCCA-1	HTO5	CD22_B1_nonint_2261
GCGTTAATCCCTATGT-1	HTO3	CD22_A3_nonint_4434
GCGTTAATCCGGCAAT-1	HTO2	CD22_i61_2
GCGTTACAGAAACGTA-1	HTO4	CD22_A11_int_1411
GCGTTACAGAAGCGAT-1	HTO1	CD22_m971
GCGTTACAGCATTTCC-1	HTO1	CD22_m971
GCGTTAGGTAACGAGA-1	HTO5	CD22_B1_nonint_2261
GCGTTAGGTAATTGTG-1	HTO1	CD22_m971
GCGTTAGGTATCGGGC-1	HTO4	CD22_A11_int_1411
GCGTTAGGTCCGAATG-1	HTO2	CD22_i61_2
GCGTTAGGTCGGAATT-1	HTO1	CD22_m971
GCGTTAGGTCGTGGGT-1	HTO5	CD22_B1_nonint_2261
GCGTTTAAGCACCAAC-1	HTO5	CD22_B1_nonint_2261
GCGTTTCGTAACCGTG-1	HTO4	CD22_A11_int_1411
GCGTTTCGTAGTATGC-1	HTO4	CD22_A11_int_1411
GCGTTTCGTATACGGT-1	HTO2	CD22_i61_2
GCGTTTCGTATGCCGA-1	HTO2	CD22_i61_2
GCGTTTCGTCAACGTG-1	HTO5	CD22_B1_nonint_2261
GCGTTTCGTCATAGCG-1	HTO2	CD22_i61_2
GCTAAAGCAATGGCCC-1	HTO2	CD22_i61_2
GCTAAAGCACTAGGAA-1	HTO5	CD22_B1_nonint_2261
GCTAAAGCACTGGGGA-1	HTO1	CD22_m971
GCTAAAGCACTTGACG-1	HTO1	CD22_m971
GCTAAAGCAGGCTACC-1	HTO5	CD22_B1_nonint_2261
GCTAAAGCAGGTAGCG-1	HTO5	CD22_B1_nonint_2261
GCTAAAGCAGTAGGCG-1	HTO4	CD22_A11_int_1411
GCTAAATTCACCCCGT-1	HTO5	CD22_B1_nonint_2261
GCTAAATTCATAATTG-1	HTO4	CD22_A11_int_1411
GCTAAATTCCGGTATA-1	HTO5	CD22_B1_nonint_2261
GCTAACATCCTCACGC-1	HTO4	CD22_A11_int_1411
GCTAACATCGGTCGCA-1	HTO3	CD22_A3_nonint_4434
GCTAACCAGCACTTAG-1	HTO4	CD22_A11_int_1411
GCTAACCAGCAGGAGC-1	HTO2	CD22_i61_2
GCTAACCAGCCAAATT-1	HTO2	CD22_i61_2
GCTAACCAGCCCTAGG-1	HTO5	CD22_B1_nonint_2261
GCTAACTCAAACGAGC-1	HTO5	CD22_B1_nonint_2261
GCTAACTCAAACGGGT-1	HTO3	CD22_A3_nonint_4434
GCTAACTCAGTCACGC-1	HTO2	CD22_i61_2
GCTAAGACAAATCGAG-1	HTO3	CD22_A3_nonint_4434
GCTAAGACAAATGCGA-1	HTO3	CD22_A3_nonint_4434
GCTAAGACAAGTACTC-1	HTO2	CD22_i61_2
GCTAAGACAATCAAGG-1	HTO1	CD22_m971
GCTAAGACACAATAGG-1	HTO3	CD22_A3_nonint_4434
GCTAAGACACAGGACG-1	HTO5	CD22_B1_nonint_2261
GCTAAGACACGAGTAA-1	HTO4	CD22_A11_int_1411
GCTAAGACAGCGAATA-1	HTO4	CD22_A11_int_1411
GCTAAGGAGCCTTTAC-1	HTO2	CD22_i61_2
GCTAAGGAGCGGGATA-1	HTO1	CD22_m971
GCTAAGTGTAAACGCT-1	HTO1	CD22_m971
GCTAAGTGTAAATCCA-1	HTO1	CD22_m971
GCTAAGTGTACGGATT-1	HTO2	CD22_i61_2
GCTAAGTGTATATCCT-1	HTO3	CD22_A3_nonint_4434
GCTAAGTGTATTCGTT-1	HTO3	CD22_A3_nonint_4434
GCTAAGTGTCAAGGTT-1	HTO1	CD22_m971
GCTAAGTGTCGCGGAT-1	HTO2	CD22_i61_2
GCTAAGTGTCTGTGAG-1	HTO2	CD22_i61_2
GCTAAGTGTGGTAGGG-1	HTO4	CD22_A11_int_1411
GCTAAGTGTGTATGCG-1	HTO2	CD22_i61_2
GCTAATCCAATGGCGG-1	HTO5	CD22_B1_nonint_2261
GCTAATCCAGCATTTA-1	HTO5	CD22_B1_nonint_2261
GCTAATGTCAGCATTG-1	HTO5	CD22_B1_nonint_2261
GCTAATGTCATAAGTC-1	HTO5	CD22_B1_nonint_2261
GCTAATGTCATGGCTA-1	HTO5	CD22_B1_nonint_2261
GCTAATGTCCCTAAAG-1	HTO1	CD22_m971
GCTAATGTCGCGCAAT-1	HTO3	CD22_A3_nonint_4434
GCTACACAGACGCGTT-1	HTO5	CD22_B1_nonint_2261
GCTACACAGCGGTGTT-1	HTO2	CD22_i61_2
GCTACAGGTATCCGTC-1	HTO4	CD22_A11_int_1411
GCTACATCAAGCTATC-1	HTO2	CD22_i61_2
GCTACATCAAGCTGCC-1	HTO2	CD22_i61_2
GCTACATCAGGACCTC-1	HTO4	CD22_A11_int_1411
GCTACCACAAGGGTCG-1	HTO5	CD22_B1_nonint_2261
GCTACCACAGCAACTT-1	HTO1	CD22_m971
GCTACCACAGTGGGAT-1	HTO3	CD22_A3_nonint_4434
GCTACCGAGAACCCAC-1	HTO1	CD22_m971
GCTACCGAGAGACATA-1	HTO3	CD22_A3_nonint_4434
GCTACCGAGAGGACAT-1	HTO2	CD22_i61_2
GCTACCGAGCGGGATA-1	HTO2	CD22_i61_2
GCTACCGAGCGGTTAC-1	HTO5	CD22_B1_nonint_2261
GCTACCGAGCTACTGA-1	HTO3	CD22_A3_nonint_4434
GCTACCTGTCATCTTG-1	HTO4	CD22_A11_int_1411
GCTACCTGTCTACGGA-1	HTO1	CD22_m971
GCTACCTGTGTCGAGC-1	HTO5	CD22_B1_nonint_2261
GCTACCTGTGTGCCGG-1	HTO2	CD22_i61_2
GCTACGCCAAACACTC-1	HTO5	CD22_B1_nonint_2261
GCTACGCCACGTATCG-1	HTO2	CD22_i61_2
GCTACGCCACTCTAGG-1	HTO1	CD22_m971
GCTACGCCAGCAGTAA-1	HTO5	CD22_B1_nonint_2261
GCTACGCCAGGGACAT-1	HTO4	CD22_A11_int_1411
GCTACGCCAGTAGCCC-1	HTO5	CD22_B1_nonint_2261
GCTACGCCAGTCTTAA-1	HTO5	CD22_B1_nonint_2261
GCTACTTTCACGGTCG-1	HTO4	CD22_A11_int_1411
GCTACTTTCACTAATA-1	HTO3	CD22_A3_nonint_4434
GCTACTTTCATAGGGG-1	HTO3	CD22_A3_nonint_4434
GCTACTTTCGTCAAAT-1	HTO2	CD22_i61_2
GCTAGAACACCAAGCC-1	HTO5	CD22_B1_nonint_2261
GCTAGAACAGCATCCA-1	HTO1	CD22_m971
GCTAGAACAGCATCGC-1	HTO1	CD22_m971
GCTAGAACAGGTTTAC-1	HTO1	CD22_m971
GCTAGAGAGATCATCG-1	HTO1	CD22_m971
GCTAGAGAGCCCACAG-1	HTO4	CD22_A11_int_1411
GCTAGAGAGCGACCAT-1	HTO1	CD22_m971
GCTAGAGAGGGGCTAA-1	HTO1	CD22_m971
GCTAGCCCAAAGCCGG-1	HTO1	CD22_m971
GCTAGCCCAAGCGTCC-1	HTO2	CD22_i61_2
GCTAGCCCAAGGTTCT-1	HTO5	CD22_B1_nonint_2261
GCTAGCCCACGACGGA-1	HTO2	CD22_i61_2
GCTAGCCCACTGCTCT-1	HTO1	CD22_m971
GCTAGCCCAGGTCGTC-1	HTO2	CD22_i61_2
GCTAGCCCAGTACTCG-1	HTO3	CD22_A3_nonint_4434
GCTAGCCCAGTATAGG-1	HTO5	CD22_B1_nonint_2261
GCTAGGCGTATGATGC-1	HTO5	CD22_B1_nonint_2261
GCTAGGCGTATTGGGT-1	HTO5	CD22_B1_nonint_2261
GCTAGGCGTCATGGAT-1	HTO2	CD22_i61_2
GCTAGGCGTCCAACCT-1	HTO2	CD22_i61_2
GCTAGGCGTCCGAAAT-1	HTO3	CD22_A3_nonint_4434
GCTAGGCGTGTATGCG-1	HTO1	CD22_m971
GCTAGGGCAACGGACG-1	HTO5	CD22_B1_nonint_2261
GCTAGGGCAACGGCAG-1	HTO5	CD22_B1_nonint_2261
GCTAGGGCAATCGACT-1	HTO5	CD22_B1_nonint_2261
GCTAGGGCAATCGCGC-1	HTO2	CD22_i61_2
GCTAGGGCACACGCAC-1	HTO2	CD22_i61_2
GCTAGTGGTAGGATAG-1	HTO4	CD22_A11_int_1411
GCTAGTGGTAGTGTAC-1	HTO4	CD22_A11_int_1411
GCTAGTGGTCCGTCCA-1	HTO4	CD22_A11_int_1411
GCTAGTGGTCCTTATG-1	HTO2	CD22_i61_2
GCTAGTGGTGCACTCT-1	HTO5	CD22_B1_nonint_2261
GCTATAAGTAAGTTGC-1	HTO2	CD22_i61_2
GCTATAAGTACTTAAG-1	HTO4	CD22_A11_int_1411
GCTATAAGTAGGGGCA-1	HTO1	CD22_m971
GCTATAAGTATCAGGT-1	HTO5	CD22_B1_nonint_2261
GCTATAAGTGCCCCTA-1	HTO5	CD22_B1_nonint_2261
GCTATAGTCCCACTTG-1	HTO5	CD22_B1_nonint_2261
GCTATAGTCGGGCTTG-1	HTO1	CD22_m971
GCTATCCGTAACTTTC-1	HTO4	CD22_A11_int_1411
GCTATCCGTAAGCGCC-1	HTO1	CD22_m971
GCTATCCGTACGTGCA-1	HTO4	CD22_A11_int_1411
GCTATCCGTCGTAGAT-1	HTO4	CD22_A11_int_1411
GCTATCCGTGCACTCT-1	HTO2	CD22_i61_2
GCTATCCGTGCATTGG-1	HTO2	CD22_i61_2
GCTATCCGTGGAGCAG-1	HTO3	CD22_A3_nonint_4434
GCTATCCGTGGTTCGA-1	HTO2	CD22_i61_2
GCTATCGCAAAACCGA-1	HTO4	CD22_A11_int_1411
GCTATCGCAAACGGTA-1	HTO2	CD22_i61_2
GCTATCGCAATCATCA-1	HTO5	CD22_B1_nonint_2261
GCTATCGCACGGTGTC-1	HTO3	CD22_A3_nonint_4434
GCTATCTTCACATATA-1	HTO2	CD22_i61_2
GCTATCTTCACTTCGT-1	HTO1	CD22_m971
GCTATCTTCCCATAAG-1	HTO5	CD22_B1_nonint_2261
GCTATCTTCGGCCATG-1	HTO1	CD22_m971
GCTATGCAGAACGGGC-1	HTO4	CD22_A11_int_1411
GCTATGCAGCAGCGTT-1	HTO2	CD22_i61_2
GCTATGCAGCGGTTTA-1	HTO4	CD22_A11_int_1411
GCTATGCAGGTTCTAG-1	HTO2	CD22_i61_2
GCTATGGGTCCCTAGT-1	HTO3	CD22_A3_nonint_4434
GCTATGGGTCTGGAAT-1	HTO3	CD22_A3_nonint_4434
GCTATGGGTCTGTACC-1	HTO2	CD22_i61_2
GCTATTACAAAGGCAC-1	HTO3	CD22_A3_nonint_4434
GCTATTACAACGAAGC-1	HTO1	CD22_m971
GCTATTACAGCATCAT-1	HTO1	CD22_m971
GCTATTACAGGACATA-1	HTO5	CD22_B1_nonint_2261
GCTATTGAGCGCATTA-1	HTO2	CD22_i61_2
GCTATTGAGCGGATAG-1	HTO4	CD22_A11_int_1411
GCTATTGAGGCATCGT-1	HTO3	CD22_A3_nonint_4434
GCTATTGAGGTCGGTT-1	HTO5	CD22_B1_nonint_2261
GCTCAACAGAACAGAC-1	HTO1	CD22_m971
GCTCAACAGACAGACG-1	HTO2	CD22_i61_2
GCTCAACAGACCCGTG-1	HTO2	CD22_i61_2
GCTCAACAGATTGAGA-1	HTO2	CD22_i61_2
GCTCAACAGCCCACAG-1	HTO3	CD22_A3_nonint_4434
GCTCAACAGGTATACT-1	HTO1	CD22_m971
GCTCAATCAATGGTAG-1	HTO2	CD22_i61_2
GCTCAATCACAAACCT-1	HTO2	CD22_i61_2
GCTCAATCACCACAGC-1	HTO4	CD22_A11_int_1411
GCTCAATCACTAGAAG-1	HTO1	CD22_m971
GCTCAATCAGCGACCT-1	HTO5	CD22_B1_nonint_2261
GCTCAATCAGGTAAGC-1	HTO2	CD22_i61_2
GCTCACGAGCAAATGA-1	HTO4	CD22_A11_int_1411
GCTCACGAGCGCCTAG-1	HTO2	CD22_i61_2
GCTCAGTAGACAACGG-1	HTO4	CD22_A11_int_1411
GCTCAGTAGAGCCTGT-1	HTO5	CD22_B1_nonint_2261
GCTCAGTAGATGGTTT-1	HTO1	CD22_m971
GCTCAGTAGCACCTTT-1	HTO1	CD22_m971
GCTCAGTAGGCATCGT-1	HTO1	CD22_m971
GCTCAGTAGGTACCCG-1	HTO5	CD22_B1_nonint_2261
GCTCATAAGACGTTAT-1	HTO3	CD22_A3_nonint_4434
GCTCATAAGAGTTTCG-1	HTO5	CD22_B1_nonint_2261
GCTCATAAGATGCCAC-1	HTO3	CD22_A3_nonint_4434
GCTCATAAGCATCAAT-1	HTO4	CD22_A11_int_1411
GCTCATAAGCGCCTAG-1	HTO2	CD22_i61_2
GCTCATAAGGCGTTTA-1	HTO1	CD22_m971
GCTCATAAGGGGGTTA-1	HTO5	CD22_B1_nonint_2261
GCTCATTTCAACTCCT-1	HTO1	CD22_m971
GCTCATTTCACAGCGT-1	HTO2	CD22_i61_2
GCTCATTTCAGGCACT-1	HTO2	CD22_i61_2
GCTCATTTCGGGTCAT-1	HTO5	CD22_B1_nonint_2261
GCTCATTTCGGTTAGC-1	HTO4	CD22_A11_int_1411
GCTCCAACACACTTAA-1	HTO5	CD22_B1_nonint_2261
GCTCCAACAGCTACAT-1	HTO3	CD22_A3_nonint_4434
GCTCCACTCAAAGTTC-1	HTO3	CD22_A3_nonint_4434
GCTCCACTCACTCGGG-1	HTO1	CD22_m971
GCTCCACTCCCATCAT-1	HTO3	CD22_A3_nonint_4434
GCTCCACTCCCATCTG-1	HTO4	CD22_A11_int_1411
GCTCCACTCGCTTTAC-1	HTO2	CD22_i61_2
GCTCCGCGTACATAGC-1	HTO5	CD22_B1_nonint_2261
GCTCCGCGTACTTAAG-1	HTO4	CD22_A11_int_1411
GCTCCGCGTATCTTCG-1	HTO4	CD22_A11_int_1411
GCTCCGCGTCGAGGAG-1	HTO2	CD22_i61_2
GCTCCGCGTGCGAGAG-1	HTO5	CD22_B1_nonint_2261
GCTCCGCGTGGCACGT-1	HTO1	CD22_m971
GCTCCGCGTGTCGGGT-1	HTO5	CD22_B1_nonint_2261
GCTCCTATCATGACCA-1	HTO2	CD22_i61_2
GCTCCTATCGCAGTGT-1	HTO2	CD22_i61_2
GCTCCTATCGTATAAC-1	HTO1	CD22_m971
GCTCCTATCGTTGTCT-1	HTO1	CD22_m971
GCTCCTGGTATCCCCG-1	HTO2	CD22_i61_2
GCTCCTGGTCCGACAA-1	HTO5	CD22_B1_nonint_2261
GCTCCTGGTCTCCGGC-1	HTO2	CD22_i61_2
GCTCCTGGTGGGCAAG-1	HTO1	CD22_m971
GCTCGATAGAAGTACA-1	HTO2	CD22_i61_2
GCTCGATAGACTTCAG-1	HTO4	CD22_A11_int_1411
GCTCGATAGAGTAATG-1	HTO4	CD22_A11_int_1411
GCTCGATAGCAGCCCA-1	HTO1	CD22_m971
GCTCGATAGCGCTATA-1	HTO2	CD22_i61_2
GCTCGATAGCGCTGAT-1	HTO2	CD22_i61_2
GCTCGCTTCCAATCGA-1	HTO3	CD22_A3_nonint_4434
GCTCGCTTCCTAGGGT-1	HTO5	CD22_B1_nonint_2261
GCTCGCTTCGGCGAAA-1	HTO5	CD22_B1_nonint_2261
GCTCGCTTCGTAACTG-1	HTO1	CD22_m971
GCTCGGGGTATTGGTA-1	HTO2	CD22_i61_2
GCTCGGGGTCCAACTC-1	HTO2	CD22_i61_2
GCTCGGGGTCTCATTG-1	HTO1	CD22_m971
GCTCGGTCAACCTATA-1	HTO1	CD22_m971
GCTCGGTCAAGCTGAA-1	HTO2	CD22_i61_2
GCTCGGTCAGCATAAG-1	HTO2	CD22_i61_2
GCTCGTGAGATCTGCA-1	HTO1	CD22_m971
GCTCGTGAGGCCCACA-1	HTO2	CD22_i61_2
GCTCGTTGTGGAGCCT-1	HTO5	CD22_B1_nonint_2261
GCTCTAAAGACCAGAG-1	HTO5	CD22_B1_nonint_2261
GCTCTAAAGCAATGCC-1	HTO1	CD22_m971
GCTCTAAAGCTGATTG-1	HTO2	CD22_i61_2
GCTCTAGCAACAACAG-1	HTO1	CD22_m971
GCTCTAGCAAGAGACC-1	HTO2	CD22_i61_2
GCTCTAGCAAGGGGAA-1	HTO2	CD22_i61_2
GCTCTAGCACAATTCA-1	HTO1	CD22_m971
GCTCTATTCACATTGG-1	HTO1	CD22_m971
GCTCTATTCATTCGCT-1	HTO2	CD22_i61_2
GCTCTATTCGCGGTTG-1	HTO3	CD22_A3_nonint_4434
GCTCTATTCGTTAATA-1	HTO5	CD22_B1_nonint_2261
GCTCTCATCCAAGTAT-1	HTO1	CD22_m971
GCTCTCATCGGCGATT-1	HTO1	CD22_m971
GCTCTCATCGGTTAAT-1	HTO4	CD22_A11_int_1411
GCTCTGTGTATAGCGT-1	HTO2	CD22_i61_2
GCTCTGTGTGTTAGCG-1	HTO5	CD22_B1_nonint_2261
GCTCTTAGTAAGTGCT-1	HTO4	CD22_A11_int_1411
GCTCTTAGTAGAGAAT-1	HTO4	CD22_A11_int_1411
GCTCTTAGTCCTAGAG-1	HTO2	CD22_i61_2
GCTGACCCAAGGACTA-1	HTO4	CD22_A11_int_1411
GCTGACCCAATAACCC-1	HTO5	CD22_B1_nonint_2261
GCTGACCCAATGCTCG-1	HTO3	CD22_A3_nonint_4434
GCTGACCCAATGGCGG-1	HTO4	CD22_A11_int_1411
GCTGACCCACAATACC-1	HTO1	CD22_m971
GCTGACCCACTAAGGA-1	HTO2	CD22_i61_2
GCTGACCCAGGTTACT-1	HTO5	CD22_B1_nonint_2261
GCTGAGTTCACTGCCC-1	HTO3	CD22_A3_nonint_4434
GCTGAGTTCAGTTGCA-1	HTO3	CD22_A3_nonint_4434
GCTGAGTTCATTAAGC-1	HTO2	CD22_i61_2
GCTGAGTTCCATCATC-1	HTO5	CD22_B1_nonint_2261
GCTGAGTTCGGAAAGT-1	HTO3	CD22_A3_nonint_4434
GCTGCCCGTACCACTC-1	HTO1	CD22_m971
GCTGCCCGTAGGTTGT-1	HTO1	CD22_m971
GCTGCCCGTCGATGAT-1	HTO4	CD22_A11_int_1411
GCTGCCCGTGGGACTC-1	HTO5	CD22_B1_nonint_2261
GCTGCCCGTGTGCCGG-1	HTO4	CD22_A11_int_1411
GCTGGAAAGAAACGTA-1	HTO1	CD22_m971
GCTGGAAAGAGTCGTC-1	HTO2	CD22_i61_2
GCTGGAAAGCCTAATG-1	HTO1	CD22_m971
GCTGGCATCACCTCTG-1	HTO3	CD22_A3_nonint_4434
GCTGGCATCACTGGCG-1	HTO2	CD22_i61_2
GCTGGCATCCAAACCA-1	HTO1	CD22_m971
GCTGGCATCCCCATGC-1	HTO2	CD22_i61_2
GCTGGCATCCGAATTG-1	HTO1	CD22_m971
GCTGGCATCGCGGTAT-1	HTO5	CD22_B1_nonint_2261
GCTGGGTGTCGGAATT-1	HTO4	CD22_A11_int_1411
GCTGGGTGTGCGTCTT-1	HTO5	CD22_B1_nonint_2261
GCTGGTTAGACTTCAG-1	HTO1	CD22_m971
GCTGGTTAGCAAACTT-1	HTO5	CD22_B1_nonint_2261
GCTGGTTAGCCGATTA-1	HTO1	CD22_m971
GCTGGTTAGCGTACCG-1	HTO4	CD22_A11_int_1411
GCTGGTTAGCTATCAG-1	HTO1	CD22_m971
GCTGGTTAGGCAGTGA-1	HTO5	CD22_B1_nonint_2261
GCTGTAATCAGCCAAC-1	HTO4	CD22_A11_int_1411
GCTGTAATCCGTTTCG-1	HTO4	CD22_A11_int_1411
GCTGTATCAACCCTCT-1	HTO3	CD22_A3_nonint_4434
GCTGTATCAATTAAGA-1	HTO4	CD22_A11_int_1411
GCTGTATCACAGTGGG-1	HTO3	CD22_A3_nonint_4434
GCTGTATCACTAATAT-1	HTO5	CD22_B1_nonint_2261
GCTGTATCAGGCCTTA-1	HTO3	CD22_A3_nonint_4434
GCTGTCGAGAATCTGT-1	HTO4	CD22_A11_int_1411
GCTGTCGAGACTTTGG-1	HTO1	CD22_m971
GCTGTCGAGAGAAGCT-1	HTO4	CD22_A11_int_1411
GCTGTCGAGCGGGTTT-1	HTO2	CD22_i61_2
GCTGTCGAGGCAAGGC-1	HTO2	CD22_i61_2
GCTGTCTGTAAATTCG-1	HTO2	CD22_i61_2
GCTGTCTGTAACGCCA-1	HTO2	CD22_i61_2
GCTGTCTGTAGTAAGG-1	HTO4	CD22_A11_int_1411
GCTGTCTGTATCAGTA-1	HTO4	CD22_A11_int_1411
GCTGTCTGTCGCTCTG-1	HTO5	CD22_B1_nonint_2261
GCTGTGGTCACCATTC-1	HTO1	CD22_m971
GCTGTGGTCAGGCCAT-1	HTO4	CD22_A11_int_1411
GCTGTGGTCGTGCGTG-1	HTO2	CD22_i61_2
GCTGTTAAGCCCTTGC-1	HTO2	CD22_i61_2
GCTGTTAAGGCGCTTG-1	HTO1	CD22_m971
GCTGTTAAGGGTAAGT-1	HTO2	CD22_i61_2
GCTGTTAAGGTTGCGT-1	HTO4	CD22_A11_int_1411
GCTTAAGTCAATCGCA-1	HTO2	CD22_i61_2
GCTTAAGTCATACAAC-1	HTO1	CD22_m971
GCTTAAGTCATCGCCC-1	HTO5	CD22_B1_nonint_2261
GCTTAAGTCCACCTAT-1	HTO2	CD22_i61_2
GCTTAAGTCGGGCTTG-1	HTO2	CD22_i61_2
GCTTAATAGACCTACA-1	HTO5	CD22_B1_nonint_2261
GCTTAATAGAGTCCCG-1	HTO5	CD22_B1_nonint_2261
GCTTAATAGCCAATAT-1	HTO1	CD22_m971
GCTTAATAGGCCCCAA-1	HTO5	CD22_B1_nonint_2261
GCTTAATAGGGACGGT-1	HTO4	CD22_A11_int_1411
GCTTAATAGGTATGGG-1	HTO3	CD22_A3_nonint_4434
GCTTACAAGACCATGC-1	HTO2	CD22_i61_2
GCTTACAAGGCTTCGG-1	HTO4	CD22_A11_int_1411
GCTTACAAGGTCTATG-1	HTO5	CD22_B1_nonint_2261
GCTTACGCACCACTGA-1	HTO4	CD22_A11_int_1411
GCTTACGCACCGTTAG-1	HTO2	CD22_i61_2
GCTTACGCAGGGCAAT-1	HTO4	CD22_A11_int_1411
GCTTACTTCAAACCGC-1	HTO3	CD22_A3_nonint_4434
GCTTACTTCAGAGTAA-1	HTO4	CD22_A11_int_1411
GCTTACTTCCATAACG-1	HTO4	CD22_A11_int_1411
GCTTACTTCGTCCTGC-1	HTO5	CD22_B1_nonint_2261
GCTTAGGGTAGGCCCG-1	HTO1	CD22_m971
GCTTAGGGTCCATAGG-1	HTO2	CD22_i61_2
GCTTAGGGTGGATAAG-1	HTO1	CD22_m971
GCTTAGGGTGGTAAAG-1	HTO3	CD22_A3_nonint_4434
GCTTAGTCAACTGAAG-1	HTO5	CD22_B1_nonint_2261
GCTTAGTCAATAACTT-1	HTO5	CD22_B1_nonint_2261
GCTTAGTCAATGACCT-1	HTO2	CD22_i61_2
GCTTAGTCAGCTCCAA-1	HTO5	CD22_B1_nonint_2261
GCTTAGTCAGTTAATT-1	HTO3	CD22_A3_nonint_4434
GCTTATACACCCAACA-1	HTO3	CD22_A3_nonint_4434
GCTTATACAGGATCAA-1	HTO3	CD22_A3_nonint_4434
GCTTATCTCACTCATC-1	HTO2	CD22_i61_2
GCTTATGAGCTAGGTC-1	HTO2	CD22_i61_2
GCTTCAAAGAAAGGTC-1	HTO1	CD22_m971
GCTTCAAAGAATGCCC-1	HTO5	CD22_B1_nonint_2261
GCTTCAAAGAGCAGAT-1	HTO5	CD22_B1_nonint_2261
GCTTCAAAGCAAATGA-1	HTO5	CD22_B1_nonint_2261
GCTTCAAAGGCTCTAA-1	HTO3	CD22_A3_nonint_4434
GCTTCAAAGGGCGTAA-1	HTO1	CD22_m971
GCTTCAGCACCACAAT-1	HTO5	CD22_B1_nonint_2261
GCTTCATTCCAAATGT-1	HTO1	CD22_m971
GCTTCATTCGCCTCTA-1	HTO3	CD22_A3_nonint_4434
GCTTCATTCGTTCGTT-1	HTO2	CD22_i61_2
GCTTCCATCCGCAGCA-1	HTO5	CD22_B1_nonint_2261
GCTTCCATCCTCCACA-1	HTO1	CD22_m971
GCTTCCATCGGAGGTA-1	HTO4	CD22_A11_int_1411
GCTTCCATCGGTCCCT-1	HTO3	CD22_A3_nonint_4434
GCTTCCCAGCACTTAG-1	HTO4	CD22_A11_int_1411
GCTTCCCAGCCTACGG-1	HTO4	CD22_A11_int_1411
GCTTCCCAGGCACGAA-1	HTO5	CD22_B1_nonint_2261
GCTTCCCAGGGCGTAA-1	HTO2	CD22_i61_2
GCTTCCCAGGGGAATT-1	HTO3	CD22_A3_nonint_4434
GCTTCCCAGGGGACGT-1	HTO5	CD22_B1_nonint_2261
GCTTCCGGTAACTAGC-1	HTO4	CD22_A11_int_1411
GCTTCCGGTACATTAG-1	HTO4	CD22_A11_int_1411
GCTTCCGGTCAAGTTA-1	HTO4	CD22_A11_int_1411
GCTTCCGGTGTTGGGC-1	HTO5	CD22_B1_nonint_2261
GCTTCGACAAACGTTC-1	HTO5	CD22_B1_nonint_2261
GCTTCGACACACTCTC-1	HTO3	CD22_A3_nonint_4434
GCTTCGACACCGTTAG-1	HTO2	CD22_i61_2
GCTTCGACAGGACACG-1	HTO1	CD22_m971
GCTTCGACAGTCAATC-1	HTO5	CD22_B1_nonint_2261
GCTTCGCTCATAATGC-1	HTO2	CD22_i61_2
GCTTCGCTCATTGTGG-1	HTO4	CD22_A11_int_1411
GCTTCGCTCCCGGGTA-1	HTO5	CD22_B1_nonint_2261
GCTTCGGAGACCCGTG-1	HTO1	CD22_m971
GCTTCGGAGACGCTGT-1	HTO1	CD22_m971
GCTTCGGAGCGTGCAT-1	HTO4	CD22_A11_int_1411
GCTTCGGAGCTATGGC-1	HTO2	CD22_i61_2
GCTTCGGAGCTCTCCA-1	HTO1	CD22_m971
GCTTCGGAGGCGTGTT-1	HTO1	CD22_m971
GCTTCGTGTAACGCTG-1	HTO3	CD22_A3_nonint_4434
GCTTCGTGTGCATTCC-1	HTO4	CD22_A11_int_1411
GCTTCGTGTGTATCGG-1	HTO1	CD22_m971
GCTTCGTGTGTCTGAG-1	HTO4	CD22_A11_int_1411
GCTTCTAGTAGCCTCT-1	HTO5	CD22_B1_nonint_2261
GCTTCTAGTAGGATAG-1	HTO2	CD22_i61_2
GCTTCTAGTCTGTGGA-1	HTO4	CD22_A11_int_1411
GCTTCTGTCCAGCTAA-1	HTO2	CD22_i61_2
GCTTCTGTCCGCCCAT-1	HTO5	CD22_B1_nonint_2261
GCTTCTGTCGCTAACA-1	HTO1	CD22_m971
GCTTCTGTCGGTTATG-1	HTO3	CD22_A3_nonint_4434
GCTTCTGTCGTTCATC-1	HTO5	CD22_B1_nonint_2261
GCTTGACAGGCTTACA-1	HTO2	CD22_i61_2
GCTTGACAGGGGTTAG-1	HTO2	CD22_i61_2
GCTTGCGAGACATCCA-1	HTO1	CD22_m971
GCTTGCGAGACATGTT-1	HTO2	CD22_i61_2
GCTTGCGAGACCCAAC-1	HTO1	CD22_m971
GCTTGCGAGACTTACG-1	HTO1	CD22_m971
GCTTGCGAGATGTATC-1	HTO3	CD22_A3_nonint_4434
GCTTGCTGTAGTATTG-1	HTO4	CD22_A11_int_1411
GCTTGCTGTGGGGTAG-1	HTO1	CD22_m971
GCTTGCTGTGTCGATG-1	HTO2	CD22_i61_2
GCTTGGAGTAAGGGTA-1	HTO2	CD22_i61_2
GCTTGGAGTCAGCGTA-1	HTO2	CD22_i61_2
GCTTGGAGTCGCAAAT-1	HTO5	CD22_B1_nonint_2261
GCTTGGAGTCGGTTAG-1	HTO5	CD22_B1_nonint_2261
GCTTGGAGTCGTTAGG-1	HTO1	CD22_m971
GCTTGGAGTGGATCGC-1	HTO2	CD22_i61_2
GCTTGGAGTGTGCCGG-1	HTO5	CD22_B1_nonint_2261
GCTTGTAAGAGCCCCA-1	HTO4	CD22_A11_int_1411
GCTTGTAAGATTCAAC-1	HTO4	CD22_A11_int_1411
GCTTGTAAGCACAGGA-1	HTO4	CD22_A11_int_1411
GCTTGTAAGCCCACGA-1	HTO4	CD22_A11_int_1411
GCTTGTAAGCCTTTAC-1	HTO3	CD22_A3_nonint_4434
GCTTGTAAGCTTGTGA-1	HTO2	CD22_i61_2
GCTTGTAAGGCTGTTA-1	HTO2	CD22_i61_2
GCTTGTCGTAATTCAG-1	HTO1	CD22_m971
GCTTGTCGTCAGGCGT-1	HTO2	CD22_i61_2
GCTTGTCGTCATACGG-1	HTO1	CD22_m971
GCTTGTCGTCATGGGC-1	HTO5	CD22_B1_nonint_2261
GCTTGTCGTCCAGAAT-1	HTO5	CD22_B1_nonint_2261
GCTTGTCGTCTAAATG-1	HTO2	CD22_i61_2
GCTTGTCGTCTACGCT-1	HTO4	CD22_A11_int_1411
GCTTGTCGTGTGCCGG-1	HTO4	CD22_A11_int_1411
GCTTTAACAAACCGGG-1	HTO3	CD22_A3_nonint_4434
GCTTTAACAACTATCA-1	HTO4	CD22_A11_int_1411
GCTTTAACAATAAGGT-1	HTO4	CD22_A11_int_1411
GCTTTAACACACGTCA-1	HTO2	CD22_i61_2
GCTTTAACACTATCTT-1	HTO2	CD22_i61_2
GCTTTAACAGCCATAT-1	HTO2	CD22_i61_2
GCTTTAACAGGATTAG-1	HTO2	CD22_i61_2
GCTTTAACAGGTTAGA-1	HTO3	CD22_A3_nonint_4434
GCTTTACTCAAAGGTA-1	HTO2	CD22_i61_2
GCTTTACTCAAGCCGT-1	HTO4	CD22_A11_int_1411
GCTTTACTCCACCCTA-1	HTO1	CD22_m971
GCTTTACTCCAGTACA-1	HTO1	CD22_m971
GCTTTACTCCTGGCTC-1	HTO1	CD22_m971
GCTTTAGAGAAACCGG-1	HTO5	CD22_B1_nonint_2261
GCTTTAGAGAGTCCAC-1	HTO4	CD22_A11_int_1411
GCTTTAGAGCCGCTGA-1	HTO2	CD22_i61_2
GCTTTAGAGCTGACGT-1	HTO3	CD22_A3_nonint_4434
GCTTTCAGTAAACGGA-1	HTO5	CD22_B1_nonint_2261
GCTTTCAGTAAAGCTC-1	HTO1	CD22_m971
GCTTTCAGTAACGCTG-1	HTO2	CD22_i61_2
GCTTTCAGTAAGGCCC-1	HTO2	CD22_i61_2
GCTTTCAGTACTGGGC-1	HTO2	CD22_i61_2
GCTTTCAGTCCGACAA-1	HTO2	CD22_i61_2
GCTTTCAGTCTCGCAT-1	HTO4	CD22_A11_int_1411
GCTTTCAGTGCTGTCT-1	HTO3	CD22_A3_nonint_4434
GCTTTCGTCAAAGGGT-1	HTO5	CD22_B1_nonint_2261
GCTTTCGTCCCACTTG-1	HTO4	CD22_A11_int_1411
GCTTTCGTCCCGGTTC-1	HTO1	CD22_m971
GCTTTCGTCCCTACCA-1	HTO4	CD22_A11_int_1411
GCTTTCGTCCGTACTT-1	HTO2	CD22_i61_2
GCTTTCGTCGCAAGCT-1	HTO4	CD22_A11_int_1411
GCTTTCGTCGGCGTCA-1	HTO3	CD22_A3_nonint_4434
GCTTTGAAGAAGCATA-1	HTO1	CD22_m971
GCTTTGAAGCTCGAGT-1	HTO1	CD22_m971
GCTTTGAAGGGGCATA-1	HTO5	CD22_B1_nonint_2261
GCTTTGAAGGTCTAGC-1	HTO1	CD22_m971
GGAAACCCAACGGTCC-1	HTO1	CD22_m971
GGAAACCCACATCACG-1	HTO1	CD22_m971
GGAAACCCACCATGCA-1	HTO4	CD22_A11_int_1411
GGAAACCCACCGGACT-1	HTO1	CD22_m971
GGAAACCCACGAACCC-1	HTO3	CD22_A3_nonint_4434
GGAAACGTCAATGCGC-1	HTO2	CD22_i61_2
GGAAACGTCACCACAA-1	HTO5	CD22_B1_nonint_2261
GGAAACGTCACCCTGC-1	HTO2	CD22_i61_2
GGAAACGTCACTCTTA-1	HTO5	CD22_B1_nonint_2261
GGAAACGTCAGCTTAG-1	HTO1	CD22_m971
GGAAACGTCATTCGCT-1	HTO2	CD22_i61_2
GGAAACGTCCAGGATC-1	HTO5	CD22_B1_nonint_2261
GGAAACGTCGCCAATA-1	HTO4	CD22_A11_int_1411
GGAAACGTCGGGCTTG-1	HTO5	CD22_B1_nonint_2261
GGAAACTAGAAGCTGG-1	HTO2	CD22_i61_2
GGAAACTAGATGATGA-1	HTO5	CD22_B1_nonint_2261
GGAAACTAGCTATCGA-1	HTO5	CD22_B1_nonint_2261
GGAAACTAGGCCATGT-1	HTO3	CD22_A3_nonint_4434
GGAAAGCGTAAATCCA-1	HTO5	CD22_B1_nonint_2261
GGAAAGGCAATCCTAA-1	HTO1	CD22_m971
GGAAAGGCACGCTCAA-1	HTO5	CD22_B1_nonint_2261
GGAAAGGCAGGATTTC-1	HTO2	CD22_i61_2
GGAAAGTTCCCACACC-1	HTO3	CD22_A3_nonint_4434
GGAAAGTTCCGGGTTG-1	HTO3	CD22_A3_nonint_4434
GGAAATCAGAATTTGC-1	HTO5	CD22_B1_nonint_2261
GGAAATCAGAGAAGGA-1	HTO1	CD22_m971
GGAAATCAGCCAACCG-1	HTO3	CD22_A3_nonint_4434
GGAAATCAGCCATAGC-1	HTO1	CD22_m971
GGAAATCAGGGCGTAA-1	HTO5	CD22_B1_nonint_2261
GGAAATCAGGTACCCG-1	HTO4	CD22_A11_int_1411
GGAAATCAGGTTAGTT-1	HTO3	CD22_A3_nonint_4434
GGAAATCAGGTTGCGT-1	HTO2	CD22_i61_2
GGAAATGGTCGACAGC-1	HTO4	CD22_A11_int_1411
GGAAATGGTCGGTATG-1	HTO1	CD22_m971
GGAACCCGTCGTGAGC-1	HTO4	CD22_A11_int_1411
GGAACCCGTCTCCTGG-1	HTO4	CD22_A11_int_1411
GGAACCGCACCGACTA-1	HTO4	CD22_A11_int_1411
GGAACCGCACCTAACG-1	HTO2	CD22_i61_2
GGAACCGCACTCGGGT-1	HTO4	CD22_A11_int_1411
GGAACCGCAGCTACCA-1	HTO5	CD22_B1_nonint_2261
GGAACCGCAGGTACAA-1	HTO1	CD22_m971
GGAACGGGTATATCCT-1	HTO3	CD22_A3_nonint_4434
GGAACGGGTATTACAG-1	HTO3	CD22_A3_nonint_4434
GGAACGGGTGCCTCGC-1	HTO1	CD22_m971
GGAACGTCAAGAGGGA-1	HTO1	CD22_m971
GGAACGTCAAGGCGCA-1	HTO4	CD22_A11_int_1411
GGAACGTCAATATTCG-1	HTO5	CD22_B1_nonint_2261
GGAACGTCACCGAATT-1	HTO3	CD22_A3_nonint_4434
GGAACGTCACTCGGTA-1	HTO3	CD22_A3_nonint_4434
GGAACGTCAGGCGACA-1	HTO4	CD22_A11_int_1411
GGAACGTCAGTAACCT-1	HTO4	CD22_A11_int_1411
GGAACTACAATGATCC-1	HTO4	CD22_A11_int_1411
GGAACTACACCGTTTC-1	HTO1	CD22_m971
GGAACTACAGGTTTAC-1	HTO2	CD22_i61_2
GGAACTTGTACATCTT-1	HTO5	CD22_B1_nonint_2261
GGAACTTGTACCATGG-1	HTO4	CD22_A11_int_1411
GGAACTTGTATGGCCA-1	HTO5	CD22_B1_nonint_2261
GGAACTTGTGCACTCT-1	HTO3	CD22_A3_nonint_4434
GGAAGCATCAACGGCT-1	HTO5	CD22_B1_nonint_2261
GGAAGCATCCGGTTAA-1	HTO3	CD22_A3_nonint_4434
GGAAGCATCGGCCTCT-1	HTO1	CD22_m971
GGAAGCATCGTCGAGT-1	HTO1	CD22_m971
GGAAGCCAGACAGCGA-1	HTO2	CD22_i61_2
GGAAGCCAGCACCGCA-1	HTO3	CD22_A3_nonint_4434
GGAAGCCAGCAGCCAT-1	HTO5	CD22_B1_nonint_2261
GGAAGCCAGCGCAGTT-1	HTO2	CD22_i61_2
GGAAGCCAGCGTAGCT-1	HTO4	CD22_A11_int_1411
GGAAGCCAGCTGGCAT-1	HTO4	CD22_A11_int_1411
GGAAGCTCAACTTACA-1	HTO2	CD22_i61_2
GGAAGCTCAAGCACAA-1	HTO1	CD22_m971
GGAAGCTCAAGGCGCA-1	HTO1	CD22_m971
GGAAGCTCACTCACTC-1	HTO5	CD22_B1_nonint_2261
GGAAGGACAATTCGAC-1	HTO5	CD22_B1_nonint_2261
GGAAGGACACAGGCGA-1	HTO5	CD22_B1_nonint_2261
GGAAGGACACATAACC-1	HTO2	CD22_i61_2
GGAAGGACAGTGACCC-1	HTO1	CD22_m971
GGAAGTAGTATACTAG-1	HTO5	CD22_B1_nonint_2261
GGAAGTAGTATCCCTA-1	HTO2	CD22_i61_2
GGAAGTAGTCGTGAGC-1	HTO2	CD22_i61_2
GGAATACAGAATGATG-1	HTO3	CD22_A3_nonint_4434
GGAATACAGACTTACG-1	HTO3	CD22_A3_nonint_4434
GGAATACAGCCTGGTG-1	HTO4	CD22_A11_int_1411
GGAATACAGCGGTTCG-1	HTO5	CD22_B1_nonint_2261
GGAATACAGCTATTGG-1	HTO4	CD22_A11_int_1411
GGAATACAGCTGGTCG-1	HTO1	CD22_m971
GGAATACAGGTCATCA-1	HTO2	CD22_i61_2
GGAATATCACCCTTAC-1	HTO1	CD22_m971
GGAATATCAGGCGACA-1	HTO3	CD22_A3_nonint_4434
GGAATCACAAACGCAA-1	HTO5	CD22_B1_nonint_2261
GGAATCACACCTGCTT-1	HTO2	CD22_i61_2
GGAATCACACTACTTT-1	HTO5	CD22_B1_nonint_2261
GGAATCACAGTACATC-1	HTO1	CD22_m971
GGAATCACAGTTAATT-1	HTO2	CD22_i61_2
GGAATCGAGACAAGAC-1	HTO2	CD22_i61_2
GGAATCGAGCAACGAG-1	HTO2	CD22_i61_2
GGAATCGAGGGTTAGG-1	HTO1	CD22_m971
GGAATCGAGGTATGTT-1	HTO4	CD22_A11_int_1411
GGAATCTGTAGGGGCA-1	HTO4	CD22_A11_int_1411
GGAATCTGTATCGTGG-1	HTO1	CD22_m971
GGAATCTGTATCTTGT-1	HTO1	CD22_m971
GGAATCTGTCACGTTC-1	HTO5	CD22_B1_nonint_2261
GGAATCTGTCATCATT-1	HTO4	CD22_A11_int_1411
GGAATCTGTCCGATAG-1	HTO2	CD22_i61_2
GGAATCTGTCTTATGT-1	HTO5	CD22_B1_nonint_2261
GGAATCTGTGTCCCGC-1	HTO3	CD22_A3_nonint_4434
GGAATGAGTACCTGCT-1	HTO5	CD22_B1_nonint_2261
GGAATGAGTATGGTCG-1	HTO2	CD22_i61_2
GGAATGAGTCATAGTA-1	HTO3	CD22_A3_nonint_4434
GGAATGAGTCCGTGTT-1	HTO1	CD22_m971
GGAATGGTCAACCAAT-1	HTO5	CD22_B1_nonint_2261
GGAATGGTCACTGGCG-1	HTO2	CD22_i61_2
GGAATGGTCATAGTGT-1	HTO2	CD22_i61_2
GGAATGGTCCAATGTG-1	HTO2	CD22_i61_2
GGAATGGTCCTATACC-1	HTO4	CD22_A11_int_1411
GGAATGGTCGTTGTCT-1	HTO2	CD22_i61_2
GGAATGTAGCCATGCG-1	HTO2	CD22_i61_2
GGAATGTAGCCGCGTA-1	HTO5	CD22_B1_nonint_2261
GGAATGTAGCCTAGCG-1	HTO2	CD22_i61_2
GGAATGTAGGGCATGA-1	HTO1	CD22_m971
GGAATTAAGCACGCCA-1	HTO5	CD22_B1_nonint_2261
GGAATTAAGGGAAATC-1	HTO4	CD22_A11_int_1411
GGAATTCGTCCTCGAT-1	HTO1	CD22_m971
GGAATTCGTCTAGTAA-1	HTO5	CD22_B1_nonint_2261
GGAATTCGTCTATGGG-1	HTO5	CD22_B1_nonint_2261
GGACAACCAACCTAGT-1	HTO2	CD22_i61_2
GGACAACCAACTAATT-1	HTO3	CD22_A3_nonint_4434
GGACAACCAATGCAGA-1	HTO4	CD22_A11_int_1411
GGACAATAGCCCTTGC-1	HTO3	CD22_A3_nonint_4434
GGACACAAGAACTTGT-1	HTO3	CD22_A3_nonint_4434
GGACACAAGAGCCGTT-1	HTO5	CD22_B1_nonint_2261
GGACACAAGAGCGGAC-1	HTO1	CD22_m971
GGACACAAGAGGCAGC-1	HTO2	CD22_i61_2
GGACACAAGATGACGG-1	HTO5	CD22_B1_nonint_2261
GGACACAAGCATCGCG-1	HTO1	CD22_m971
GGACACAAGCCTAGTA-1	HTO2	CD22_i61_2
GGACACAAGGCCTATA-1	HTO3	CD22_A3_nonint_4434
GGACACAAGGTCCAGT-1	HTO2	CD22_i61_2
GGACACAAGGTCGACT-1	HTO1	CD22_m971
GGACACGCAAACGGCG-1	HTO5	CD22_B1_nonint_2261
GGACACGCAAAGTATA-1	HTO2	CD22_i61_2
GGACACGCAAAGTGCA-1	HTO3	CD22_A3_nonint_4434
GGACACGCACACTTAA-1	HTO5	CD22_B1_nonint_2261
GGACACGCACTAGTCG-1	HTO5	CD22_B1_nonint_2261
GGACACGCACTGCACA-1	HTO1	CD22_m971
GGACACGCAGTGAAAT-1	HTO1	CD22_m971
GGACACTTCACGACTA-1	HTO5	CD22_B1_nonint_2261
GGACACTTCCAGCAGT-1	HTO5	CD22_B1_nonint_2261
GGACACTTCCCAAAGC-1	HTO5	CD22_B1_nonint_2261
GGACACTTCGTCGTAA-1	HTO2	CD22_i61_2
GGACATACAACCCATG-1	HTO3	CD22_A3_nonint_4434
GGACATACAACGTCCA-1	HTO1	CD22_m971
GGACATACAATCTTAG-1	HTO5	CD22_B1_nonint_2261
GGACATACACGTACGC-1	HTO3	CD22_A3_nonint_4434
GGACATACACTAACGT-1	HTO2	CD22_i61_2
GGACATACAGGTGATA-1	HTO5	CD22_B1_nonint_2261
GGACATCTCCCTAACT-1	HTO3	CD22_A3_nonint_4434
GGACATCTCCCTTCGA-1	HTO4	CD22_A11_int_1411
GGACATCTCGCCACTC-1	HTO2	CD22_i61_2
GGACATCTCGCCTCTA-1	HTO5	CD22_B1_nonint_2261
GGACATGAGCCTAATG-1	HTO1	CD22_m971
GGACCCATCATAGTGT-1	HTO2	CD22_i61_2
GGACCCATCGGAAAGT-1	HTO2	CD22_i61_2
GGACCGACAACTCGCA-1	HTO2	CD22_i61_2
GGACCGACAATATCTG-1	HTO1	CD22_m971
GGACCGACACAGTCGC-1	HTO2	CD22_i61_2
GGACCGACACTAATCA-1	HTO2	CD22_i61_2
GGACCGACACTAGCAT-1	HTO5	CD22_B1_nonint_2261
GGACCGACAGCACGCT-1	HTO5	CD22_B1_nonint_2261
GGACCGTGTCAAGGCC-1	HTO5	CD22_B1_nonint_2261
GGACCGTGTGGCTAAT-1	HTO4	CD22_A11_int_1411
GGACCGTGTGTCCGGG-1	HTO3	CD22_A3_nonint_4434
GGACCTCCAAATCTAT-1	HTO1	CD22_m971
GGACCTCCAATCATGC-1	HTO4	CD22_A11_int_1411
GGACCTCCACGTCAAT-1	HTO2	CD22_i61_2
GGACCTCCACTCGGGT-1	HTO3	CD22_A3_nonint_4434
GGACCTCCAGTGAAGC-1	HTO3	CD22_A3_nonint_4434
GGACGACAGAAAGCCG-1	HTO1	CD22_m971
GGACGACAGAAAGGTC-1	HTO4	CD22_A11_int_1411
GGACGACAGACCTTAG-1	HTO3	CD22_A3_nonint_4434
GGACGACAGACTGCCG-1	HTO3	CD22_A3_nonint_4434
GGACGACAGATCTGCA-1	HTO1	CD22_m971
GGACGACAGCAATAGA-1	HTO3	CD22_A3_nonint_4434
GGACGACAGGCAATCC-1	HTO4	CD22_A11_int_1411
GGACGACAGGGAATGT-1	HTO5	CD22_B1_nonint_2261
GGACGACAGGGTGAAT-1	HTO4	CD22_A11_int_1411
GGACGACAGGTAGGTG-1	HTO2	CD22_i61_2
GGACGACAGGTCCACG-1	HTO4	CD22_A11_int_1411
GGACGCACACAGCTCA-1	HTO2	CD22_i61_2
GGACGCTGTACGAGTT-1	HTO4	CD22_A11_int_1411
GGACGGAGTAAATGGG-1	HTO4	CD22_A11_int_1411
GGACGGAGTATCCTGC-1	HTO4	CD22_A11_int_1411
GGACGGAGTCGACTTC-1	HTO4	CD22_A11_int_1411
GGACGGAGTGGAAGTA-1	HTO3	CD22_A3_nonint_4434
GGACGGAGTGGGAGCA-1	HTO3	CD22_A3_nonint_4434
GGACGGTAGAAGGCTG-1	HTO5	CD22_B1_nonint_2261
GGACGGTAGCGTAACC-1	HTO2	CD22_i61_2
GGACGGTAGGCTCGAT-1	HTO2	CD22_i61_2
GGACGTAAGACTATGT-1	HTO4	CD22_A11_int_1411
GGACGTAAGAGGTATA-1	HTO1	CD22_m971
GGACGTAAGCACCTAA-1	HTO3	CD22_A3_nonint_4434
GGACGTAAGCATTCGA-1	HTO5	CD22_B1_nonint_2261
GGACGTAAGCGTTCAA-1	HTO3	CD22_A3_nonint_4434
GGACGTAAGCTACGAC-1	HTO2	CD22_i61_2
GGACGTAAGGGTGATG-1	HTO2	CD22_i61_2
GGACGTAAGGTCCAGT-1	HTO3	CD22_A3_nonint_4434
GGACGTAAGGTGAGAT-1	HTO2	CD22_i61_2
GGACGTTTCATCGGCG-1	HTO1	CD22_m971
GGACGTTTCCGCTTCA-1	HTO5	CD22_B1_nonint_2261
GGACGTTTCGTCAACA-1	HTO4	CD22_A11_int_1411
GGACTAACAACCCCAA-1	HTO4	CD22_A11_int_1411
GGACTAACAACGAACA-1	HTO2	CD22_i61_2
GGACTAACAAGCATTC-1	HTO4	CD22_A11_int_1411
GGACTACTCACAATTA-1	HTO2	CD22_i61_2
GGACTACTCCGCTTGC-1	HTO2	CD22_i61_2
GGACTACTCGGGCTAT-1	HTO3	CD22_A3_nonint_4434
GGACTACTCGGTTCAA-1	HTO2	CD22_i61_2
GGACTACTCGTACCTT-1	HTO5	CD22_B1_nonint_2261
GGACTATGTAAGTCCG-1	HTO1	CD22_m971
GGACTATGTAGGTAAG-1	HTO4	CD22_A11_int_1411
GGACTATGTCCAGTGA-1	HTO5	CD22_B1_nonint_2261
GGACTATGTCTAAAGC-1	HTO3	CD22_A3_nonint_4434
GGACTGAAGAACATAG-1	HTO2	CD22_i61_2
GGACTGAAGAATGCAA-1	HTO2	CD22_i61_2
GGACTGAAGACGCCCA-1	HTO1	CD22_m971
GGACTGAAGCATAACT-1	HTO1	CD22_m971
GGACTGCGTAATTTCC-1	HTO2	CD22_i61_2
GGACTGCGTGGAATTC-1	HTO3	CD22_A3_nonint_4434
GGACTGCGTGGTCTAG-1	HTO3	CD22_A3_nonint_4434
GGACTGCGTGTCGAGC-1	HTO1	CD22_m971
GGACTTATCAAATGTC-1	HTO5	CD22_B1_nonint_2261
GGACTTATCATGACCA-1	HTO2	CD22_i61_2
GGACTTATCCCAGTAA-1	HTO1	CD22_m971
GGACTTATCCGATGTA-1	HTO2	CD22_i61_2
GGACTTTCAACCCTCT-1	HTO1	CD22_m971
GGACTTTCAATCACTA-1	HTO2	CD22_i61_2
GGACTTTCACGAAGTA-1	HTO2	CD22_i61_2
GGAGAGGAGAAGGGCC-1	HTO5	CD22_B1_nonint_2261
GGAGAGGAGACATGGG-1	HTO5	CD22_B1_nonint_2261
GGAGAGGAGACGGCAA-1	HTO4	CD22_A11_int_1411
GGAGAGGAGGTGTTAT-1	HTO4	CD22_A11_int_1411
GGAGATTAGATATTGC-1	HTO3	CD22_A3_nonint_4434
GGAGATTAGCAAAGGT-1	HTO3	CD22_A3_nonint_4434
GGAGATTAGCGCGTAT-1	HTO1	CD22_m971
GGAGCAGGTAACCCCT-1	HTO1	CD22_m971
GGAGCAGGTACTCAGG-1	HTO2	CD22_i61_2
GGAGCAGGTAGCTTGG-1	HTO5	CD22_B1_nonint_2261
GGAGCCACAAGCATTC-1	HTO4	CD22_A11_int_1411
GGAGCCACAATCCGCA-1	HTO1	CD22_m971
GGAGCCACAGCATAGA-1	HTO1	CD22_m971
GGAGCCACAGCATTTA-1	HTO4	CD22_A11_int_1411
GGAGCCACAGTGCAGG-1	HTO3	CD22_A3_nonint_4434
GGAGCCTGTAAGGCCC-1	HTO3	CD22_A3_nonint_4434
GGAGCCTGTAGCGCGT-1	HTO5	CD22_B1_nonint_2261
GGAGCCTGTAGTCAGT-1	HTO5	CD22_B1_nonint_2261
GGAGCCTGTCAAGGTT-1	HTO1	CD22_m971
GGAGCCTGTCCAGTGA-1	HTO5	CD22_B1_nonint_2261
GGAGCCTGTCTAACCC-1	HTO5	CD22_B1_nonint_2261
GGAGCCTGTCTGGCTT-1	HTO4	CD22_A11_int_1411
GGAGCCTGTGGCGTTA-1	HTO1	CD22_m971
GGAGCCTGTGTCACGA-1	HTO2	CD22_i61_2
GGAGCGAGTCCGCCGT-1	HTO1	CD22_m971
GGAGCGAGTGGGTTCA-1	HTO1	CD22_m971
GGAGCGTAGAAGGCGC-1	HTO2	CD22_i61_2
GGAGCGTAGCAACGAG-1	HTO3	CD22_A3_nonint_4434
GGAGCGTAGCACAGGA-1	HTO2	CD22_i61_2
GGAGCTAAGAGACATA-1	HTO5	CD22_B1_nonint_2261
GGAGCTAAGCTATTGG-1	HTO4	CD22_A11_int_1411
GGAGCTAAGCTTAGGC-1	HTO3	CD22_A3_nonint_4434
GGAGCTCGTCGGTTAG-1	HTO5	CD22_B1_nonint_2261
GGAGCTCGTCGTGGTA-1	HTO3	CD22_A3_nonint_4434
GGAGCTTTCCCAAGTA-1	HTO1	CD22_m971
GGAGCTTTCCGTTCGC-1	HTO5	CD22_B1_nonint_2261
GGAGCTTTCGTGAACC-1	HTO4	CD22_A11_int_1411
GGAGGTATCAAACTAC-1	HTO5	CD22_B1_nonint_2261
GGAGGTATCACGCCTC-1	HTO2	CD22_i61_2
GGAGGTATCCATGGCG-1	HTO2	CD22_i61_2
GGAGGTATCCTGAACA-1	HTO2	CD22_i61_2
GGAGGTATCCTGGGTG-1	HTO5	CD22_B1_nonint_2261
GGAGGTATCGCCTAAA-1	HTO2	CD22_i61_2
GGAGGTATCGTTCGCC-1	HTO2	CD22_i61_2
GGAGGTCAGAAAGCGT-1	HTO3	CD22_A3_nonint_4434
GGAGGTCAGACTATGT-1	HTO3	CD22_A3_nonint_4434
GGAGGTCAGATAAGCA-1	HTO5	CD22_B1_nonint_2261
GGAGGTCAGATGGGCA-1	HTO4	CD22_A11_int_1411
GGAGGTCAGCGGCATT-1	HTO1	CD22_m971
GGAGGTCAGCGTTCCC-1	HTO3	CD22_A3_nonint_4434
GGAGGTCAGGTTAATC-1	HTO3	CD22_A3_nonint_4434
GGAGTAAGTAGGCCCG-1	HTO1	CD22_m971
GGAGTAAGTCTCTCGG-1	HTO4	CD22_A11_int_1411
GGAGTAAGTGCAATCG-1	HTO2	CD22_i61_2
GGAGTATAGGGATAGT-1	HTO5	CD22_B1_nonint_2261
GGAGTCGCAACCAGAA-1	HTO1	CD22_m971
GGAGTCGCAACTCATA-1	HTO3	CD22_A3_nonint_4434
GGAGTCGCACAAATCC-1	HTO1	CD22_m971
GGAGTCGCACATAGTC-1	HTO1	CD22_m971
GGAGTCGCACTAGTCG-1	HTO1	CD22_m971
GGAGTCTTCCACGAGT-1	HTO2	CD22_i61_2
GGAGTCTTCCATAGCA-1	HTO2	CD22_i61_2
GGAGTCTTCCCGTCTA-1	HTO2	CD22_i61_2
GGAGTCTTCGGTAATT-1	HTO5	CD22_B1_nonint_2261
GGAGTGGGTATCCGAG-1	HTO2	CD22_i61_2
GGAGTGGGTATTCGTT-1	HTO1	CD22_m971
GGAGTGGGTCTACGGA-1	HTO4	CD22_A11_int_1411
GGAGTGGGTCTCGGTT-1	HTO5	CD22_B1_nonint_2261
GGAGTGGGTGGCCTGG-1	HTO1	CD22_m971
GGAGTTACAAAGGCAC-1	HTO5	CD22_B1_nonint_2261
GGAGTTACAACGGACG-1	HTO2	CD22_i61_2
GGAGTTACAAGCTTTA-1	HTO5	CD22_B1_nonint_2261
GGAGTTACAAGTCCGC-1	HTO5	CD22_B1_nonint_2261
GGAGTTACAATAGGGC-1	HTO1	CD22_m971
GGAGTTACAATCAGGA-1	HTO3	CD22_A3_nonint_4434
GGAGTTACACTACATA-1	HTO2	CD22_i61_2
GGAGTTACAGGCATTT-1	HTO4	CD22_A11_int_1411
GGAGTTACAGGCTACC-1	HTO1	CD22_m971
GGAGTTGAGAACGGCA-1	HTO5	CD22_B1_nonint_2261
GGAGTTGAGAACTGAA-1	HTO2	CD22_i61_2
GGAGTTGAGACCCCGA-1	HTO5	CD22_B1_nonint_2261
GGAGTTGAGAGCAGAT-1	HTO1	CD22_m971
GGAGTTGAGCCATTAG-1	HTO3	CD22_A3_nonint_4434
GGAGTTGAGGGACGTA-1	HTO5	CD22_B1_nonint_2261
GGAGTTGAGGGGTGTA-1	HTO3	CD22_A3_nonint_4434
GGATAAGGTCATAGCG-1	HTO2	CD22_i61_2
GGATAAGGTGGAAATG-1	HTO2	CD22_i61_2
GGATAAGGTGGAGCAG-1	HTO4	CD22_A11_int_1411
GGATAAGGTGGCATGC-1	HTO2	CD22_i61_2
GGATAAGGTGTGTTCC-1	HTO4	CD22_A11_int_1411
GGATACCTCAATTGGT-1	HTO2	CD22_i61_2
GGATACCTCACGGGTT-1	HTO1	CD22_m971
GGATACCTCACTCATC-1	HTO5	CD22_B1_nonint_2261
GGATACCTCGCATTAG-1	HTO1	CD22_m971
GGATACCTCGTAAGCC-1	HTO3	CD22_A3_nonint_4434
GGATAGCCAATCGTCG-1	HTO5	CD22_B1_nonint_2261
GGATAGCCACATTAGC-1	HTO4	CD22_A11_int_1411
GGATAGCCAGGTTTCG-1	HTO5	CD22_B1_nonint_2261
GGATAGTAGAACGAAC-1	HTO5	CD22_B1_nonint_2261
GGATAGTAGACAAGTA-1	HTO2	CD22_i61_2
GGATAGTAGATGGTAA-1	HTO2	CD22_i61_2
GGATAGTAGCATAGGG-1	HTO5	CD22_B1_nonint_2261
GGATAGTAGCCATACA-1	HTO4	CD22_A11_int_1411
GGATAGTAGCGGTTCG-1	HTO2	CD22_i61_2
GGATAGTAGGGGTTTC-1	HTO2	CD22_i61_2
GGATAGTAGGTAGTTT-1	HTO5	CD22_B1_nonint_2261
GGATATCGTAAGTCTA-1	HTO2	CD22_i61_2
GGATATCGTACTCGAG-1	HTO5	CD22_B1_nonint_2261
GGATATCGTAGCGTTG-1	HTO2	CD22_i61_2
GGATATCGTCACACCT-1	HTO4	CD22_A11_int_1411
GGATATCGTCCTGTCG-1	HTO2	CD22_i61_2
GGATATCGTGGAGCTC-1	HTO2	CD22_i61_2
GGATCAACAAATACCC-1	HTO3	CD22_A3_nonint_4434
GGATCAACAATGCTAC-1	HTO2	CD22_i61_2
GGATCAACACCCAGAC-1	HTO3	CD22_A3_nonint_4434
GGATCAACAGTCCGTA-1	HTO2	CD22_i61_2
GGATCACTCAATATCA-1	HTO2	CD22_i61_2
GGATCACTCAGCGCAT-1	HTO3	CD22_A3_nonint_4434
GGATCACTCCTGCTAT-1	HTO2	CD22_i61_2
GGATCACTCGCAAACC-1	HTO1	CD22_m971
GGATCACTCGGGTTAC-1	HTO5	CD22_B1_nonint_2261
GGATCACTCGTTCTAC-1	HTO4	CD22_A11_int_1411
GGATCCGTCACAACGC-1	HTO2	CD22_i61_2
GGATCCGTCACCACTT-1	HTO2	CD22_i61_2
GGATCCGTCATCACTC-1	HTO4	CD22_A11_int_1411
GGATCCGTCCATCGCC-1	HTO3	CD22_A3_nonint_4434
GGATCCGTCGCATACA-1	HTO5	CD22_B1_nonint_2261
GGATCCGTCGCCACTC-1	HTO4	CD22_A11_int_1411
GGATCCGTCGGGCATT-1	HTO2	CD22_i61_2
GGATCGCGTATGAGGA-1	HTO5	CD22_B1_nonint_2261
GGATCGCGTCCAGCTT-1	HTO2	CD22_i61_2
GGATCGCGTGTGAAAG-1	HTO1	CD22_m971
GGATGACCAAAGCCGG-1	HTO4	CD22_A11_int_1411
GGATGACCAAGCTTAC-1	HTO2	CD22_i61_2
GGATGACCACAACTAC-1	HTO1	CD22_m971
GGATGACCACGGGTAG-1	HTO4	CD22_A11_int_1411
GGATGACCAGTAAGAT-1	HTO4	CD22_A11_int_1411
GGATGACCAGTGGCGA-1	HTO1	CD22_m971
GGATGATAGAAAGCGT-1	HTO5	CD22_B1_nonint_2261
GGATGATAGAAAGTGC-1	HTO3	CD22_A3_nonint_4434
GGATGATAGATACAAG-1	HTO5	CD22_B1_nonint_2261
GGATGATAGATAGTGA-1	HTO5	CD22_B1_nonint_2261
GGATGATAGGCATCAC-1	HTO2	CD22_i61_2
GGATGATAGGTATACT-1	HTO1	CD22_m971
GGATGATAGGTATAGA-1	HTO4	CD22_A11_int_1411
GGATGATAGGTTCTAG-1	HTO5	CD22_B1_nonint_2261
GGATGGGGTATATGGC-1	HTO4	CD22_A11_int_1411
GGATGGGGTCGTATAA-1	HTO1	CD22_m971
GGATGGTCAAAAGGGG-1	HTO1	CD22_m971
GGATGGTCACTCGAGC-1	HTO5	CD22_B1_nonint_2261
GGATGGTCACTGGGGA-1	HTO3	CD22_A3_nonint_4434
GGATGTCTCACTTCCG-1	HTO1	CD22_m971
GGATGTCTCCCGGCAA-1	HTO3	CD22_A3_nonint_4434
GGATGTCTCGCGTATA-1	HTO2	CD22_i61_2
GGATGTCTCGTAGGCT-1	HTO4	CD22_A11_int_1411
GGATGTCTCGTCTCTG-1	HTO2	CD22_i61_2
GGATGTTGTAAGGGAC-1	HTO3	CD22_A3_nonint_4434
GGATGTTGTAATTGGC-1	HTO5	CD22_B1_nonint_2261
GGATGTTGTCGGTGTA-1	HTO2	CD22_i61_2
GGATGTTGTCTGTTAT-1	HTO1	CD22_m971
GGATGTTGTGGAAATG-1	HTO3	CD22_A3_nonint_4434
GGATGTTGTGGACTGC-1	HTO4	CD22_A11_int_1411
GGATGTTGTGGGTAGG-1	HTO4	CD22_A11_int_1411
GGATTAAAGACCAGAG-1	HTO3	CD22_A3_nonint_4434
GGATTAAAGCTTAAGT-1	HTO4	CD22_A11_int_1411
GGATTAAAGGGGAGCT-1	HTO5	CD22_B1_nonint_2261
GGATTAGCAAAGGGGA-1	HTO5	CD22_B1_nonint_2261
GGATTAGCAAATTCCA-1	HTO2	CD22_i61_2
GGATTAGCAACTGAGA-1	HTO5	CD22_B1_nonint_2261
GGATTAGCACACTATA-1	HTO3	CD22_A3_nonint_4434
GGATTAGCACTCAATA-1	HTO5	CD22_B1_nonint_2261
GGATTAGCAGTACATC-1	HTO3	CD22_A3_nonint_4434
GGATTCGGTACTACCC-1	HTO1	CD22_m971
GGATTCGGTAGCGGAG-1	HTO3	CD22_A3_nonint_4434
GGATTCGGTCTCGGTT-1	HTO4	CD22_A11_int_1411
GGATTGTGTAGTCCAG-1	HTO1	CD22_m971
GGATTGTGTATATCAG-1	HTO1	CD22_m971
GGATTGTGTCAGGTTG-1	HTO3	CD22_A3_nonint_4434
GGATTGTGTGGATGTT-1	HTO3	CD22_A3_nonint_4434
GGATTGTGTGTGTTCC-1	HTO5	CD22_B1_nonint_2261
GGATTTAGTACCCTTA-1	HTO5	CD22_B1_nonint_2261
GGATTTAGTAGCGTTG-1	HTO2	CD22_i61_2
GGATTTAGTCAAGGCC-1	HTO3	CD22_A3_nonint_4434
GGATTTAGTGCTGTCT-1	HTO5	CD22_B1_nonint_2261
GGATTTCCAACACAGA-1	HTO2	CD22_i61_2
GGATTTCCACAGTGCC-1	HTO5	CD22_B1_nonint_2261
GGATTTCCACCTAAAC-1	HTO4	CD22_A11_int_1411
GGATTTCCACTATGAC-1	HTO5	CD22_B1_nonint_2261
GGATTTCCACTCCATC-1	HTO1	CD22_m971
GGATTTCCAGCTTAGT-1	HTO5	CD22_B1_nonint_2261
GGATTTCCAGGAATCA-1	HTO5	CD22_B1_nonint_2261
GGATTTCCAGGGTCAG-1	HTO5	CD22_B1_nonint_2261
GGATTTCCAGTAGGGT-1	HTO1	CD22_m971
GGATTTCCAGTGACCC-1	HTO4	CD22_A11_int_1411
GGCAACTTCATGCGTA-1	HTO1	CD22_m971
GGCAAGGGTAGGCTTG-1	HTO2	CD22_i61_2
GGCAAGGGTGCTAGTG-1	HTO5	CD22_B1_nonint_2261
GGCAAGGGTGGGATAA-1	HTO1	CD22_m971
GGCAATACACCTAGCA-1	HTO5	CD22_B1_nonint_2261
GGCAATCTCACCCGCT-1	HTO5	CD22_B1_nonint_2261
GGCAATCTCACGTGGT-1	HTO2	CD22_i61_2
GGCAATCTCCAATTGG-1	HTO1	CD22_m971
GGCAATCTCCGGCTTC-1	HTO5	CD22_B1_nonint_2261
GGCAATCTCGCCCGTT-1	HTO3	CD22_A3_nonint_4434
GGCAATTGTAACAGGA-1	HTO4	CD22_A11_int_1411
GGCAATTGTAAGGAAT-1	HTO3	CD22_A3_nonint_4434
GGCAATTGTATTGAGC-1	HTO5	CD22_B1_nonint_2261
GGCAATTGTCGAAGGG-1	HTO5	CD22_B1_nonint_2261
GGCAATTGTCTGCGCC-1	HTO1	CD22_m971
GGCACGTGTACAGAAG-1	HTO2	CD22_i61_2
GGCACGTGTCATATTC-1	HTO5	CD22_B1_nonint_2261
GGCACGTGTCATTAAG-1	HTO5	CD22_B1_nonint_2261
GGCACGTGTGTATCTT-1	HTO5	CD22_B1_nonint_2261
GGCACTCCAACACAAG-1	HTO4	CD22_A11_int_1411
GGCACTCCACTCCTAC-1	HTO2	CD22_i61_2
GGCACTCCACTCGGTA-1	HTO2	CD22_i61_2
GGCACTCCAGCTTACG-1	HTO5	CD22_B1_nonint_2261
GGCATAACAACGCGCT-1	HTO5	CD22_B1_nonint_2261
GGCATAACAAGTTTCA-1	HTO4	CD22_A11_int_1411
GGCATAACAATGGTCT-1	HTO5	CD22_B1_nonint_2261
GGCATAACACTTCATT-1	HTO1	CD22_m971
GGCATAGAGAGACGCA-1	HTO4	CD22_A11_int_1411
GGCATAGAGCACCTCC-1	HTO2	CD22_i61_2
GGCATAGAGCAGCTAC-1	HTO2	CD22_i61_2
GGCATAGAGCCGTTGG-1	HTO5	CD22_B1_nonint_2261
GGCATAGAGCGGGTTT-1	HTO2	CD22_i61_2
GGCATAGAGCTGTGCG-1	HTO3	CD22_A3_nonint_4434
GGCATATGTAGCATCG-1	HTO4	CD22_A11_int_1411
GGCATATGTCCCATGT-1	HTO1	CD22_m971
GGCATATGTCCGTTGT-1	HTO4	CD22_A11_int_1411
GGCATATGTGCATCAG-1	HTO1	CD22_m971
GGCATATGTGGTAGCC-1	HTO1	CD22_m971
GGCATATGTGTTACGG-1	HTO5	CD22_B1_nonint_2261
GGCATATGTGTTCTAT-1	HTO2	CD22_i61_2
GGCATGAAGAGACGAT-1	HTO3	CD22_A3_nonint_4434
GGCATGAAGAGTCCCG-1	HTO3	CD22_A3_nonint_4434
GGCATGAAGCTCAGGT-1	HTO3	CD22_A3_nonint_4434
GGCATGCGTATCCGCT-1	HTO1	CD22_m971
GGCATGCGTCACACCT-1	HTO2	CD22_i61_2
GGCATGCGTCGACTAG-1	HTO2	CD22_i61_2
GGCATGCGTCTAGTGG-1	HTO3	CD22_A3_nonint_4434
GGCATGCGTGGAATTC-1	HTO4	CD22_A11_int_1411
GGCATGCGTGGTTAGT-1	HTO5	CD22_B1_nonint_2261
GGCATTATCATAGCAT-1	HTO1	CD22_m971
GGCATTATCCCACCTA-1	HTO5	CD22_B1_nonint_2261
GGCATTATCCCGACTC-1	HTO3	CD22_A3_nonint_4434
GGCATTATCCTAAACG-1	HTO3	CD22_A3_nonint_4434
GGCATTATCCTACATC-1	HTO2	CD22_i61_2
GGCATTATCGTCCTAT-1	HTO1	CD22_m971
GGCATTGGTAAGTCCG-1	HTO2	CD22_i61_2
GGCATTGGTACGCTTC-1	HTO5	CD22_B1_nonint_2261
GGCATTGGTAGCGTGC-1	HTO4	CD22_A11_int_1411
GGCATTGGTATAGGGA-1	HTO1	CD22_m971
GGCATTGGTATGTCTT-1	HTO4	CD22_A11_int_1411
GGCATTTCAAACCCAT-1	HTO1	CD22_m971
GGCATTTCACCACGTA-1	HTO4	CD22_A11_int_1411
GGCCAATTCCGAACAC-1	HTO2	CD22_i61_2
GGCCAATTCCTTGTCG-1	HTO1	CD22_m971
GGCCATGTCAATCTCC-1	HTO2	CD22_i61_2
GGCCATGTCACCTTCG-1	HTO4	CD22_A11_int_1411
GGCCATGTCATCAGCA-1	HTO1	CD22_m971
GGCCATGTCCATCATC-1	HTO2	CD22_i61_2
GGCCATGTCGCTTCGC-1	HTO4	CD22_A11_int_1411
GGCCATTAGAGGGGTC-1	HTO5	CD22_B1_nonint_2261
GGCCATTAGGCGTCCA-1	HTO5	CD22_B1_nonint_2261
GGCCCCTGTCCAACAG-1	HTO2	CD22_i61_2
GGCCCCTGTCCGTCTG-1	HTO1	CD22_m971
GGCCCTTTCAGGCCCA-1	HTO4	CD22_A11_int_1411
GGCCCTTTCGGGCTAT-1	HTO5	CD22_B1_nonint_2261
GGCCCTTTCGTAGTTG-1	HTO4	CD22_A11_int_1411
GGCCTCTTCAACGTGC-1	HTO5	CD22_B1_nonint_2261
GGCCTCTTCACTGACA-1	HTO1	CD22_m971
GGCCTCTTCAGCCGCA-1	HTO4	CD22_A11_int_1411
GGCCTCTTCATATTAG-1	HTO5	CD22_B1_nonint_2261
GGCCTCTTCCCAGCCT-1	HTO2	CD22_i61_2
GGCCTCTTCCTGCATT-1	HTO3	CD22_A3_nonint_4434
GGCCTCTTCGGCTCGA-1	HTO4	CD22_A11_int_1411
GGCCTCTTCGTACGTA-1	HTO3	CD22_A3_nonint_4434
GGCCTCTTCGTTCGTT-1	HTO1	CD22_m971
GGCCTGGGTAATACTG-1	HTO2	CD22_i61_2
GGCCTGGGTATCACCC-1	HTO4	CD22_A11_int_1411
GGCCTGGGTCCACGTT-1	HTO1	CD22_m971
GGCCTGGGTGTAGTGT-1	HTO5	CD22_B1_nonint_2261
GGCCTTACAAGCGCTC-1	HTO4	CD22_A11_int_1411
GGCCTTACAATGATCC-1	HTO1	CD22_m971
GGCCTTACAATGCATC-1	HTO5	CD22_B1_nonint_2261
GGCCTTACACTGGGCT-1	HTO2	CD22_i61_2
GGCCTTACAGCCTTAG-1	HTO5	CD22_B1_nonint_2261
GGCCTTGAGACTGCGT-1	HTO2	CD22_i61_2
GGCCTTGAGGGGCGAT-1	HTO1	CD22_m971
GGCGAAATCACAGATT-1	HTO3	CD22_A3_nonint_4434
GGCGAAATCATACAAC-1	HTO4	CD22_A11_int_1411
GGCGAAATCATCTCCG-1	HTO2	CD22_i61_2
GGCGAAATCCCTGGCT-1	HTO5	CD22_B1_nonint_2261
GGCGAAATCGCGGTTG-1	HTO2	CD22_i61_2
GGCGAACAGAAGGTTA-1	HTO1	CD22_m971
GGCGAACAGGGATTAA-1	HTO3	CD22_A3_nonint_4434
GGCGAAGGTCGATCAG-1	HTO1	CD22_m971
GGCGAAGGTCTCGGTT-1	HTO1	CD22_m971
GGCGAAGGTCTTAGGG-1	HTO2	CD22_i61_2
GGCGACACAACCCTAG-1	HTO3	CD22_A3_nonint_4434
GGCGACACAACGCACC-1	HTO1	CD22_m971
GGCGACACAAGTACAG-1	HTO1	CD22_m971
GGCGACACAATCGACT-1	HTO2	CD22_i61_2
GGCGACACACTATAGC-1	HTO2	CD22_i61_2
GGCGAGAGTATGGCCA-1	HTO2	CD22_i61_2
GGCGAGAGTCCACGTT-1	HTO1	CD22_m971
GGCGAGAGTGGACTGC-1	HTO4	CD22_A11_int_1411
GGCGAGTAGCTACACA-1	HTO2	CD22_i61_2
GGCGAGTAGGCATCAC-1	HTO1	CD22_m971
GGCGAGTAGGCCTCGA-1	HTO1	CD22_m971
GGCGAGTAGGCCTGAT-1	HTO3	CD22_A3_nonint_4434
GGCGATAAGAACTGAA-1	HTO2	CD22_i61_2
GGCGATAAGAGGGTAT-1	HTO1	CD22_m971
GGCGATAAGATGTTCG-1	HTO3	CD22_A3_nonint_4434
GGCGATAAGCATTAAC-1	HTO4	CD22_A11_int_1411
GGCGATAAGCCCACAG-1	HTO4	CD22_A11_int_1411
GGCGATAAGGCAAGCA-1	HTO3	CD22_A3_nonint_4434
GGCGATCGTAAATTCG-1	HTO1	CD22_m971
GGCGATCGTAATGGGA-1	HTO4	CD22_A11_int_1411
GGCGATCGTACATTTC-1	HTO3	CD22_A3_nonint_4434
GGCGCAACAATCGTAC-1	HTO2	CD22_i61_2
GGCGCAACAGCTGTAT-1	HTO2	CD22_i61_2
GGCGCAACAGGTATTC-1	HTO2	CD22_i61_2
GGCGCATGTACTGGAT-1	HTO5	CD22_B1_nonint_2261
GGCGCATGTCGCGTCC-1	HTO2	CD22_i61_2
GGCGCATGTCTAGCAG-1	HTO5	CD22_B1_nonint_2261
GGCGCATGTCTAGCTC-1	HTO3	CD22_A3_nonint_4434
GGCGCATGTCTATGGG-1	HTO3	CD22_A3_nonint_4434
GGCGCATGTCTGCATC-1	HTO2	CD22_i61_2
GGCGCTATCACGGTTA-1	HTO1	CD22_m971
GGCGCTATCACTTCCG-1	HTO5	CD22_B1_nonint_2261
GGCGCTATCATATTAG-1	HTO5	CD22_B1_nonint_2261
GGCGCTATCCACAAGC-1	HTO1	CD22_m971
GGCGCTATCCGGTCGA-1	HTO5	CD22_B1_nonint_2261
GGCGCTATCGCTCCAC-1	HTO2	CD22_i61_2
GGCGCTGGTAATCTTC-1	HTO5	CD22_B1_nonint_2261
GGCGCTGGTACCTTGC-1	HTO2	CD22_i61_2
GGCGCTGGTACGCCGG-1	HTO2	CD22_i61_2
GGCGCTGGTATCATCT-1	HTO3	CD22_A3_nonint_4434
GGCGCTGGTCAAAGGA-1	HTO1	CD22_m971
GGCGCTGGTCACGCCC-1	HTO4	CD22_A11_int_1411
GGCGCTGGTGGAGTGG-1	HTO2	CD22_i61_2
GGCGGATAGACCCCGA-1	HTO5	CD22_B1_nonint_2261
GGCGGATAGGCGGGAT-1	HTO4	CD22_A11_int_1411
GGCGGATAGGCTTGCG-1	HTO1	CD22_m971
GGCGGTACAACAATCC-1	HTO2	CD22_i61_2
GGCGGTACAACAGAGC-1	HTO3	CD22_A3_nonint_4434
GGCGGTACAATTAAGA-1	HTO3	CD22_A3_nonint_4434
GGCGGTACAGGGTTAA-1	HTO3	CD22_A3_nonint_4434
GGCGGTTGTACAAGGA-1	HTO3	CD22_A3_nonint_4434
GGCGGTTGTGCATTCC-1	HTO2	CD22_i61_2
GGCGTAAAGAAGTACA-1	HTO3	CD22_A3_nonint_4434
GGCGTAAAGCATCGAC-1	HTO3	CD22_A3_nonint_4434
GGCGTAAAGCGGTCAT-1	HTO1	CD22_m971
GGCGTAAAGCTTGTAG-1	HTO1	CD22_m971
GGCGTAAAGGCTATTG-1	HTO2	CD22_i61_2
GGCGTAAAGGTTCGCG-1	HTO5	CD22_B1_nonint_2261
GGCGTAGCAAATGACG-1	HTO4	CD22_A11_int_1411
GGCGTAGCACGTTATA-1	HTO5	CD22_B1_nonint_2261
GGCGTAGCAGGCGACA-1	HTO4	CD22_A11_int_1411
GGCGTAGCAGTAAAGT-1	HTO2	CD22_i61_2
GGCGTATTCAGCCATA-1	HTO4	CD22_A11_int_1411
GGCGTATTCGGTTGTA-1	HTO1	CD22_m971
GGCGTATTCGTGACTA-1	HTO5	CD22_B1_nonint_2261
GGCGTCATCAAGGCTC-1	HTO5	CD22_B1_nonint_2261
GGCGTCATCACGCATA-1	HTO2	CD22_i61_2
GGCGTCATCATGCGTA-1	HTO5	CD22_B1_nonint_2261
GGCGTCATCATTCTCA-1	HTO2	CD22_i61_2
GGCGTGTGTAAGGTCT-1	HTO2	CD22_i61_2
GGCGTGTGTGGCTGTA-1	HTO1	CD22_m971
GGCGTGTGTGGTTAGT-1	HTO3	CD22_A3_nonint_4434
GGCGTTAGTAGTACGT-1	HTO4	CD22_A11_int_1411
GGCGTTAGTAGTGCGC-1	HTO1	CD22_m971
GGCGTTAGTCTGTGAG-1	HTO5	CD22_B1_nonint_2261
GGCGTTCCACACCGTA-1	HTO5	CD22_B1_nonint_2261
GGCGTTCCACATGTCG-1	HTO2	CD22_i61_2
GGCGTTCCACTCGTTC-1	HTO1	CD22_m971
GGCGTTCCAGCCCTAA-1	HTO2	CD22_i61_2
GGCGTTCCAGGCGTAG-1	HTO2	CD22_i61_2
GGCGTTCCAGTCTATA-1	HTO2	CD22_i61_2
GGCGTTGTCAGTGCTA-1	HTO3	CD22_A3_nonint_4434
GGCGTTGTCGCCATAA-1	HTO1	CD22_m971
GGCGTTGTCGGTGTTA-1	HTO1	CD22_m971
GGCGTTGTCGTGTCAA-1	HTO1	CD22_m971
GGCTAAGAGAACTTGT-1	HTO3	CD22_A3_nonint_4434
GGCTAAGAGCGATTGC-1	HTO5	CD22_B1_nonint_2261
GGCTAAGAGCTCAGCG-1	HTO4	CD22_A11_int_1411
GGCTAAGAGGGCCTTG-1	HTO1	CD22_m971
GGCTAATGTAATGTGC-1	HTO3	CD22_A3_nonint_4434
GGCTAATGTACGGTCA-1	HTO1	CD22_m971
GGCTAATGTATTCGGG-1	HTO4	CD22_A11_int_1411
GGCTAATGTCCTAGCT-1	HTO4	CD22_A11_int_1411
GGCTAATGTCTGGTAG-1	HTO2	CD22_i61_2
GGCTAATGTGCTTCTA-1	HTO4	CD22_A11_int_1411
GGCTAATGTGGTTGGC-1	HTO4	CD22_A11_int_1411
GGCTAATGTGTTAATG-1	HTO2	CD22_i61_2
GGCTACCCAAACGGTA-1	HTO3	CD22_A3_nonint_4434
GGCTACCCACACGGTC-1	HTO2	CD22_i61_2
GGCTAGAAGACGATGG-1	HTO1	CD22_m971
GGCTAGAAGATCTGCA-1	HTO2	CD22_i61_2
GGCTAGAAGCTTGAAT-1	HTO2	CD22_i61_2
GGCTAGCGTACATTCT-1	HTO4	CD22_A11_int_1411
GGCTAGCGTGCGAAGG-1	HTO1	CD22_m971
GGCTATATCAATTATG-1	HTO5	CD22_B1_nonint_2261
GGCTATATCACATCTC-1	HTO1	CD22_m971
GGCTATATCATAGCGC-1	HTO3	CD22_A3_nonint_4434
GGCTATATCCCCACGT-1	HTO2	CD22_i61_2
GGCTATATCCTCGCTA-1	HTO3	CD22_A3_nonint_4434
GGCTATGGTAATTCCT-1	HTO5	CD22_B1_nonint_2261
GGCTATGGTATGGTCG-1	HTO2	CD22_i61_2
GGCTATGGTCACTAGG-1	HTO1	CD22_m971
GGCTATGGTCCAGTGA-1	HTO5	CD22_B1_nonint_2261
GGCTATGGTCGCTTTA-1	HTO5	CD22_B1_nonint_2261
GGCTATGGTCTGCGCC-1	HTO4	CD22_A11_int_1411
GGCTATGGTGCCCTAT-1	HTO4	CD22_A11_int_1411
GGCTATGGTGGCATGC-1	HTO2	CD22_i61_2
GGCTCATAGATGACGG-1	HTO4	CD22_A11_int_1411
GGCTCATAGATGGTAA-1	HTO5	CD22_B1_nonint_2261
GGCTCATAGATTGAGA-1	HTO3	CD22_A3_nonint_4434
GGCTCATAGCAAACTT-1	HTO4	CD22_A11_int_1411
GGCTCATAGCTCTAGA-1	HTO1	CD22_m971
GGCTCATAGCTGGTCG-1	HTO4	CD22_A11_int_1411
GGCTCATAGGCTCTAA-1	HTO3	CD22_A3_nonint_4434
GGCTCATAGGGACAAT-1	HTO1	CD22_m971
GGCTCCCGTCTTCTAG-1	HTO5	CD22_B1_nonint_2261
GGCTCCTTCACAAGCC-1	HTO2	CD22_i61_2
GGCTCCTTCCAGTAGC-1	HTO5	CD22_B1_nonint_2261
GGCTCCTTCCTAGCCC-1	HTO1	CD22_m971
GGCTCCTTCCTTATGC-1	HTO3	CD22_A3_nonint_4434
GGCTCTACAAGTGTCT-1	HTO4	CD22_A11_int_1411
GGCTCTACAATATCAT-1	HTO2	CD22_i61_2
GGCTCTACACAGCTCA-1	HTO3	CD22_A3_nonint_4434
GGCTCTACACATTCGG-1	HTO2	CD22_i61_2
GGCTCTACAGTGCGGA-1	HTO1	CD22_m971
GGCTCTCTCCTGTTCG-1	HTO4	CD22_A11_int_1411
GGCTGAAAGACTGCAC-1	HTO1	CD22_m971
GGCTGAAAGATTCGAT-1	HTO2	CD22_i61_2
GGCTGCATCACGGTCG-1	HTO2	CD22_i61_2
GGCTGCATCACTAATA-1	HTO4	CD22_A11_int_1411
GGCTGCATCAGCACTA-1	HTO4	CD22_A11_int_1411
GGCTGCATCCGTGAGT-1	HTO4	CD22_A11_int_1411
GGCTGCATCCTCACGC-1	HTO1	CD22_m971
GGCTGCATCCTGCACC-1	HTO3	CD22_A3_nonint_4434
GGCTGTAGTACAGCAT-1	HTO3	CD22_A3_nonint_4434
GGCTGTAGTACCACAG-1	HTO1	CD22_m971
GGCTGTAGTATCTCAT-1	HTO5	CD22_B1_nonint_2261
GGCTTAATCAAGTCCA-1	HTO2	CD22_i61_2
GGCTTAATCCCCATTG-1	HTO1	CD22_m971
GGCTTAATCGCATAGC-1	HTO3	CD22_A3_nonint_4434
GGCTTAATCGGGCAAA-1	HTO3	CD22_A3_nonint_4434
GGCTTAGGTCGCCCTA-1	HTO1	CD22_m971
GGCTTAGGTCTAAGTA-1	HTO5	CD22_B1_nonint_2261
GGCTTAGGTCTCCGCA-1	HTO3	CD22_A3_nonint_4434
GGCTTAGGTGTAATTG-1	HTO2	CD22_i61_2
GGCTTAGGTGTAGCGC-1	HTO4	CD22_A11_int_1411
GGCTTAGGTGTCGATG-1	HTO3	CD22_A3_nonint_4434
GGCTTCACAATTAAAG-1	HTO2	CD22_i61_2
GGCTTCACACTGACCA-1	HTO2	CD22_i61_2
GGCTTCACAGCGGGTA-1	HTO5	CD22_B1_nonint_2261
GGCTTCACAGCTCCAA-1	HTO5	CD22_B1_nonint_2261
GGCTTCCTCACTTGTC-1	HTO3	CD22_A3_nonint_4434
GGCTTCCTCAGGTTCA-1	HTO5	CD22_B1_nonint_2261
GGCTTCCTCCACAACA-1	HTO3	CD22_A3_nonint_4434
GGCTTCCTCCATCGTT-1	HTO3	CD22_A3_nonint_4434
GGCTTCCTCCTCAGGG-1	HTO3	CD22_A3_nonint_4434
GGCTTCCTCGCATCGG-1	HTO1	CD22_m971
GGCTTCCTCGCGGTAT-1	HTO5	CD22_B1_nonint_2261
GGCTTCCTCGGATCAC-1	HTO5	CD22_B1_nonint_2261
GGCTTCGAGAGAGGTT-1	HTO1	CD22_m971
GGCTTCGAGCGTACAC-1	HTO1	CD22_m971
GGCTTCGAGCTGACAC-1	HTO1	CD22_m971
GGCTTCGAGCTTGATG-1	HTO4	CD22_A11_int_1411
GGCTTCGAGGGGTAGC-1	HTO5	CD22_B1_nonint_2261
GGCTTCGAGGTTCTAG-1	HTO5	CD22_B1_nonint_2261
GGCTTCGAGGTTGATT-1	HTO1	CD22_m971
GGCTTCTGTACTGCAG-1	HTO5	CD22_B1_nonint_2261
GGCTTCTGTAGCTGTG-1	HTO3	CD22_A3_nonint_4434
GGCTTCTGTATAATCG-1	HTO5	CD22_B1_nonint_2261
GGCTTCTGTATACGGT-1	HTO5	CD22_B1_nonint_2261
GGCTTCTGTCAGGGTC-1	HTO3	CD22_A3_nonint_4434
GGCTTCTGTCCATATT-1	HTO3	CD22_A3_nonint_4434
GGCTTCTGTCCCTCTC-1	HTO1	CD22_m971
GGCTTCTGTCGTATAA-1	HTO2	CD22_i61_2
GGCTTCTGTGTTCAGG-1	HTO1	CD22_m971
GGCTTGAGTACCACGA-1	HTO3	CD22_A3_nonint_4434
GGCTTGAGTATCATCT-1	HTO2	CD22_i61_2
GGCTTGAGTCCACGGG-1	HTO4	CD22_A11_int_1411
GGCTTGAGTCCAGTGA-1	HTO4	CD22_A11_int_1411
GGCTTGAGTCGCATCT-1	HTO2	CD22_i61_2
GGCTTGGTCGGAAGCA-1	HTO5	CD22_B1_nonint_2261
GGCTTGTAGCGATGGA-1	HTO3	CD22_A3_nonint_4434
GGCTTGTAGCTGTCGG-1	HTO2	CD22_i61_2
GGCTTTCGTATTGCGG-1	HTO1	CD22_m971
GGCTTTCGTGGCTATG-1	HTO2	CD22_i61_2
GGGAATTAGAAGTAGC-1	HTO2	CD22_i61_2
GGGAATTAGAGCCGAA-1	HTO3	CD22_A3_nonint_4434
GGGAATTAGGCTTCGG-1	HTO4	CD22_A11_int_1411
GGGACATCAACGCGCT-1	HTO3	CD22_A3_nonint_4434
GGGACATCAATGGGCG-1	HTO5	CD22_B1_nonint_2261
GGGACATCACGATTAC-1	HTO2	CD22_i61_2
GGGACATCAGCGAATA-1	HTO5	CD22_B1_nonint_2261
GGGACATCAGCGACAG-1	HTO2	CD22_i61_2
GGGACCTGTAGGACCC-1	HTO1	CD22_m971
GGGACCTGTATGAGGA-1	HTO4	CD22_A11_int_1411
GGGACCTGTCATGTCC-1	HTO1	CD22_m971
GGGACCTGTGGCTTTC-1	HTO2	CD22_i61_2
GGGACCTGTGTACCCT-1	HTO2	CD22_i61_2
GGGACGTAGAGAATCA-1	HTO5	CD22_B1_nonint_2261
GGGACGTAGCATAGGG-1	HTO4	CD22_A11_int_1411
GGGACGTAGCGGTTAC-1	HTO4	CD22_A11_int_1411
GGGACGTAGCTAAACT-1	HTO2	CD22_i61_2
GGGACGTAGCTACATG-1	HTO5	CD22_B1_nonint_2261
GGGACTCGTACAGAAG-1	HTO3	CD22_A3_nonint_4434
GGGACTCGTACTACAA-1	HTO4	CD22_A11_int_1411
GGGACTCGTAGGCCCG-1	HTO5	CD22_B1_nonint_2261
GGGACTCGTATCCCTA-1	HTO2	CD22_i61_2
GGGACTCGTCCTGATC-1	HTO1	CD22_m971
GGGACTCGTCGTACAG-1	HTO4	CD22_A11_int_1411
GGGAGAACAAATTGCC-1	HTO1	CD22_m971
GGGAGAACAACAGCGG-1	HTO4	CD22_A11_int_1411
GGGAGAACAAGACAGC-1	HTO2	CD22_i61_2
GGGAGAACAATAGTAA-1	HTO4	CD22_A11_int_1411
GGGAGAACACCAACAT-1	HTO1	CD22_m971
GGGAGATGTAGGAAAT-1	HTO1	CD22_m971
GGGAGATGTATGTACA-1	HTO1	CD22_m971
GGGAGATGTATTCAGA-1	HTO1	CD22_m971
GGGAGATGTCAATTAG-1	HTO5	CD22_B1_nonint_2261
GGGAGATGTCCCAAAG-1	HTO2	CD22_i61_2
GGGAGATGTCTATTGT-1	HTO2	CD22_i61_2
GGGAGATGTGTTCATT-1	HTO3	CD22_A3_nonint_4434
GGGAGCAGTATCCTGC-1	HTO2	CD22_i61_2
GGGAGCAGTCCTCTGG-1	HTO2	CD22_i61_2
GGGAGCAGTCGCTCTG-1	HTO3	CD22_A3_nonint_4434
GGGAGCAGTCTAGCAG-1	HTO4	CD22_A11_int_1411
GGGAGCAGTCTCGGTT-1	HTO3	CD22_A3_nonint_4434
GGGAGCAGTGCCTTGT-1	HTO1	CD22_m971
GGGAGCAGTGCGTTAG-1	HTO3	CD22_A3_nonint_4434
GGGAGCTAGACAGTTT-1	HTO5	CD22_B1_nonint_2261
GGGAGCTAGAGTCTTG-1	HTO1	CD22_m971
GGGAGCTAGATGCGAG-1	HTO5	CD22_B1_nonint_2261
GGGAGCTAGCGAAGAT-1	HTO4	CD22_A11_int_1411
GGGAGCTAGGGAAACT-1	HTO2	CD22_i61_2
GGGAGCTAGGTCCAAC-1	HTO2	CD22_i61_2
GGGAGTGGTAAGTAGG-1	HTO1	CD22_m971
GGGAGTGGTACTCAGG-1	HTO3	CD22_A3_nonint_4434
GGGAGTGGTCGCCATT-1	HTO3	CD22_A3_nonint_4434
GGGAGTGGTCTTAATC-1	HTO3	CD22_A3_nonint_4434
GGGAGTGGTGGCTTCT-1	HTO2	CD22_i61_2
GGGAGTGGTGGTTATA-1	HTO3	CD22_A3_nonint_4434
GGGATAAGTACAAGCT-1	HTO3	CD22_A3_nonint_4434
GGGATAAGTCACAGCA-1	HTO4	CD22_A11_int_1411
GGGATAAGTCCGACAA-1	HTO4	CD22_A11_int_1411
GGGATAAGTGCCTTTA-1	HTO5	CD22_B1_nonint_2261
GGGATATAGAGCAAGT-1	HTO1	CD22_m971
GGGATATAGCACCTCC-1	HTO2	CD22_i61_2
GGGATATAGCATGCCG-1	HTO1	CD22_m971
GGGATATAGCCTACGG-1	HTO1	CD22_m971
GGGATATAGGCCATGT-1	HTO3	CD22_A3_nonint_4434
GGGATCAAGACAGCAG-1	HTO1	CD22_m971
GGGATCAAGACGACAG-1	HTO5	CD22_B1_nonint_2261
GGGATCAAGACGTTAT-1	HTO5	CD22_B1_nonint_2261
GGGATCAAGCATTTCC-1	HTO4	CD22_A11_int_1411
GGGATCAAGCCGTGAT-1	HTO2	CD22_i61_2
GGGATCAAGCGCATCG-1	HTO2	CD22_i61_2
GGGATCAAGGCCATCG-1	HTO5	CD22_B1_nonint_2261
GGGATCAAGGTCTGCG-1	HTO1	CD22_m971
GGGATGGGTCATGTCC-1	HTO3	CD22_A3_nonint_4434
GGGATGGGTCCTTCGG-1	HTO3	CD22_A3_nonint_4434
GGGATGGGTGCATAGT-1	HTO1	CD22_m971
GGGATGGGTGTGCCGG-1	HTO5	CD22_B1_nonint_2261
GGGATTACAAAGTAAC-1	HTO4	CD22_A11_int_1411
GGGATTACAAATATCT-1	HTO3	CD22_A3_nonint_4434
GGGATTACAACTGCCA-1	HTO1	CD22_m971
GGGATTACACCAATTA-1	HTO4	CD22_A11_int_1411
GGGATTACAGTACTTA-1	HTO4	CD22_A11_int_1411
GGGATTGAGAATGCCC-1	HTO2	CD22_i61_2
GGGATTGAGACCCGTG-1	HTO3	CD22_A3_nonint_4434
GGGATTGAGGCCTCGA-1	HTO5	CD22_B1_nonint_2261
GGGATTGAGGCCTGAT-1	HTO1	CD22_m971
GGGCAAATCACGGTCG-1	HTO4	CD22_A11_int_1411
GGGCAAATCAGTACGC-1	HTO4	CD22_A11_int_1411
GGGCAAATCCATAAGT-1	HTO1	CD22_m971
GGGCAAATCCATGGCG-1	HTO4	CD22_A11_int_1411
GGGCAAATCCCTAGTT-1	HTO2	CD22_i61_2
GGGCAAATCCTATCCG-1	HTO2	CD22_i61_2
GGGCAAATCCTCTCGA-1	HTO4	CD22_A11_int_1411
GGGCAAATCGGTCGCA-1	HTO5	CD22_B1_nonint_2261
GGGCAAGGTAGGTTTA-1	HTO3	CD22_A3_nonint_4434
GGGCAAGGTAGTCCAG-1	HTO1	CD22_m971
GGGCAAGGTCTATTGT-1	HTO5	CD22_B1_nonint_2261
GGGCAAGGTGCCTTTA-1	HTO5	CD22_B1_nonint_2261
GGGCAAGGTGGCTAAT-1	HTO4	CD22_A11_int_1411
GGGCAAGGTGTTATGA-1	HTO2	CD22_i61_2
GGGCAATCAATACGTC-1	HTO3	CD22_A3_nonint_4434
GGGCAATCACCGGACT-1	HTO5	CD22_B1_nonint_2261
GGGCAATCAGTACGGG-1	HTO1	CD22_m971
GGGCAATCAGTCCTAG-1	HTO2	CD22_i61_2
GGGCATAAGAAGCTGG-1	HTO5	CD22_B1_nonint_2261
GGGCATAAGAGGACAT-1	HTO4	CD22_A11_int_1411
GGGCATAAGATCCAAT-1	HTO4	CD22_A11_int_1411
GGGCATAAGCACTATG-1	HTO2	CD22_i61_2
GGGCATAAGCATTCGA-1	HTO4	CD22_A11_int_1411
GGGCATAAGCGATGAG-1	HTO2	CD22_i61_2
GGGCATAAGCTCTCAT-1	HTO4	CD22_A11_int_1411
GGGCATTTCACGGTTA-1	HTO4	CD22_A11_int_1411
GGGCATTTCAGTAATC-1	HTO2	CD22_i61_2
GGGCATTTCCAACTTC-1	HTO2	CD22_i61_2
GGGCATTTCCGTACTT-1	HTO2	CD22_i61_2
GGGCATTTCGGTTAAT-1	HTO1	CD22_m971
GGGCCTATCAAACCTG-1	HTO4	CD22_A11_int_1411
GGGCCTATCATGCAGC-1	HTO5	CD22_B1_nonint_2261
GGGCCTATCCATCATC-1	HTO3	CD22_A3_nonint_4434
GGGCCTATCCCACTAT-1	HTO4	CD22_A11_int_1411
GGGCCTATCCCGGCAA-1	HTO5	CD22_B1_nonint_2261
GGGCCTATCCTCCATG-1	HTO2	CD22_i61_2
GGGCCTATCCTCCTTC-1	HTO3	CD22_A3_nonint_4434
GGGCGATAGCAGTATT-1	HTO3	CD22_A3_nonint_4434
GGGCGATAGCGTTATG-1	HTO3	CD22_A3_nonint_4434
GGGCGATAGCTGCACG-1	HTO2	CD22_i61_2
GGGCGATAGGCTGGTT-1	HTO3	CD22_A3_nonint_4434
GGGCGTACACGATGGG-1	HTO2	CD22_i61_2
GGGCGTACACTACGCA-1	HTO2	CD22_i61_2
GGGCGTACAGGTTCAT-1	HTO1	CD22_m971
GGGCGTACAGTGCGGA-1	HTO2	CD22_i61_2
GGGCTAAAGACCTTAG-1	HTO5	CD22_B1_nonint_2261
GGGCTAAAGACTATGT-1	HTO5	CD22_B1_nonint_2261
GGGCTAAAGAGGTAAC-1	HTO1	CD22_m971
GGGCTAAAGCCGCGTA-1	HTO2	CD22_i61_2
GGGCTAAAGGCTCAGT-1	HTO5	CD22_B1_nonint_2261
GGGCTAAAGGTATTCG-1	HTO4	CD22_A11_int_1411
GGGCTAGCACCAGCTA-1	HTO4	CD22_A11_int_1411
GGGCTAGCACCTCTAC-1	HTO1	CD22_m971
GGGCTAGCAGTAGGGT-1	HTO5	CD22_B1_nonint_2261
GGGCTAGCAGTTAGCT-1	HTO3	CD22_A3_nonint_4434
GGGCTATTCACCATCT-1	HTO5	CD22_B1_nonint_2261
GGGCTATTCCGTACTT-1	HTO5	CD22_B1_nonint_2261
GGGCTATTCGTCTCAT-1	HTO5	CD22_B1_nonint_2261
GGGCTCATCAACGTGC-1	HTO4	CD22_A11_int_1411
GGGCTCATCAGCCTCC-1	HTO4	CD22_A11_int_1411
GGGCTCATCATTGCTC-1	HTO4	CD22_A11_int_1411
GGGCTCATCCGGCGTA-1	HTO5	CD22_B1_nonint_2261
GGGCTCATCGGTAATT-1	HTO1	CD22_m971
GGGCTCATCGTAGCAC-1	HTO5	CD22_B1_nonint_2261
GGGCTCATCGTTGGGT-1	HTO4	CD22_A11_int_1411
GGGCTCTCACAAGACA-1	HTO5	CD22_B1_nonint_2261
GGGCTCTCACGCAGCT-1	HTO1	CD22_m971
GGGCTCTCACTACTCC-1	HTO2	CD22_i61_2
GGGCTCTCACTCGTTC-1	HTO2	CD22_i61_2
GGGCTCTCAGCTGACC-1	HTO2	CD22_i61_2
GGGCTTCCAACCTCAG-1	HTO1	CD22_m971
GGGCTTCCAGGGACAT-1	HTO5	CD22_B1_nonint_2261
GGGCTTGTCACAATCG-1	HTO5	CD22_B1_nonint_2261
GGGCTTGTCACTATAA-1	HTO5	CD22_B1_nonint_2261
GGGCTTGTCAGTAATC-1	HTO2	CD22_i61_2
GGGCTTGTCATCACTC-1	HTO2	CD22_i61_2
GGGCTTGTCCTACTAC-1	HTO3	CD22_A3_nonint_4434
GGGCTTGTCGCCCCAT-1	HTO2	CD22_i61_2
GGGCTTGTCGTGTAAT-1	HTO5	CD22_B1_nonint_2261
GGGCTTTAGAACGTAA-1	HTO3	CD22_A3_nonint_4434
GGGCTTTAGCAATTAC-1	HTO1	CD22_m971
GGGCTTTAGCCTGGCA-1	HTO2	CD22_i61_2
GGGCTTTAGCGGATTC-1	HTO2	CD22_i61_2
GGGCTTTAGCTACAGC-1	HTO5	CD22_B1_nonint_2261
GGGCTTTAGCTGACAC-1	HTO2	CD22_i61_2
GGGGAATGTAGTAAGG-1	HTO2	CD22_i61_2
GGGGAATGTCGTACAG-1	HTO5	CD22_B1_nonint_2261
GGGGAATGTCTCCGGC-1	HTO1	CD22_m971
GGGGAATGTGTTATAG-1	HTO2	CD22_i61_2
GGGGATGGTGGGTGTC-1	HTO2	CD22_i61_2
GGGGCATAGCCCAAGT-1	HTO5	CD22_B1_nonint_2261
GGGGCATAGCGTCAGT-1	HTO1	CD22_m971
GGGGCATAGCTAAACT-1	HTO4	CD22_A11_int_1411
GGGGCATAGCTACGTA-1	HTO2	CD22_i61_2
GGGGCATAGGCTTTAG-1	HTO5	CD22_B1_nonint_2261
GGGGCTACACACGTCA-1	HTO1	CD22_m971
GGGGCTACAGCGCTAC-1	HTO4	CD22_A11_int_1411
GGGGCTTGTAGGACGG-1	HTO1	CD22_m971
GGGGCTTGTAGGCGCT-1	HTO2	CD22_i61_2
GGGGTAATCAAGCCGT-1	HTO1	CD22_m971
GGGGTAATCATAACTA-1	HTO3	CD22_A3_nonint_4434
GGGGTAATCATAATGC-1	HTO3	CD22_A3_nonint_4434
GGGGTAATCGGCTGCA-1	HTO5	CD22_B1_nonint_2261
GGGGTAATCGGCTTAA-1	HTO4	CD22_A11_int_1411
GGGGTACAGAACCCCG-1	HTO2	CD22_i61_2
GGGGTACAGCCACTTT-1	HTO2	CD22_i61_2
GGGGTACAGCTGACAC-1	HTO1	CD22_m971
GGGGTAGGTAAGCGCC-1	HTO4	CD22_A11_int_1411
GGGGTAGGTAGGCTCA-1	HTO2	CD22_i61_2
GGGGTAGGTCCTATTG-1	HTO3	CD22_A3_nonint_4434
GGGGTAGGTCGCTTTA-1	HTO3	CD22_A3_nonint_4434
GGGGTAGGTCTAGCAG-1	HTO1	CD22_m971
GGGGTAGGTGCCAAAT-1	HTO5	CD22_B1_nonint_2261
GGGGTCTGTCACGTAG-1	HTO4	CD22_A11_int_1411
GGGGTCTGTGCTATGG-1	HTO5	CD22_B1_nonint_2261
GGGGTCTGTGTCGTCT-1	HTO4	CD22_A11_int_1411
GGGGTTAAGAACTTGT-1	HTO1	CD22_m971
GGGGTTAAGCACAGCT-1	HTO3	CD22_A3_nonint_4434
GGGGTTAAGCACGGAA-1	HTO4	CD22_A11_int_1411
GGGGTTAAGGCTATGC-1	HTO2	CD22_i61_2
GGGGTTAAGGTATATC-1	HTO5	CD22_B1_nonint_2261
GGGGTTCGTCCGTAAG-1	HTO2	CD22_i61_2
GGGGTTCGTCGACGTA-1	HTO5	CD22_B1_nonint_2261
GGGGTTCGTGCTTCGT-1	HTO2	CD22_i61_2
GGGTAATAGACGCCAT-1	HTO2	CD22_i61_2
GGGTAATAGATTCACG-1	HTO3	CD22_A3_nonint_4434
GGGTAATAGCATTACG-1	HTO3	CD22_A3_nonint_4434
GGGTAATAGCCATGAC-1	HTO5	CD22_B1_nonint_2261
GGGTAATAGCCTAGAC-1	HTO3	CD22_A3_nonint_4434
GGGTAATAGCGAATGG-1	HTO4	CD22_A11_int_1411
GGGTAATAGGCTTATG-1	HTO2	CD22_i61_2
GGGTAATAGGGCATGA-1	HTO2	CD22_i61_2
GGGTAATAGGTGCCAT-1	HTO1	CD22_m971
GGGTACAAGAACGGCA-1	HTO2	CD22_i61_2
GGGTACAAGAAGGTTA-1	HTO5	CD22_B1_nonint_2261
GGGTACAAGATAGTAG-1	HTO2	CD22_i61_2
GGGTACAAGATGGGAT-1	HTO5	CD22_B1_nonint_2261
GGGTACAAGATGTGAA-1	HTO2	CD22_i61_2
GGGTACAAGCAGGGTA-1	HTO4	CD22_A11_int_1411
GGGTACAAGCCATCAA-1	HTO1	CD22_m971
GGGTAGCAGCCGACAT-1	HTO3	CD22_A3_nonint_4434
GGGTAGCAGCCTTGCC-1	HTO2	CD22_i61_2
GGGTAGCAGGCTAGAG-1	HTO5	CD22_B1_nonint_2261
GGGTAGCAGGGGCTAA-1	HTO5	CD22_B1_nonint_2261
GGGTAGCAGGTAGTAA-1	HTO3	CD22_A3_nonint_4434
GGGTAGCAGGTATGGG-1	HTO4	CD22_A11_int_1411
GGGTAGCAGGTCCTAA-1	HTO3	CD22_A3_nonint_4434
GGGTAGGGTAAGCCCA-1	HTO4	CD22_A11_int_1411
GGGTAGGGTACTACGG-1	HTO2	CD22_i61_2
GGGTAGGGTAGCCCTT-1	HTO2	CD22_i61_2
GGGTAGGGTCACCCAT-1	HTO1	CD22_m971
GGGTAGGGTCCAGTTC-1	HTO5	CD22_B1_nonint_2261
GGGTAGGGTCCCTCTC-1	HTO5	CD22_B1_nonint_2261
GGGTAGGGTCGGGTTA-1	HTO5	CD22_B1_nonint_2261
GGGTAGGGTGCACTCT-1	HTO4	CD22_A11_int_1411
GGGTAGGGTGGACCGT-1	HTO3	CD22_A3_nonint_4434
GGGTAGGGTGTACCCT-1	HTO5	CD22_B1_nonint_2261
GGGTAGGGTGTGCGCG-1	HTO3	CD22_A3_nonint_4434
GGGTATACACCGACTA-1	HTO5	CD22_B1_nonint_2261
GGGTATCTCAGCACGT-1	HTO1	CD22_m971
GGGTATCTCCAAGTAT-1	HTO4	CD22_A11_int_1411
GGGTATCTCCCAAAGC-1	HTO5	CD22_B1_nonint_2261
GGGTATCTCGCGGCTA-1	HTO1	CD22_m971
GGGTATCTCGCGTGCA-1	HTO5	CD22_B1_nonint_2261
GGGTATCTCGGCCCTT-1	HTO4	CD22_A11_int_1411
GGGTATCTCGGTTCGG-1	HTO2	CD22_i61_2
GGGTATGAGCTACTTC-1	HTO1	CD22_m971
GGGTATGAGGGATAGT-1	HTO5	CD22_B1_nonint_2261
GGGTATGAGGGATTAA-1	HTO1	CD22_m971
GGGTATTGTAACGAGA-1	HTO4	CD22_A11_int_1411
GGGTATTGTAATTTGG-1	HTO2	CD22_i61_2
GGGTATTGTACAGAAG-1	HTO1	CD22_m971
GGGTATTGTACTGCAG-1	HTO4	CD22_A11_int_1411
GGGTATTGTCAAGTTA-1	HTO4	CD22_A11_int_1411
GGGTATTGTCAATGTA-1	HTO4	CD22_A11_int_1411
GGGTCAGCAATCAGCT-1	HTO4	CD22_A11_int_1411
GGGTCAGCACGCCTAA-1	HTO4	CD22_A11_int_1411
GGGTCAGCAGCTTACG-1	HTO4	CD22_A11_int_1411
GGGTCATTCAAGCTTG-1	HTO1	CD22_m971
GGGTCATTCAGCGTGT-1	HTO5	CD22_B1_nonint_2261
GGGTCATTCATGGCTA-1	HTO5	CD22_B1_nonint_2261
GGGTCATTCCGACGCA-1	HTO2	CD22_i61_2
GGGTCATTCCTCCGAC-1	HTO4	CD22_A11_int_1411
GGGTCATTCGCACTCC-1	HTO3	CD22_A3_nonint_4434
GGGTCATTCGCTACTT-1	HTO5	CD22_B1_nonint_2261
GGGTCATTCGGTACGT-1	HTO1	CD22_m971
GGGTCCATCAGCATTG-1	HTO5	CD22_B1_nonint_2261
GGGTCCATCCAATCGA-1	HTO1	CD22_m971
GGGTCCATCCTCCGGT-1	HTO2	CD22_i61_2
GGGTCCATCCTTGTCG-1	HTO2	CD22_i61_2
GGGTCTAGTAATGGGA-1	HTO4	CD22_A11_int_1411
GGGTCTAGTGCTGCCC-1	HTO3	CD22_A3_nonint_4434
GGGTCTCCACAATCAC-1	HTO1	CD22_m971
GGGTGAGGTAACCGCA-1	HTO5	CD22_B1_nonint_2261
GGGTGAGGTATCATCT-1	HTO3	CD22_A3_nonint_4434
GGGTGAGGTCTTAATC-1	HTO2	CD22_i61_2
GGGTGAGGTGTATCGG-1	HTO2	CD22_i61_2
GGGTGCACAACAATGG-1	HTO1	CD22_m971
GGGTGCACACAGTGGG-1	HTO1	CD22_m971
GGGTGCTGTAAGCATC-1	HTO1	CD22_m971
GGGTGCTGTAAGTGTC-1	HTO1	CD22_m971
GGGTGCTGTATCAGCG-1	HTO2	CD22_i61_2
GGGTGTAAGAGCGGGT-1	HTO5	CD22_B1_nonint_2261
GGGTGTAAGCCCATTT-1	HTO1	CD22_m971
GGGTGTAAGCCTACGG-1	HTO4	CD22_A11_int_1411
GGGTGTAAGCGAATGG-1	HTO5	CD22_B1_nonint_2261
GGGTGTAAGGCATCCG-1	HTO4	CD22_A11_int_1411
GGGTGTCGTAATTTCC-1	HTO1	CD22_m971
GGGTGTCGTACAGGCC-1	HTO3	CD22_A3_nonint_4434
GGGTGTCGTATGAGCT-1	HTO4	CD22_A11_int_1411
GGGTGTCGTCAGTCAG-1	HTO2	CD22_i61_2
GGGTGTCGTCTGGTCT-1	HTO2	CD22_i61_2
GGGTTAACAACGCGAG-1	HTO2	CD22_i61_2
GGGTTAACAATGCGCC-1	HTO4	CD22_A11_int_1411
GGGTTAACAATGGACA-1	HTO3	CD22_A3_nonint_4434
GGGTTAACAATTGTAT-1	HTO5	CD22_B1_nonint_2261
GGGTTAACACCCTCAT-1	HTO2	CD22_i61_2
GGGTTACTCATGATGT-1	HTO2	CD22_i61_2
GGGTTACTCATGTCAG-1	HTO1	CD22_m971
GGGTTACTCGCCCGTT-1	HTO1	CD22_m971
GGGTTACTCGTCGAAC-1	HTO5	CD22_B1_nonint_2261
GGGTTAGAGACCTATG-1	HTO2	CD22_i61_2
GGGTTAGAGATCAGGG-1	HTO2	CD22_i61_2
GGGTTAGAGCACGTCG-1	HTO5	CD22_B1_nonint_2261
GGGTTAGAGCTAAGGG-1	HTO2	CD22_i61_2
GGGTTAGAGCTTGATG-1	HTO2	CD22_i61_2
GGGTTAGAGGCGGTTT-1	HTO4	CD22_A11_int_1411
GGGTTATGTCAGTTGG-1	HTO2	CD22_i61_2
GGGTTATGTCCATGCT-1	HTO3	CD22_A3_nonint_4434
GGGTTATGTCCTTGCG-1	HTO3	CD22_A3_nonint_4434
GGGTTATGTCGGTTAG-1	HTO2	CD22_i61_2
GGGTTATGTGCGATGC-1	HTO4	CD22_A11_int_1411
GGGTTATGTGGCTCCC-1	HTO2	CD22_i61_2
GGGTTCAGTAAGTCTA-1	HTO1	CD22_m971
GGGTTCAGTACAGCGC-1	HTO3	CD22_A3_nonint_4434
GGGTTCAGTCGGTTCT-1	HTO3	CD22_A3_nonint_4434
GGGTTCAGTGGGTGCT-1	HTO1	CD22_m971
GGGTTCCCAAGTACAG-1	HTO1	CD22_m971
GGGTTCCCAGCGTCTA-1	HTO3	CD22_A3_nonint_4434
GGGTTCCCAGGGTTCC-1	HTO3	CD22_A3_nonint_4434
GGGTTCGTCAATCGTG-1	HTO2	CD22_i61_2
GGGTTCGTCACTCTTA-1	HTO4	CD22_A11_int_1411
GGGTTCGTCAGCCATA-1	HTO1	CD22_m971
GGGTTCGTCATGGGTC-1	HTO5	CD22_B1_nonint_2261
GGGTTCGTCCAGTAAT-1	HTO3	CD22_A3_nonint_4434
GGGTTCGTCGGTGTCG-1	HTO4	CD22_A11_int_1411
GGGTTGAAGCCGATAC-1	HTO3	CD22_A3_nonint_4434
GGGTTGAAGGGACAAT-1	HTO5	CD22_B1_nonint_2261
GGGTTGCGTAAGTAGG-1	HTO1	CD22_m971
GGGTTGCGTATCGAGT-1	HTO5	CD22_B1_nonint_2261
GGGTTGCGTCCTATGC-1	HTO2	CD22_i61_2
GGGTTGCGTGGGGCTT-1	HTO4	CD22_A11_int_1411
GGGTTGCGTGTCTTCA-1	HTO1	CD22_m971
GGGTTTCAGAGTCTTG-1	HTO4	CD22_A11_int_1411
GGGTTTCAGATGACGG-1	HTO5	CD22_B1_nonint_2261
GGGTTTCAGCCGATAC-1	HTO2	CD22_i61_2
GGGTTTCAGCCTTAAG-1	HTO1	CD22_m971
GGGTTTGGTAGGATTC-1	HTO5	CD22_B1_nonint_2261
GGGTTTGGTCAAGTTA-1	HTO5	CD22_B1_nonint_2261
GGGTTTGGTCAGTTCC-1	HTO4	CD22_A11_int_1411
GGGTTTGGTCGCATCT-1	HTO5	CD22_B1_nonint_2261
GGGTTTGGTCTTGTAT-1	HTO3	CD22_A3_nonint_4434
GGGTTTGGTGGTCTAG-1	HTO2	CD22_i61_2
GGTAAAGGTAACTAGC-1	HTO1	CD22_m971
GGTAAAGGTAGTCAGT-1	HTO2	CD22_i61_2
GGTAAAGGTATCCGAG-1	HTO1	CD22_m971
GGTAAAGGTCGTTCTA-1	HTO4	CD22_A11_int_1411
GGTAAATCAAGTGCAA-1	HTO1	CD22_m971
GGTAAATCAATCGGGG-1	HTO3	CD22_A3_nonint_4434
GGTAAATCAATTAATC-1	HTO2	CD22_i61_2
GGTAACACAAGGGTCG-1	HTO2	CD22_i61_2
GGTAACACACCAAATC-1	HTO5	CD22_B1_nonint_2261
GGTAACACAGCAGTAA-1	HTO4	CD22_A11_int_1411
GGTAACACAGCGAATA-1	HTO2	CD22_i61_2
GGTAACACAGCGACCT-1	HTO5	CD22_B1_nonint_2261
GGTAAGCCAAAAGGCC-1	HTO2	CD22_i61_2
GGTAAGCCAACCAAGA-1	HTO4	CD22_A11_int_1411
GGTAAGCCACGGCTAC-1	HTO5	CD22_B1_nonint_2261
GGTAAGCCAGTAGGGT-1	HTO1	CD22_m971
GGTAAGTAGAAGCTTT-1	HTO2	CD22_i61_2
GGTAAGTAGACAACGG-1	HTO3	CD22_A3_nonint_4434
GGTAAGTAGAGTGGCA-1	HTO2	CD22_i61_2
GGTAAGTAGATAAGCA-1	HTO4	CD22_A11_int_1411
GGTAAGTAGATAGGCG-1	HTO1	CD22_m971
GGTAAGTAGCCAACCG-1	HTO3	CD22_A3_nonint_4434
GGTAATCGTAATCAGC-1	HTO3	CD22_A3_nonint_4434
GGTAATCGTACCCTTA-1	HTO3	CD22_A3_nonint_4434
GGTAATCGTATAAGGG-1	HTO1	CD22_m971
GGTAATCGTGGCGATC-1	HTO1	CD22_m971
GGTAATTTCAGACTCA-1	HTO2	CD22_i61_2
GGTAATTTCCCTTAAC-1	HTO1	CD22_m971
GGTAATTTCGTAGCTA-1	HTO5	CD22_B1_nonint_2261
GGTACAACAAAAGCAT-1	HTO1	CD22_m971
GGTACAACACAGCTCA-1	HTO1	CD22_m971
GGTACAACACCAGTGC-1	HTO2	CD22_i61_2
GGTACAACACTACGAT-1	HTO3	CD22_A3_nonint_4434
GGTACAACAGGACCGA-1	HTO4	CD22_A11_int_1411
GGTACAACAGTGAAAT-1	HTO4	CD22_A11_int_1411
GGTACAGAGAACGATA-1	HTO5	CD22_B1_nonint_2261
GGTACAGAGAGCGTGA-1	HTO5	CD22_B1_nonint_2261
GGTACAGAGGGACAAT-1	HTO3	CD22_A3_nonint_4434
GGTACAGAGGGGCGAT-1	HTO2	CD22_i61_2
GGTACGAAGAAGCCAG-1	HTO2	CD22_i61_2
GGTACGAAGAGTTAAG-1	HTO3	CD22_A3_nonint_4434
GGTACGAAGCGGTCAT-1	HTO2	CD22_i61_2
GGTACGAAGCGTATTG-1	HTO5	CD22_B1_nonint_2261
GGTACGAAGCTACACA-1	HTO4	CD22_A11_int_1411
GGTACGAAGGCTCATA-1	HTO1	CD22_m971
GGTACGAAGGGGTAGC-1	HTO3	CD22_A3_nonint_4434
GGTACGAAGGTAGGAT-1	HTO4	CD22_A11_int_1411
GGTACGAAGGTAGGTG-1	HTO2	CD22_i61_2
GGTACGTTCAGAGTAA-1	HTO3	CD22_A3_nonint_4434
GGTACGTTCGCTATAG-1	HTO3	CD22_A3_nonint_4434
GGTACTATCCATGGGT-1	HTO4	CD22_A11_int_1411
GGTACTATCGCGTAGT-1	HTO3	CD22_A3_nonint_4434
GGTACTATCGGCCATG-1	HTO5	CD22_B1_nonint_2261
GGTACTGGTACTCCCG-1	HTO1	CD22_m971
GGTACTGGTATGCGAT-1	HTO4	CD22_A11_int_1411
GGTACTGGTGGAAGTA-1	HTO2	CD22_i61_2
GGTACTGGTGGGAGTG-1	HTO2	CD22_i61_2
GGTAGCAAGACGTATT-1	HTO1	CD22_m971
GGTAGCAAGCCAAATT-1	HTO1	CD22_m971
GGTAGCAAGCTTAGTG-1	HTO1	CD22_m971
GGTAGCAAGGGTAGCA-1	HTO4	CD22_A11_int_1411
GGTAGCCGTACGCTGA-1	HTO1	CD22_m971
GGTAGCCGTACGGGTC-1	HTO5	CD22_B1_nonint_2261
GGTAGCCGTAGCAATC-1	HTO1	CD22_m971
GGTAGCCGTCTTCTAG-1	HTO1	CD22_m971
GGTAGCCGTGCTTCTA-1	HTO3	CD22_A3_nonint_4434
GGTAGCCGTGGAGCTC-1	HTO5	CD22_B1_nonint_2261
GGTAGCGCAACATCAC-1	HTO5	CD22_B1_nonint_2261
GGTAGCGCAACCAGAA-1	HTO5	CD22_B1_nonint_2261
GGTAGCGCAATAATTC-1	HTO1	CD22_m971
GGTAGCGCAATGCAGA-1	HTO1	CD22_m971
GGTAGCTTCAAGCGTC-1	HTO1	CD22_m971
GGTAGCTTCACGTCCC-1	HTO2	CD22_i61_2
GGTAGCTTCACTCCTG-1	HTO1	CD22_m971
GGTAGCTTCCAAGACC-1	HTO3	CD22_A3_nonint_4434
GGTAGCTTCGTGCTAA-1	HTO4	CD22_A11_int_1411
GGTAGGCAGCAACCGT-1	HTO5	CD22_B1_nonint_2261
GGTAGGCAGCGCATCG-1	HTO5	CD22_B1_nonint_2261
GGTAGGGGTAAATCTG-1	HTO5	CD22_B1_nonint_2261
GGTAGGGGTATGCTGG-1	HTO1	CD22_m971
GGTAGGGGTCGAGTGC-1	HTO1	CD22_m971
GGTAGGGGTGCTAGTG-1	HTO2	CD22_i61_2
GGTAGTGAGACGCGTT-1	HTO2	CD22_i61_2
GGTAGTGAGATGGGAT-1	HTO2	CD22_i61_2
GGTAGTGAGATTACCG-1	HTO1	CD22_m971
GGTAGTGAGCATGTTG-1	HTO2	CD22_i61_2
GGTAGTGAGCCAAGCT-1	HTO2	CD22_i61_2
GGTAGTGAGGCGTGAA-1	HTO1	CD22_m971
GGTAGTTGTAAGGGTA-1	HTO2	CD22_i61_2
GGTAGTTGTATCGTGG-1	HTO2	CD22_i61_2
GGTAGTTGTCCAACGA-1	HTO1	CD22_m971
GGTAGTTGTCTTATGT-1	HTO3	CD22_A3_nonint_4434
GGTAGTTGTGGAGCTC-1	HTO2	CD22_i61_2
GGTATATTCAAGGGCA-1	HTO2	CD22_i61_2
GGTATATTCAGTACTG-1	HTO4	CD22_A11_int_1411
GGTATATTCCGACTCC-1	HTO1	CD22_m971
GGTATATTCGGGTTCG-1	HTO1	CD22_m971
GGTATCCAGATGGAGT-1	HTO1	CD22_m971
GGTATCCAGGTAAATG-1	HTO2	CD22_i61_2
GGTATCCAGGTTCGCG-1	HTO3	CD22_A3_nonint_4434
GGTATCTCACATCAGT-1	HTO1	CD22_m971
GGTATCTCACTGCACA-1	HTO5	CD22_B1_nonint_2261
GGTATGCTCCTCCGGT-1	HTO3	CD22_A3_nonint_4434
GGTATGTGTACCCTTA-1	HTO2	CD22_i61_2
GGTATGTGTACGGTCA-1	HTO1	CD22_m971
GGTATGTGTAGTTATG-1	HTO2	CD22_i61_2
GGTATGTGTGGCCTGG-1	HTO1	CD22_m971
GGTATGTGTGTATCGG-1	HTO5	CD22_B1_nonint_2261
GGTATTAGTATGAGCT-1	HTO2	CD22_i61_2
GGTATTAGTGTTGTCC-1	HTO4	CD22_A11_int_1411
GGTATTCCAAAGGACC-1	HTO1	CD22_m971
GGTATTCCAAGCGCCT-1	HTO3	CD22_A3_nonint_4434
GGTATTCCACACGCAC-1	HTO2	CD22_i61_2
GGTATTCCACTCTCCG-1	HTO5	CD22_B1_nonint_2261
GGTATTCCAGCTTTAA-1	HTO4	CD22_A11_int_1411
GGTATTGTCCTCTAAC-1	HTO2	CD22_i61_2
GGTATTGTCGCGGTTG-1	HTO2	CD22_i61_2
GGTATTGTCGTACTTC-1	HTO1	CD22_m971
GGTCAACTCACACAAT-1	HTO1	CD22_m971
GGTCAACTCATGACCA-1	HTO5	CD22_B1_nonint_2261
GGTCAACTCCAACCTT-1	HTO3	CD22_A3_nonint_4434
GGTCAACTCCAATAGT-1	HTO5	CD22_B1_nonint_2261
GGTCAACTCCGCAGCA-1	HTO5	CD22_B1_nonint_2261
GGTCAACTCCTGTTCG-1	HTO5	CD22_B1_nonint_2261
GGTCAACTCGCGCATG-1	HTO2	CD22_i61_2
GGTCAACTCGGATTGC-1	HTO1	CD22_m971
GGTCAACTCGGGCTCA-1	HTO4	CD22_A11_int_1411
GGTCAATGTAAGTCCG-1	HTO4	CD22_A11_int_1411
GGTCAATGTATATGTG-1	HTO4	CD22_A11_int_1411
GGTCAATGTATGTTAG-1	HTO1	CD22_m971
GGTCAATGTCGTGAGC-1	HTO5	CD22_B1_nonint_2261
GGTCAATGTCGTTGGA-1	HTO3	CD22_A3_nonint_4434
GGTCAATGTCTCGCTG-1	HTO3	CD22_A3_nonint_4434
GGTCAATGTGTATGTA-1	HTO5	CD22_B1_nonint_2261
GGTCAGCGTAATGGGA-1	HTO3	CD22_A3_nonint_4434
GGTCAGCGTACTTGGG-1	HTO1	CD22_m971
GGTCAGCGTATGCCGA-1	HTO1	CD22_m971
GGTCAGCGTCATTGGG-1	HTO2	CD22_i61_2
GGTCAGCGTCGACAGC-1	HTO2	CD22_i61_2
GGTCAGCGTCTCGCAT-1	HTO1	CD22_m971
GGTCAGTTCACACGGT-1	HTO5	CD22_B1_nonint_2261
GGTCAGTTCCATAGCA-1	HTO5	CD22_B1_nonint_2261
GGTCAGTTCCCTTGTG-1	HTO2	CD22_i61_2
GGTCAGTTCGCAAGCT-1	HTO2	CD22_i61_2
GGTCAGTTCGTCACCC-1	HTO4	CD22_A11_int_1411
GGTCATATCATTACTT-1	HTO5	CD22_B1_nonint_2261
GGTCATATCCTCGTCA-1	HTO1	CD22_m971
GGTCATATCGTTGACA-1	HTO1	CD22_m971
GGTCATTCAACCTAGT-1	HTO5	CD22_B1_nonint_2261
GGTCATTCACCCTAAG-1	HTO2	CD22_i61_2
GGTCATTCAGCATTCG-1	HTO4	CD22_A11_int_1411
GGTCCCCGTAATTCCT-1	HTO1	CD22_m971
GGTCCCCGTACAACGT-1	HTO5	CD22_B1_nonint_2261
GGTCCCCGTAGGTAAG-1	HTO1	CD22_m971
GGTCCCCGTGCTGCCC-1	HTO2	CD22_i61_2
GGTCCCCGTGGAATGA-1	HTO5	CD22_B1_nonint_2261
GGTCCCCGTGGGAGTG-1	HTO3	CD22_A3_nonint_4434
GGTCCCTTCACGCGTG-1	HTO3	CD22_A3_nonint_4434
GGTCCCTTCCTAGCCC-1	HTO5	CD22_B1_nonint_2261
GGTCCCTTCCTAGGGT-1	HTO4	CD22_A11_int_1411
GGTCCTCTCAATGTGT-1	HTO3	CD22_A3_nonint_4434
GGTCCTCTCGCCACTC-1	HTO4	CD22_A11_int_1411
GGTCGCATCATGGCAC-1	HTO4	CD22_A11_int_1411
GGTCGCATCCCGCGTT-1	HTO2	CD22_i61_2
GGTCGTCCAAGGACCG-1	HTO2	CD22_i61_2
GGTCGTCCACCAACGC-1	HTO1	CD22_m971
GGTCGTCCAGGATCAA-1	HTO5	CD22_B1_nonint_2261
GGTCGTTAGACCAGGA-1	HTO1	CD22_m971
GGTCGTTAGAGGGACC-1	HTO5	CD22_B1_nonint_2261
GGTCGTTAGATACAGA-1	HTO3	CD22_A3_nonint_4434
GGTCGTTAGCTAGCCG-1	HTO2	CD22_i61_2
GGTCTAGGTAACGCCA-1	HTO3	CD22_A3_nonint_4434
GGTCTAGGTAATCAGC-1	HTO2	CD22_i61_2
GGTCTAGGTAATTCAG-1	HTO1	CD22_m971
GGTCTAGGTATGCTCC-1	HTO3	CD22_A3_nonint_4434
GGTCTAGGTCAAGGCC-1	HTO5	CD22_B1_nonint_2261
GGTCTAGGTGCATTCC-1	HTO5	CD22_B1_nonint_2261
GGTCTAGGTGTATGCG-1	HTO5	CD22_B1_nonint_2261
GGTCTATCAATGGCCC-1	HTO2	CD22_i61_2
GGTCTCTGTACGGTTG-1	HTO2	CD22_i61_2
GGTCTCTGTAGCAGGG-1	HTO2	CD22_i61_2
GGTCTCTGTATACTAG-1	HTO2	CD22_i61_2
GGTCTCTGTCGATCAG-1	HTO2	CD22_i61_2
GGTCTCTGTGTCGTAG-1	HTO5	CD22_B1_nonint_2261
GGTCTGTAGATTGAAG-1	HTO4	CD22_A11_int_1411
GGTGAATAGACCCAAC-1	HTO5	CD22_B1_nonint_2261
GGTGAATAGACTGCAC-1	HTO5	CD22_B1_nonint_2261
GGTGAATAGAGTAATG-1	HTO5	CD22_B1_nonint_2261
GGTGAATAGATGCGAG-1	HTO2	CD22_i61_2
GGTGAATAGATGTGAA-1	HTO2	CD22_i61_2
GGTGAATAGCCAGGTT-1	HTO4	CD22_A11_int_1411
GGTGAATAGGCCATCG-1	HTO4	CD22_A11_int_1411
GGTGATACAAAACGCA-1	HTO5	CD22_B1_nonint_2261
GGTGATACAAACGGCG-1	HTO2	CD22_i61_2
GGTGATACAAGAGAGG-1	HTO1	CD22_m971
GGTGATACACCAGGCT-1	HTO1	CD22_m971
GGTGATACACCTACTC-1	HTO2	CD22_i61_2
GGTGATACACTCAATA-1	HTO3	CD22_A3_nonint_4434
GGTGATACACTTGACG-1	HTO3	CD22_A3_nonint_4434
GGTGATACAGTCCATG-1	HTO4	CD22_A11_int_1411
GGTGATGAGCAATTAC-1	HTO5	CD22_B1_nonint_2261
GGTGATGAGCCATCAA-1	HTO3	CD22_A3_nonint_4434
GGTGATGAGCTACATG-1	HTO1	CD22_m971
GGTGATTGTATAGGGA-1	HTO4	CD22_A11_int_1411
GGTGATTGTCATGCAG-1	HTO2	CD22_i61_2
GGTGATTGTCGAGTCA-1	HTO2	CD22_i61_2
GGTGATTGTCGGGCAT-1	HTO3	CD22_A3_nonint_4434
GGTGCCGGTAAATTCG-1	HTO4	CD22_A11_int_1411
GGTGCCGGTATCCGTC-1	HTO4	CD22_A11_int_1411
GGTGCCGGTATGGCCA-1	HTO1	CD22_m971
GGTGCCGGTCCTTCCC-1	HTO5	CD22_B1_nonint_2261
GGTGCCGGTGCGAATT-1	HTO1	CD22_m971
GGTGCCGGTGGAGCCT-1	HTO5	CD22_B1_nonint_2261
GGTGCCGGTGTTCTCA-1	HTO5	CD22_B1_nonint_2261
GGTGCGACAAAACGCA-1	HTO3	CD22_A3_nonint_4434
GGTGCGACACCAAGGG-1	HTO2	CD22_i61_2
GGTGCGTGTACATCCC-1	HTO2	CD22_i61_2
GGTGCGTGTACCACAG-1	HTO5	CD22_B1_nonint_2261
GGTGCGTGTATGCCGA-1	HTO3	CD22_A3_nonint_4434
GGTGGAGGTACGAAAG-1	HTO1	CD22_m971
GGTGGAGGTATCAGGT-1	HTO4	CD22_A11_int_1411
GGTGGAGGTCAGGCCG-1	HTO5	CD22_B1_nonint_2261
GGTGGAGGTCTCATTG-1	HTO1	CD22_m971
GGTGGAGGTGTCCATC-1	HTO1	CD22_m971
GGTGGAGGTGTGCGTA-1	HTO5	CD22_B1_nonint_2261
GGTGGTTTCAACCATG-1	HTO3	CD22_A3_nonint_4434
GGTGGTTTCACACGTA-1	HTO3	CD22_A3_nonint_4434
GGTGGTTTCATAACTA-1	HTO3	CD22_A3_nonint_4434
GGTGGTTTCCAAGCGT-1	HTO2	CD22_i61_2
GGTGGTTTCCAGTACA-1	HTO1	CD22_m971
GGTGGTTTCCATCTGT-1	HTO5	CD22_B1_nonint_2261
GGTGGTTTCCCGCACT-1	HTO5	CD22_B1_nonint_2261
GGTGGTTTCCGGTTAA-1	HTO1	CD22_m971
GGTGTATGTAATTTCC-1	HTO3	CD22_A3_nonint_4434
GGTGTATGTATATCCT-1	HTO3	CD22_A3_nonint_4434
GGTGTCAGTAAACCGT-1	HTO2	CD22_i61_2
GGTGTCAGTAATTTGG-1	HTO4	CD22_A11_int_1411
GGTGTCAGTGGGCAAG-1	HTO1	CD22_m971
GGTGTCAGTGGTGTCA-1	HTO1	CD22_m971
GGTGTCGTCACAGGCT-1	HTO2	CD22_i61_2
GGTGTCGTCAGGCCAT-1	HTO5	CD22_B1_nonint_2261
GGTGTCGTCATCAATA-1	HTO1	CD22_m971
GGTGTCGTCCCGGTTC-1	HTO3	CD22_A3_nonint_4434
GGTGTCGTCGCTTCGC-1	HTO2	CD22_i61_2
GGTGTCGTCGGATCAC-1	HTO1	CD22_m971
GGTGTGCGTAATCCCC-1	HTO1	CD22_m971
GGTGTGCGTAGTGTTA-1	HTO4	CD22_A11_int_1411
GGTGTGCGTGCCCTAT-1	HTO3	CD22_A3_nonint_4434
GGTGTTATCACCCGCT-1	HTO5	CD22_B1_nonint_2261
GGTGTTATCACGTCAA-1	HTO5	CD22_B1_nonint_2261
GGTGTTATCAGCCGCA-1	HTO4	CD22_A11_int_1411
GGTGTTATCATATCCC-1	HTO5	CD22_B1_nonint_2261
GGTGTTATCGGTGGTT-1	HTO2	CD22_i61_2
GGTGTTCAGAGCCTGT-1	HTO5	CD22_B1_nonint_2261
GGTGTTCAGCACTATG-1	HTO5	CD22_B1_nonint_2261
GGTGTTCAGCATAGCC-1	HTO1	CD22_m971
GGTGTTCAGCGTCTCC-1	HTO3	CD22_A3_nonint_4434
GGTGTTCAGCTGCACG-1	HTO4	CD22_A11_int_1411
GGTTAATTCCAAATGT-1	HTO1	CD22_m971
GGTTAATTCGGCCTCT-1	HTO2	CD22_i61_2
GGTTACTCAAAATCTT-1	HTO5	CD22_B1_nonint_2261
GGTTACTCAACATTAT-1	HTO2	CD22_i61_2
GGTTACTCAAGCAGTA-1	HTO5	CD22_B1_nonint_2261
GGTTACTCAATCCTAA-1	HTO1	CD22_m971
GGTTACTCACAGCAGG-1	HTO4	CD22_A11_int_1411
GGTTACTCACTAGAAG-1	HTO1	CD22_m971
GGTTACTCAGCGCACT-1	HTO5	CD22_B1_nonint_2261
GGTTACTCAGGATGAC-1	HTO1	CD22_m971
GGTTACTCAGTGCGGA-1	HTO3	CD22_A3_nonint_4434
GGTTACTCAGTGCGTC-1	HTO5	CD22_B1_nonint_2261
GGTTAGACAACCCGAC-1	HTO5	CD22_B1_nonint_2261
GGTTAGACACAAGTAG-1	HTO3	CD22_A3_nonint_4434
GGTTAGACACGGGGTA-1	HTO3	CD22_A3_nonint_4434
GGTTAGCTCACGGGTT-1	HTO4	CD22_A11_int_1411
GGTTAGCTCAGGGCAA-1	HTO1	CD22_m971
GGTTAGCTCCCTTAGT-1	HTO3	CD22_A3_nonint_4434
GGTTAGCTCCTAGTTC-1	HTO5	CD22_B1_nonint_2261
GGTTAGCTCGTATCAG-1	HTO1	CD22_m971
GGTTAGCTCGTCAAGC-1	HTO5	CD22_B1_nonint_2261
GGTTAGGAGCAAGTAA-1	HTO5	CD22_B1_nonint_2261
GGTTAGGAGCACCATA-1	HTO2	CD22_i61_2
GGTTAGGAGCTACGTA-1	HTO2	CD22_i61_2
GGTTAGTGTAAACCGT-1	HTO2	CD22_i61_2
GGTTAGTGTAACCCGA-1	HTO3	CD22_A3_nonint_4434
GGTTAGTGTACTTCTG-1	HTO5	CD22_B1_nonint_2261
GGTTAGTGTATCCGGA-1	HTO2	CD22_i61_2
GGTTAGTGTATGCGAT-1	HTO4	CD22_A11_int_1411
GGTTAGTGTCTTGTAT-1	HTO2	CD22_i61_2
GGTTATAGTAGAGGTA-1	HTO1	CD22_m971
GGTTATAGTATCCAGG-1	HTO1	CD22_m971
GGTTATAGTCATAGTA-1	HTO3	CD22_A3_nonint_4434
GGTTATAGTGCCTCTG-1	HTO1	CD22_m971
GGTTATAGTGCCTGGG-1	HTO2	CD22_i61_2
GGTTATAGTGTAATTG-1	HTO2	CD22_i61_2
GGTTATAGTGTCCCGC-1	HTO1	CD22_m971
GGTTATAGTGTTCGTC-1	HTO3	CD22_A3_nonint_4434
GGTTATGTCATTCAAA-1	HTO3	CD22_A3_nonint_4434
GGTTATGTCCGACTAA-1	HTO3	CD22_A3_nonint_4434
GGTTATGTCGCTTCAT-1	HTO1	CD22_m971
GGTTCAATCAACGGCT-1	HTO2	CD22_i61_2
GGTTCAATCAGCATCA-1	HTO4	CD22_A11_int_1411
GGTTCAATCATGAGTT-1	HTO5	CD22_B1_nonint_2261
GGTTCAATCCATGGGT-1	HTO2	CD22_i61_2
GGTTCAATCCTATGCT-1	HTO3	CD22_A3_nonint_4434
GGTTCAATCGGTCAGT-1	HTO2	CD22_i61_2
GGTTCAGGTCCGTCGC-1	HTO2	CD22_i61_2
GGTTCATCAGTTCAGT-1	HTO4	CD22_A11_int_1411
GGTTCCCTCAATCCCT-1	HTO5	CD22_B1_nonint_2261
GGTTCCCTCATCGGAC-1	HTO2	CD22_i61_2
GGTTCCCTCCTGCGTC-1	HTO3	CD22_A3_nonint_4434
GGTTCCCTCGTCCATT-1	HTO2	CD22_i61_2
GGTTCCGAGAACATAG-1	HTO5	CD22_B1_nonint_2261
GGTTCCGAGAGGATTA-1	HTO2	CD22_i61_2
GGTTCCGAGAGTAATG-1	HTO4	CD22_A11_int_1411
GGTTCCGAGATAAGTG-1	HTO4	CD22_A11_int_1411
GGTTCCGAGATGCGAG-1	HTO5	CD22_B1_nonint_2261
GGTTCCGAGATGCGGA-1	HTO4	CD22_A11_int_1411
GGTTCCGAGCAATTGT-1	HTO3	CD22_A3_nonint_4434
GGTTCCGAGCACAGGA-1	HTO3	CD22_A3_nonint_4434
GGTTCCGAGGGCGGAT-1	HTO5	CD22_B1_nonint_2261
GGTTCCGAGGGGTTAG-1	HTO5	CD22_B1_nonint_2261
GGTTCGAGTACTACCC-1	HTO2	CD22_i61_2
GGTTCGAGTAGGCAGG-1	HTO3	CD22_A3_nonint_4434
GGTTCGAGTCCCAAAG-1	HTO3	CD22_A3_nonint_4434
GGTTCGAGTCCGACAA-1	HTO1	CD22_m971
GGTTCGAGTCCGCTAT-1	HTO5	CD22_B1_nonint_2261
GGTTCGAGTCTTCAAT-1	HTO3	CD22_A3_nonint_4434
GGTTCGCCAACGTCGC-1	HTO1	CD22_m971
GGTTCGCCAGCTGTAT-1	HTO2	CD22_i61_2
GGTTCGCCAGTGATTC-1	HTO4	CD22_A11_int_1411
GGTTCGCCAGTTAGAG-1	HTO5	CD22_B1_nonint_2261
GGTTCGTAGAACAGGT-1	HTO2	CD22_i61_2
GGTTCGTAGAAGCTTT-1	HTO1	CD22_m971
GGTTCGTAGAGCGAAT-1	HTO2	CD22_i61_2
GGTTCGTAGGGTAGCA-1	HTO2	CD22_i61_2
GGTTCGTAGGTTGTGC-1	HTO1	CD22_m971
GGTTGATGTAATCTAG-1	HTO1	CD22_m971
GGTTGATGTACTTCGC-1	HTO1	CD22_m971
GGTTGATGTCCCAATC-1	HTO3	CD22_A3_nonint_4434
GGTTGATGTCGCACCC-1	HTO5	CD22_B1_nonint_2261
GGTTGATGTGCGGAGA-1	HTO1	CD22_m971
GGTTGATGTGTAGCGC-1	HTO5	CD22_B1_nonint_2261
GGTTGCCCAACCACAT-1	HTO1	CD22_m971
GGTTGCCCAACCATAC-1	HTO1	CD22_m971
GGTTGCCCAACTTACA-1	HTO5	CD22_B1_nonint_2261
GGTTGCCCACTATAAT-1	HTO1	CD22_m971
GGTTGGCGTAGGCATT-1	HTO4	CD22_A11_int_1411
GGTTGGCGTATCCTGC-1	HTO3	CD22_A3_nonint_4434
GGTTGGCGTCATACGG-1	HTO4	CD22_A11_int_1411
GGTTGGGCAACCAAGA-1	HTO3	CD22_A3_nonint_4434
GGTTGGGCAAGCAGTA-1	HTO1	CD22_m971
GGTTGGGCACAACGGG-1	HTO3	CD22_A3_nonint_4434
GGTTGGTTCACATTAA-1	HTO5	CD22_B1_nonint_2261
GGTTGGTTCAGCATTG-1	HTO2	CD22_i61_2
GGTTGGTTCATGTAAC-1	HTO1	CD22_m971
GGTTGGTTCGCCTAAA-1	HTO4	CD22_A11_int_1411
GGTTGTATCAGGTGTC-1	HTO2	CD22_i61_2
GGTTGTATCGCCTGCT-1	HTO2	CD22_i61_2
GGTTGTCAGACACATT-1	HTO1	CD22_m971
GGTTGTCAGATGTGAA-1	HTO2	CD22_i61_2
GGTTGTCAGGTATAGA-1	HTO2	CD22_i61_2
GGTTGTGGTGCCCATT-1	HTO1	CD22_m971
GGTTTAAGTAAGTGAG-1	HTO5	CD22_B1_nonint_2261
GGTTTAAGTAATCTCT-1	HTO4	CD22_A11_int_1411
GGTTTAAGTACGAAAG-1	HTO5	CD22_B1_nonint_2261
GGTTTAAGTAGTCGCA-1	HTO2	CD22_i61_2
GGTTTAAGTCCAAGAT-1	HTO2	CD22_i61_2
GGTTTAAGTCCGAATG-1	HTO4	CD22_A11_int_1411
GGTTTAAGTCTAATTC-1	HTO1	CD22_m971
GGTTTACCAAGGACTA-1	HTO5	CD22_B1_nonint_2261
GGTTTACCAATAATTC-1	HTO2	CD22_i61_2
GGTTTACCACTGGAGG-1	HTO3	CD22_A3_nonint_4434
GGTTTACCAGCAGCGA-1	HTO4	CD22_A11_int_1411
GGTTTACCAGCATGCC-1	HTO2	CD22_i61_2
GGTTTACCAGTTGCCA-1	HTO2	CD22_i61_2
GGTTTAGTCACGAACC-1	HTO1	CD22_m971
GGTTTAGTCCCATCAT-1	HTO2	CD22_i61_2
GGTTTAGTCCCTTAGT-1	HTO4	CD22_A11_int_1411
GGTTTAGTCCTAAAGT-1	HTO2	CD22_i61_2
GGTTTAGTCGCGGATT-1	HTO2	CD22_i61_2
GGTTTCAAGCACCATA-1	HTO5	CD22_B1_nonint_2261
GGTTTCAAGCCACGAT-1	HTO2	CD22_i61_2
GGTTTCAAGCGATTTG-1	HTO4	CD22_A11_int_1411
GGTTTCCGTGGATAAG-1	HTO1	CD22_m971
GGTTTCCGTGGCGATC-1	HTO2	CD22_i61_2
GGTTTCGCAAGTGTTC-1	HTO4	CD22_A11_int_1411
GGTTTCGCAATCGACT-1	HTO2	CD22_i61_2
GGTTTCGCAATGGCCC-1	HTO2	CD22_i61_2
GGTTTCGCACCAGATT-1	HTO2	CD22_i61_2
GGTTTCGCAGTTGGTT-1	HTO5	CD22_B1_nonint_2261
GGTTTGGGTAGCTTGG-1	HTO1	CD22_m971
GGTTTGGGTAGTGTCG-1	HTO3	CD22_A3_nonint_4434
GGTTTGGGTATGTACA-1	HTO1	CD22_m971
GGTTTGGGTGGAATGA-1	HTO2	CD22_i61_2
GGTTTGGGTGTCGAAT-1	HTO2	CD22_i61_2
GTAAACGCAAAACCGA-1	HTO4	CD22_A11_int_1411
GTAAACGCAACACGCC-1	HTO3	CD22_A3_nonint_4434
GTAAACGCAATGACAG-1	HTO4	CD22_A11_int_1411
GTAAAGGGTAAGCCGC-1	HTO2	CD22_i61_2
GTAAAGGGTACCTGCT-1	HTO5	CD22_B1_nonint_2261
GTAAAGGGTACGCTTC-1	HTO5	CD22_B1_nonint_2261
GTAAAGGGTAGTCGCA-1	HTO2	CD22_i61_2
GTAAAGGGTAGTTATG-1	HTO4	CD22_A11_int_1411
GTAAAGGGTCCTCGAT-1	HTO4	CD22_A11_int_1411
GTAAAGGGTCGCATCT-1	HTO3	CD22_A3_nonint_4434
GTAAAGTCACCAGGGA-1	HTO3	CD22_A3_nonint_4434
GTAAAGTCAGGAGCCA-1	HTO2	CD22_i61_2
GTAAATCTCCACCAAA-1	HTO2	CD22_i61_2
GTAAATCTCCCTGCAC-1	HTO2	CD22_i61_2
GTAAATGAGAAACTAG-1	HTO3	CD22_A3_nonint_4434
GTAAATGAGAAGCCGA-1	HTO5	CD22_B1_nonint_2261
GTAAATGAGATCGATT-1	HTO4	CD22_A11_int_1411
GTAAATGAGCCATAAT-1	HTO1	CD22_m971
GTAAATGAGCGTTAGC-1	HTO1	CD22_m971
GTAAATGAGGTCACGT-1	HTO1	CD22_m971
GTAACCCAGAACGTAA-1	HTO3	CD22_A3_nonint_4434
GTAACCCAGAATTGTC-1	HTO3	CD22_A3_nonint_4434
GTAACCCAGAGGGATT-1	HTO5	CD22_B1_nonint_2261
GTAACCCAGCCGCAAT-1	HTO1	CD22_m971
GTAACCCAGCTGGTCG-1	HTO1	CD22_m971
GTAACCCAGGCCCAAT-1	HTO1	CD22_m971
GTAACCCAGGCTGGAA-1	HTO2	CD22_i61_2
GTAACCCAGGTACCCG-1	HTO2	CD22_i61_2
GTAACCTCAGGACCGA-1	HTO3	CD22_A3_nonint_4434
GTAACGTGTATGAAGG-1	HTO2	CD22_i61_2
GTAACGTGTCCTAATT-1	HTO5	CD22_B1_nonint_2261
GTAACGTGTCGTTCTA-1	HTO3	CD22_A3_nonint_4434
GTAACGTGTCTAACCC-1	HTO5	CD22_B1_nonint_2261
GTAACGTGTGGACTGC-1	HTO4	CD22_A11_int_1411
GTAACGTGTGGTGCGT-1	HTO2	CD22_i61_2
GTAACGTGTGTCGAGC-1	HTO2	CD22_i61_2
GTAACTGTCAGCAATT-1	HTO2	CD22_i61_2
GTAACTGTCCATTCAC-1	HTO3	CD22_A3_nonint_4434
GTAACTGTCCTAGTCT-1	HTO5	CD22_B1_nonint_2261
GTAACTGTCGCCTACC-1	HTO2	CD22_i61_2
GTAACTGTCGTAACCA-1	HTO2	CD22_i61_2
GTAACTGTCGTTAGGC-1	HTO1	CD22_m971
GTAACTGTCGTTCGCC-1	HTO5	CD22_B1_nonint_2261
GTAAGACAGAAAGGTC-1	HTO5	CD22_B1_nonint_2261
GTAAGACAGAATGCCC-1	HTO5	CD22_B1_nonint_2261
GTAAGACAGCCCAACG-1	HTO2	CD22_i61_2
GTAAGACAGCCTGATA-1	HTO5	CD22_B1_nonint_2261
GTAAGACAGGGGTATG-1	HTO2	CD22_i61_2
GTAAGACAGGTGGGTA-1	HTO5	CD22_B1_nonint_2261
GTAAGATCAACCACAT-1	HTO2	CD22_i61_2
GTAAGATCAAGGCGCA-1	HTO2	CD22_i61_2
GTAAGATCAATGGTAG-1	HTO1	CD22_m971
GTAAGATCACAACATC-1	HTO2	CD22_i61_2
GTAAGATCACAATTAT-1	HTO5	CD22_B1_nonint_2261
GTAAGATCAGCTTAGT-1	HTO3	CD22_A3_nonint_4434
GTAAGATCAGGATTTC-1	HTO3	CD22_A3_nonint_4434
GTAAGCCTCACTGCCC-1	HTO4	CD22_A11_int_1411
GTAAGCCTCAGTCCGG-1	HTO4	CD22_A11_int_1411
GTAAGCCTCCGTCAAA-1	HTO4	CD22_A11_int_1411
GTAAGCCTCGGACATC-1	HTO2	CD22_i61_2
GTAAGCGAGAATTGAG-1	HTO4	CD22_A11_int_1411
GTAAGCGAGACAGCAG-1	HTO2	CD22_i61_2
GTAAGCGAGCAATGGG-1	HTO2	CD22_i61_2
GTAAGCGAGCAATTAC-1	HTO3	CD22_A3_nonint_4434
GTAAGCGAGCCTAGCG-1	HTO5	CD22_B1_nonint_2261
GTAAGCGAGGCCTGCA-1	HTO1	CD22_m971
GTAAGCTGTAGGCCCG-1	HTO2	CD22_i61_2
GTAAGCTGTCTACGGA-1	HTO1	CD22_m971
GTAAGGAGTACAGCAT-1	HTO3	CD22_A3_nonint_4434
GTAAGGAGTATGAAGG-1	HTO5	CD22_B1_nonint_2261
GTAAGGAGTCACCGGG-1	HTO1	CD22_m971
GTAAGGAGTCGAGCGT-1	HTO2	CD22_i61_2
GTAAGGAGTGGATAAG-1	HTO1	CD22_m971
GTAAGGTAGAATACGA-1	HTO4	CD22_A11_int_1411
GTAAGGTAGAATGGGT-1	HTO3	CD22_A3_nonint_4434
GTAAGGTAGAGCAACG-1	HTO2	CD22_i61_2
GTAAGGTAGAGGTACG-1	HTO5	CD22_B1_nonint_2261
GTAAGGTAGGGATGAT-1	HTO1	CD22_m971
GTAAGTAAGAATGACA-1	HTO2	CD22_i61_2
GTAAGTAAGACTGTTG-1	HTO1	CD22_m971
GTAAGTAAGGTTGGTC-1	HTO2	CD22_i61_2
GTAAGTCGTAAGTTGC-1	HTO3	CD22_A3_nonint_4434
GTAAGTCGTAGGTTGT-1	HTO3	CD22_A3_nonint_4434
GTAAGTCGTCAATGCG-1	HTO4	CD22_A11_int_1411
GTAAGTCGTCACACCT-1	HTO2	CD22_i61_2
GTAAGTCGTCGTTCGT-1	HTO1	CD22_m971
GTAAGTCGTCTTGTGC-1	HTO3	CD22_A3_nonint_4434
GTAAGTCGTGGCTGTA-1	HTO1	CD22_m971
GTAAGTCGTGGGGTTC-1	HTO2	CD22_i61_2
GTAATAGAGACGTCCG-1	HTO3	CD22_A3_nonint_4434
GTAATAGAGAGCTTGC-1	HTO5	CD22_B1_nonint_2261
GTAATAGAGCACTGCG-1	HTO2	CD22_i61_2
GTAATAGAGCGTTAGC-1	HTO4	CD22_A11_int_1411
GTAATCCCAACTTACA-1	HTO1	CD22_m971
GTAATCCCAAGCGAGT-1	HTO2	CD22_i61_2
GTAATCCCACCACAGC-1	HTO5	CD22_B1_nonint_2261
GTAATCCCACCACTGA-1	HTO5	CD22_B1_nonint_2261
GTAATCCCAGGTCTAT-1	HTO5	CD22_B1_nonint_2261
GTAATCCCAGTTAGTC-1	HTO5	CD22_B1_nonint_2261
GTAATGAAGAACGTAA-1	HTO3	CD22_A3_nonint_4434
GTAATGAAGACAACGG-1	HTO5	CD22_B1_nonint_2261
GTAATGAAGACAGTTT-1	HTO5	CD22_B1_nonint_2261
GTAATGAAGCACGTCG-1	HTO2	CD22_i61_2
GTAATGAAGCGCATAC-1	HTO1	CD22_m971
GTAATGAAGGCACGAA-1	HTO3	CD22_A3_nonint_4434
GTAATTATCAAGCCGT-1	HTO5	CD22_B1_nonint_2261
GTAATTATCATCGGGT-1	HTO1	CD22_m971
GTAATTATCATTAATG-1	HTO5	CD22_B1_nonint_2261
GTAATTATCCGATCGG-1	HTO2	CD22_i61_2
GTAATTATCCTTGTAC-1	HTO1	CD22_m971
GTAATTATCGGTTCCC-1	HTO2	CD22_i61_2
GTAATTCAGACCCGCA-1	HTO3	CD22_A3_nonint_4434
GTAATTCAGAGTTAAG-1	HTO2	CD22_i61_2
GTAATTCAGCACCTTT-1	HTO3	CD22_A3_nonint_4434
GTAATTCAGGCTTGAC-1	HTO2	CD22_i61_2
GTAATTGGTCTGCAAG-1	HTO5	CD22_B1_nonint_2261
GTAATTGGTGGGAGTG-1	HTO1	CD22_m971
GTAATTGGTGGGTTTG-1	HTO2	CD22_i61_2
GTACAAGCAACCAACT-1	HTO4	CD22_A11_int_1411
GTACAAGCAACTCGGC-1	HTO1	CD22_m971
GTACAAGCAAGGGGAA-1	HTO3	CD22_A3_nonint_4434
GTACAAGCAATAGGCA-1	HTO5	CD22_B1_nonint_2261
GTACAAGCAGCTAGCC-1	HTO2	CD22_i61_2
GTACAATTCACTTGCT-1	HTO3	CD22_A3_nonint_4434
GTACAATTCATACTAA-1	HTO1	CD22_m971
GTACAATTCCCCACTA-1	HTO1	CD22_m971
GTACAATTCCCGCATC-1	HTO4	CD22_A11_int_1411
GTACAATTCCTATTGC-1	HTO4	CD22_A11_int_1411
GTACAATTCCTCCATG-1	HTO2	CD22_i61_2
GTACAATTCGCAACGT-1	HTO5	CD22_B1_nonint_2261
GTACAATTCGTATAAC-1	HTO5	CD22_B1_nonint_2261
GTACATCCAAGGCTCC-1	HTO1	CD22_m971
GTACATCCACCTGTAG-1	HTO5	CD22_B1_nonint_2261
GTACATGTCACATTAA-1	HTO4	CD22_A11_int_1411
GTACATGTCACGTGGT-1	HTO5	CD22_B1_nonint_2261
GTACATGTCAGTACAT-1	HTO4	CD22_A11_int_1411
GTACATGTCATTGGCA-1	HTO2	CD22_i61_2
GTACATGTCGCCTTGC-1	HTO1	CD22_m971
GTACCCGAGAATTCGT-1	HTO5	CD22_B1_nonint_2261
GTACCCGAGACGGGTA-1	HTO1	CD22_m971
GTACCCGAGACTTGTG-1	HTO1	CD22_m971
GTACCCGAGAGCCCAT-1	HTO3	CD22_A3_nonint_4434
GTACCCGAGGCCCTGA-1	HTO3	CD22_A3_nonint_4434
GTACCCGAGGTTGCGT-1	HTO5	CD22_B1_nonint_2261
GTACCCTGTAGGCGGA-1	HTO3	CD22_A3_nonint_4434
GTACCCTGTATGGCCA-1	HTO2	CD22_i61_2
GTACCTTTCACTGCAA-1	HTO1	CD22_m971
GTACCTTTCACTTACC-1	HTO5	CD22_B1_nonint_2261
GTACCTTTCATCCTTA-1	HTO5	CD22_B1_nonint_2261
GTACCTTTCATCGGCG-1	HTO1	CD22_m971
GTACCTTTCCTTAATT-1	HTO5	CD22_B1_nonint_2261
GTACGAACAAGAGAGG-1	HTO4	CD22_A11_int_1411
GTACGAACAAGGAATT-1	HTO2	CD22_i61_2
GTACGAACACCTAGGC-1	HTO1	CD22_m971
GTACGAACAGGCGTTC-1	HTO3	CD22_A3_nonint_4434
GTACGCCCAACATTAT-1	HTO2	CD22_i61_2
GTACGCCCACCCTGAA-1	HTO2	CD22_i61_2
GTACGCCCAGGATCAA-1	HTO3	CD22_A3_nonint_4434
GTACGCCCAGGCGGTA-1	HTO1	CD22_m971
GTACGCCCAGTATTAT-1	HTO5	CD22_B1_nonint_2261
GTACGGGCAGCAACTT-1	HTO5	CD22_B1_nonint_2261
GTACGGGCAGGATAGC-1	HTO2	CD22_i61_2
GTACGGGCAGTAGGCG-1	HTO4	CD22_A11_int_1411
GTACGGGCAGTTAGCT-1	HTO1	CD22_m971
GTACGGTTCACCCTAT-1	HTO3	CD22_A3_nonint_4434
GTACGGTTCACGCCTC-1	HTO5	CD22_B1_nonint_2261
GTACGGTTCATGTAAC-1	HTO3	CD22_A3_nonint_4434
GTACGGTTCCGCGGTA-1	HTO5	CD22_B1_nonint_2261
GTACGGTTCGCAACTA-1	HTO2	CD22_i61_2
GTACGTATCAAGCTAT-1	HTO3	CD22_A3_nonint_4434
GTACGTATCACGCATA-1	HTO1	CD22_m971
GTACGTATCCTATTGC-1	HTO5	CD22_B1_nonint_2261
GTACGTATCCTTGTAC-1	HTO2	CD22_i61_2
GTACGTCAGCCATACA-1	HTO5	CD22_B1_nonint_2261
GTACGTCAGCGCCAAT-1	HTO2	CD22_i61_2
GTACGTCAGCGTGTCG-1	HTO3	CD22_A3_nonint_4434
GTACGTCAGCTGTATG-1	HTO2	CD22_i61_2
GTACGTCAGGCACCAT-1	HTO1	CD22_m971
GTACGTGGTAAGCATC-1	HTO5	CD22_B1_nonint_2261
GTACGTGGTGCTTGCT-1	HTO2	CD22_i61_2
GTACGTGGTGTTGGGC-1	HTO5	CD22_B1_nonint_2261
GTACTCCGTATCTGCC-1	HTO2	CD22_i61_2
GTACTCCGTCATAAGC-1	HTO5	CD22_B1_nonint_2261
GTACTCCGTCCAGAAT-1	HTO3	CD22_A3_nonint_4434
GTACTCCGTCCTAGTC-1	HTO3	CD22_A3_nonint_4434
GTACTCCGTCGTATAA-1	HTO1	CD22_m971
GTACTCCGTGCGCTGG-1	HTO3	CD22_A3_nonint_4434
GTACTCCGTGCTTGGA-1	HTO5	CD22_B1_nonint_2261
GTACTCGCAAAATCTT-1	HTO1	CD22_m971
GTACTCGCAACGTTTA-1	HTO3	CD22_A3_nonint_4434
GTACTCGCAATAAGGT-1	HTO4	CD22_A11_int_1411
GTACTCGCAATAGCGA-1	HTO2	CD22_i61_2
GTACTCGCAATGACGA-1	HTO2	CD22_i61_2
GTACTCGCACAAATGG-1	HTO3	CD22_A3_nonint_4434
GTACTCGCACTAGTTA-1	HTO4	CD22_A11_int_1411
GTACTTACACCGCAGT-1	HTO2	CD22_i61_2
GTACTTACACGGTCGT-1	HTO2	CD22_i61_2
GTACTTACAGCCTCTT-1	HTO3	CD22_A3_nonint_4434
GTACTTACAGGCATAA-1	HTO5	CD22_B1_nonint_2261
GTACTTACAGTCAAGA-1	HTO2	CD22_i61_2
GTACTTACAGTTGGGG-1	HTO4	CD22_A11_int_1411
GTACTTCTCACGCAAC-1	HTO4	CD22_A11_int_1411
GTACTTCTCACGCATA-1	HTO1	CD22_m971
GTAGAACAGAAATGGC-1	HTO1	CD22_m971
GTAGAACAGACTTACG-1	HTO5	CD22_B1_nonint_2261
GTAGAACAGATGTATC-1	HTO5	CD22_B1_nonint_2261
GTAGAACAGCACCCAG-1	HTO1	CD22_m971
GTAGAACAGCATTTCC-1	HTO3	CD22_A3_nonint_4434
GTAGAAGGTAACTTCT-1	HTO5	CD22_B1_nonint_2261
GTAGAAGGTAGTGAGA-1	HTO1	CD22_m971
GTAGAAGGTATCTGGG-1	HTO1	CD22_m971
GTAGAAGGTCACTTAT-1	HTO4	CD22_A11_int_1411
GTAGAAGGTCGTACCT-1	HTO5	CD22_B1_nonint_2261
GTAGAAGGTGTGTCGA-1	HTO3	CD22_A3_nonint_4434
GTAGACGAGAAGCTAA-1	HTO2	CD22_i61_2
GTAGACGAGATGGGGC-1	HTO4	CD22_A11_int_1411
GTAGACGAGCCCTGGA-1	HTO5	CD22_B1_nonint_2261
GTAGACGAGCCGTTAA-1	HTO3	CD22_A3_nonint_4434
GTAGACGAGGCTTCCC-1	HTO1	CD22_m971
GTAGACGAGGTACCCG-1	HTO1	CD22_m971
GTAGACGAGGTATAGA-1	HTO1	CD22_m971
GTAGAGTAGCCATATG-1	HTO2	CD22_i61_2
GTAGAGTAGCCGATTA-1	HTO3	CD22_A3_nonint_4434
GTAGAGTAGCTAAACT-1	HTO5	CD22_B1_nonint_2261
GTAGAGTAGGGCGATA-1	HTO4	CD22_A11_int_1411
GTAGATTTCAGCCGTG-1	HTO2	CD22_i61_2
GTAGATTTCATGCCTT-1	HTO1	CD22_m971
GTAGATTTCGTGAGCT-1	HTO4	CD22_A11_int_1411
GTAGCACTCAACCAAT-1	HTO3	CD22_A3_nonint_4434
GTAGCACTCACTTCCG-1	HTO4	CD22_A11_int_1411
GTAGCACTCCTATCCG-1	HTO4	CD22_A11_int_1411
GTAGCACTCGGTTCAA-1	HTO3	CD22_A3_nonint_4434
GTAGCAGAGACTCGAC-1	HTO3	CD22_A3_nonint_4434
GTAGCAGAGCACCACG-1	HTO2	CD22_i61_2
GTAGCAGAGCATATCG-1	HTO2	CD22_i61_2
GTAGCAGAGCTAAGCC-1	HTO2	CD22_i61_2
GTAGCAGAGCTAATCG-1	HTO5	CD22_B1_nonint_2261
GTAGCATGTACAGCAT-1	HTO2	CD22_i61_2
GTAGCATGTACGGTCA-1	HTO3	CD22_A3_nonint_4434
GTAGCATGTACTCAGG-1	HTO3	CD22_A3_nonint_4434
GTAGCATGTAGGCATT-1	HTO4	CD22_A11_int_1411
GTAGCATGTAGGGGCA-1	HTO2	CD22_i61_2
GTAGCATGTAGTGATC-1	HTO2	CD22_i61_2
GTAGCATGTATCTGTT-1	HTO1	CD22_m971
GTAGCATGTATGAGGA-1	HTO5	CD22_B1_nonint_2261
GTAGCATGTCACCCAT-1	HTO1	CD22_m971
GTAGCATGTCTAATTC-1	HTO4	CD22_A11_int_1411
GTAGCATGTGTATCCC-1	HTO5	CD22_B1_nonint_2261
GTAGCATGTGTCGTCT-1	HTO1	CD22_m971
GTAGCCCCAAACCGGG-1	HTO5	CD22_B1_nonint_2261
GTAGCCCCAACACAGA-1	HTO3	CD22_A3_nonint_4434
GTAGCCCCAACGTACT-1	HTO5	CD22_B1_nonint_2261
GTAGCCCCAACTGCAT-1	HTO2	CD22_i61_2
GTAGCCCCAAGACAGC-1	HTO4	CD22_A11_int_1411
GTAGCGCGTAAATCCA-1	HTO5	CD22_B1_nonint_2261
GTAGCGGCAAGGGCAT-1	HTO4	CD22_A11_int_1411
GTAGCGGCAATTAACT-1	HTO4	CD22_A11_int_1411
GTAGCGGCACATCGCA-1	HTO3	CD22_A3_nonint_4434
GTAGCGGCACCATGCA-1	HTO4	CD22_A11_int_1411
GTAGCGGCAGGTAAAT-1	HTO5	CD22_B1_nonint_2261
GTAGCGTTCATAACGT-1	HTO1	CD22_m971
GTAGCGTTCCCCAATT-1	HTO5	CD22_B1_nonint_2261
GTAGCGTTCCGAATGC-1	HTO2	CD22_i61_2
GTAGCGTTCCTGGTCC-1	HTO2	CD22_i61_2
GTAGCTATCATAGCGC-1	HTO1	CD22_m971
GTAGCTATCATTCGTC-1	HTO3	CD22_A3_nonint_4434
GTAGCTATCCGTCGCT-1	HTO4	CD22_A11_int_1411
GTAGCTATCCTAGGGT-1	HTO5	CD22_B1_nonint_2261
GTAGCTATCCTGTCAT-1	HTO2	CD22_i61_2
GTAGCTATCCTGTTCG-1	HTO2	CD22_i61_2
GTAGCTCAGAAGGTTA-1	HTO2	CD22_i61_2
GTAGCTCAGAATGGTA-1	HTO1	CD22_m971
GTAGCTCAGACGGCAA-1	HTO5	CD22_B1_nonint_2261
GTAGCTCAGACGGGGT-1	HTO2	CD22_i61_2
GTAGCTCAGAGCAGAT-1	HTO2	CD22_i61_2
GTAGCTCAGCTGTAAT-1	HTO2	CD22_i61_2
GTAGCTCAGGCGGAGT-1	HTO1	CD22_m971
GTAGGATAGAGACTTT-1	HTO5	CD22_B1_nonint_2261
GTAGGATAGAGTTAGA-1	HTO3	CD22_A3_nonint_4434
GTAGGATAGCACCTCC-1	HTO3	CD22_A3_nonint_4434
GTAGGATAGCGAAGTG-1	HTO5	CD22_B1_nonint_2261
GTAGGCAAGACTTTGG-1	HTO5	CD22_B1_nonint_2261
GTAGGCAAGATCTTGG-1	HTO5	CD22_B1_nonint_2261
GTAGGCAAGATGCTCA-1	HTO4	CD22_A11_int_1411
GTAGGCAAGCACAAGG-1	HTO5	CD22_B1_nonint_2261
GTAGGCAAGCCGCAAT-1	HTO1	CD22_m971
GTAGGCAAGCCTTTCG-1	HTO2	CD22_i61_2
GTAGGCAAGGCACCAT-1	HTO5	CD22_B1_nonint_2261
GTAGGCAAGGGACGGT-1	HTO5	CD22_B1_nonint_2261
GTAGGCGCAAATCACC-1	HTO5	CD22_B1_nonint_2261
GTAGGCGCAAGTCTTA-1	HTO3	CD22_A3_nonint_4434
GTAGGCGCACCGTAAT-1	HTO5	CD22_B1_nonint_2261
GTAGGCGCACTAATCA-1	HTO1	CD22_m971
GTAGGCGCAGCCAAGG-1	HTO1	CD22_m971
GTAGGCGCAGGGTATA-1	HTO1	CD22_m971
GTAGGCTTCAAAGGGT-1	HTO4	CD22_A11_int_1411
GTAGGCTTCAGTCAGC-1	HTO5	CD22_B1_nonint_2261
GTAGGCTTCATACAAC-1	HTO1	CD22_m971
GTAGGCTTCATCCCAT-1	HTO5	CD22_B1_nonint_2261
GTAGGGCAGACAACCC-1	HTO2	CD22_i61_2
GTAGGGCAGACCTACA-1	HTO5	CD22_B1_nonint_2261
GTAGGGCAGCATGGAG-1	HTO1	CD22_m971
GTAGGGCAGCTAAACT-1	HTO3	CD22_A3_nonint_4434
GTAGGGCAGCTTAGTG-1	HTO1	CD22_m971
GTAGGGTCAAATCTAT-1	HTO3	CD22_A3_nonint_4434
GTAGGGTCAACTTCAA-1	HTO5	CD22_B1_nonint_2261
GTAGGGTCACCGTTAG-1	HTO5	CD22_B1_nonint_2261
GTAGGTCTCAACGTGC-1	HTO5	CD22_B1_nonint_2261
GTAGGTCTCCTGTTCG-1	HTO3	CD22_A3_nonint_4434
GTAGGTGAGAACAGGT-1	HTO4	CD22_A11_int_1411
GTAGGTGAGATGTATC-1	HTO4	CD22_A11_int_1411
GTAGGTGAGATTCAGT-1	HTO1	CD22_m971
GTAGGTGAGGGTTCCG-1	HTO5	CD22_B1_nonint_2261
GTAGGTGAGGTTGCCG-1	HTO3	CD22_A3_nonint_4434
GTAGGTTGTAATCTCT-1	HTO5	CD22_B1_nonint_2261
GTAGGTTGTACGCGCG-1	HTO3	CD22_A3_nonint_4434
GTAGGTTGTATGTCGG-1	HTO2	CD22_i61_2
GTAGGTTGTGCGGAGA-1	HTO2	CD22_i61_2
GTAGTAAAGACATTCG-1	HTO1	CD22_m971
GTAGTAAAGAGGCGAC-1	HTO4	CD22_A11_int_1411
GTAGTAAAGCACTTAG-1	HTO3	CD22_A3_nonint_4434
GTAGTAAAGCATCGCG-1	HTO2	CD22_i61_2
GTAGTAAAGCCTATTC-1	HTO2	CD22_i61_2
GTAGTAAAGCTATCAG-1	HTO3	CD22_A3_nonint_4434
GTAGTAGCAATGGCGG-1	HTO2	CD22_i61_2
GTAGTAGCACGGTGCT-1	HTO1	CD22_m971
GTAGTAGCACTAAACC-1	HTO4	CD22_A11_int_1411
GTAGTAGCAGCGACAG-1	HTO1	CD22_m971
GTAGTAGCAGGGTCTC-1	HTO5	CD22_B1_nonint_2261
GTAGTCATCAGAATAG-1	HTO2	CD22_i61_2
GTAGTCATCATGGTTG-1	HTO2	CD22_i61_2
GTAGTCATCATGTCCT-1	HTO5	CD22_B1_nonint_2261
GTAGTCATCCATAACG-1	HTO5	CD22_B1_nonint_2261
GTAGTCATCCCAGCCT-1	HTO5	CD22_B1_nonint_2261
GTAGTGCTCAACGAAA-1	HTO3	CD22_A3_nonint_4434
GTAGTGCTCACTTACC-1	HTO2	CD22_i61_2
GTAGTGCTCAGTAAAG-1	HTO1	CD22_m971
GTAGTGCTCCCCTAAT-1	HTO2	CD22_i61_2
GTAGTGCTCCTCTAAC-1	HTO2	CD22_i61_2
GTAGTGCTCGCTCATT-1	HTO3	CD22_A3_nonint_4434
GTAGTGGAGAAAGCGT-1	HTO5	CD22_B1_nonint_2261
GTAGTGGAGACCCCGA-1	HTO5	CD22_B1_nonint_2261
GTAGTGGAGAGGGATT-1	HTO5	CD22_B1_nonint_2261
GTAGTGGAGAGGTGAT-1	HTO4	CD22_A11_int_1411
GTAGTGTGTACTCAGG-1	HTO5	CD22_B1_nonint_2261
GTAGTGTGTACTGTGG-1	HTO3	CD22_A3_nonint_4434
GTAGTGTGTCGAAGGG-1	HTO1	CD22_m971
GTAGTGTGTCGGCTGG-1	HTO4	CD22_A11_int_1411
GTAGTGTGTGCCATAG-1	HTO5	CD22_B1_nonint_2261
GTAGTGTGTGTGTTAA-1	HTO4	CD22_A11_int_1411
GTAGTTAGTACCTCCG-1	HTO3	CD22_A3_nonint_4434
GTAGTTAGTCTCGAAG-1	HTO1	CD22_m971
GTAGTTAGTCTGGCTT-1	HTO2	CD22_i61_2
GTAGTTAGTGGCAATT-1	HTO5	CD22_B1_nonint_2261
GTAGTTAGTGGGCGTT-1	HTO2	CD22_i61_2
GTAGTTAGTGTGGCGT-1	HTO2	CD22_i61_2
GTAGTTGTCACAGTTG-1	HTO2	CD22_i61_2
GTAGTTGTCATAACAC-1	HTO5	CD22_B1_nonint_2261
GTAGTTGTCCAGTCAA-1	HTO2	CD22_i61_2
GTAGTTGTCCCGGGTA-1	HTO3	CD22_A3_nonint_4434
GTAGTTGTCGGCTTCC-1	HTO5	CD22_B1_nonint_2261
GTAGTTTAGAGTTGCC-1	HTO3	CD22_A3_nonint_4434
GTAGTTTAGCAATTGT-1	HTO2	CD22_i61_2
GTAGTTTAGCCAGGTT-1	HTO2	CD22_i61_2
GTAGTTTAGCCATCGG-1	HTO3	CD22_A3_nonint_4434
GTAGTTTAGCCGCCAA-1	HTO3	CD22_A3_nonint_4434
GTAGTTTAGCGTTGCG-1	HTO1	CD22_m971
GTAGTTTAGCTGCACG-1	HTO1	CD22_m971
GTAGTTTAGCTGTCGG-1	HTO2	CD22_i61_2
GTAGTTTAGGCTACCG-1	HTO2	CD22_i61_2
GTAGTTTAGGCTTATG-1	HTO5	CD22_B1_nonint_2261
GTAGTTTAGGTCGAGA-1	HTO3	CD22_A3_nonint_4434
GTATAACTCATTCTCA-1	HTO3	CD22_A3_nonint_4434
GTATAACTCCAACTTC-1	HTO3	CD22_A3_nonint_4434
GTATAACTCGCCTAAA-1	HTO1	CD22_m971
GTATACCCAGGACGCA-1	HTO4	CD22_A11_int_1411
GTATACGTCACAGCGT-1	HTO3	CD22_A3_nonint_4434
GTATACGTCATAAGTC-1	HTO3	CD22_A3_nonint_4434
GTATACGTCATAATGC-1	HTO1	CD22_m971
GTATACTAGAAACCCC-1	HTO2	CD22_i61_2
GTATACTAGAATCTGT-1	HTO1	CD22_m971
GTATACTAGAGACTTT-1	HTO5	CD22_B1_nonint_2261
GTATACTAGATTAAGG-1	HTO3	CD22_A3_nonint_4434
GTATACTAGCAACAGG-1	HTO2	CD22_i61_2
GTATACTAGCGTTGCG-1	HTO1	CD22_m971
GTATACTAGCTATCAG-1	HTO4	CD22_A11_int_1411
GTATACTAGGGACAAT-1	HTO1	CD22_m971
GTATACTAGGTCGACT-1	HTO2	CD22_i61_2
GTATACTAGGTCTATG-1	HTO3	CD22_A3_nonint_4434
GTATAGAAGCAACCCG-1	HTO5	CD22_B1_nonint_2261
GTATAGAAGCAATATC-1	HTO2	CD22_i61_2
GTATAGAAGCACTTAG-1	HTO4	CD22_A11_int_1411
GTATAGAAGCTAAGGG-1	HTO4	CD22_A11_int_1411
GTATAGAAGGTCTAGC-1	HTO1	CD22_m971
GTATAGCGTACTGGGC-1	HTO2	CD22_i61_2
GTATAGCGTCTTGTCA-1	HTO2	CD22_i61_2
GTATAGCGTGTTAATG-1	HTO1	CD22_m971
GTATAGGCAATGGTAG-1	HTO5	CD22_B1_nonint_2261
GTATAGGCACAGCATT-1	HTO2	CD22_i61_2
GTATAGGCACGATTAC-1	HTO1	CD22_m971
GTATAGGCAGGATTAG-1	HTO3	CD22_A3_nonint_4434
GTATAGGCAGGTTAGA-1	HTO2	CD22_i61_2
GTATAGGCAGTATTCA-1	HTO2	CD22_i61_2
GTATAGTTCGCCTCTA-1	HTO3	CD22_A3_nonint_4434
GTATAGTTCGGTTGTA-1	HTO3	CD22_A3_nonint_4434
GTATAGTTCGTTGCAA-1	HTO4	CD22_A11_int_1411
GTATATCAGCGGTTAC-1	HTO5	CD22_B1_nonint_2261
GTATCACCAAGAATAC-1	HTO4	CD22_A11_int_1411
GTATCACCAAGCTTCG-1	HTO2	CD22_i61_2
GTATCACCACTAGTCG-1	HTO3	CD22_A3_nonint_4434
GTATCAGTCAACGTTG-1	HTO2	CD22_i61_2
GTATCAGTCAGCAGTC-1	HTO1	CD22_m971
GTATCAGTCGTTGTCT-1	HTO5	CD22_B1_nonint_2261
GTATCCAAGCGTTCAA-1	HTO1	CD22_m971
GTATCCAAGCTATTGG-1	HTO5	CD22_B1_nonint_2261
GTATCCAAGGCTGTCG-1	HTO5	CD22_B1_nonint_2261
GTATCCAAGGGCATGA-1	HTO2	CD22_i61_2
GTATCCAAGGTAGGGC-1	HTO4	CD22_A11_int_1411
GTATCCCGTAATTCAG-1	HTO5	CD22_B1_nonint_2261
GTATCCCGTACAAGGA-1	HTO4	CD22_A11_int_1411
GTATCCCGTAGAGTGA-1	HTO3	CD22_A3_nonint_4434
GTATCCCGTCATACGG-1	HTO4	CD22_A11_int_1411
GTATCCCGTCCAGAAT-1	HTO3	CD22_A3_nonint_4434
GTATCCCGTCTAACTT-1	HTO2	CD22_i61_2
GTATCCCGTGCCTTGT-1	HTO2	CD22_i61_2
GTATCGATCAAGTTCG-1	HTO5	CD22_B1_nonint_2261
GTATCGATCACTGACA-1	HTO3	CD22_A3_nonint_4434
GTATCGATCCAGTAAT-1	HTO5	CD22_B1_nonint_2261
GTATCGGGTAGGACCC-1	HTO2	CD22_i61_2
GTATCGGGTATGTTGA-1	HTO2	CD22_i61_2
GTATCTCTCCAATCGA-1	HTO2	CD22_i61_2
GTATCTCTCCTAGGGT-1	HTO3	CD22_A3_nonint_4434
GTATCTCTCCTCCATG-1	HTO3	CD22_A3_nonint_4434
GTATCTTGTCTTGGTC-1	HTO3	CD22_A3_nonint_4434
GTATCTTGTGCCCGAG-1	HTO2	CD22_i61_2
GTATCTTGTGGTAAAG-1	HTO5	CD22_B1_nonint_2261
GTATGCATCACCTCCA-1	HTO3	CD22_A3_nonint_4434
GTATGCATCACGTCGG-1	HTO5	CD22_B1_nonint_2261
GTATGCATCATCTCAC-1	HTO2	CD22_i61_2
GTATGCATCCCAAATG-1	HTO4	CD22_A11_int_1411
GTATGCATCCCTTCCT-1	HTO4	CD22_A11_int_1411
GTATGCGGTAACTGCG-1	HTO1	CD22_m971
GTATGCGGTAGGTTTA-1	HTO3	CD22_A3_nonint_4434
GTATGCTCAACCATAC-1	HTO1	CD22_m971
GTATGCTCACATTCCC-1	HTO1	CD22_m971
GTATGCTCACCTGACA-1	HTO1	CD22_m971
GTATGCTCAGTAGTAG-1	HTO4	CD22_A11_int_1411
GTATGGACAACCTATA-1	HTO1	CD22_m971
GTATGGACAACTCCGA-1	HTO2	CD22_i61_2
GTATGGACAAGGTTTC-1	HTO1	CD22_m971
GTATGGACACACGGTC-1	HTO4	CD22_A11_int_1411
GTATGGACACCATTCC-1	HTO2	CD22_i61_2
GTATGGACAGGATTTC-1	HTO2	CD22_i61_2
GTATGGGAGAGACTTT-1	HTO3	CD22_A3_nonint_4434
GTATGGGAGCTACAAT-1	HTO5	CD22_B1_nonint_2261
GTATGGGAGGCCTCGA-1	HTO4	CD22_A11_int_1411
GTATGGGAGGCGTCAT-1	HTO2	CD22_i61_2
GTATGGGAGGTATACT-1	HTO5	CD22_B1_nonint_2261
GTATGGGAGGTGGGTA-1	HTO3	CD22_A3_nonint_4434
GTATGTAGTAACAGAG-1	HTO3	CD22_A3_nonint_4434
GTATGTAGTAAGCCGC-1	HTO1	CD22_m971
GTATGTAGTACCACAG-1	HTO4	CD22_A11_int_1411
GTATGTAGTATGGGCC-1	HTO3	CD22_A3_nonint_4434
GTATGTAGTCCGCCGT-1	HTO4	CD22_A11_int_1411
GTATGTAGTCGCTTGT-1	HTO2	CD22_i61_2
GTATGTAGTCTGTATT-1	HTO5	CD22_B1_nonint_2261
GTATGTCCAAGGACAC-1	HTO3	CD22_A3_nonint_4434
GTATGTCCAGGCACTC-1	HTO4	CD22_A11_int_1411
GTATGTGTCACCTCCA-1	HTO2	CD22_i61_2
GTATGTGTCCCGGCTT-1	HTO4	CD22_A11_int_1411
GTATGTGTCGCTCTAT-1	HTO2	CD22_i61_2
GTATGTTAGACATGCC-1	HTO3	CD22_A3_nonint_4434
GTATGTTAGACCTGTA-1	HTO1	CD22_m971
GTATGTTAGAGACGAT-1	HTO3	CD22_A3_nonint_4434
GTATGTTAGATATACC-1	HTO4	CD22_A11_int_1411
GTATGTTAGATGAGGT-1	HTO2	CD22_i61_2
GTATGTTAGCATCTTC-1	HTO5	CD22_B1_nonint_2261
GTATGTTAGCTTAAGT-1	HTO5	CD22_B1_nonint_2261
GTATTAATCACACGTA-1	HTO3	CD22_A3_nonint_4434
GTATTAATCCGGTCCT-1	HTO4	CD22_A11_int_1411
GTATTATCAAAAGCGC-1	HTO1	CD22_m971
GTATTATCAAGGATCA-1	HTO2	CD22_i61_2
GTATTATCAAGTACGA-1	HTO5	CD22_B1_nonint_2261
GTATTATCAATCGACT-1	HTO5	CD22_B1_nonint_2261
GTATTATCAGGTAGCG-1	HTO2	CD22_i61_2
GTATTATCAGTACGAA-1	HTO4	CD22_A11_int_1411
GTATTCACAAAAGGGG-1	HTO1	CD22_m971
GTATTCACAAACATTT-1	HTO4	CD22_A11_int_1411
GTATTCACAAGCCGTC-1	HTO2	CD22_i61_2
GTATTCACAAGTCGGG-1	HTO5	CD22_B1_nonint_2261
GTATTCACAAGTTGAG-1	HTO4	CD22_A11_int_1411
GTATTCACACCATAAC-1	HTO5	CD22_B1_nonint_2261
GTATTCACACGATAGA-1	HTO5	CD22_B1_nonint_2261
GTATTCACACTAGTCG-1	HTO2	CD22_i61_2
GTATTCACAGGAGTCG-1	HTO1	CD22_m971
GTATTCCTCACGCATA-1	HTO3	CD22_A3_nonint_4434
GTATTCCTCATACGTG-1	HTO2	CD22_i61_2
GTATTCCTCCATCGTT-1	HTO1	CD22_m971
GTATTCCTCCTATGCT-1	HTO1	CD22_m971
GTATTCGAGAAGCTGG-1	HTO5	CD22_B1_nonint_2261
GTATTCGAGACAATAG-1	HTO2	CD22_i61_2
GTATTCGAGAGGTGAT-1	HTO2	CD22_i61_2
GTATTCGAGATGGTTT-1	HTO4	CD22_A11_int_1411
GTATTCGAGCAGCTAC-1	HTO3	CD22_A3_nonint_4434
GTATTCGAGCATTTCC-1	HTO2	CD22_i61_2
GTATTCGAGCCGGATT-1	HTO1	CD22_m971
GTATTCGAGCCTCATT-1	HTO4	CD22_A11_int_1411
GTATTCGAGCCTGTGG-1	HTO3	CD22_A3_nonint_4434
GTATTCGAGGTCGAGA-1	HTO4	CD22_A11_int_1411
GTATTCTGTATACGTA-1	HTO2	CD22_i61_2
GTATTCTGTGTCTTCA-1	HTO4	CD22_A11_int_1411
GTATTGGTCGCAAGCT-1	HTO2	CD22_i61_2
GTATTGGTCGTTAGGC-1	HTO2	CD22_i61_2
GTATTGTAGACACGGA-1	HTO1	CD22_m971
GTATTGTAGAGACGAT-1	HTO3	CD22_A3_nonint_4434
GTATTGTAGATCACAT-1	HTO4	CD22_A11_int_1411
GTATTGTAGCTACGAC-1	HTO4	CD22_A11_int_1411
GTATTGTAGGCTTCGG-1	HTO1	CD22_m971
GTCAACATCCATTGCT-1	HTO5	CD22_B1_nonint_2261
GTCAACATCCCGACTC-1	HTO2	CD22_i61_2
GTCAACATCCGCTTGC-1	HTO1	CD22_m971
GTCAACATCCTCCAGC-1	HTO3	CD22_A3_nonint_4434
GTCAACATCGCAAAGG-1	HTO4	CD22_A11_int_1411
GTCAACATCGTAGTGC-1	HTO5	CD22_B1_nonint_2261
GTCAACTCACGTGCTA-1	HTO2	CD22_i61_2
GTCAAGACAACTCATA-1	HTO1	CD22_m971
GTCAAGACAAGTACTC-1	HTO1	CD22_m971
GTCAAGACACAATAGG-1	HTO5	CD22_B1_nonint_2261
GTCAAGACAGTCATCG-1	HTO4	CD22_A11_int_1411
GTCAATCCACCATAAC-1	HTO4	CD22_A11_int_1411
GTCAATCCACTGAAAG-1	HTO5	CD22_B1_nonint_2261
GTCAATGTCAAAGCCC-1	HTO3	CD22_A3_nonint_4434
GTCAATGTCAGCGTGT-1	HTO3	CD22_A3_nonint_4434
GTCAATGTCCTGGTAA-1	HTO3	CD22_A3_nonint_4434
GTCAATGTCGCTGGCA-1	HTO3	CD22_A3_nonint_4434
GTCAATTAGATCCACA-1	HTO5	CD22_B1_nonint_2261
GTCAATTAGATTGTGT-1	HTO2	CD22_i61_2
GTCAATTAGCACCATA-1	HTO1	CD22_m971
GTCACCCTCAAACCTG-1	HTO2	CD22_i61_2
GTCACCCTCCATAAGT-1	HTO2	CD22_i61_2
GTCACCCTCCGTTCGC-1	HTO1	CD22_m971
GTCACCCTCGCGTCAG-1	HTO4	CD22_A11_int_1411
GTCACCCTCGTAACTG-1	HTO1	CD22_m971
GTCACGAGTATTGGTA-1	HTO1	CD22_m971
GTCACGAGTGTGTATA-1	HTO1	CD22_m971
GTCACGCCAATAACTT-1	HTO5	CD22_B1_nonint_2261
GTCACGCCACCTAACG-1	HTO5	CD22_B1_nonint_2261
GTCACGCCACCTTCTA-1	HTO1	CD22_m971
GTCACGCCACTTAGTA-1	HTO5	CD22_B1_nonint_2261
GTCACGCCAGTTCAGT-1	HTO5	CD22_B1_nonint_2261
GTCACGTAGACCATGC-1	HTO2	CD22_i61_2
GTCACGTAGCCCATGG-1	HTO5	CD22_B1_nonint_2261
GTCACGTAGCCTATTC-1	HTO5	CD22_B1_nonint_2261
GTCACGTAGGGCATGA-1	HTO4	CD22_A11_int_1411
GTCACGTAGGTCCGAT-1	HTO5	CD22_B1_nonint_2261
GTCATACCAACGAACA-1	HTO4	CD22_A11_int_1411
GTCATACCAATCGCCA-1	HTO1	CD22_m971
GTCATACCACATATGC-1	HTO2	CD22_i61_2
GTCATACCACCGCATA-1	HTO2	CD22_i61_2
GTCATACCACGTCAGC-1	HTO3	CD22_A3_nonint_4434
GTCATACCAGGATTAG-1	HTO2	CD22_i61_2
GTCATACCAGTCTAAC-1	HTO3	CD22_A3_nonint_4434
GTCATACCAGTGCAGG-1	HTO4	CD22_A11_int_1411
GTCATCAAGAAGGTTA-1	HTO3	CD22_A3_nonint_4434
GTCATCAAGCAGGGTA-1	HTO1	CD22_m971
GTCATCAAGCATATCG-1	HTO3	CD22_A3_nonint_4434
GTCATCAAGCCAAAGG-1	HTO3	CD22_A3_nonint_4434
GTCATCAAGCCCATTT-1	HTO4	CD22_A11_int_1411
GTCATCAAGCCGCCAA-1	HTO4	CD22_A11_int_1411
GTCATCCGTAAGCCAT-1	HTO1	CD22_m971
GTCATCCGTAAGTGAG-1	HTO4	CD22_A11_int_1411
GTCATCCGTCATTATC-1	HTO3	CD22_A3_nonint_4434
GTCATCCGTGGGTTTG-1	HTO1	CD22_m971
GTCATCCGTGTGTGCA-1	HTO4	CD22_A11_int_1411
GTCATCGCAACTGCCA-1	HTO5	CD22_B1_nonint_2261
GTCATCGCAAGACGAC-1	HTO5	CD22_B1_nonint_2261
GTCATCGCACAGTCAT-1	HTO2	CD22_i61_2
GTCATCTTCAAATGTC-1	HTO3	CD22_A3_nonint_4434
GTCATCTTCAACGTTG-1	HTO2	CD22_i61_2
GTCATCTTCACCCAAA-1	HTO1	CD22_m971
GTCATCTTCAGGGGTA-1	HTO3	CD22_A3_nonint_4434
GTCATCTTCGTTGCTT-1	HTO1	CD22_m971
GTCATGCAGAAAGGTC-1	HTO2	CD22_i61_2
GTCATGCAGAGTTGGG-1	HTO5	CD22_B1_nonint_2261
GTCATGCAGCCTTCAT-1	HTO1	CD22_m971
GTCATGCAGGCTTCAA-1	HTO2	CD22_i61_2
GTCATGCAGGGCATGA-1	HTO2	CD22_i61_2
GTCATGCAGGTTCGCG-1	HTO5	CD22_B1_nonint_2261
GTCATGGGTACTCCCG-1	HTO5	CD22_B1_nonint_2261
GTCATGGGTCAACCCT-1	HTO4	CD22_A11_int_1411
GTCATGGGTCAACGTG-1	HTO4	CD22_A11_int_1411
GTCATGGGTCTGGTAG-1	HTO5	CD22_B1_nonint_2261
GTCATGGGTGGCGATC-1	HTO5	CD22_B1_nonint_2261
GTCATGGGTGTCCCCA-1	HTO5	CD22_B1_nonint_2261
GTCATTCTCAGTATGT-1	HTO2	CD22_i61_2
GTCATTCTCCACCAAA-1	HTO5	CD22_B1_nonint_2261
GTCATTCTCCGCAATA-1	HTO2	CD22_i61_2
GTCATTCTCCTCGTTG-1	HTO1	CD22_m971
GTCATTCTCGTAGCAC-1	HTO3	CD22_A3_nonint_4434
GTCCAAATCACATTGG-1	HTO5	CD22_B1_nonint_2261
GTCCAAATCACCTCTG-1	HTO2	CD22_i61_2
GTCCAAATCACGGCCA-1	HTO2	CD22_i61_2
GTCCAAATCGGACACT-1	HTO5	CD22_B1_nonint_2261
GTCCAAATCGTTCGTT-1	HTO2	CD22_i61_2
GTCCAACAGCGACCAT-1	HTO2	CD22_i61_2
GTCCAACAGGCGCTTG-1	HTO3	CD22_A3_nonint_4434
GTCCACACAAATCTAT-1	HTO5	CD22_B1_nonint_2261
GTCCACACACTACTCC-1	HTO1	CD22_m971
GTCCACACACTAGAAG-1	HTO2	CD22_i61_2
GTCCACACAGGACATA-1	HTO5	CD22_B1_nonint_2261
GTCCACACAGTCCGTA-1	HTO4	CD22_A11_int_1411
GTCCACACAGTGCAGG-1	HTO2	CD22_i61_2
GTCCACGAGAGAAGGA-1	HTO2	CD22_i61_2
GTCCACGAGCAATTCG-1	HTO3	CD22_A3_nonint_4434
GTCCACGAGCATAGCC-1	HTO5	CD22_B1_nonint_2261
GTCCACGAGCCATAGC-1	HTO2	CD22_i61_2
GTCCACGAGGTTAGTT-1	HTO3	CD22_A3_nonint_4434
GTCCAGTAGACATCAT-1	HTO1	CD22_m971
GTCCAGTAGCCGGATT-1	HTO2	CD22_i61_2
GTCCATAAGACATGTT-1	HTO2	CD22_i61_2
GTCCATAAGATAGCGG-1	HTO5	CD22_B1_nonint_2261
GTCCATAAGCGTCATA-1	HTO4	CD22_A11_int_1411
GTCCATAAGCTGCGAT-1	HTO5	CD22_B1_nonint_2261
GTCCATAAGCTGGGTT-1	HTO3	CD22_A3_nonint_4434
GTCCATAAGGGTCTGT-1	HTO2	CD22_i61_2
GTCCATAAGGTGTATT-1	HTO4	CD22_A11_int_1411
GTCCATCGTCCATTCA-1	HTO5	CD22_B1_nonint_2261
GTCCATCGTCGAAGCC-1	HTO5	CD22_B1_nonint_2261
GTCCATCGTGCCCGTC-1	HTO5	CD22_B1_nonint_2261
GTCCATCGTGCGATGC-1	HTO3	CD22_A3_nonint_4434
GTCCATGCAAACTAGG-1	HTO2	CD22_i61_2
GTCCATGCAAATTCGC-1	HTO2	CD22_i61_2
GTCCATGCACCGGACT-1	HTO3	CD22_A3_nonint_4434
GTCCATGCACCTAGAT-1	HTO2	CD22_i61_2
GTCCCATGTAATGTGC-1	HTO5	CD22_B1_nonint_2261
GTCCCATGTACTCATT-1	HTO3	CD22_A3_nonint_4434
GTCCCATGTAGGACTT-1	HTO3	CD22_A3_nonint_4434
GTCCCATGTCCTTTAG-1	HTO5	CD22_B1_nonint_2261
GTCCCATGTCGACTCT-1	HTO5	CD22_B1_nonint_2261
GTCCCATGTCGCTAAG-1	HTO1	CD22_m971
GTCCCCAGTAAGCATC-1	HTO4	CD22_A11_int_1411
GTCCCCAGTACCTTTG-1	HTO2	CD22_i61_2
GTCCCCAGTAGTCGGC-1	HTO1	CD22_m971
GTCCCCAGTCCGCTAT-1	HTO3	CD22_A3_nonint_4434
GTCCCCAGTGCCAAAT-1	HTO5	CD22_B1_nonint_2261
GTCCCCAGTGCCATTC-1	HTO2	CD22_i61_2
GTCCCCAGTGGAACCC-1	HTO1	CD22_m971
GTCCCCAGTGGCATTG-1	HTO5	CD22_B1_nonint_2261
GTCCCCAGTGTCATCC-1	HTO5	CD22_B1_nonint_2261
GTCCCGAAGGGGATCA-1	HTO5	CD22_B1_nonint_2261
GTCCCGCGTAACATGC-1	HTO2	CD22_i61_2
GTCCCGCGTACGAAAG-1	HTO3	CD22_A3_nonint_4434
GTCCCGCGTAGTCTCC-1	HTO3	CD22_A3_nonint_4434
GTCCCGCGTATTGTCT-1	HTO5	CD22_B1_nonint_2261
GTCCCGCGTGCAAGCC-1	HTO2	CD22_i61_2
GTCCCTATCCCATATC-1	HTO2	CD22_i61_2
GTCCCTATCCCCACGT-1	HTO4	CD22_A11_int_1411
GTCCCTATCGGTGGTT-1	HTO2	CD22_i61_2
GTCCCTGGTAACAGGA-1	HTO5	CD22_B1_nonint_2261
GTCCCTGGTAACGCAT-1	HTO2	CD22_i61_2
GTCCCTGGTATATCCT-1	HTO4	CD22_A11_int_1411
GTCCCTGGTATGTCGG-1	HTO2	CD22_i61_2
GTCCCTGGTCACGGCG-1	HTO5	CD22_B1_nonint_2261
GTCCCTGGTCCTTCGG-1	HTO4	CD22_A11_int_1411
GTCCCTGGTCTAACCC-1	HTO2	CD22_i61_2
GTCCCTGGTGGGACCT-1	HTO5	CD22_B1_nonint_2261
GTCCGATAGAATTGTC-1	HTO2	CD22_i61_2
GTCCGATAGAGAGGAA-1	HTO4	CD22_A11_int_1411
GTCCGATAGCAATTCG-1	HTO1	CD22_m971
GTCCGATAGCTGACGT-1	HTO1	CD22_m971
GTCCGATAGGCCTCGA-1	HTO2	CD22_i61_2
GTCCGATAGGCGTGTT-1	HTO3	CD22_A3_nonint_4434
GTCCGCAAGACTATGT-1	HTO2	CD22_i61_2
GTCCGCAAGATGTATC-1	HTO2	CD22_i61_2
GTCCGCAAGCACTATG-1	HTO4	CD22_A11_int_1411
GTCCGCAAGCATCGCG-1	HTO5	CD22_B1_nonint_2261
GTCCGCAAGCATTACG-1	HTO1	CD22_m971
GTCCGCAAGCCGTGAT-1	HTO5	CD22_B1_nonint_2261
GTCCGCAAGGTGTTAT-1	HTO2	CD22_i61_2
GTCCGCAAGGTTATCG-1	HTO1	CD22_m971
GTCCGCCGTAGGGTAA-1	HTO2	CD22_i61_2
GTCCGCCGTATGAGTC-1	HTO5	CD22_B1_nonint_2261
GTCCGCCGTGCACTAG-1	HTO5	CD22_B1_nonint_2261
GTCCGCCGTGGACTAT-1	HTO1	CD22_m971
GTCCGCTTCACCCGCT-1	HTO4	CD22_A11_int_1411
GTCCGCTTCAGCTGTA-1	HTO1	CD22_m971
GTCCGCTTCATACGTG-1	HTO4	CD22_A11_int_1411
GTCCGCTTCATCGGCG-1	HTO5	CD22_B1_nonint_2261
GTCCGCTTCATGGGCT-1	HTO5	CD22_B1_nonint_2261
GTCCGCTTCATGTCCT-1	HTO1	CD22_m971
GTCCGCTTCCAATATA-1	HTO1	CD22_m971
GTCCGCTTCGCTCATT-1	HTO4	CD22_A11_int_1411
GTCCGCTTCGCTTATC-1	HTO1	CD22_m971
GTCCGGGGTAACATGC-1	HTO1	CD22_m971
GTCCGGGGTATCAGGT-1	HTO5	CD22_B1_nonint_2261
GTCCGGGGTATGGTTA-1	HTO3	CD22_A3_nonint_4434
GTCCGGGGTCTTAGCC-1	HTO2	CD22_i61_2
GTCCGGGGTGGTCCCC-1	HTO2	CD22_i61_2
GTCCGTACAACTATAT-1	HTO1	CD22_m971
GTCCGTACAACTCGCA-1	HTO4	CD22_A11_int_1411
GTCCGTACACTTAGCG-1	HTO1	CD22_m971
GTCCGTACAGTAGCCC-1	HTO3	CD22_A3_nonint_4434
GTCCTAAAGACACATT-1	HTO1	CD22_m971
GTCCTAGCAAACTACC-1	HTO5	CD22_B1_nonint_2261
GTCCTAGCAACTGGGG-1	HTO3	CD22_A3_nonint_4434
GTCCTATTCAAGTTCG-1	HTO5	CD22_B1_nonint_2261
GTCCTATTCACGGTCG-1	HTO1	CD22_m971
GTCCTATTCACTCCGC-1	HTO4	CD22_A11_int_1411
GTCCTATTCGGATACC-1	HTO2	CD22_i61_2
GTCCTCCAGACATATC-1	HTO1	CD22_m971
GTCCTCCAGATTAAGG-1	HTO5	CD22_B1_nonint_2261
GTCCTCCAGCGCTGCA-1	HTO5	CD22_B1_nonint_2261
GTCCTCCAGCTCATGA-1	HTO5	CD22_B1_nonint_2261
GTCCTCCAGGTTGTGC-1	HTO3	CD22_A3_nonint_4434
GTCCTCTCAAACCCAT-1	HTO4	CD22_A11_int_1411
GTCCTCTCAAGTCGGG-1	HTO1	CD22_m971
GTCCTCTCACAGCGGA-1	HTO2	CD22_i61_2
GTCCTCTCACGTCAGC-1	HTO5	CD22_B1_nonint_2261
GTCCTCTCAGCGTGAG-1	HTO4	CD22_A11_int_1411
GTCCTCTCAGTTGAAG-1	HTO4	CD22_A11_int_1411
GTCCTTAGTACTGCAG-1	HTO4	CD22_A11_int_1411
GTCCTTAGTATACAGC-1	HTO4	CD22_A11_int_1411
GTCCTTAGTGCGTCTT-1	HTO1	CD22_m971
GTCCTTAGTGCTCCGC-1	HTO3	CD22_A3_nonint_4434
GTCCTTAGTGGATTCG-1	HTO1	CD22_m971
GTCCTTTAGAAGGCTG-1	HTO1	CD22_m971
GTCCTTTAGAGCAGAT-1	HTO2	CD22_i61_2
GTCCTTTAGAGCTTAT-1	HTO5	CD22_B1_nonint_2261
GTCCTTTAGATCTTGG-1	HTO2	CD22_i61_2
GTCCTTTAGCGCTATA-1	HTO4	CD22_A11_int_1411
GTCCTTTAGCTAGATT-1	HTO3	CD22_A3_nonint_4434
GTCCTTTAGGGTAGTG-1	HTO2	CD22_i61_2
GTCCTTTAGGTTGGTC-1	HTO1	CD22_m971
GTCGAACTCAAGCTAT-1	HTO1	CD22_m971
GTCGAACTCAGCATTG-1	HTO3	CD22_A3_nonint_4434
GTCGAACTCCCGCATC-1	HTO2	CD22_i61_2
GTCGAAGAGACGGAGC-1	HTO2	CD22_i61_2
GTCGAAGAGCAATGCC-1	HTO2	CD22_i61_2
GTCGAATGTAACAGAG-1	HTO1	CD22_m971
GTCGAATGTCAACTCC-1	HTO4	CD22_A11_int_1411
GTCGAATGTCTGCATC-1	HTO1	CD22_m971
GTCGAATGTGGTTAGT-1	HTO5	CD22_B1_nonint_2261
GTCGACTAGAACAGGT-1	HTO2	CD22_i61_2
GTCGACTAGCAGGGTA-1	HTO1	CD22_m971
GTCGACTAGCCCATTT-1	HTO4	CD22_A11_int_1411
GTCGACTAGCGTTAGC-1	HTO2	CD22_i61_2
GTCGACTAGGTTGGTC-1	HTO5	CD22_B1_nonint_2261
GTCGAGAAGAGGAGTT-1	HTO1	CD22_m971
GTCGAGAAGCGCATCG-1	HTO2	CD22_i61_2
GTCGAGAAGCTACTTC-1	HTO1	CD22_m971
GTCGAGCGTAGCGCGT-1	HTO3	CD22_A3_nonint_4434
GTCGATGGTAGTGTGT-1	HTO3	CD22_A3_nonint_4434
GTCGATGGTATAGGCT-1	HTO2	CD22_i61_2
GTCGATGGTCAGGATT-1	HTO5	CD22_B1_nonint_2261
GTCGATGGTCATCGCT-1	HTO1	CD22_m971
GTCGATGGTCGTATGG-1	HTO5	CD22_B1_nonint_2261
GTCGATGGTGCACAGC-1	HTO5	CD22_B1_nonint_2261
GTCGCACCAACTAACC-1	HTO1	CD22_m971
GTCGCACCAATGACCT-1	HTO5	CD22_B1_nonint_2261
GTCGCACCACCACTCT-1	HTO3	CD22_A3_nonint_4434
GTCGCACCACCGAATT-1	HTO5	CD22_B1_nonint_2261
GTCGCACCACTAGCAT-1	HTO2	CD22_i61_2
GTCGCACCAGGCTACC-1	HTO1	CD22_m971
GTCGCACCAGTCGGTC-1	HTO4	CD22_A11_int_1411
GTCGCCAAGACGGGGT-1	HTO1	CD22_m971
GTCGCCAAGAGTGCGA-1	HTO1	CD22_m971
GTCGCCAAGCAAGATA-1	HTO4	CD22_A11_int_1411
GTCGCCAAGGTTGTAT-1	HTO2	CD22_i61_2
GTCGCCCGTAATTGGC-1	HTO5	CD22_B1_nonint_2261
GTCGCCCGTCGCTTTA-1	HTO1	CD22_m971
GTCGCCCGTCTTGTGC-1	HTO3	CD22_A3_nonint_4434
GTCGCCCGTGCCTATC-1	HTO2	CD22_i61_2
GTCGCGGGTACTTGGG-1	HTO1	CD22_m971
GTCGCGGGTAGAATGG-1	HTO4	CD22_A11_int_1411
GTCGCGGGTGCGGGTT-1	HTO3	CD22_A3_nonint_4434
GTCGCTTGTAAGGCCC-1	HTO2	CD22_i61_2
GTCGCTTGTAGGGGAT-1	HTO2	CD22_i61_2
GTCGCTTGTATGAGAG-1	HTO5	CD22_B1_nonint_2261
GTCGCTTGTCGCATTC-1	HTO5	CD22_B1_nonint_2261
GTCGCTTGTCTGGAAT-1	HTO3	CD22_A3_nonint_4434
GTCGGAAAGAAAGTCA-1	HTO5	CD22_B1_nonint_2261
GTCGGAAAGCAGCCAT-1	HTO2	CD22_i61_2
GTCGGAAAGGTTGCGT-1	HTO2	CD22_i61_2
GTCGGAGCAACAGGGT-1	HTO5	CD22_B1_nonint_2261
GTCGGAGCAATATGCC-1	HTO3	CD22_A3_nonint_4434
GTCGGAGCAATTAAGA-1	HTO4	CD22_A11_int_1411
GTCGGAGCAATTACCA-1	HTO5	CD22_B1_nonint_2261
GTCGGAGCACATCTCC-1	HTO2	CD22_i61_2
GTCGGAGCACGATAAG-1	HTO2	CD22_i61_2
GTCGGAGCACGCAACC-1	HTO5	CD22_B1_nonint_2261
GTCGGAGCACTATCTT-1	HTO1	CD22_m971
GTCGGAGCACTGCTTC-1	HTO5	CD22_B1_nonint_2261
GTCGGCGGTACTACGG-1	HTO5	CD22_B1_nonint_2261
GTCGGCGGTCATCGAG-1	HTO3	CD22_A3_nonint_4434
GTCGGCGGTGCAATCG-1	HTO1	CD22_m971
GTCGGCGGTGTCTTCA-1	HTO5	CD22_B1_nonint_2261
GTCGGGTGTATCTGTT-1	HTO4	CD22_A11_int_1411
GTCGGGTGTCCAAGAT-1	HTO3	CD22_A3_nonint_4434
GTCGGGTGTCGTGGTA-1	HTO5	CD22_B1_nonint_2261
GTCGGTCCAACAAGAT-1	HTO3	CD22_A3_nonint_4434
GTCGGTCCAATCACTA-1	HTO2	CD22_i61_2
GTCGGTCCAATCCAAC-1	HTO2	CD22_i61_2
GTCGGTCCACCACAAT-1	HTO2	CD22_i61_2
GTCGGTTAGCACCGCA-1	HTO1	CD22_m971
GTCGGTTAGGTGCCCA-1	HTO4	CD22_A11_int_1411
GTCGTAATCACGACTA-1	HTO1	CD22_m971
GTCGTAATCGTCGCTC-1	HTO3	CD22_A3_nonint_4434
GTCGTACAGACCCCGA-1	HTO1	CD22_m971
GTCGTACAGATCTTCC-1	HTO2	CD22_i61_2
GTCGTACAGCGGATTC-1	HTO3	CD22_A3_nonint_4434
GTCGTAGGTAGGTTCG-1	HTO3	CD22_A3_nonint_4434
GTCGTAGGTATTGCCC-1	HTO4	CD22_A11_int_1411
GTCGTAGGTATTGCTT-1	HTO5	CD22_B1_nonint_2261
GTCGTAGGTCAGGCCG-1	HTO5	CD22_B1_nonint_2261
GTCGTAGGTCATGGGC-1	HTO3	CD22_A3_nonint_4434
GTCGTAGGTCTTGATT-1	HTO2	CD22_i61_2
GTCGTAGGTGTAGCGC-1	HTO4	CD22_A11_int_1411
GTCGTCTGTGGAATTC-1	HTO1	CD22_m971
GTCGTCTGTGGCACGT-1	HTO4	CD22_A11_int_1411
GTCGTCTGTGGCTAGC-1	HTO5	CD22_B1_nonint_2261
GTCGTCTGTGTTATGA-1	HTO3	CD22_A3_nonint_4434
GTCGTGAGTATCGCGA-1	HTO1	CD22_m971
GTCGTGAGTCTAGGTG-1	HTO3	CD22_A3_nonint_4434
GTCTAACCAACAGACA-1	HTO1	CD22_m971
GTCTAACCACGCAGCT-1	HTO2	CD22_i61_2
GTCTACAAGACATGAA-1	HTO5	CD22_B1_nonint_2261
GTCTAGCAGCCGACAT-1	HTO4	CD22_A11_int_1411
GTCTAGCAGCGAAGTG-1	HTO3	CD22_A3_nonint_4434
GTCTAGCAGCGCGTAT-1	HTO1	CD22_m971
GTCTAGCAGCTCTAGA-1	HTO5	CD22_B1_nonint_2261
GTCTAGCAGCTGACCG-1	HTO2	CD22_i61_2
GTCTAGCAGGCGGATA-1	HTO5	CD22_B1_nonint_2261
GTCTAGCAGGGTGATG-1	HTO2	CD22_i61_2
GTCTAGCAGGTATCCA-1	HTO5	CD22_B1_nonint_2261
GTCTAGGGTACCTAGG-1	HTO4	CD22_A11_int_1411
GTCTAGGGTACTCCCG-1	HTO2	CD22_i61_2
GTCTAGGGTCATCAGG-1	HTO2	CD22_i61_2
GTCTAGGGTCGCCATT-1	HTO2	CD22_i61_2
GTCTAGGGTCTCCTGG-1	HTO3	CD22_A3_nonint_4434
GTCTAGGGTGGCAAGG-1	HTO4	CD22_A11_int_1411
GTCTAGGGTGGTCAGC-1	HTO2	CD22_i61_2
GTCTAGGGTGTAAGCT-1	HTO4	CD22_A11_int_1411
GTCTATACAACTTAGC-1	HTO3	CD22_A3_nonint_4434
GTCTATACAAGTGGCG-1	HTO1	CD22_m971
GTCTATACACTCCACT-1	HTO4	CD22_A11_int_1411
GTCTATACACTGCACA-1	HTO3	CD22_A3_nonint_4434
GTCTATACACTTCTCA-1	HTO1	CD22_m971
GTCTATACAGGTTACT-1	HTO3	CD22_A3_nonint_4434
GTCTATACAGTTAATT-1	HTO5	CD22_B1_nonint_2261
GTCTATGAGCCCAACG-1	HTO4	CD22_A11_int_1411
GTCTATGAGCCTGATA-1	HTO2	CD22_i61_2
GTCTATGAGCTGATTG-1	HTO3	CD22_A3_nonint_4434
GTCTATGAGGTCGCCA-1	HTO2	CD22_i61_2
GTCTATTGTAATGTCA-1	HTO1	CD22_m971
GTCTATTGTATCGCTC-1	HTO2	CD22_i61_2
GTCTATTGTCTGTGAG-1	HTO5	CD22_B1_nonint_2261
GTCTATTGTGCCCATT-1	HTO1	CD22_m971
GTCTATTGTGTCGGGT-1	HTO5	CD22_B1_nonint_2261
GTCTATTGTGTGCGCG-1	HTO3	CD22_A3_nonint_4434
GTCTCATTCATCACTC-1	HTO4	CD22_A11_int_1411
GTCTCATTCGCTCCGT-1	HTO5	CD22_B1_nonint_2261
GTCTCATTCGGCCCTT-1	HTO4	CD22_A11_int_1411
GTCTCCATCAGCTATG-1	HTO1	CD22_m971
GTCTCCATCCATAGGC-1	HTO4	CD22_A11_int_1411
GTCTCCATCGTCATTC-1	HTO2	CD22_i61_2
GTCTCCCAGCAACATT-1	HTO4	CD22_A11_int_1411
GTCTCCCAGCACTGCG-1	HTO2	CD22_i61_2
GTCTCCCAGGTGTCGT-1	HTO5	CD22_B1_nonint_2261
GTCTCCGGTACCATCC-1	HTO2	CD22_i61_2
GTCTCCGGTACGCTGA-1	HTO5	CD22_B1_nonint_2261
GTCTCCGGTAGCGGAG-1	HTO3	CD22_A3_nonint_4434
GTCTCCGGTAGGATTC-1	HTO5	CD22_B1_nonint_2261
GTCTCCGGTCATAAGC-1	HTO1	CD22_m971
GTCTCCGGTCTAATGA-1	HTO5	CD22_B1_nonint_2261
GTCTCCGGTGCACAGC-1	HTO3	CD22_A3_nonint_4434
GTCTCCGGTGGATCGC-1	HTO2	CD22_i61_2
GTCTCGACAAACCATC-1	HTO2	CD22_i61_2
GTCTCGACAACTTTAG-1	HTO1	CD22_m971
GTCTCGACAATAATTC-1	HTO5	CD22_B1_nonint_2261
GTCTCGACACAAGTAG-1	HTO3	CD22_A3_nonint_4434
GTCTCGACACCATTAA-1	HTO2	CD22_i61_2
GTCTCGACAGGAAGGA-1	HTO3	CD22_A3_nonint_4434
GTCTCGACAGTTCAGT-1	HTO3	CD22_A3_nonint_4434
GTCTCGCTCATAGTCG-1	HTO3	CD22_A3_nonint_4434
GTCTCGCTCATCAGGC-1	HTO2	CD22_i61_2
GTCTCGCTCCAATCGA-1	HTO1	CD22_m971
GTCTCGCTCCATAGGC-1	HTO2	CD22_i61_2
GTCTCGCTCGCAACTA-1	HTO2	CD22_i61_2
GTCTCGCTCGCATCAA-1	HTO3	CD22_A3_nonint_4434
GTCTCGCTCGTCTCAT-1	HTO5	CD22_B1_nonint_2261
GTCTCGCTCGTCTCGC-1	HTO3	CD22_A3_nonint_4434
GTCTCTGTCAGTAAAG-1	HTO3	CD22_A3_nonint_4434
GTCTCTGTCATAAGCT-1	HTO4	CD22_A11_int_1411
GTCTCTGTCGCGACAT-1	HTO2	CD22_i61_2
GTCTGAGGTAGTTAGC-1	HTO2	CD22_i61_2
GTCTGAGGTCCGAATG-1	HTO2	CD22_i61_2
GTCTGAGGTCCTGTAC-1	HTO4	CD22_A11_int_1411
GTCTGAGGTGGTTGTG-1	HTO4	CD22_A11_int_1411
GTCTGAGGTGTCCATC-1	HTO2	CD22_i61_2
GTCTGCACAATAAGTA-1	HTO5	CD22_B1_nonint_2261
GTCTGCACACTGGAGG-1	HTO3	CD22_A3_nonint_4434
GTCTGCACAGGTAACA-1	HTO1	CD22_m971
GTCTGCGAGAGCGTAG-1	HTO4	CD22_A11_int_1411
GTCTGCGAGCCAAACC-1	HTO2	CD22_i61_2
GTCTGCGAGGCGGGAT-1	HTO5	CD22_B1_nonint_2261
GTCTGCGAGGGACAAT-1	HTO4	CD22_A11_int_1411
GTCTGCGAGGTAGAAC-1	HTO5	CD22_B1_nonint_2261
GTCTGCGAGGTCCAGT-1	HTO4	CD22_A11_int_1411
GTCTGGTAGAGCTTGC-1	HTO1	CD22_m971
GTCTGGTAGCAACGAG-1	HTO3	CD22_A3_nonint_4434
GTCTGGTAGCCGCCAA-1	HTO1	CD22_m971
GTCTGGTAGCTAAACT-1	HTO2	CD22_i61_2
GTCTGGTAGCTATAAC-1	HTO3	CD22_A3_nonint_4434
GTCTGGTAGGCTCAGT-1	HTO3	CD22_A3_nonint_4434
GTCTGTAAGACACATT-1	HTO4	CD22_A11_int_1411
GTCTGTAAGAGAGTTA-1	HTO1	CD22_m971
GTCTTAACAAAACTAA-1	HTO1	CD22_m971
GTCTTAACAACCATCG-1	HTO5	CD22_B1_nonint_2261
GTCTTAACAGGTCATT-1	HTO1	CD22_m971
GTCTTATGTAGGGGAT-1	HTO1	CD22_m971
GTCTTATGTCCAGTGA-1	HTO4	CD22_A11_int_1411
GTCTTATGTCTCGCTG-1	HTO4	CD22_A11_int_1411
GTCTTATGTGGTCCCC-1	HTO5	CD22_B1_nonint_2261
GTCTTATGTGGTGCCG-1	HTO5	CD22_B1_nonint_2261
GTCTTATGTGGTTCAG-1	HTO1	CD22_m971
GTCTTATGTGTGAGTT-1	HTO2	CD22_i61_2
GTCTTCAGTAAACTGC-1	HTO1	CD22_m971
GTCTTCAGTCACTATT-1	HTO2	CD22_i61_2
GTCTTCAGTCATGTCC-1	HTO2	CD22_i61_2
GTCTTCAGTGGATTGT-1	HTO5	CD22_B1_nonint_2261
GTCTTCAGTGTGCCGG-1	HTO1	CD22_m971
GTCTTCCCAAAGCCGG-1	HTO2	CD22_i61_2
GTCTTCCCACAATCCG-1	HTO3	CD22_A3_nonint_4434
GTCTTCCCACCTGTAG-1	HTO5	CD22_B1_nonint_2261
GTCTTCCCAGCGACCT-1	HTO5	CD22_B1_nonint_2261
GTCTTCCCAGGAATCA-1	HTO1	CD22_m971
GTCTTCCCAGGCGGTA-1	HTO5	CD22_B1_nonint_2261
GTCTTCGTCACCAAAT-1	HTO5	CD22_B1_nonint_2261
GTCTTCGTCATACTCC-1	HTO5	CD22_B1_nonint_2261
GTCTTCGTCCGGCAAT-1	HTO5	CD22_B1_nonint_2261
GTCTTCGTCGTCCCTA-1	HTO2	CD22_i61_2
GTGAAAGGTAGAGGTA-1	HTO3	CD22_A3_nonint_4434
GTGAAAGGTATGCCGA-1	HTO4	CD22_A11_int_1411
GTGAAAGGTCCCTCTC-1	HTO1	CD22_m971
GTGAAAGGTCCTTCGG-1	HTO3	CD22_A3_nonint_4434
GTGAAAGGTGCTCCTG-1	HTO2	CD22_i61_2
GTGAAAGGTGGAAATG-1	HTO5	CD22_B1_nonint_2261
GTGAAAGGTGTAAGCT-1	HTO1	CD22_m971
GTGAAATCAGCTATCG-1	HTO4	CD22_A11_int_1411
GTGAACCTCACCCCGT-1	HTO2	CD22_i61_2
GTGAACCTCATGTCAG-1	HTO2	CD22_i61_2
GTGAACCTCCCGCATC-1	HTO2	CD22_i61_2
GTGAACCTCCGGCATG-1	HTO3	CD22_A3_nonint_4434
GTGAAGCCACCAATTA-1	HTO3	CD22_A3_nonint_4434
GTGAAGCCACCCTCAT-1	HTO5	CD22_B1_nonint_2261
GTGAAGCCACTAGCGC-1	HTO2	CD22_i61_2
GTGAAGCCAGGCACTC-1	HTO3	CD22_A3_nonint_4434
GTGACCCCAACCTCAG-1	HTO2	CD22_i61_2
GTGACCCCAACGTACT-1	HTO3	CD22_A3_nonint_4434
GTGACCCCAAGCGCTC-1	HTO4	CD22_A11_int_1411
GTGACCCCACGAGTAA-1	HTO5	CD22_B1_nonint_2261
GTGACCCCAGCAATAG-1	HTO5	CD22_B1_nonint_2261
GTGACGTTCAATGTAC-1	HTO3	CD22_A3_nonint_4434
GTGACGTTCATTCGTC-1	HTO3	CD22_A3_nonint_4434
GTGAGATAGACTCGAC-1	HTO2	CD22_i61_2
GTGAGATAGCCGTAAC-1	HTO1	CD22_m971
GTGAGATAGGGATAGT-1	HTO2	CD22_i61_2
GTGAGATAGGGGGTTA-1	HTO3	CD22_A3_nonint_4434
GTGAGATAGGTAGTAA-1	HTO1	CD22_m971
GTGAGATAGGTCGAAG-1	HTO2	CD22_i61_2
GTGAGCGCAAACCAGA-1	HTO3	CD22_A3_nonint_4434
GTGAGCGCAATACGGA-1	HTO1	CD22_m971
GTGAGCGCAGGTTCGC-1	HTO3	CD22_A3_nonint_4434
GTGAGGTCAACTGGAA-1	HTO1	CD22_m971
GTGAGGTCACTCGGGT-1	HTO5	CD22_B1_nonint_2261
GTGAGTGAGACGACAG-1	HTO3	CD22_A3_nonint_4434
GTGAGTGAGCTATCAG-1	HTO3	CD22_A3_nonint_4434
GTGAGTGAGGGAGTAT-1	HTO1	CD22_m971
GTGAGTTGTACTACAA-1	HTO2	CD22_i61_2
GTGAGTTGTCCATGCT-1	HTO1	CD22_m971
GTGAGTTGTCTAATCT-1	HTO1	CD22_m971
GTGAGTTGTCTTAGCC-1	HTO5	CD22_B1_nonint_2261
GTGAGTTGTGCAGTCA-1	HTO5	CD22_B1_nonint_2261
GTGAGTTGTGCCATTC-1	HTO1	CD22_m971
GTGATAGCAGCGACCT-1	HTO3	CD22_A3_nonint_4434
GTGATAGCAGTAGGGT-1	HTO2	CD22_i61_2
GTGATAGCAGTTAATT-1	HTO4	CD22_A11_int_1411
GTGATATTCACAGATT-1	HTO4	CD22_A11_int_1411
GTGATATTCAGTGCTA-1	HTO3	CD22_A3_nonint_4434
GTGATATTCAGTTTAA-1	HTO3	CD22_A3_nonint_4434
GTGATATTCCAAGCGT-1	HTO2	CD22_i61_2
GTGATATTCCGCGGTA-1	HTO5	CD22_B1_nonint_2261
GTGATATTCCTCCGGT-1	HTO3	CD22_A3_nonint_4434
GTGATTCCAAAGTACG-1	HTO5	CD22_B1_nonint_2261
GTGATTCCAAGGATAT-1	HTO5	CD22_B1_nonint_2261
GTGATTCCAAGTGGGT-1	HTO5	CD22_B1_nonint_2261
GTGATTCCACCACGGT-1	HTO2	CD22_i61_2
GTGATTCCAGCAACTT-1	HTO3	CD22_A3_nonint_4434
GTGATTTAGAGGCGAC-1	HTO4	CD22_A11_int_1411
GTGATTTAGCGCGTCA-1	HTO5	CD22_B1_nonint_2261
GTGATTTAGGGGTTTC-1	HTO5	CD22_B1_nonint_2261
GTGCAACTCACAACTG-1	HTO4	CD22_A11_int_1411
GTGCAACTCAGACAGG-1	HTO3	CD22_A3_nonint_4434
GTGCAACTCATATGGT-1	HTO4	CD22_A11_int_1411
GTGCAACTCATGAAAG-1	HTO1	CD22_m971
GTGCAACTCGTGTAAT-1	HTO5	CD22_B1_nonint_2261
GTGCAATGTCCAGTAG-1	HTO3	CD22_A3_nonint_4434
GTGCAATGTCGGGTTA-1	HTO2	CD22_i61_2
GTGCAATGTGTTAGTA-1	HTO1	CD22_m971
GTGCACCCACCTCTCG-1	HTO2	CD22_i61_2
GTGCACCCACGAAGGT-1	HTO1	CD22_m971
GTGCACCCAGGAGCCA-1	HTO4	CD22_A11_int_1411
GTGCAGGCAAGGTTCT-1	HTO2	CD22_i61_2
GTGCAGGCAATAACCC-1	HTO1	CD22_m971
GTGCAGGCAATAGCCT-1	HTO1	CD22_m971
GTGCAGGCAATGGCCC-1	HTO5	CD22_B1_nonint_2261
GTGCAGGCACCTCTAC-1	HTO5	CD22_B1_nonint_2261
GTGCAGGCACTCTAGG-1	HTO3	CD22_A3_nonint_4434
GTGCAGGCAGCCCTAA-1	HTO4	CD22_A11_int_1411
GTGCATATCAGACATT-1	HTO1	CD22_m971
GTGCATATCATACCTC-1	HTO1	CD22_m971
GTGCATATCATGACCA-1	HTO4	CD22_A11_int_1411
GTGCATATCCAATAGT-1	HTO1	CD22_m971
GTGCATATCCGTGTCC-1	HTO2	CD22_i61_2
GTGCATATCGGACATC-1	HTO3	CD22_A3_nonint_4434
GTGCATATCGTTGGGT-1	HTO2	CD22_i61_2
GTGCATGGTAGCCTCT-1	HTO5	CD22_B1_nonint_2261
GTGCATGGTATAATCG-1	HTO3	CD22_A3_nonint_4434
GTGCATGGTATACTAG-1	HTO4	CD22_A11_int_1411
GTGCATGGTATGGTTA-1	HTO5	CD22_B1_nonint_2261
GTGCATGGTCCCTGAT-1	HTO5	CD22_B1_nonint_2261
GTGCATTCACCAGTGC-1	HTO5	CD22_B1_nonint_2261
GTGCATTCAGCGACCT-1	HTO4	CD22_A11_int_1411
GTGCATTCAGCGTGTC-1	HTO5	CD22_B1_nonint_2261
GTGCATTCAGGGTGCA-1	HTO3	CD22_A3_nonint_4434
GTGCATTCAGTCTTAA-1	HTO5	CD22_B1_nonint_2261
GTGCCATAGAACGGAT-1	HTO2	CD22_i61_2
GTGCCATAGACACCGT-1	HTO4	CD22_A11_int_1411
GTGCCATAGATAGTAG-1	HTO4	CD22_A11_int_1411
GTGCCATAGGGAGAGG-1	HTO5	CD22_B1_nonint_2261
GTGCCATAGGGTTCCG-1	HTO1	CD22_m971
GTGCCCAAGAGCTTAT-1	HTO5	CD22_B1_nonint_2261
GTGCCCAAGCCACAAC-1	HTO5	CD22_B1_nonint_2261
GTGCCCAAGCTACACA-1	HTO5	CD22_B1_nonint_2261
GTGCCCCGTAACGCTG-1	HTO5	CD22_B1_nonint_2261
GTGCCCCGTAACTAGC-1	HTO2	CD22_i61_2
GTGCCCCGTAACTGCG-1	HTO2	CD22_i61_2
GTGCCCCGTACATTAG-1	HTO1	CD22_m971
GTGCCCCGTATGTTCT-1	HTO5	CD22_B1_nonint_2261
GTGCCCCGTCATCGAG-1	HTO4	CD22_A11_int_1411
GTGCCCCGTCCAGGTA-1	HTO1	CD22_m971
GTGCCCCGTCGCTGGG-1	HTO4	CD22_A11_int_1411
GTGCCCCGTCTACAGG-1	HTO2	CD22_i61_2
GTGCCCCGTCTAGTGG-1	HTO3	CD22_A3_nonint_4434
GTGCCCCGTGCCTATC-1	HTO2	CD22_i61_2
GTGCCGGGTAAGGGAC-1	HTO3	CD22_A3_nonint_4434
GTGCCGGGTACTCAGG-1	HTO4	CD22_A11_int_1411
GTGCCGGGTATACTTC-1	HTO5	CD22_B1_nonint_2261
GTGCCGGGTATGCGGC-1	HTO3	CD22_A3_nonint_4434
GTGCCGGGTCACGCTT-1	HTO4	CD22_A11_int_1411
GTGCCTTGTACGCTGA-1	HTO4	CD22_A11_int_1411
GTGCCTTGTCATGGGC-1	HTO4	CD22_A11_int_1411
GTGCCTTGTGTTCGCT-1	HTO1	CD22_m971
GTGCGAAAGACTGCGT-1	HTO4	CD22_A11_int_1411
GTGCGAAAGATATCAC-1	HTO4	CD22_A11_int_1411
GTGCGAAAGGGCTTGT-1	HTO2	CD22_i61_2
GTGCGAGCAACGAGGT-1	HTO2	CD22_i61_2
GTGCGAGCAACTGCAT-1	HTO5	CD22_B1_nonint_2261
GTGCGAGCAATTCATG-1	HTO5	CD22_B1_nonint_2261
GTGCGAGCACGATTAC-1	HTO5	CD22_B1_nonint_2261
GTGCGAGCAGGATTAG-1	HTO5	CD22_B1_nonint_2261
GTGCGCATCAGGTTCA-1	HTO4	CD22_A11_int_1411
GTGCGCATCCCCTAGC-1	HTO1	CD22_m971
GTGCGCGGTATCGCAG-1	HTO4	CD22_A11_int_1411
GTGCGCGGTCAGCATG-1	HTO5	CD22_B1_nonint_2261
GTGCGCGGTCAGCTCT-1	HTO5	CD22_B1_nonint_2261
GTGCGCGGTCAGGTAT-1	HTO1	CD22_m971
GTGCGCGGTGTGCGGT-1	HTO4	CD22_A11_int_1411
GTGCGGACAAACTAGG-1	HTO5	CD22_B1_nonint_2261
GTGCGGACACCAGCTA-1	HTO2	CD22_i61_2
GTGCGGACACCTATAA-1	HTO2	CD22_i61_2
GTGCGGACACGGACCT-1	HTO2	CD22_i61_2
GTGCGGACAGTGCAGG-1	HTO1	CD22_m971
GTGCGGTGTAGAATGG-1	HTO3	CD22_A3_nonint_4434
GTGCGGTGTAGTGCGC-1	HTO4	CD22_A11_int_1411
GTGCGGTGTCGGGCAT-1	HTO2	CD22_i61_2
GTGCGGTGTCTGGCCC-1	HTO1	CD22_m971
GTGCGGTGTGCCTCTG-1	HTO2	CD22_i61_2
GTGCGTAGTACTTCAT-1	HTO2	CD22_i61_2
GTGCGTAGTATCCAGG-1	HTO2	CD22_i61_2
GTGCGTAGTCGCGCTC-1	HTO5	CD22_B1_nonint_2261
GTGCGTAGTCGTCGGG-1	HTO1	CD22_m971
GTGCGTAGTGCCTCGC-1	HTO4	CD22_A11_int_1411
GTGCGTAGTGGCAATT-1	HTO3	CD22_A3_nonint_4434
GTGCGTCCAAGACGTA-1	HTO5	CD22_B1_nonint_2261
GTGCGTCCACAACGAA-1	HTO5	CD22_B1_nonint_2261
GTGCGTCCACAAGCGG-1	HTO4	CD22_A11_int_1411
GTGCGTCCACAGGTCC-1	HTO4	CD22_A11_int_1411
GTGCGTCCACGATTTA-1	HTO1	CD22_m971
GTGCGTCCACGTCAAT-1	HTO1	CD22_m971
GTGCGTCCAGTCGGTC-1	HTO5	CD22_B1_nonint_2261
GTGCGTTAGAATGCAA-1	HTO5	CD22_B1_nonint_2261
GTGCGTTAGACAATGA-1	HTO1	CD22_m971
GTGCGTTAGACGAAGT-1	HTO5	CD22_B1_nonint_2261
GTGCGTTAGCCCTTAT-1	HTO1	CD22_m971
GTGCGTTAGCGTATTG-1	HTO2	CD22_i61_2
GTGCGTTAGCTCGAAC-1	HTO1	CD22_m971
GTGCGTTAGGGACGTA-1	HTO4	CD22_A11_int_1411
GTGCTAATCCCTCTAG-1	HTO5	CD22_B1_nonint_2261
GTGCTAATCCGCAATA-1	HTO4	CD22_A11_int_1411
GTGCTAATCCTTCGTG-1	HTO3	CD22_A3_nonint_4434
GTGCTAATCGGTATGC-1	HTO1	CD22_m971
GTGCTACAGAAGCTGG-1	HTO4	CD22_A11_int_1411
GTGCTACAGACCTACA-1	HTO5	CD22_B1_nonint_2261
GTGCTACAGCTAGTAT-1	HTO5	CD22_B1_nonint_2261
GTGCTACAGGGGACGT-1	HTO2	CD22_i61_2
GTGCTCACAACCTTAA-1	HTO5	CD22_B1_nonint_2261
GTGCTCACAACGTTAC-1	HTO4	CD22_A11_int_1411
GTGCTCACAAGCATAG-1	HTO1	CD22_m971
GTGCTCACACTATTCT-1	HTO1	CD22_m971
GTGCTCACACTCATTT-1	HTO2	CD22_i61_2
GTGCTCACAGGCGTTC-1	HTO1	CD22_m971
GTGCTCCTCGCGGAAA-1	HTO2	CD22_i61_2
GTGCTCCTCGCTAAAT-1	HTO4	CD22_A11_int_1411
GTGCTCCTCGTGGCAT-1	HTO2	CD22_i61_2
GTGCTGTAGACTGCAC-1	HTO1	CD22_m971
GTGCTGTAGCCTGGTG-1	HTO1	CD22_m971
GTGGACGCAAAAGCCA-1	HTO2	CD22_i61_2
GTGGACGCAAGCTTTA-1	HTO2	CD22_i61_2
GTGGACGCAATGTCCG-1	HTO4	CD22_A11_int_1411
GTGGACGCACATTAGC-1	HTO5	CD22_B1_nonint_2261
GTGGACGCACGTAGAA-1	HTO5	CD22_B1_nonint_2261
GTGGACGCACTGCTTC-1	HTO2	CD22_i61_2
GTGGATTGTACGTGCA-1	HTO5	CD22_B1_nonint_2261
GTGGATTGTAGCGTAT-1	HTO5	CD22_B1_nonint_2261
GTGGATTGTCCAACCT-1	HTO4	CD22_A11_int_1411
GTGGATTGTCGTGGTA-1	HTO4	CD22_A11_int_1411
GTGGATTGTGCGTATG-1	HTO5	CD22_B1_nonint_2261
GTGGATTGTGTCTCCG-1	HTO3	CD22_A3_nonint_4434
GTGGCAGCAAACGGCG-1	HTO5	CD22_B1_nonint_2261
GTGGCAGCAACGACCC-1	HTO2	CD22_i61_2
GTGGCAGCACATGAAG-1	HTO4	CD22_A11_int_1411
GTGGCAGCACCCTAGA-1	HTO3	CD22_A3_nonint_4434
GTGGCAGCAGGACAAC-1	HTO1	CD22_m971
GTGGCAGCAGTCCACA-1	HTO3	CD22_A3_nonint_4434
GTGGCATTCAGCCCCT-1	HTO5	CD22_B1_nonint_2261
GTGGCATTCATTACAA-1	HTO5	CD22_B1_nonint_2261
GTGGCCATCACGCGCA-1	HTO5	CD22_B1_nonint_2261
GTGGCCATCATCGGCG-1	HTO5	CD22_B1_nonint_2261
GTGGCCATCCGAATTG-1	HTO3	CD22_A3_nonint_4434
GTGGCCATCCGGCTTC-1	HTO1	CD22_m971
GTGGCCATCGCCCTTA-1	HTO2	CD22_i61_2
GTGGCCATCGGCGATT-1	HTO4	CD22_A11_int_1411
GTGGCCGGTACGTCTC-1	HTO5	CD22_B1_nonint_2261
GTGGCGACAAAGTGCA-1	HTO4	CD22_A11_int_1411
GTGGCGACAACAGACA-1	HTO5	CD22_B1_nonint_2261
GTGGCGACAGTCTTCC-1	HTO3	CD22_A3_nonint_4434
GTGGCGTGTATCATGA-1	HTO4	CD22_A11_int_1411
GTGGCGTGTATGTTGA-1	HTO5	CD22_B1_nonint_2261
GTGGCGTGTGCAAGCC-1	HTO5	CD22_B1_nonint_2261
GTGGCGTGTGTTATAG-1	HTO1	CD22_m971
GTGGGATCACTATCCC-1	HTO3	CD22_A3_nonint_4434
GTGGGCTGTAGAGGGT-1	HTO2	CD22_i61_2
GTGGGCTGTAGGGAGT-1	HTO4	CD22_A11_int_1411
GTGGGCTGTATCGCGA-1	HTO1	CD22_m971
GTGGGCTGTCAGGCCG-1	HTO2	CD22_i61_2
GTGGGCTGTCCTCATA-1	HTO5	CD22_B1_nonint_2261
GTGGGCTGTGCCTTTA-1	HTO3	CD22_A3_nonint_4434
GTGGGCTGTGGACCGT-1	HTO2	CD22_i61_2
GTGGGCTGTGGACTAT-1	HTO3	CD22_A3_nonint_4434
GTGGGCTGTGGTCAAT-1	HTO2	CD22_i61_2
GTGGGTAAGCAGCCAT-1	HTO5	CD22_B1_nonint_2261
GTGGGTAAGGCAAAGT-1	HTO1	CD22_m971
GTGGGTAAGGTCCGAT-1	HTO3	CD22_A3_nonint_4434
GTGGGTTTCAACGTGC-1	HTO5	CD22_B1_nonint_2261
GTGGGTTTCAGCCATA-1	HTO2	CD22_i61_2
GTGGTAACAAGCGATA-1	HTO2	CD22_i61_2
GTGGTAACAGGGGCTA-1	HTO3	CD22_A3_nonint_4434
GTGGTAACAGGGTTCC-1	HTO2	CD22_i61_2
GTGGTAACAGGTATTC-1	HTO5	CD22_B1_nonint_2261
GTGGTCAGTAATCTCT-1	HTO4	CD22_A11_int_1411
GTGGTCAGTCCGGTAA-1	HTO2	CD22_i61_2
GTGGTCAGTCGAAGCC-1	HTO2	CD22_i61_2
GTGGTCAGTCGCTTCG-1	HTO1	CD22_m971
GTGGTCAGTCGCTTTA-1	HTO2	CD22_i61_2
GTGGTCAGTCGTACCT-1	HTO3	CD22_A3_nonint_4434
GTGGTGCGTAACCCGA-1	HTO2	CD22_i61_2
GTGGTGCGTAATCTCT-1	HTO4	CD22_A11_int_1411
GTGGTGCGTCCATAGG-1	HTO2	CD22_i61_2
GTGGTGCGTGCCCGAG-1	HTO5	CD22_B1_nonint_2261
GTGGTGCGTGCTAGAT-1	HTO4	CD22_A11_int_1411
GTGGTGCGTGTATAGC-1	HTO3	CD22_A3_nonint_4434
GTGGTTATCGTCATTC-1	HTO5	CD22_B1_nonint_2261
GTGGTTATCGTTACCT-1	HTO4	CD22_A11_int_1411
GTGTAAGCACCAAATC-1	HTO5	CD22_B1_nonint_2261
GTGTAAGCAGCTTCAG-1	HTO4	CD22_A11_int_1411
GTGTAAGCAGGCTCTA-1	HTO2	CD22_i61_2
GTGTAAGCAGTAAACG-1	HTO3	CD22_A3_nonint_4434
GTGTAGCTCCCAAATG-1	HTO3	CD22_A3_nonint_4434
GTGTAGCTCCTATTGC-1	HTO2	CD22_i61_2
GTGTAGCTCGTGCAAC-1	HTO5	CD22_B1_nonint_2261
GTGTATAGTCAAAGGA-1	HTO4	CD22_A11_int_1411
GTGTATAGTCACTATT-1	HTO1	CD22_m971
GTGTATAGTCGGCTCC-1	HTO3	CD22_A3_nonint_4434
GTGTATGTCATACGTG-1	HTO3	CD22_A3_nonint_4434
GTGTATGTCCCGCGTT-1	HTO1	CD22_m971
GTGTATGTCGCTCCTA-1	HTO3	CD22_A3_nonint_4434
GTGTATGTCGGGCTAT-1	HTO3	CD22_A3_nonint_4434
GTGTATGTCGGGTATC-1	HTO3	CD22_A3_nonint_4434
GTGTATTAGACAACGG-1	HTO5	CD22_B1_nonint_2261
GTGTATTAGAGAGTTA-1	HTO4	CD22_A11_int_1411
GTGTATTAGAGGCGTA-1	HTO1	CD22_m971
GTGTATTAGATAACAG-1	HTO2	CD22_i61_2
GTGTATTAGGTTGTGC-1	HTO4	CD22_A11_int_1411
GTGTCAATCAGACTGC-1	HTO3	CD22_A3_nonint_4434
GTGTCAATCCGACTAA-1	HTO3	CD22_A3_nonint_4434
GTGTCAGGTACTGCAG-1	HTO1	CD22_m971
GTGTCAGGTCCTAATT-1	HTO5	CD22_B1_nonint_2261
GTGTCAGGTGTTGGGC-1	HTO3	CD22_A3_nonint_4434
GTGTCATCAACGTCCA-1	HTO3	CD22_A3_nonint_4434
GTGTCATCAACTTACA-1	HTO1	CD22_m971
GTGTCATCAAGGTTAG-1	HTO4	CD22_A11_int_1411
GTGTCATCACGCATAT-1	HTO5	CD22_B1_nonint_2261
GTGTCATCACTATAAT-1	HTO1	CD22_m971
GTGTCATCACTCACCT-1	HTO3	CD22_A3_nonint_4434
GTGTCATCAGCATGGG-1	HTO3	CD22_A3_nonint_4434
GTGTCATCAGCGCTAC-1	HTO5	CD22_B1_nonint_2261
GTGTCCGAGAAGGCTG-1	HTO5	CD22_B1_nonint_2261
GTGTCCGAGCGTTGTA-1	HTO3	CD22_A3_nonint_4434
GTGTCCGAGGCCCAAT-1	HTO2	CD22_i61_2
GTGTCCTGTAATTTGG-1	HTO2	CD22_i61_2
GTGTCCTGTATAGGAG-1	HTO4	CD22_A11_int_1411
GTGTCCTGTCCTTAGC-1	HTO5	CD22_B1_nonint_2261
GTGTCCTGTGCGAATT-1	HTO5	CD22_B1_nonint_2261
GTGTCGAGTAAGTTTG-1	HTO1	CD22_m971
GTGTCGAGTATGTGTA-1	HTO4	CD22_A11_int_1411
GTGTCGCCAACAGAAT-1	HTO1	CD22_m971
GTGTCGCCAATACGGA-1	HTO4	CD22_A11_int_1411
GTGTCGCCAATGCCGC-1	HTO5	CD22_B1_nonint_2261
GTGTCGCCACTCGCAA-1	HTO3	CD22_A3_nonint_4434
GTGTCGCCAGGACCGA-1	HTO1	CD22_m971
GTGTCGGTCACTCCTG-1	HTO5	CD22_B1_nonint_2261
GTGTCGGTCCGAAACC-1	HTO1	CD22_m971
GTGTCGGTCCTATACC-1	HTO1	CD22_m971
GTGTCGGTCGGTTGGT-1	HTO4	CD22_A11_int_1411
GTGTCGGTCGTAATCG-1	HTO5	CD22_B1_nonint_2261
GTGTCGGTCGTTAGGC-1	HTO4	CD22_A11_int_1411
GTGTCGTAGACGCCAT-1	HTO5	CD22_B1_nonint_2261
GTGTCGTAGAGTGCGA-1	HTO2	CD22_i61_2
GTGTCGTAGCCGTAGT-1	HTO1	CD22_m971
GTGTCGTAGGGAGCTA-1	HTO5	CD22_B1_nonint_2261
GTGTCGTAGGGGATCA-1	HTO4	CD22_A11_int_1411
GTGTCGTAGGTATGGG-1	HTO4	CD22_A11_int_1411
GTGTCTCGTAGGTTTA-1	HTO2	CD22_i61_2
GTGTCTCGTAGTCAGT-1	HTO1	CD22_m971
GTGTCTCGTATGCGGC-1	HTO1	CD22_m971
GTGTCTCGTCCATATT-1	HTO2	CD22_i61_2
GTGTCTCGTCTCCGCA-1	HTO3	CD22_A3_nonint_4434
GTGTGATGTATATGTG-1	HTO5	CD22_B1_nonint_2261
GTGTGATGTCCGTCTG-1	HTO5	CD22_B1_nonint_2261
GTGTGATGTGTGTGAT-1	HTO2	CD22_i61_2
GTGTGCAGTATCCTGC-1	HTO5	CD22_B1_nonint_2261
GTGTGCAGTCCTATTG-1	HTO1	CD22_m971
GTGTGCAGTCGCATCT-1	HTO4	CD22_A11_int_1411
GTGTGCAGTGGGTCTA-1	HTO5	CD22_B1_nonint_2261
GTGTGCAGTGTGCCGG-1	HTO1	CD22_m971
GTGTGGGCAACGTTTA-1	HTO5	CD22_B1_nonint_2261
GTGTGGGCAATGTGAG-1	HTO5	CD22_B1_nonint_2261
GTGTGGGCACATATCA-1	HTO5	CD22_B1_nonint_2261
GTGTGGGCACCTGTAG-1	HTO1	CD22_m971
GTGTTACCAAAACTCC-1	HTO1	CD22_m971
GTGTTACCAAATGCGA-1	HTO2	CD22_i61_2
GTGTTACCAACTCGCA-1	HTO4	CD22_A11_int_1411
GTGTTACCAACTCTCC-1	HTO4	CD22_A11_int_1411
GTGTTACCAACTTACA-1	HTO3	CD22_A3_nonint_4434
GTGTTACCAGGATTTC-1	HTO3	CD22_A3_nonint_4434
GTGTTATAGAACTTGT-1	HTO1	CD22_m971
GTGTTATAGAGGATTA-1	HTO2	CD22_i61_2
GTGTTATAGAGTGGCA-1	HTO1	CD22_m971
GTGTTATAGATGATGA-1	HTO1	CD22_m971
GTGTTATAGCAACGTC-1	HTO4	CD22_A11_int_1411
GTGTTATAGCGTAGCT-1	HTO5	CD22_B1_nonint_2261
GTGTTATAGGTTGGTC-1	HTO5	CD22_B1_nonint_2261
GTGTTCCGTAGTACGT-1	HTO5	CD22_B1_nonint_2261
GTGTTCCGTGTGTTGG-1	HTO4	CD22_A11_int_1411
GTGTTCGCAACGATAG-1	HTO2	CD22_i61_2
GTGTTCGCAACGGACG-1	HTO3	CD22_A3_nonint_4434
GTGTTCGCACAGTTTA-1	HTO1	CD22_m971
GTGTTCGCACGATAGA-1	HTO4	CD22_A11_int_1411
GTGTTCGCACTGGGAG-1	HTO2	CD22_i61_2
GTGTTGATCACGCTCC-1	HTO4	CD22_A11_int_1411
GTGTTGGGTCGTTGGA-1	HTO2	CD22_i61_2
GTGTTGGGTGTGAGTT-1	HTO3	CD22_A3_nonint_4434
GTTAACCCAAAACCTC-1	HTO4	CD22_A11_int_1411
GTTAACCCAAAGTGCA-1	HTO3	CD22_A3_nonint_4434
GTTAACCCAATCGTAC-1	HTO3	CD22_A3_nonint_4434
GTTAACCCACGGGTCT-1	HTO3	CD22_A3_nonint_4434
GTTAAGCGTCATCTAT-1	HTO4	CD22_A11_int_1411
GTTAAGCGTGGAATGA-1	HTO1	CD22_m971
GTTAAGCGTGGATATC-1	HTO2	CD22_i61_2
GTTAAGGCAACGATAG-1	HTO5	CD22_B1_nonint_2261
GTTAAGGCAAGCTGCC-1	HTO2	CD22_i61_2
GTTAAGGCACCTGCTT-1	HTO2	CD22_i61_2
GTTAAGTTCCGTCGTC-1	HTO2	CD22_i61_2
GTTAATATCATGCCTT-1	HTO1	CD22_m971
GTTAATATCCAGTATG-1	HTO2	CD22_i61_2
GTTAATATCCCGTGTC-1	HTO5	CD22_B1_nonint_2261
GTTAATATCCGGACAT-1	HTO3	CD22_A3_nonint_4434
GTTAATCAGAAAGGAG-1	HTO2	CD22_i61_2
GTTAATCAGACCCACG-1	HTO4	CD22_A11_int_1411
GTTAATCAGCAAATTC-1	HTO5	CD22_B1_nonint_2261
GTTAATCAGCATTAAC-1	HTO4	CD22_A11_int_1411
GTTAATCAGCCGCTGA-1	HTO1	CD22_m971
GTTAATCAGCGCCTAG-1	HTO3	CD22_A3_nonint_4434
GTTAATCAGCTGTCGG-1	HTO5	CD22_B1_nonint_2261
GTTAATCAGGCAATCC-1	HTO4	CD22_A11_int_1411
GTTAATCAGGCAGGGT-1	HTO3	CD22_A3_nonint_4434
GTTAATGGTAACTTTC-1	HTO3	CD22_A3_nonint_4434
GTTAATGGTACAGGTT-1	HTO2	CD22_i61_2
GTTAATTCAAAGGGAG-1	HTO3	CD22_A3_nonint_4434
GTTAATTCAAATACCC-1	HTO1	CD22_m971
GTTAATTCAAATTGAA-1	HTO2	CD22_i61_2
GTTAATTCAATGGCCC-1	HTO5	CD22_B1_nonint_2261
GTTAATTCACACAATC-1	HTO3	CD22_A3_nonint_4434
GTTAATTCACATCAGT-1	HTO2	CD22_i61_2
GTTAATTCAGTCCACA-1	HTO1	CD22_m971
GTTAATTCAGTGCTCA-1	HTO5	CD22_B1_nonint_2261
GTTACCCGTACATTAG-1	HTO2	CD22_i61_2
GTTACCCGTCACAGCA-1	HTO5	CD22_B1_nonint_2261
GTTACCCGTGCCTATC-1	HTO4	CD22_A11_int_1411
GTTACCGCAACATATT-1	HTO2	CD22_i61_2
GTTACCGCAAGTGCCC-1	HTO4	CD22_A11_int_1411
GTTACCGCAATAAGAC-1	HTO1	CD22_m971
GTTACCGCACGCAGCT-1	HTO1	CD22_m971
GTTACCGCAGTCAATC-1	HTO2	CD22_i61_2
GTTACCTTCACTCTGT-1	HTO4	CD22_A11_int_1411
GTTACCTTCCTGCACC-1	HTO3	CD22_A3_nonint_4434
GTTACCTTCGCGAGTT-1	HTO5	CD22_B1_nonint_2261
GTTACCTTCGGGTTCG-1	HTO2	CD22_i61_2
GTTACGGGTATATCAG-1	HTO3	CD22_A3_nonint_4434
GTTACGGGTCCGACAA-1	HTO4	CD22_A11_int_1411
GTTACGGGTCCGGTAA-1	HTO5	CD22_B1_nonint_2261
GTTACGGGTCTATCCA-1	HTO1	CD22_m971
GTTACTACAAGCCATT-1	HTO2	CD22_i61_2
GTTACTACACAGTTCG-1	HTO5	CD22_B1_nonint_2261
GTTACTACACCTCAGA-1	HTO4	CD22_A11_int_1411
GTTACTACAGCATTTA-1	HTO1	CD22_m971
GTTACTACAGGAGCCA-1	HTO4	CD22_A11_int_1411
GTTACTACAGTGAAAT-1	HTO1	CD22_m971
GTTACTACAGTGTGGG-1	HTO4	CD22_A11_int_1411
GTTACTCTCAACGTAT-1	HTO1	CD22_m971
GTTACTCTCGTCAACA-1	HTO4	CD22_A11_int_1411
GTTACTCTCGTTAGGC-1	HTO1	CD22_m971
GTTACTTGTATCATCT-1	HTO5	CD22_B1_nonint_2261
GTTACTTGTCCAACAG-1	HTO1	CD22_m971
GTTACTTGTCCCTGAT-1	HTO5	CD22_B1_nonint_2261
GTTACTTGTGGGAGCA-1	HTO3	CD22_A3_nonint_4434
GTTAGAGCAAACGGCG-1	HTO2	CD22_i61_2
GTTAGAGCAAGACAGC-1	HTO4	CD22_A11_int_1411
GTTAGAGCAAGGAATT-1	HTO3	CD22_A3_nonint_4434
GTTAGCATCCGAGCAT-1	HTO2	CD22_i61_2
GTTAGCCAGAAATTGG-1	HTO1	CD22_m971
GTTAGCCAGAATGTTC-1	HTO4	CD22_A11_int_1411
GTTAGCCAGCTAGGAG-1	HTO2	CD22_i61_2
GTTAGCGGTAACTCCC-1	HTO5	CD22_B1_nonint_2261
GTTAGCGGTCCTGTCG-1	HTO2	CD22_i61_2
GTTAGCTCAAATTAAG-1	HTO1	CD22_m971
GTTAGCTCAATACCCG-1	HTO2	CD22_i61_2
GTTAGCTCAGCGCACT-1	HTO2	CD22_i61_2
GTTAGGCTCACTACTC-1	HTO3	CD22_A3_nonint_4434
GTTAGGCTCAGGTGTC-1	HTO1	CD22_m971
GTTAGGCTCATGGACC-1	HTO5	CD22_B1_nonint_2261
GTTAGGCTCGCATAAT-1	HTO4	CD22_A11_int_1411
GTTAGGCTCGTCCTAT-1	HTO1	CD22_m971
GTTAGGGAGAGGGTGC-1	HTO5	CD22_B1_nonint_2261
GTTAGGGAGCCTTTCG-1	HTO2	CD22_i61_2
GTTAGGGAGCTATCAG-1	HTO1	CD22_m971
GTTAGGTGTAATGGAG-1	HTO3	CD22_A3_nonint_4434
GTTAGGTGTCGTCTTA-1	HTO1	CD22_m971
GTTAGGTGTCTAGCAG-1	HTO2	CD22_i61_2
GTTAGGTGTCTGTCCG-1	HTO5	CD22_B1_nonint_2261
GTTAGTAGTCCGTTTA-1	HTO1	CD22_m971
GTTAGTAGTGGAATGA-1	HTO4	CD22_A11_int_1411
GTTAGTAGTGTGTAGT-1	HTO3	CD22_A3_nonint_4434
GTTAGTAGTGTTGGGC-1	HTO2	CD22_i61_2
GTTAGTCCAACTCGGC-1	HTO1	CD22_m971
GTTAGTCCAAGGATCA-1	HTO1	CD22_m971
GTTAGTCCACGATGTT-1	HTO5	CD22_B1_nonint_2261
GTTAGTCCAGTAAAGT-1	HTO4	CD22_A11_int_1411
GTTAGTTAGACGTATT-1	HTO5	CD22_B1_nonint_2261
GTTAGTTAGCCAAACC-1	HTO2	CD22_i61_2
GTTAGTTAGCCGTCAG-1	HTO5	CD22_B1_nonint_2261
GTTAGTTAGCCTAGAC-1	HTO3	CD22_A3_nonint_4434
GTTAGTTAGCGTTGTA-1	HTO2	CD22_i61_2
GTTAGTTAGGTAGCTC-1	HTO2	CD22_i61_2
GTTATAATCGCGTAGT-1	HTO4	CD22_A11_int_1411
GTTATAATCGGATCAC-1	HTO3	CD22_A3_nonint_4434
GTTATAGGTACAAGCT-1	HTO3	CD22_A3_nonint_4434
GTTATAGGTAGCGTTG-1	HTO5	CD22_B1_nonint_2261
GTTATAGGTAGCTGAT-1	HTO5	CD22_B1_nonint_2261
GTTATAGGTCGAGGAG-1	HTO3	CD22_A3_nonint_4434
GTTATAGGTCGTTCCG-1	HTO2	CD22_i61_2
GTTATAGGTGGGTTGC-1	HTO5	CD22_B1_nonint_2261
GTTATCGAGAAGGTGT-1	HTO4	CD22_A11_int_1411
GTTATCGAGACCTACA-1	HTO4	CD22_A11_int_1411
GTTATCGAGACCTATG-1	HTO5	CD22_B1_nonint_2261
GTTATCGAGCTCTGAA-1	HTO3	CD22_A3_nonint_4434
GTTATCGAGCTGACGT-1	HTO1	CD22_m971
GTTATCGAGGTGCCCA-1	HTO5	CD22_B1_nonint_2261
GTTATGAGTAATCAGC-1	HTO1	CD22_m971
GTTATGAGTGCTACCT-1	HTO3	CD22_A3_nonint_4434
GTTATGAGTGGAGCTC-1	HTO5	CD22_B1_nonint_2261
GTTATGGTCAACTCTC-1	HTO1	CD22_m971
GTTATGGTCGGCTTGG-1	HTO1	CD22_m971
GTTATGTAGAACGGCA-1	HTO4	CD22_A11_int_1411
GTTATGTAGATTAACC-1	HTO2	CD22_i61_2
GTTATGTAGATTAAGG-1	HTO1	CD22_m971
GTTATGTAGCCAGCAT-1	HTO5	CD22_B1_nonint_2261
GTTATGTAGGGCTAGA-1	HTO5	CD22_B1_nonint_2261
GTTATGTAGGTAGAAC-1	HTO2	CD22_i61_2
GTTCAATAGCAACGAG-1	HTO3	CD22_A3_nonint_4434
GTTCACGCAAGTCATC-1	HTO3	CD22_A3_nonint_4434
GTTCACGCACCAAATC-1	HTO1	CD22_m971
GTTCACGCAGTCCTAG-1	HTO5	CD22_B1_nonint_2261
GTTCACTTCAGCGCAT-1	HTO1	CD22_m971
GTTCACTTCCCAGAAC-1	HTO5	CD22_B1_nonint_2261
GTTCACTTCCGGACAT-1	HTO5	CD22_B1_nonint_2261
GTTCAGCAGAACGCGA-1	HTO2	CD22_i61_2
GTTCAGCAGATAATCC-1	HTO4	CD22_A11_int_1411
GTTCAGCAGCAGCGAA-1	HTO2	CD22_i61_2
GTTCAGCAGCTCAGGT-1	HTO2	CD22_i61_2
GTTCAGCAGCTCCTCA-1	HTO2	CD22_i61_2
GTTCAGCAGGGTAGGC-1	HTO1	CD22_m971
GTTCAGTCAAAAGGCC-1	HTO3	CD22_A3_nonint_4434
GTTCAGTCAACTGAAG-1	HTO1	CD22_m971
GTTCAGTCAGTAGGCG-1	HTO3	CD22_A3_nonint_4434
GTTCATGAGATACAAG-1	HTO2	CD22_i61_2
GTTCATGAGCGGCTTG-1	HTO1	CD22_m971
GTTCATGAGCTAATAC-1	HTO4	CD22_A11_int_1411
GTTCATTGTAGCCTTC-1	HTO5	CD22_B1_nonint_2261
GTTCATTGTATATCCT-1	HTO4	CD22_A11_int_1411
GTTCATTGTCGCTAAG-1	HTO3	CD22_A3_nonint_4434
GTTCATTGTCTCCGCA-1	HTO2	CD22_i61_2
GTTCATTGTGGATTGT-1	HTO3	CD22_A3_nonint_4434
GTTCATTGTGGTCAAT-1	HTO1	CD22_m971
GTTCATTGTGTGGTGC-1	HTO4	CD22_A11_int_1411
GTTCGACAGAAATCAG-1	HTO4	CD22_A11_int_1411
GTTCGACAGATAACGA-1	HTO5	CD22_B1_nonint_2261
GTTCGACAGATTACGT-1	HTO1	CD22_m971
GTTCGACAGCAAGACG-1	HTO1	CD22_m971
GTTCGACAGCATTCAG-1	HTO5	CD22_B1_nonint_2261
GTTCGACAGGGAATGT-1	HTO2	CD22_i61_2
GTTCGAGGTATCAGGT-1	HTO3	CD22_A3_nonint_4434
GTTCGAGGTATCCGCT-1	HTO5	CD22_B1_nonint_2261
GTTCGAGGTCCATTCA-1	HTO1	CD22_m971
GTTCGAGGTCCCAAAG-1	HTO1	CD22_m971
GTTCGAGGTGCGGTTA-1	HTO3	CD22_A3_nonint_4434
GTTCGCACAAATGACG-1	HTO2	CD22_i61_2
GTTCGCACAACAATTT-1	HTO5	CD22_B1_nonint_2261
GTTCGCACAATTCGGT-1	HTO5	CD22_B1_nonint_2261
GTTCGCACACTCGTTC-1	HTO2	CD22_i61_2
GTTCGCCTCACCTTCG-1	HTO4	CD22_A11_int_1411
GTTCGCCTCCCAACTT-1	HTO5	CD22_B1_nonint_2261
GTTCGCCTCCCTTCCT-1	HTO5	CD22_B1_nonint_2261
GTTCGCCTCCCTTGTG-1	HTO5	CD22_B1_nonint_2261
GTTCGCCTCGGGCTAT-1	HTO3	CD22_A3_nonint_4434
GTTCGCGAGAAACGCG-1	HTO3	CD22_A3_nonint_4434
GTTCGCGAGAATGTAG-1	HTO1	CD22_m971
GTTCGCGAGATGTAGA-1	HTO4	CD22_A11_int_1411
GTTCGCGAGCCTCACC-1	HTO4	CD22_A11_int_1411
GTTCGCGAGGTCCACG-1	HTO2	CD22_i61_2
GTTCGCTGTAGGTAAG-1	HTO3	CD22_A3_nonint_4434
GTTCGCTGTCATTCTG-1	HTO1	CD22_m971
GTTCGCTGTCCAACCT-1	HTO3	CD22_A3_nonint_4434
GTTCGCTGTCGCTAAG-1	HTO5	CD22_B1_nonint_2261
GTTCGGGTCACTTCTA-1	HTO5	CD22_B1_nonint_2261
GTTCGGGTCAGACTCA-1	HTO2	CD22_i61_2
GTTCGGGTCATCGGAC-1	HTO4	CD22_A11_int_1411
GTTCGTCGTACTACGG-1	HTO1	CD22_m971
GTTCGTCGTAGGTAAG-1	HTO2	CD22_i61_2
GTTCTAGAGAAATGGC-1	HTO4	CD22_A11_int_1411
GTTCTAGAGCAGGGGT-1	HTO5	CD22_B1_nonint_2261
GTTCTAGAGCTGATAT-1	HTO5	CD22_B1_nonint_2261
GTTCTAGAGGTCTATG-1	HTO2	CD22_i61_2
GTTCTATGTCACGCCC-1	HTO4	CD22_A11_int_1411
GTTCTATGTCGAGGCT-1	HTO2	CD22_i61_2
GTTCTATGTCGTGTTC-1	HTO1	CD22_m971
GTTCTATGTGGCTTCT-1	HTO3	CD22_A3_nonint_4434
GTTCTCAGTAACAGGA-1	HTO3	CD22_A3_nonint_4434
GTTCTCAGTACGTGCA-1	HTO5	CD22_B1_nonint_2261
GTTCTCAGTAGGGGCA-1	HTO1	CD22_m971
GTTCTCAGTAGTCCGA-1	HTO1	CD22_m971
GTTCTCAGTCAGCCCC-1	HTO4	CD22_A11_int_1411
GTTCTCAGTCAGCCTT-1	HTO2	CD22_i61_2
GTTCTCAGTCCTTGTA-1	HTO1	CD22_m971
GTTCTCAGTGGAATTC-1	HTO4	CD22_A11_int_1411
GTTCTCAGTGTTAGTA-1	HTO5	CD22_B1_nonint_2261
GTTCTCCCAAAGGACC-1	HTO5	CD22_B1_nonint_2261
GTTCTCCCAAGACGTA-1	HTO2	CD22_i61_2
GTTCTCCCACGAAGGT-1	HTO1	CD22_m971
GTTCTCCCAGTATTAT-1	HTO5	CD22_B1_nonint_2261
GTTGAAGCAGGACAAC-1	HTO4	CD22_A11_int_1411
GTTGAAGCAGGTATCT-1	HTO3	CD22_A3_nonint_4434
GTTGACATCGTACGGT-1	HTO5	CD22_B1_nonint_2261
GTTGAGACACATGGGG-1	HTO1	CD22_m971
GTTGAGACACTAGTTA-1	HTO5	CD22_B1_nonint_2261
GTTGAGACAGTGCGAG-1	HTO1	CD22_m971
GTTGAGACAGTGGTAA-1	HTO3	CD22_A3_nonint_4434
GTTGATCCAAACCTAC-1	HTO4	CD22_A11_int_1411
GTTGATCCAATTCTAG-1	HTO4	CD22_A11_int_1411
GTTGATCCACTATGAC-1	HTO3	CD22_A3_nonint_4434
GTTGATTAGCACAAGG-1	HTO5	CD22_B1_nonint_2261
GTTGATTAGCCAGTAC-1	HTO5	CD22_B1_nonint_2261
GTTGATTAGCCCAGCA-1	HTO4	CD22_A11_int_1411
GTTGATTAGCCGTAGT-1	HTO3	CD22_A3_nonint_4434
GTTGCAATCAACTGCA-1	HTO3	CD22_A3_nonint_4434
GTTGCAATCAGCCCCT-1	HTO1	CD22_m971
GTTGCAATCCTTCTAA-1	HTO4	CD22_A11_int_1411
GTTGCAGGTACTCTAT-1	HTO1	CD22_m971
GTTGCAGGTAGAGGGT-1	HTO5	CD22_B1_nonint_2261
GTTGCAGGTCCTGATC-1	HTO5	CD22_B1_nonint_2261
GTTGCAGGTCGCTAAG-1	HTO4	CD22_A11_int_1411
GTTGCAGGTCGGCTGG-1	HTO1	CD22_m971
GTTGCAGGTCGTTTCA-1	HTO1	CD22_m971
GTTGCAGGTGGATTTA-1	HTO3	CD22_A3_nonint_4434
GTTGCAGGTGGTAGCC-1	HTO2	CD22_i61_2
GTTGCAGGTGTCGCGG-1	HTO5	CD22_B1_nonint_2261
GTTGCAGGTGTTCTCA-1	HTO2	CD22_i61_2
GTTGCCACACGCTTTC-1	HTO2	CD22_i61_2
GTTGCCACACGTCAAT-1	HTO1	CD22_m971
GTTGCCACAGGAGTCG-1	HTO5	CD22_B1_nonint_2261
GTTGCCCTCACTCGTT-1	HTO5	CD22_B1_nonint_2261
GTTGCCCTCATCTTCA-1	HTO1	CD22_m971
GTTGCCGAGATGCCCG-1	HTO5	CD22_B1_nonint_2261
GTTGCCGAGCCATCAA-1	HTO4	CD22_A11_int_1411
GTTGCCGAGCGTCATA-1	HTO5	CD22_B1_nonint_2261
GTTGCCGAGCTAATAC-1	HTO1	CD22_m971
GTTGCCGAGGTAGGAT-1	HTO5	CD22_B1_nonint_2261
GTTGCGCCAACATACC-1	HTO1	CD22_m971
GTTGCGCCAATATCTG-1	HTO1	CD22_m971
GTTGCGCCAATCATTG-1	HTO1	CD22_m971
GTTGCGCCAGGGTTAA-1	HTO4	CD22_A11_int_1411
GTTGCGTAGACGAACG-1	HTO3	CD22_A3_nonint_4434
GTTGCGTAGCAGCCAT-1	HTO5	CD22_B1_nonint_2261
GTTGCGTAGCTACAGC-1	HTO2	CD22_i61_2
GTTGCGTAGGCATCGT-1	HTO4	CD22_A11_int_1411
GTTGCTTTCAAACCGC-1	HTO4	CD22_A11_int_1411
GTTGCTTTCACTCGGG-1	HTO1	CD22_m971
GTTGCTTTCACTGTTC-1	HTO3	CD22_A3_nonint_4434
GTTGCTTTCAGACAGG-1	HTO3	CD22_A3_nonint_4434
GTTGCTTTCCAATTGG-1	HTO2	CD22_i61_2
GTTGCTTTCCATAGCA-1	HTO3	CD22_A3_nonint_4434
GTTGCTTTCCATCGTT-1	HTO1	CD22_m971
GTTGGAACAACTGGAA-1	HTO1	CD22_m971
GTTGGAACAATAAGAC-1	HTO1	CD22_m971
GTTGGAACAATCAAGG-1	HTO4	CD22_A11_int_1411
GTTGGAACACAATGTC-1	HTO1	CD22_m971
GTTGGAACACATAGCT-1	HTO2	CD22_i61_2
GTTGGAACACCCTGAA-1	HTO3	CD22_A3_nonint_4434
GTTGGAGAGATTGTGT-1	HTO1	CD22_m971
GTTGGAGAGCACGAAG-1	HTO5	CD22_B1_nonint_2261
GTTGGAGAGCTTGATG-1	HTO4	CD22_A11_int_1411
GTTGGAGAGGGGCTTT-1	HTO2	CD22_i61_2
GTTGGATGTATCAGTA-1	HTO5	CD22_B1_nonint_2261
GTTGGATGTCAGGGTC-1	HTO3	CD22_A3_nonint_4434
GTTGGATGTCCGCTAT-1	HTO4	CD22_A11_int_1411
GTTGGATGTCGGAATT-1	HTO5	CD22_B1_nonint_2261
GTTGGATGTGGACGCT-1	HTO4	CD22_A11_int_1411
GTTGGCGTCAAGCCAC-1	HTO1	CD22_m971
GTTGGCGTCAGTAATC-1	HTO2	CD22_i61_2
GTTGGCGTCCAGGGTT-1	HTO5	CD22_B1_nonint_2261
GTTGGCGTCCCGCTTA-1	HTO1	CD22_m971
GTTGGCGTCCTTCATA-1	HTO4	CD22_A11_int_1411
GTTGGGCGTAACTTCT-1	HTO1	CD22_m971
GTTGGGCGTACGCAAT-1	HTO5	CD22_B1_nonint_2261
GTTGGGGCAAGGAATT-1	HTO3	CD22_A3_nonint_4434
GTTGGGGCAATAGTAA-1	HTO1	CD22_m971
GTTGGGGCACTTGACG-1	HTO2	CD22_i61_2
GTTGGGGCAGCAACGG-1	HTO5	CD22_B1_nonint_2261
GTTGGGGCAGCTACGC-1	HTO4	CD22_A11_int_1411
GTTGGGGCAGCTCTAG-1	HTO1	CD22_m971
GTTGGGGCAGGGAGAA-1	HTO3	CD22_A3_nonint_4434
GTTGGGTTCACTTCTA-1	HTO2	CD22_i61_2
GTTGGGTTCCACCCGT-1	HTO3	CD22_A3_nonint_4434
GTTGGGTTCGTATGTG-1	HTO4	CD22_A11_int_1411
GTTGGGTTCGTTAGCA-1	HTO2	CD22_i61_2
GTTGGGTTCGTTCGTT-1	HTO3	CD22_A3_nonint_4434
GTTGGTCAGCAAGCCT-1	HTO5	CD22_B1_nonint_2261
GTTGGTCAGCGAAGCA-1	HTO5	CD22_B1_nonint_2261
GTTGGTCAGGCATCAC-1	HTO3	CD22_A3_nonint_4434
GTTGGTCAGGCCCCAA-1	HTO3	CD22_A3_nonint_4434
GTTGGTTCAAAAGGAA-1	HTO4	CD22_A11_int_1411
GTTGGTTCAAATGACG-1	HTO3	CD22_A3_nonint_4434
GTTGGTTCAAGGACTA-1	HTO3	CD22_A3_nonint_4434
GTTGGTTCACCTATAA-1	HTO5	CD22_B1_nonint_2261
GTTGGTTCACTTCGTC-1	HTO4	CD22_A11_int_1411
GTTGGTTCAGGCATAA-1	HTO4	CD22_A11_int_1411
GTTGTAAGTACCCTTA-1	HTO3	CD22_A3_nonint_4434
GTTGTAAGTAGTCAGT-1	HTO1	CD22_m971
GTTGTAAGTCCTTCGG-1	HTO5	CD22_B1_nonint_2261
GTTGTAAGTGTGCCCC-1	HTO3	CD22_A3_nonint_4434
GTTGTATAGAGGATTA-1	HTO4	CD22_A11_int_1411
GTTGTATAGATGAAGC-1	HTO4	CD22_A11_int_1411
GTTGTATAGGTCTGTA-1	HTO3	CD22_A3_nonint_4434
GTTGTATAGGTTAGGG-1	HTO1	CD22_m971
GTTGTCCGTAAACTGC-1	HTO4	CD22_A11_int_1411
GTTGTCCGTACTCAGG-1	HTO2	CD22_i61_2
GTTGTCCGTAGGCGCT-1	HTO1	CD22_m971
GTTGTCCGTATCGCAG-1	HTO3	CD22_A3_nonint_4434
GTTGTCCGTCAACCTC-1	HTO1	CD22_m971
GTTGTCTTCAGCCATA-1	HTO2	CD22_i61_2
GTTGTCTTCAGTCATG-1	HTO3	CD22_A3_nonint_4434
GTTGTCTTCATACGCA-1	HTO3	CD22_A3_nonint_4434
GTTGTCTTCGGTTTAG-1	HTO2	CD22_i61_2
GTTGTCTTCGTGCAGT-1	HTO5	CD22_B1_nonint_2261
GTTGTGCAGAACAGGT-1	HTO4	CD22_A11_int_1411
GTTGTGCAGATAGTGA-1	HTO2	CD22_i61_2
GTTGTGCAGCCAAGCT-1	HTO4	CD22_A11_int_1411
GTTGTGCAGCTCAGGT-1	HTO2	CD22_i61_2
GTTGTGGGTAACTTTC-1	HTO4	CD22_A11_int_1411
GTTGTGGGTACAGCAT-1	HTO4	CD22_A11_int_1411
GTTGTGGGTACGTTGG-1	HTO4	CD22_A11_int_1411
GTTGTGGGTCAATCCC-1	HTO5	CD22_B1_nonint_2261
GTTGTGGGTCACCCAT-1	HTO4	CD22_A11_int_1411
GTTGTGGGTCACTTAT-1	HTO4	CD22_A11_int_1411
GTTGTGGGTCATACTT-1	HTO2	CD22_i61_2
GTTGTGGGTCATGCAG-1	HTO4	CD22_A11_int_1411
GTTGTGGGTCGCAAAT-1	HTO5	CD22_B1_nonint_2261
