Original_ID,Allele,Strong Binder,Weak Binder,None,binder_type,is_top_freq_allele
BCMA_l59_int_0113,HLA-A0101,1,1,49,de novo,True
BCMA_l59_int_0113,HLA-A0201,0,0,51,de novo,True
BCMA_l59_int_0113,HLA-A0202,0,0,51,de novo,False
BCMA_l59_int_0113,HLA-A0203,0,0,51,de novo,False
BCMA_l59_int_0113,HLA-A0205,0,1,50,de novo,False
BCMA_l59_int_0113,HLA-A0206,0,0,51,de novo,False
BCMA_l59_int_0113,HLA-A0207,0,1,50,de novo,False
BCMA_l59_int_0113,HLA-A0211,0,2,49,de novo,False
BCMA_l59_int_0113,HLA-A0212,0,1,50,de novo,False
BCMA_l59_int_0113,HLA-A0216,0,0,51,de novo,False
BCMA_l59_int_0113,HLA-A0217,0,0,51,de novo,False
BCMA_l59_int_0113,HLA-A0219,0,0,51,de novo,False
BCMA_l59_int_0113,HLA-A0250,0,2,49,de novo,False
BCMA_l59_int_0113,HLA-A0301,0,1,50,de novo,True
BCMA_l59_int_0113,HLA-A1101,0,1,50,de novo,False
BCMA_l59_int_0113,HLA-A2301,0,3,48,de novo,False
BCMA_l59_int_0113,HLA-A2402,0,3,48,de novo,False
BCMA_l59_int_0113,HLA-A2403,2,1,48,de novo,False
BCMA_l59_int_0113,HLA-A2501,2,2,47,de novo,False
BCMA_l59_int_0113,HLA-A2601,0,3,48,de novo,False
BCMA_l59_int_0113,HLA-A2602,1,2,48,de novo,False
BCMA_l59_int_0113,HLA-A2603,1,0,50,de novo,False
BCMA_l59_int_0113,HLA-A2902,1,2,48,de novo,False
BCMA_l59_int_0113,HLA-A3001,1,2,48,de novo,False
BCMA_l59_int_0113,HLA-A3002,1,1,49,de novo,False
BCMA_l59_int_0113,HLA-A3101,0,1,50,de novo,False
BCMA_l59_int_0113,HLA-A3201,0,3,48,de novo,False
BCMA_l59_int_0113,HLA-A3207,1,3,47,de novo,False
BCMA_l59_int_0113,HLA-A3215,0,4,47,de novo,False
BCMA_l59_int_0113,HLA-A3301,0,2,49,de novo,False
BCMA_l59_int_0113,HLA-A6601,2,5,44,de novo,False
BCMA_l59_int_0113,HLA-A6801,0,1,50,de novo,False
BCMA_l59_int_0113,HLA-A6802,0,1,50,de novo,False
BCMA_l59_int_0113,HLA-A6823,1,5,45,de novo,False
BCMA_l59_int_0113,HLA-A6901,0,1,50,de novo,False
BCMA_l59_int_0113,HLA-A8001,1,2,48,de novo,False
BCMA_l59_int_0113,HLA-B0702,0,2,49,de novo,True
BCMA_l59_int_0113,HLA-B0801,0,4,47,de novo,False
BCMA_l59_int_0113,HLA-B0802,2,10,39,de novo,False
BCMA_l59_int_0113,HLA-B0803,1,4,46,de novo,False
BCMA_l59_int_0113,HLA-B1402,1,3,47,de novo,False
BCMA_l59_int_0113,HLA-B1501,0,2,49,de novo,False
BCMA_l59_int_0113,HLA-B1502,1,1,49,de novo,False
BCMA_l59_int_0113,HLA-B1503,1,4,46,de novo,False
BCMA_l59_int_0113,HLA-B1509,0,1,50,de novo,False
BCMA_l59_int_0113,HLA-B1517,0,0,51,de novo,False
BCMA_l59_int_0113,HLA-B1801,0,1,50,de novo,False
BCMA_l59_int_0113,HLA-B2705,0,1,50,de novo,False
BCMA_l59_int_0113,HLA-B2720,1,2,48,de novo,False
BCMA_l59_int_0113,HLA-B3501,1,1,49,de novo,False
BCMA_l59_int_0113,HLA-B3503,0,3,48,de novo,False
BCMA_l59_int_0113,HLA-B3801,0,1,50,de novo,False
BCMA_l59_int_0113,HLA-B3901,0,1,50,de novo,False
BCMA_l59_int_0113,HLA-B4001,0,1,50,de novo,False
BCMA_l59_int_0113,HLA-B4002,0,0,51,de novo,False
BCMA_l59_int_0113,HLA-B4013,1,2,48,de novo,False
BCMA_l59_int_0113,HLA-B4201,0,2,49,de novo,False
BCMA_l59_int_0113,HLA-B4402,0,0,51,de novo,False
BCMA_l59_int_0113,HLA-B4403,0,0,51,de novo,False
BCMA_l59_int_0113,HLA-B4501,0,0,51,de novo,False
BCMA_l59_int_0113,HLA-B4601,0,3,48,de novo,False
BCMA_l59_int_0113,HLA-B4801,1,1,49,de novo,False
BCMA_l59_int_0113,HLA-B5101,0,1,50,de novo,False
BCMA_l59_int_0113,HLA-B5301,0,2,49,de novo,False
BCMA_l59_int_0113,HLA-B5401,1,0,50,de novo,False
BCMA_l59_int_0113,HLA-B5701,0,0,51,de novo,False
BCMA_l59_int_0113,HLA-B5801,0,0,51,de novo,False
BCMA_l59_int_0113,HLA-B5802,1,1,49,de novo,False
BCMA_l59_int_0113,HLA-B7301,1,3,47,de novo,False
BCMA_l59_int_0113,HLA-B8301,1,4,46,de novo,False
BCMA_l59_int_0113,HLA-C0303,0,1,50,de novo,False
BCMA_l59_int_0113,HLA-C0401,2,3,46,de novo,False
BCMA_l59_int_0113,HLA-C0501,0,2,49,de novo,False
BCMA_l59_int_0113,HLA-C0602,1,6,44,de novo,False
BCMA_l59_int_0113,HLA-C0701,1,7,43,de novo,True
BCMA_l59_int_0113,HLA-C0702,2,3,46,de novo,False
BCMA_l59_int_0113,HLA-C0802,0,0,51,de novo,False
BCMA_l59_int_0113,HLA-C1203,0,5,46,de novo,False
BCMA_l59_int_0113,HLA-C1402,2,3,46,de novo,False
BCMA_l59_int_0113,HLA-C1502,0,1,50,de novo,False
BCMA_l59_int_0480,HLA-A0101,0,2,49,de novo,True
BCMA_l59_int_0480,HLA-A0201,0,0,51,de novo,True
BCMA_l59_int_0480,HLA-A0202,0,0,51,de novo,False
BCMA_l59_int_0480,HLA-A0203,0,0,51,de novo,False
BCMA_l59_int_0480,HLA-A0205,0,0,51,de novo,False
BCMA_l59_int_0480,HLA-A0206,0,0,51,de novo,False
BCMA_l59_int_0480,HLA-A0207,0,1,50,de novo,False
BCMA_l59_int_0480,HLA-A0211,0,1,50,de novo,False
BCMA_l59_int_0480,HLA-A0212,0,1,50,de novo,False
BCMA_l59_int_0480,HLA-A0216,0,0,51,de novo,False
BCMA_l59_int_0480,HLA-A0217,0,0,51,de novo,False
BCMA_l59_int_0480,HLA-A0219,0,0,51,de novo,False
BCMA_l59_int_0480,HLA-A0250,0,2,49,de novo,False
BCMA_l59_int_0480,HLA-A0301,0,1,50,de novo,True
BCMA_l59_int_0480,HLA-A1101,0,1,50,de novo,False
BCMA_l59_int_0480,HLA-A2301,0,3,48,de novo,False
BCMA_l59_int_0480,HLA-A2402,1,2,48,de novo,False
BCMA_l59_int_0480,HLA-A2403,2,1,48,de novo,False
BCMA_l59_int_0480,HLA-A2501,2,2,47,de novo,False
BCMA_l59_int_0480,HLA-A2601,1,1,49,de novo,False
BCMA_l59_int_0480,HLA-A2602,1,3,47,de novo,False
BCMA_l59_int_0480,HLA-A2603,0,2,49,de novo,False
BCMA_l59_int_0480,HLA-A2902,1,2,48,de novo,False
BCMA_l59_int_0480,HLA-A3001,2,1,48,de novo,False
BCMA_l59_int_0480,HLA-A3002,0,2,49,de novo,False
BCMA_l59_int_0480,HLA-A3101,0,0,51,de novo,False
BCMA_l59_int_0480,HLA-A3201,0,2,49,de novo,False
BCMA_l59_int_0480,HLA-A3207,1,4,46,de novo,False
BCMA_l59_int_0480,HLA-A3215,0,2,49,de novo,False
BCMA_l59_int_0480,HLA-A3301,0,3,48,de novo,False
BCMA_l59_int_0480,HLA-A6601,1,5,45,de novo,False
BCMA_l59_int_0480,HLA-A6801,0,2,49,de novo,False
BCMA_l59_int_0480,HLA-A6802,0,0,51,de novo,False
BCMA_l59_int_0480,HLA-A6823,0,2,49,de novo,False
BCMA_l59_int_0480,HLA-A6901,0,0,51,de novo,False
BCMA_l59_int_0480,HLA-A8001,2,1,48,de novo,False
BCMA_l59_int_0480,HLA-B0702,0,1,50,de novo,True
BCMA_l59_int_0480,HLA-B0801,1,2,48,de novo,False
BCMA_l59_int_0480,HLA-B0802,4,7,40,de novo,False
BCMA_l59_int_0480,HLA-B0803,2,5,44,de novo,False
BCMA_l59_int_0480,HLA-B1402,2,4,45,de novo,False
BCMA_l59_int_0480,HLA-B1501,0,2,49,de novo,False
BCMA_l59_int_0480,HLA-B1502,1,1,49,de novo,False
BCMA_l59_int_0480,HLA-B1503,0,4,47,de novo,False
BCMA_l59_int_0480,HLA-B1509,1,2,48,de novo,False
BCMA_l59_int_0480,HLA-B1517,0,0,51,de novo,False
BCMA_l59_int_0480,HLA-B1801,0,1,50,de novo,False
BCMA_l59_int_0480,HLA-B2705,0,2,49,de novo,False
BCMA_l59_int_0480,HLA-B2720,1,4,46,de novo,False
BCMA_l59_int_0480,HLA-B3501,0,1,50,de novo,False
BCMA_l59_int_0480,HLA-B3503,0,3,48,de novo,False
BCMA_l59_int_0480,HLA-B3801,0,0,51,de novo,False
BCMA_l59_int_0480,HLA-B3901,0,1,50,de novo,False
BCMA_l59_int_0480,HLA-B4001,0,1,50,de novo,False
BCMA_l59_int_0480,HLA-B4002,0,0,51,de novo,False
BCMA_l59_int_0480,HLA-B4013,2,0,49,de novo,False
BCMA_l59_int_0480,HLA-B4201,0,2,49,de novo,False
BCMA_l59_int_0480,HLA-B4402,0,0,51,de novo,False
BCMA_l59_int_0480,HLA-B4403,0,0,51,de novo,False
BCMA_l59_int_0480,HLA-B4501,0,0,51,de novo,False
BCMA_l59_int_0480,HLA-B4601,0,1,50,de novo,False
BCMA_l59_int_0480,HLA-B4801,1,2,48,de novo,False
BCMA_l59_int_0480,HLA-B5101,0,0,51,de novo,False
BCMA_l59_int_0480,HLA-B5301,0,1,50,de novo,False
BCMA_l59_int_0480,HLA-B5401,1,0,50,de novo,False
BCMA_l59_int_0480,HLA-B5701,0,0,51,de novo,False
BCMA_l59_int_0480,HLA-B5801,0,0,51,de novo,False
BCMA_l59_int_0480,HLA-B5802,0,1,50,de novo,False
BCMA_l59_int_0480,HLA-B7301,1,3,47,de novo,False
BCMA_l59_int_0480,HLA-B8301,0,5,46,de novo,False
BCMA_l59_int_0480,HLA-C0303,0,0,51,de novo,False
BCMA_l59_int_0480,HLA-C0401,2,4,45,de novo,False
BCMA_l59_int_0480,HLA-C0501,0,2,49,de novo,False
BCMA_l59_int_0480,HLA-C0602,2,5,44,de novo,False
BCMA_l59_int_0480,HLA-C0701,2,6,43,de novo,True
BCMA_l59_int_0480,HLA-C0702,3,5,43,de novo,False
BCMA_l59_int_0480,HLA-C0802,0,1,50,de novo,False
BCMA_l59_int_0480,HLA-C1203,0,3,48,de novo,False
BCMA_l59_int_0480,HLA-C1402,2,3,46,de novo,False
BCMA_l59_int_0480,HLA-C1502,0,2,49,de novo,False
BCMA_l59_int_0544,HLA-A0101,1,0,50,de novo,True
BCMA_l59_int_0544,HLA-A0201,0,0,51,de novo,True
BCMA_l59_int_0544,HLA-A0202,0,0,51,de novo,False
BCMA_l59_int_0544,HLA-A0203,0,0,51,de novo,False
BCMA_l59_int_0544,HLA-A0205,0,1,50,de novo,False
BCMA_l59_int_0544,HLA-A0206,0,0,51,de novo,False
BCMA_l59_int_0544,HLA-A0207,0,0,51,de novo,False
BCMA_l59_int_0544,HLA-A0211,0,1,50,de novo,False
BCMA_l59_int_0544,HLA-A0212,0,1,50,de novo,False
BCMA_l59_int_0544,HLA-A0216,0,0,51,de novo,False
BCMA_l59_int_0544,HLA-A0217,0,0,51,de novo,False
BCMA_l59_int_0544,HLA-A0219,0,0,51,de novo,False
BCMA_l59_int_0544,HLA-A0250,0,1,50,de novo,False
BCMA_l59_int_0544,HLA-A0301,0,0,51,de novo,True
BCMA_l59_int_0544,HLA-A1101,0,1,50,de novo,False
BCMA_l59_int_0544,HLA-A2301,0,2,49,de novo,False
BCMA_l59_int_0544,HLA-A2402,0,2,49,de novo,False
BCMA_l59_int_0544,HLA-A2403,1,1,49,de novo,False
BCMA_l59_int_0544,HLA-A2501,1,2,48,de novo,False
BCMA_l59_int_0544,HLA-A2601,0,1,50,de novo,False
BCMA_l59_int_0544,HLA-A2602,1,1,49,de novo,False
BCMA_l59_int_0544,HLA-A2603,1,0,50,de novo,False
BCMA_l59_int_0544,HLA-A2902,0,2,49,de novo,False
BCMA_l59_int_0544,HLA-A3001,0,0,51,de novo,False
BCMA_l59_int_0544,HLA-A3002,0,2,49,de novo,False
BCMA_l59_int_0544,HLA-A3101,0,1,50,de novo,False
BCMA_l59_int_0544,HLA-A3201,0,2,49,de novo,False
BCMA_l59_int_0544,HLA-A3207,0,2,49,de novo,False
BCMA_l59_int_0544,HLA-A3215,0,2,49,de novo,False
BCMA_l59_int_0544,HLA-A3301,1,1,49,de novo,False
BCMA_l59_int_0544,HLA-A6601,0,7,44,de novo,False
BCMA_l59_int_0544,HLA-A6801,0,1,50,de novo,False
BCMA_l59_int_0544,HLA-A6802,0,0,51,de novo,False
BCMA_l59_int_0544,HLA-A6823,0,4,47,de novo,False
BCMA_l59_int_0544,HLA-A6901,0,0,51,de novo,False
BCMA_l59_int_0544,HLA-A8001,0,4,47,de novo,False
BCMA_l59_int_0544,HLA-B0702,0,1,50,de novo,True
BCMA_l59_int_0544,HLA-B0801,0,1,50,de novo,False
BCMA_l59_int_0544,HLA-B0802,2,6,43,de novo,False
BCMA_l59_int_0544,HLA-B0803,0,5,46,de novo,False
BCMA_l59_int_0544,HLA-B1402,0,3,48,de novo,False
BCMA_l59_int_0544,HLA-B1501,0,1,50,de novo,False
BCMA_l59_int_0544,HLA-B1502,0,2,49,de novo,False
BCMA_l59_int_0544,HLA-B1503,1,3,47,de novo,False
BCMA_l59_int_0544,HLA-B1509,0,1,50,de novo,False
BCMA_l59_int_0544,HLA-B1517,0,0,51,de novo,False
BCMA_l59_int_0544,HLA-B1801,0,0,51,de novo,False
BCMA_l59_int_0544,HLA-B2705,0,2,49,de novo,False
BCMA_l59_int_0544,HLA-B2720,0,4,47,de novo,False
BCMA_l59_int_0544,HLA-B3501,1,0,50,de novo,False
BCMA_l59_int_0544,HLA-B3503,0,3,48,de novo,False
BCMA_l59_int_0544,HLA-B3801,0,0,51,de novo,False
BCMA_l59_int_0544,HLA-B3901,0,1,50,de novo,False
BCMA_l59_int_0544,HLA-B4001,0,0,51,de novo,False
BCMA_l59_int_0544,HLA-B4002,0,0,51,de novo,False
BCMA_l59_int_0544,HLA-B4013,1,2,48,de novo,False
BCMA_l59_int_0544,HLA-B4201,0,2,49,de novo,False
BCMA_l59_int_0544,HLA-B4402,0,0,51,de novo,False
BCMA_l59_int_0544,HLA-B4403,0,0,51,de novo,False
BCMA_l59_int_0544,HLA-B4501,0,0,51,de novo,False
BCMA_l59_int_0544,HLA-B4601,0,1,50,de novo,False
BCMA_l59_int_0544,HLA-B4801,0,2,49,de novo,False
BCMA_l59_int_0544,HLA-B5101,0,0,51,de novo,False
BCMA_l59_int_0544,HLA-B5301,0,1,50,de novo,False
BCMA_l59_int_0544,HLA-B5401,1,0,50,de novo,False
BCMA_l59_int_0544,HLA-B5701,0,0,51,de novo,False
BCMA_l59_int_0544,HLA-B5801,0,0,51,de novo,False
BCMA_l59_int_0544,HLA-B5802,0,1,50,de novo,False
BCMA_l59_int_0544,HLA-B7301,1,2,48,de novo,False
BCMA_l59_int_0544,HLA-B8301,1,2,48,de novo,False
BCMA_l59_int_0544,HLA-C0303,0,0,51,de novo,False
BCMA_l59_int_0544,HLA-C0401,0,3,48,de novo,False
BCMA_l59_int_0544,HLA-C0501,0,1,50,de novo,False
BCMA_l59_int_0544,HLA-C0602,2,3,46,de novo,False
BCMA_l59_int_0544,HLA-C0701,2,4,45,de novo,True
BCMA_l59_int_0544,HLA-C0702,2,4,45,de novo,False
BCMA_l59_int_0544,HLA-C0802,0,0,51,de novo,False
BCMA_l59_int_0544,HLA-C1203,0,3,48,de novo,False
BCMA_l59_int_0544,HLA-C1402,1,3,47,de novo,False
BCMA_l59_int_0544,HLA-C1502,0,1,50,de novo,False
BCMA_l59_int_0656,HLA-A0101,0,1,50,de novo,True
BCMA_l59_int_0656,HLA-A0201,0,1,50,de novo,True
BCMA_l59_int_0656,HLA-A0202,1,1,49,de novo,False
BCMA_l59_int_0656,HLA-A0203,0,1,50,de novo,False
BCMA_l59_int_0656,HLA-A0205,1,0,50,de novo,False
BCMA_l59_int_0656,HLA-A0206,1,0,50,de novo,False
BCMA_l59_int_0656,HLA-A0207,0,1,50,de novo,False
BCMA_l59_int_0656,HLA-A0211,1,3,47,de novo,False
BCMA_l59_int_0656,HLA-A0212,1,1,49,de novo,False
BCMA_l59_int_0656,HLA-A0216,1,1,49,de novo,False
BCMA_l59_int_0656,HLA-A0217,0,1,50,de novo,False
BCMA_l59_int_0656,HLA-A0219,0,2,49,de novo,False
BCMA_l59_int_0656,HLA-A0250,1,2,48,de novo,False
BCMA_l59_int_0656,HLA-A0301,0,1,50,de novo,True
BCMA_l59_int_0656,HLA-A1101,0,1,50,de novo,False
BCMA_l59_int_0656,HLA-A2301,1,1,49,de novo,False
BCMA_l59_int_0656,HLA-A2402,1,1,49,de novo,False
BCMA_l59_int_0656,HLA-A2403,1,1,49,de novo,False
BCMA_l59_int_0656,HLA-A2501,1,3,47,de novo,False
BCMA_l59_int_0656,HLA-A2601,0,2,49,de novo,False
BCMA_l59_int_0656,HLA-A2602,1,3,47,de novo,False
BCMA_l59_int_0656,HLA-A2603,0,2,49,de novo,False
BCMA_l59_int_0656,HLA-A2902,0,1,50,de novo,False
BCMA_l59_int_0656,HLA-A3001,1,4,46,de novo,False
BCMA_l59_int_0656,HLA-A3002,0,1,50,de novo,False
BCMA_l59_int_0656,HLA-A3101,0,1,50,de novo,False
BCMA_l59_int_0656,HLA-A3201,0,2,49,de novo,False
BCMA_l59_int_0656,HLA-A3207,1,3,47,de novo,False
BCMA_l59_int_0656,HLA-A3215,0,5,46,de novo,False
BCMA_l59_int_0656,HLA-A3301,1,1,49,de novo,False
BCMA_l59_int_0656,HLA-A6601,1,5,45,de novo,False
BCMA_l59_int_0656,HLA-A6801,0,4,47,de novo,False
BCMA_l59_int_0656,HLA-A6802,0,1,50,de novo,False
BCMA_l59_int_0656,HLA-A6823,0,3,48,de novo,False
BCMA_l59_int_0656,HLA-A6901,0,2,49,de novo,False
BCMA_l59_int_0656,HLA-A8001,0,2,49,de novo,False
BCMA_l59_int_0656,HLA-B0702,0,1,50,de novo,True
BCMA_l59_int_0656,HLA-B0801,0,2,49,de novo,False
BCMA_l59_int_0656,HLA-B0802,2,11,38,de novo,False
BCMA_l59_int_0656,HLA-B0803,2,4,45,de novo,False
BCMA_l59_int_0656,HLA-B1402,1,2,48,de novo,False
BCMA_l59_int_0656,HLA-B1501,0,0,51,de novo,False
BCMA_l59_int_0656,HLA-B1502,0,2,49,de novo,False
BCMA_l59_int_0656,HLA-B1503,1,3,47,de novo,False
BCMA_l59_int_0656,HLA-B1509,0,2,49,de novo,False
BCMA_l59_int_0656,HLA-B1517,0,1,50,de novo,False
BCMA_l59_int_0656,HLA-B1801,0,2,49,de novo,False
BCMA_l59_int_0656,HLA-B2705,0,0,51,de novo,False
BCMA_l59_int_0656,HLA-B2720,1,3,47,de novo,False
BCMA_l59_int_0656,HLA-B3501,1,0,50,de novo,False
BCMA_l59_int_0656,HLA-B3503,0,3,48,de novo,False
BCMA_l59_int_0656,HLA-B3801,0,1,50,de novo,False
BCMA_l59_int_0656,HLA-B3901,0,1,50,de novo,False
BCMA_l59_int_0656,HLA-B4001,0,1,50,de novo,False
BCMA_l59_int_0656,HLA-B4002,0,0,51,de novo,False
BCMA_l59_int_0656,HLA-B4013,2,0,49,de novo,False
BCMA_l59_int_0656,HLA-B4201,0,3,48,de novo,False
BCMA_l59_int_0656,HLA-B4402,0,0,51,de novo,False
BCMA_l59_int_0656,HLA-B4403,0,0,51,de novo,False
BCMA_l59_int_0656,HLA-B4501,0,0,51,de novo,False
BCMA_l59_int_0656,HLA-B4601,1,1,49,de novo,False
BCMA_l59_int_0656,HLA-B4801,1,1,49,de novo,False
BCMA_l59_int_0656,HLA-B5101,0,0,51,de novo,False
BCMA_l59_int_0656,HLA-B5301,0,2,49,de novo,False
BCMA_l59_int_0656,HLA-B5401,1,0,50,de novo,False
BCMA_l59_int_0656,HLA-B5701,0,0,51,de novo,False
BCMA_l59_int_0656,HLA-B5801,0,0,51,de novo,False
BCMA_l59_int_0656,HLA-B5802,0,2,49,de novo,False
BCMA_l59_int_0656,HLA-B7301,1,1,49,de novo,False
BCMA_l59_int_0656,HLA-B8301,1,4,46,de novo,False
BCMA_l59_int_0656,HLA-C0303,0,2,49,de novo,False
BCMA_l59_int_0656,HLA-C0401,2,3,46,de novo,False
BCMA_l59_int_0656,HLA-C0501,0,3,48,de novo,False
BCMA_l59_int_0656,HLA-C0602,4,3,44,de novo,False
BCMA_l59_int_0656,HLA-C0701,4,1,46,de novo,True
BCMA_l59_int_0656,HLA-C0702,3,3,45,de novo,False
BCMA_l59_int_0656,HLA-C0802,1,0,50,de novo,False
BCMA_l59_int_0656,HLA-C1203,1,2,48,de novo,False
BCMA_l59_int_0656,HLA-C1402,1,3,47,de novo,False
BCMA_l59_int_0656,HLA-C1502,1,1,49,de novo,False
BCMA_l59_int_0893,HLA-A0101,0,1,50,de novo,True
BCMA_l59_int_0893,HLA-A0201,0,2,49,de novo,True
BCMA_l59_int_0893,HLA-A0202,1,1,49,de novo,False
BCMA_l59_int_0893,HLA-A0203,0,1,50,de novo,False
BCMA_l59_int_0893,HLA-A0205,1,0,50,de novo,False
BCMA_l59_int_0893,HLA-A0206,0,0,51,de novo,False
BCMA_l59_int_0893,HLA-A0207,1,0,50,de novo,False
BCMA_l59_int_0893,HLA-A0211,1,2,48,de novo,False
BCMA_l59_int_0893,HLA-A0212,0,3,48,de novo,False
BCMA_l59_int_0893,HLA-A0216,1,1,49,de novo,False
BCMA_l59_int_0893,HLA-A0217,0,1,50,de novo,False
BCMA_l59_int_0893,HLA-A0219,0,2,49,de novo,False
BCMA_l59_int_0893,HLA-A0250,1,2,48,de novo,False
BCMA_l59_int_0893,HLA-A0301,0,0,51,de novo,True
BCMA_l59_int_0893,HLA-A1101,0,1,50,de novo,False
BCMA_l59_int_0893,HLA-A2301,0,2,49,de novo,False
BCMA_l59_int_0893,HLA-A2402,1,1,49,de novo,False
BCMA_l59_int_0893,HLA-A2403,1,1,49,de novo,False
BCMA_l59_int_0893,HLA-A2501,2,1,48,de novo,False
BCMA_l59_int_0893,HLA-A2601,0,1,50,de novo,False
BCMA_l59_int_0893,HLA-A2602,1,2,48,de novo,False
BCMA_l59_int_0893,HLA-A2603,0,1,50,de novo,False
BCMA_l59_int_0893,HLA-A2902,0,2,49,de novo,False
BCMA_l59_int_0893,HLA-A3001,1,2,48,de novo,False
BCMA_l59_int_0893,HLA-A3002,0,1,50,de novo,False
BCMA_l59_int_0893,HLA-A3101,0,0,51,de novo,False
BCMA_l59_int_0893,HLA-A3201,0,2,49,de novo,False
BCMA_l59_int_0893,HLA-A3207,1,2,48,de novo,False
BCMA_l59_int_0893,HLA-A3215,0,2,49,de novo,False
BCMA_l59_int_0893,HLA-A3301,0,2,49,de novo,False
BCMA_l59_int_0893,HLA-A6601,1,4,46,de novo,False
BCMA_l59_int_0893,HLA-A6801,0,2,49,de novo,False
BCMA_l59_int_0893,HLA-A6802,0,0,51,de novo,False
BCMA_l59_int_0893,HLA-A6823,0,1,50,de novo,False
BCMA_l59_int_0893,HLA-A6901,0,0,51,de novo,False
BCMA_l59_int_0893,HLA-A8001,1,1,49,de novo,False
BCMA_l59_int_0893,HLA-B0702,0,1,50,de novo,True
BCMA_l59_int_0893,HLA-B0801,1,1,49,de novo,False
BCMA_l59_int_0893,HLA-B0802,2,8,41,de novo,False
BCMA_l59_int_0893,HLA-B0803,1,4,46,de novo,False
BCMA_l59_int_0893,HLA-B1402,2,2,47,de novo,False
BCMA_l59_int_0893,HLA-B1501,0,1,50,de novo,False
BCMA_l59_int_0893,HLA-B1502,0,1,50,de novo,False
BCMA_l59_int_0893,HLA-B1503,0,4,47,de novo,False
BCMA_l59_int_0893,HLA-B1509,0,1,50,de novo,False
BCMA_l59_int_0893,HLA-B1517,0,0,51,de novo,False
BCMA_l59_int_0893,HLA-B1801,0,0,51,de novo,False
BCMA_l59_int_0893,HLA-B2705,0,2,49,de novo,False
BCMA_l59_int_0893,HLA-B2720,1,3,47,de novo,False
BCMA_l59_int_0893,HLA-B3501,1,0,50,de novo,False
BCMA_l59_int_0893,HLA-B3503,0,3,48,de novo,False
BCMA_l59_int_0893,HLA-B3801,0,0,51,de novo,False
BCMA_l59_int_0893,HLA-B3901,0,0,51,de novo,False
BCMA_l59_int_0893,HLA-B4001,0,0,51,de novo,False
BCMA_l59_int_0893,HLA-B4002,0,0,51,de novo,False
BCMA_l59_int_0893,HLA-B4013,1,1,49,de novo,False
BCMA_l59_int_0893,HLA-B4201,0,3,48,de novo,False
BCMA_l59_int_0893,HLA-B4402,0,0,51,de novo,False
BCMA_l59_int_0893,HLA-B4403,0,0,51,de novo,False
BCMA_l59_int_0893,HLA-B4501,0,0,51,de novo,False
BCMA_l59_int_0893,HLA-B4601,0,1,50,de novo,False
BCMA_l59_int_0893,HLA-B4801,0,3,48,de novo,False
BCMA_l59_int_0893,HLA-B5101,0,0,51,de novo,False
BCMA_l59_int_0893,HLA-B5301,0,1,50,de novo,False
BCMA_l59_int_0893,HLA-B5401,1,0,50,de novo,False
BCMA_l59_int_0893,HLA-B5701,0,0,51,de novo,False
BCMA_l59_int_0893,HLA-B5801,0,0,51,de novo,False
BCMA_l59_int_0893,HLA-B5802,0,1,50,de novo,False
BCMA_l59_int_0893,HLA-B7301,1,2,48,de novo,False
BCMA_l59_int_0893,HLA-B8301,0,5,46,de novo,False
BCMA_l59_int_0893,HLA-C0303,0,0,51,de novo,False
BCMA_l59_int_0893,HLA-C0401,2,2,47,de novo,False
BCMA_l59_int_0893,HLA-C0501,0,0,51,de novo,False
BCMA_l59_int_0893,HLA-C0602,1,3,47,de novo,False
BCMA_l59_int_0893,HLA-C0701,1,5,45,de novo,True
BCMA_l59_int_0893,HLA-C0702,2,4,45,de novo,False
BCMA_l59_int_0893,HLA-C0802,0,1,50,de novo,False
BCMA_l59_int_0893,HLA-C1203,0,2,49,de novo,False
BCMA_l59_int_0893,HLA-C1402,1,1,49,de novo,False
BCMA_l59_int_0893,HLA-C1502,0,1,50,de novo,False
BCMA_l59_int_1038,HLA-A0101,1,0,50,de novo,True
BCMA_l59_int_1038,HLA-A0201,0,0,51,de novo,True
BCMA_l59_int_1038,HLA-A0202,0,0,51,de novo,False
BCMA_l59_int_1038,HLA-A0203,0,0,51,de novo,False
BCMA_l59_int_1038,HLA-A0205,0,1,50,de novo,False
BCMA_l59_int_1038,HLA-A0206,0,0,51,de novo,False
BCMA_l59_int_1038,HLA-A0207,0,1,50,de novo,False
BCMA_l59_int_1038,HLA-A0211,0,1,50,de novo,False
BCMA_l59_int_1038,HLA-A0212,0,1,50,de novo,False
BCMA_l59_int_1038,HLA-A0216,0,0,51,de novo,False
BCMA_l59_int_1038,HLA-A0217,0,0,51,de novo,False
BCMA_l59_int_1038,HLA-A0219,0,0,51,de novo,False
BCMA_l59_int_1038,HLA-A0250,0,2,49,de novo,False
BCMA_l59_int_1038,HLA-A0301,0,0,51,de novo,True
BCMA_l59_int_1038,HLA-A1101,0,0,51,de novo,False
BCMA_l59_int_1038,HLA-A2301,0,2,49,de novo,False
BCMA_l59_int_1038,HLA-A2402,0,2,49,de novo,False
BCMA_l59_int_1038,HLA-A2403,1,1,49,de novo,False
BCMA_l59_int_1038,HLA-A2501,1,3,47,de novo,False
BCMA_l59_int_1038,HLA-A2601,0,2,49,de novo,False
BCMA_l59_int_1038,HLA-A2602,0,3,48,de novo,False
BCMA_l59_int_1038,HLA-A2603,0,1,50,de novo,False
BCMA_l59_int_1038,HLA-A2902,0,3,48,de novo,False
BCMA_l59_int_1038,HLA-A3001,1,0,50,de novo,False
BCMA_l59_int_1038,HLA-A3002,0,0,51,de novo,False
BCMA_l59_int_1038,HLA-A3101,0,0,51,de novo,False
BCMA_l59_int_1038,HLA-A3201,0,3,48,de novo,False
BCMA_l59_int_1038,HLA-A3207,0,5,46,de novo,False
BCMA_l59_int_1038,HLA-A3215,0,2,49,de novo,False
BCMA_l59_int_1038,HLA-A3301,0,3,48,de novo,False
BCMA_l59_int_1038,HLA-A6601,0,6,45,de novo,False
BCMA_l59_int_1038,HLA-A6801,0,1,50,de novo,False
BCMA_l59_int_1038,HLA-A6802,0,0,51,de novo,False
BCMA_l59_int_1038,HLA-A6823,0,5,46,de novo,False
BCMA_l59_int_1038,HLA-A6901,0,1,50,de novo,False
BCMA_l59_int_1038,HLA-A8001,1,3,47,de novo,False
BCMA_l59_int_1038,HLA-B0702,0,1,50,de novo,True
BCMA_l59_int_1038,HLA-B0801,0,1,50,de novo,False
BCMA_l59_int_1038,HLA-B0802,2,5,44,de novo,False
BCMA_l59_int_1038,HLA-B0803,0,3,48,de novo,False
BCMA_l59_int_1038,HLA-B1402,0,5,46,de novo,False
BCMA_l59_int_1038,HLA-B1501,0,1,50,de novo,False
BCMA_l59_int_1038,HLA-B1502,0,3,48,de novo,False
BCMA_l59_int_1038,HLA-B1503,0,3,48,de novo,False
BCMA_l59_int_1038,HLA-B1509,0,1,50,de novo,False
BCMA_l59_int_1038,HLA-B1517,0,0,51,de novo,False
BCMA_l59_int_1038,HLA-B1801,0,0,51,de novo,False
BCMA_l59_int_1038,HLA-B2705,0,2,49,de novo,False
BCMA_l59_int_1038,HLA-B2720,0,5,46,de novo,False
BCMA_l59_int_1038,HLA-B3501,1,0,50,de novo,False
BCMA_l59_int_1038,HLA-B3503,0,3,48,de novo,False
BCMA_l59_int_1038,HLA-B3801,0,1,50,de novo,False
BCMA_l59_int_1038,HLA-B3901,0,1,50,de novo,False
BCMA_l59_int_1038,HLA-B4001,0,0,51,de novo,False
BCMA_l59_int_1038,HLA-B4002,0,0,51,de novo,False
BCMA_l59_int_1038,HLA-B4013,0,3,48,de novo,False
BCMA_l59_int_1038,HLA-B4201,0,3,48,de novo,False
BCMA_l59_int_1038,HLA-B4402,0,0,51,de novo,False
BCMA_l59_int_1038,HLA-B4403,0,0,51,de novo,False
BCMA_l59_int_1038,HLA-B4501,0,0,51,de novo,False
BCMA_l59_int_1038,HLA-B4601,0,1,50,de novo,False
BCMA_l59_int_1038,HLA-B4801,0,2,49,de novo,False
BCMA_l59_int_1038,HLA-B5101,0,0,51,de novo,False
BCMA_l59_int_1038,HLA-B5301,0,1,50,de novo,False
BCMA_l59_int_1038,HLA-B5401,1,0,50,de novo,False
BCMA_l59_int_1038,HLA-B5701,0,0,51,de novo,False
BCMA_l59_int_1038,HLA-B5801,0,0,51,de novo,False
BCMA_l59_int_1038,HLA-B5802,0,1,50,de novo,False
BCMA_l59_int_1038,HLA-B7301,1,5,45,de novo,False
BCMA_l59_int_1038,HLA-B8301,1,2,48,de novo,False
BCMA_l59_int_1038,HLA-C0303,0,0,51,de novo,False
BCMA_l59_int_1038,HLA-C0401,0,6,45,de novo,False
BCMA_l59_int_1038,HLA-C0501,0,1,50,de novo,False
BCMA_l59_int_1038,HLA-C0602,2,5,44,de novo,False
BCMA_l59_int_1038,HLA-C0701,3,4,44,de novo,True
BCMA_l59_int_1038,HLA-C0702,3,3,45,de novo,False
BCMA_l59_int_1038,HLA-C0802,0,2,49,de novo,False
BCMA_l59_int_1038,HLA-C1203,0,3,48,de novo,False
BCMA_l59_int_1038,HLA-C1402,1,3,47,de novo,False
BCMA_l59_int_1038,HLA-C1502,0,1,50,de novo,False
BCMA_l59_int_1280,HLA-A0101,0,2,49,de novo,True
BCMA_l59_int_1280,HLA-A0201,0,0,51,de novo,True
BCMA_l59_int_1280,HLA-A0202,0,0,51,de novo,False
BCMA_l59_int_1280,HLA-A0203,0,0,51,de novo,False
BCMA_l59_int_1280,HLA-A0205,0,0,51,de novo,False
BCMA_l59_int_1280,HLA-A0206,0,0,51,de novo,False
BCMA_l59_int_1280,HLA-A0207,0,2,49,de novo,False
BCMA_l59_int_1280,HLA-A0211,0,2,49,de novo,False
BCMA_l59_int_1280,HLA-A0212,0,1,50,de novo,False
BCMA_l59_int_1280,HLA-A0216,0,0,51,de novo,False
BCMA_l59_int_1280,HLA-A0217,0,0,51,de novo,False
BCMA_l59_int_1280,HLA-A0219,0,0,51,de novo,False
BCMA_l59_int_1280,HLA-A0250,1,0,50,de novo,False
BCMA_l59_int_1280,HLA-A0301,0,1,50,de novo,True
BCMA_l59_int_1280,HLA-A1101,0,1,50,de novo,False
BCMA_l59_int_1280,HLA-A2301,1,2,48,de novo,False
BCMA_l59_int_1280,HLA-A2402,1,1,49,de novo,False
BCMA_l59_int_1280,HLA-A2403,2,1,48,de novo,False
BCMA_l59_int_1280,HLA-A2501,2,2,47,de novo,False
BCMA_l59_int_1280,HLA-A2601,1,1,49,de novo,False
BCMA_l59_int_1280,HLA-A2602,1,3,47,de novo,False
BCMA_l59_int_1280,HLA-A2603,0,2,49,de novo,False
BCMA_l59_int_1280,HLA-A2902,1,1,49,de novo,False
BCMA_l59_int_1280,HLA-A3001,0,3,48,de novo,False
BCMA_l59_int_1280,HLA-A3002,0,2,49,de novo,False
BCMA_l59_int_1280,HLA-A3101,0,1,50,de novo,False
BCMA_l59_int_1280,HLA-A3201,0,3,48,de novo,False
BCMA_l59_int_1280,HLA-A3207,1,3,47,de novo,False
BCMA_l59_int_1280,HLA-A3215,0,4,47,de novo,False
BCMA_l59_int_1280,HLA-A3301,1,1,49,de novo,False
BCMA_l59_int_1280,HLA-A6601,1,6,44,de novo,False
BCMA_l59_int_1280,HLA-A6801,0,3,48,de novo,False
BCMA_l59_int_1280,HLA-A6802,0,0,51,de novo,False
BCMA_l59_int_1280,HLA-A6823,0,4,47,de novo,False
BCMA_l59_int_1280,HLA-A6901,0,0,51,de novo,False
BCMA_l59_int_1280,HLA-A8001,2,1,48,de novo,False
BCMA_l59_int_1280,HLA-B0702,0,1,50,de novo,True
BCMA_l59_int_1280,HLA-B0801,0,3,48,de novo,False
BCMA_l59_int_1280,HLA-B0802,3,6,42,de novo,False
BCMA_l59_int_1280,HLA-B0803,0,5,46,de novo,False
BCMA_l59_int_1280,HLA-B1402,1,3,47,de novo,False
BCMA_l59_int_1280,HLA-B1501,0,2,49,de novo,False
BCMA_l59_int_1280,HLA-B1502,1,2,48,de novo,False
BCMA_l59_int_1280,HLA-B1503,1,4,46,de novo,False
BCMA_l59_int_1280,HLA-B1509,0,3,48,de novo,False
BCMA_l59_int_1280,HLA-B1517,0,1,50,de novo,False
BCMA_l59_int_1280,HLA-B1801,0,1,50,de novo,False
BCMA_l59_int_1280,HLA-B2705,0,0,51,de novo,False
BCMA_l59_int_1280,HLA-B2720,1,2,48,de novo,False
BCMA_l59_int_1280,HLA-B3501,0,1,50,de novo,False
BCMA_l59_int_1280,HLA-B3503,0,3,48,de novo,False
BCMA_l59_int_1280,HLA-B3801,0,1,50,de novo,False
BCMA_l59_int_1280,HLA-B3901,0,0,51,de novo,False
BCMA_l59_int_1280,HLA-B4001,0,0,51,de novo,False
BCMA_l59_int_1280,HLA-B4002,0,1,50,de novo,False
BCMA_l59_int_1280,HLA-B4013,1,0,50,de novo,False
BCMA_l59_int_1280,HLA-B4201,0,2,49,de novo,False
BCMA_l59_int_1280,HLA-B4402,0,0,51,de novo,False
BCMA_l59_int_1280,HLA-B4403,0,0,51,de novo,False
BCMA_l59_int_1280,HLA-B4501,0,0,51,de novo,False
BCMA_l59_int_1280,HLA-B4601,0,1,50,de novo,False
BCMA_l59_int_1280,HLA-B4801,1,1,49,de novo,False
BCMA_l59_int_1280,HLA-B5101,0,0,51,de novo,False
BCMA_l59_int_1280,HLA-B5301,0,2,49,de novo,False
BCMA_l59_int_1280,HLA-B5401,1,0,50,de novo,False
BCMA_l59_int_1280,HLA-B5701,0,0,51,de novo,False
BCMA_l59_int_1280,HLA-B5801,0,0,51,de novo,False
BCMA_l59_int_1280,HLA-B5802,0,2,49,de novo,False
BCMA_l59_int_1280,HLA-B7301,1,0,50,de novo,False
BCMA_l59_int_1280,HLA-B8301,1,4,46,de novo,False
BCMA_l59_int_1280,HLA-C0303,0,2,49,de novo,False
BCMA_l59_int_1280,HLA-C0401,3,0,48,de novo,False
BCMA_l59_int_1280,HLA-C0501,0,3,48,de novo,False
BCMA_l59_int_1280,HLA-C0602,3,2,46,de novo,False
BCMA_l59_int_1280,HLA-C0701,3,3,45,de novo,True
BCMA_l59_int_1280,HLA-C0702,3,3,45,de novo,False
BCMA_l59_int_1280,HLA-C0802,0,1,50,de novo,False
BCMA_l59_int_1280,HLA-C1203,0,5,46,de novo,False
BCMA_l59_int_1280,HLA-C1402,2,1,48,de novo,False
BCMA_l59_int_1280,HLA-C1502,0,1,50,de novo,False
BCMA_l59_int_1500,HLA-A0101,0,1,50,de novo,True
BCMA_l59_int_1500,HLA-A0201,0,0,51,de novo,True
BCMA_l59_int_1500,HLA-A0202,0,0,51,de novo,False
BCMA_l59_int_1500,HLA-A0203,0,0,51,de novo,False
BCMA_l59_int_1500,HLA-A0205,0,1,50,de novo,False
BCMA_l59_int_1500,HLA-A0206,0,0,51,de novo,False
BCMA_l59_int_1500,HLA-A0207,0,0,51,de novo,False
BCMA_l59_int_1500,HLA-A0211,0,2,49,de novo,False
BCMA_l59_int_1500,HLA-A0212,0,0,51,de novo,False
BCMA_l59_int_1500,HLA-A0216,0,0,51,de novo,False
BCMA_l59_int_1500,HLA-A0217,0,0,51,de novo,False
BCMA_l59_int_1500,HLA-A0219,0,0,51,de novo,False
BCMA_l59_int_1500,HLA-A0250,0,1,50,de novo,False
BCMA_l59_int_1500,HLA-A0301,0,0,51,de novo,True
BCMA_l59_int_1500,HLA-A1101,0,1,50,de novo,False
BCMA_l59_int_1500,HLA-A2301,1,2,48,de novo,False
BCMA_l59_int_1500,HLA-A2402,1,2,48,de novo,False
BCMA_l59_int_1500,HLA-A2403,2,1,48,de novo,False
BCMA_l59_int_1500,HLA-A2501,2,3,46,de novo,False
BCMA_l59_int_1500,HLA-A2601,0,2,49,de novo,False
BCMA_l59_int_1500,HLA-A2602,1,2,48,de novo,False
BCMA_l59_int_1500,HLA-A2603,0,2,49,de novo,False
BCMA_l59_int_1500,HLA-A2902,1,3,47,de novo,False
BCMA_l59_int_1500,HLA-A3001,0,3,48,de novo,False
BCMA_l59_int_1500,HLA-A3002,0,2,49,de novo,False
BCMA_l59_int_1500,HLA-A3101,0,1,50,de novo,False
BCMA_l59_int_1500,HLA-A3201,0,3,48,de novo,False
BCMA_l59_int_1500,HLA-A3207,1,4,46,de novo,False
BCMA_l59_int_1500,HLA-A3215,0,3,48,de novo,False
BCMA_l59_int_1500,HLA-A3301,1,3,47,de novo,False
BCMA_l59_int_1500,HLA-A6601,1,6,44,de novo,False
BCMA_l59_int_1500,HLA-A6801,0,2,49,de novo,False
BCMA_l59_int_1500,HLA-A6802,0,0,51,de novo,False
BCMA_l59_int_1500,HLA-A6823,0,6,45,de novo,False
BCMA_l59_int_1500,HLA-A6901,0,0,51,de novo,False
BCMA_l59_int_1500,HLA-A8001,2,2,47,de novo,False
BCMA_l59_int_1500,HLA-B0702,0,1,50,de novo,True
BCMA_l59_int_1500,HLA-B0801,0,2,49,de novo,False
BCMA_l59_int_1500,HLA-B0802,3,9,39,de novo,False
BCMA_l59_int_1500,HLA-B0803,1,6,44,de novo,False
BCMA_l59_int_1500,HLA-B1402,1,4,46,de novo,False
BCMA_l59_int_1500,HLA-B1501,0,1,50,de novo,False
BCMA_l59_int_1500,HLA-B1502,1,1,49,de novo,False
BCMA_l59_int_1500,HLA-B1503,0,4,47,de novo,False
BCMA_l59_int_1500,HLA-B1509,0,2,49,de novo,False
BCMA_l59_int_1500,HLA-B1517,0,1,50,de novo,False
BCMA_l59_int_1500,HLA-B1801,0,0,51,de novo,False
BCMA_l59_int_1500,HLA-B2705,0,2,49,de novo,False
BCMA_l59_int_1500,HLA-B2720,1,3,47,de novo,False
BCMA_l59_int_1500,HLA-B3501,1,0,50,de novo,False
BCMA_l59_int_1500,HLA-B3503,0,3,48,de novo,False
BCMA_l59_int_1500,HLA-B3801,0,0,51,de novo,False
BCMA_l59_int_1500,HLA-B3901,0,1,50,de novo,False
BCMA_l59_int_1500,HLA-B4001,0,0,51,de novo,False
BCMA_l59_int_1500,HLA-B4002,0,0,51,de novo,False
BCMA_l59_int_1500,HLA-B4013,1,1,49,de novo,False
BCMA_l59_int_1500,HLA-B4201,0,2,49,de novo,False
BCMA_l59_int_1500,HLA-B4402,0,0,51,de novo,False
BCMA_l59_int_1500,HLA-B4403,0,0,51,de novo,False
BCMA_l59_int_1500,HLA-B4501,0,0,51,de novo,False
BCMA_l59_int_1500,HLA-B4601,0,1,50,de novo,False
BCMA_l59_int_1500,HLA-B4801,1,1,49,de novo,False
BCMA_l59_int_1500,HLA-B5101,0,0,51,de novo,False
BCMA_l59_int_1500,HLA-B5301,0,1,50,de novo,False
BCMA_l59_int_1500,HLA-B5401,1,0,50,de novo,False
BCMA_l59_int_1500,HLA-B5701,0,0,51,de novo,False
BCMA_l59_int_1500,HLA-B5801,0,0,51,de novo,False
BCMA_l59_int_1500,HLA-B5802,0,1,50,de novo,False
BCMA_l59_int_1500,HLA-B7301,1,4,46,de novo,False
BCMA_l59_int_1500,HLA-B8301,1,4,46,de novo,False
BCMA_l59_int_1500,HLA-C0303,1,0,50,de novo,False
BCMA_l59_int_1500,HLA-C0401,2,5,44,de novo,False
BCMA_l59_int_1500,HLA-C0501,0,2,49,de novo,False
BCMA_l59_int_1500,HLA-C0602,3,3,45,de novo,False
BCMA_l59_int_1500,HLA-C0701,3,4,44,de novo,True
BCMA_l59_int_1500,HLA-C0702,5,4,42,de novo,False
BCMA_l59_int_1500,HLA-C0802,0,1,50,de novo,False
BCMA_l59_int_1500,HLA-C1203,0,4,47,de novo,False
BCMA_l59_int_1500,HLA-C1402,2,2,47,de novo,False
BCMA_l59_int_1500,HLA-C1502,1,1,49,de novo,False
BCMA_l59_int_1525,HLA-A0101,1,0,50,de novo,True
BCMA_l59_int_1525,HLA-A0201,0,0,51,de novo,True
BCMA_l59_int_1525,HLA-A0202,0,0,51,de novo,False
BCMA_l59_int_1525,HLA-A0203,0,0,51,de novo,False
BCMA_l59_int_1525,HLA-A0205,0,1,50,de novo,False
BCMA_l59_int_1525,HLA-A0206,0,0,51,de novo,False
BCMA_l59_int_1525,HLA-A0207,0,0,51,de novo,False
BCMA_l59_int_1525,HLA-A0211,0,1,50,de novo,False
BCMA_l59_int_1525,HLA-A0212,0,1,50,de novo,False
BCMA_l59_int_1525,HLA-A0216,0,0,51,de novo,False
BCMA_l59_int_1525,HLA-A0217,0,0,51,de novo,False
BCMA_l59_int_1525,HLA-A0219,0,0,51,de novo,False
BCMA_l59_int_1525,HLA-A0250,0,2,49,de novo,False
BCMA_l59_int_1525,HLA-A0301,0,0,51,de novo,True
BCMA_l59_int_1525,HLA-A1101,0,1,50,de novo,False
BCMA_l59_int_1525,HLA-A2301,0,2,49,de novo,False
BCMA_l59_int_1525,HLA-A2402,0,2,49,de novo,False
BCMA_l59_int_1525,HLA-A2403,1,1,49,de novo,False
BCMA_l59_int_1525,HLA-A2501,1,2,48,de novo,False
BCMA_l59_int_1525,HLA-A2601,0,1,50,de novo,False
BCMA_l59_int_1525,HLA-A2602,0,2,49,de novo,False
BCMA_l59_int_1525,HLA-A2603,0,1,50,de novo,False
BCMA_l59_int_1525,HLA-A2902,0,2,49,de novo,False
BCMA_l59_int_1525,HLA-A3001,0,2,49,de novo,False
BCMA_l59_int_1525,HLA-A3002,0,0,51,de novo,False
BCMA_l59_int_1525,HLA-A3101,0,0,51,de novo,False
BCMA_l59_int_1525,HLA-A3201,0,2,49,de novo,False
BCMA_l59_int_1525,HLA-A3207,0,4,47,de novo,False
BCMA_l59_int_1525,HLA-A3215,0,2,49,de novo,False
BCMA_l59_int_1525,HLA-A3301,0,1,50,de novo,False
BCMA_l59_int_1525,HLA-A6601,0,5,46,de novo,False
BCMA_l59_int_1525,HLA-A6801,0,2,49,de novo,False
BCMA_l59_int_1525,HLA-A6802,0,0,51,de novo,False
BCMA_l59_int_1525,HLA-A6823,0,1,50,de novo,False
BCMA_l59_int_1525,HLA-A6901,0,0,51,de novo,False
BCMA_l59_int_1525,HLA-A8001,1,2,48,de novo,False
BCMA_l59_int_1525,HLA-B0702,0,1,50,de novo,True
BCMA_l59_int_1525,HLA-B0801,0,1,50,de novo,False
BCMA_l59_int_1525,HLA-B0802,2,6,43,de novo,False
BCMA_l59_int_1525,HLA-B0803,1,2,48,de novo,False
BCMA_l59_int_1525,HLA-B1402,1,2,48,de novo,False
BCMA_l59_int_1525,HLA-B1501,0,1,50,de novo,False
BCMA_l59_int_1525,HLA-B1502,0,2,49,de novo,False
BCMA_l59_int_1525,HLA-B1503,0,3,48,de novo,False
BCMA_l59_int_1525,HLA-B1509,0,2,49,de novo,False
BCMA_l59_int_1525,HLA-B1517,0,0,51,de novo,False
BCMA_l59_int_1525,HLA-B1801,0,0,51,de novo,False
BCMA_l59_int_1525,HLA-B2705,0,1,50,de novo,False
BCMA_l59_int_1525,HLA-B2720,0,4,47,de novo,False
BCMA_l59_int_1525,HLA-B3501,1,0,50,de novo,False
BCMA_l59_int_1525,HLA-B3503,0,3,48,de novo,False
BCMA_l59_int_1525,HLA-B3801,0,1,50,de novo,False
BCMA_l59_int_1525,HLA-B3901,0,0,51,de novo,False
BCMA_l59_int_1525,HLA-B4001,0,0,51,de novo,False
BCMA_l59_int_1525,HLA-B4002,0,0,51,de novo,False
BCMA_l59_int_1525,HLA-B4013,0,3,48,de novo,False
BCMA_l59_int_1525,HLA-B4201,0,3,48,de novo,False
BCMA_l59_int_1525,HLA-B4402,0,0,51,de novo,False
BCMA_l59_int_1525,HLA-B4403,0,0,51,de novo,False
BCMA_l59_int_1525,HLA-B4501,0,0,51,de novo,False
BCMA_l59_int_1525,HLA-B4601,0,1,50,de novo,False
BCMA_l59_int_1525,HLA-B4801,0,2,49,de novo,False
BCMA_l59_int_1525,HLA-B5101,0,0,51,de novo,False
BCMA_l59_int_1525,HLA-B5301,0,1,50,de novo,False
BCMA_l59_int_1525,HLA-B5401,1,0,50,de novo,False
BCMA_l59_int_1525,HLA-B5701,0,0,51,de novo,False
BCMA_l59_int_1525,HLA-B5801,0,0,51,de novo,False
BCMA_l59_int_1525,HLA-B5802,0,1,50,de novo,False
BCMA_l59_int_1525,HLA-B7301,1,3,47,de novo,False
BCMA_l59_int_1525,HLA-B8301,0,3,48,de novo,False
BCMA_l59_int_1525,HLA-C0303,0,0,51,de novo,False
BCMA_l59_int_1525,HLA-C0401,0,2,49,de novo,False
BCMA_l59_int_1525,HLA-C0501,0,0,51,de novo,False
BCMA_l59_int_1525,HLA-C0602,1,4,46,de novo,False
BCMA_l59_int_1525,HLA-C0701,1,6,44,de novo,True
BCMA_l59_int_1525,HLA-C0702,1,4,46,de novo,False
BCMA_l59_int_1525,HLA-C0802,0,2,49,de novo,False
BCMA_l59_int_1525,HLA-C1203,0,2,49,de novo,False
BCMA_l59_int_1525,HLA-C1402,1,1,49,de novo,False
BCMA_l59_int_1525,HLA-C1502,0,0,51,de novo,False
BCMA_l59_int_1568,HLA-A0101,0,2,49,de novo,True
BCMA_l59_int_1568,HLA-A0201,0,0,51,de novo,True
BCMA_l59_int_1568,HLA-A0202,0,0,51,de novo,False
BCMA_l59_int_1568,HLA-A0203,0,0,51,de novo,False
BCMA_l59_int_1568,HLA-A0205,0,0,51,de novo,False
BCMA_l59_int_1568,HLA-A0206,0,0,51,de novo,False
BCMA_l59_int_1568,HLA-A0207,0,0,51,de novo,False
BCMA_l59_int_1568,HLA-A0211,0,2,49,de novo,False
BCMA_l59_int_1568,HLA-A0212,0,1,50,de novo,False
BCMA_l59_int_1568,HLA-A0216,0,0,51,de novo,False
BCMA_l59_int_1568,HLA-A0217,0,0,51,de novo,False
BCMA_l59_int_1568,HLA-A0219,0,0,51,de novo,False
BCMA_l59_int_1568,HLA-A0250,0,1,50,de novo,False
BCMA_l59_int_1568,HLA-A0301,0,1,50,de novo,True
BCMA_l59_int_1568,HLA-A1101,0,1,50,de novo,False
BCMA_l59_int_1568,HLA-A2301,1,1,49,de novo,False
BCMA_l59_int_1568,HLA-A2402,1,1,49,de novo,False
BCMA_l59_int_1568,HLA-A2403,1,2,48,de novo,False
BCMA_l59_int_1568,HLA-A2501,1,2,48,de novo,False
BCMA_l59_int_1568,HLA-A2601,1,1,49,de novo,False
BCMA_l59_int_1568,HLA-A2602,1,2,48,de novo,False
BCMA_l59_int_1568,HLA-A2603,1,1,49,de novo,False
BCMA_l59_int_1568,HLA-A2902,1,1,49,de novo,False
BCMA_l59_int_1568,HLA-A3001,1,3,47,de novo,False
BCMA_l59_int_1568,HLA-A3002,0,2,49,de novo,False
BCMA_l59_int_1568,HLA-A3101,0,1,50,de novo,False
BCMA_l59_int_1568,HLA-A3201,0,4,47,de novo,False
BCMA_l59_int_1568,HLA-A3207,1,3,47,de novo,False
BCMA_l59_int_1568,HLA-A3215,0,3,48,de novo,False
BCMA_l59_int_1568,HLA-A3301,1,1,49,de novo,False
BCMA_l59_int_1568,HLA-A6601,1,7,43,de novo,False
BCMA_l59_int_1568,HLA-A6801,1,1,49,de novo,False
BCMA_l59_int_1568,HLA-A6802,0,0,51,de novo,False
BCMA_l59_int_1568,HLA-A6823,0,5,46,de novo,False
BCMA_l59_int_1568,HLA-A6901,0,1,50,de novo,False
BCMA_l59_int_1568,HLA-A8001,1,2,48,de novo,False
BCMA_l59_int_1568,HLA-B0702,0,2,49,de novo,True
BCMA_l59_int_1568,HLA-B0801,0,3,48,de novo,False
BCMA_l59_int_1568,HLA-B0802,4,7,40,de novo,False
BCMA_l59_int_1568,HLA-B0803,0,6,45,de novo,False
BCMA_l59_int_1568,HLA-B1402,1,6,44,de novo,False
BCMA_l59_int_1568,HLA-B1501,0,2,49,de novo,False
BCMA_l59_int_1568,HLA-B1502,1,2,48,de novo,False
BCMA_l59_int_1568,HLA-B1503,0,4,47,de novo,False
BCMA_l59_int_1568,HLA-B1509,0,3,48,de novo,False
BCMA_l59_int_1568,HLA-B1517,0,1,50,de novo,False
BCMA_l59_int_1568,HLA-B1801,0,0,51,de novo,False
BCMA_l59_int_1568,HLA-B2705,0,2,49,de novo,False
BCMA_l59_int_1568,HLA-B2720,1,3,47,de novo,False
BCMA_l59_int_1568,HLA-B3501,1,0,50,de novo,False
BCMA_l59_int_1568,HLA-B3503,1,2,48,de novo,False
BCMA_l59_int_1568,HLA-B3801,0,1,50,de novo,False
BCMA_l59_int_1568,HLA-B3901,0,2,49,de novo,False
BCMA_l59_int_1568,HLA-B4001,0,1,50,de novo,False
BCMA_l59_int_1568,HLA-B4002,0,1,50,de novo,False
BCMA_l59_int_1568,HLA-B4013,2,0,49,de novo,False
BCMA_l59_int_1568,HLA-B4201,0,2,49,de novo,False
BCMA_l59_int_1568,HLA-B4402,0,0,51,de novo,False
BCMA_l59_int_1568,HLA-B4403,0,0,51,de novo,False
BCMA_l59_int_1568,HLA-B4501,0,0,51,de novo,False
BCMA_l59_int_1568,HLA-B4601,0,1,50,de novo,False
BCMA_l59_int_1568,HLA-B4801,2,1,48,de novo,False
BCMA_l59_int_1568,HLA-B5101,0,0,51,de novo,False
BCMA_l59_int_1568,HLA-B5301,0,1,50,de novo,False
BCMA_l59_int_1568,HLA-B5401,1,0,50,de novo,False
BCMA_l59_int_1568,HLA-B5701,0,0,51,de novo,False
BCMA_l59_int_1568,HLA-B5801,0,0,51,de novo,False
BCMA_l59_int_1568,HLA-B5802,0,1,50,de novo,False
BCMA_l59_int_1568,HLA-B7301,1,4,46,de novo,False
BCMA_l59_int_1568,HLA-B8301,2,3,46,de novo,False
BCMA_l59_int_1568,HLA-C0303,1,1,49,de novo,False
BCMA_l59_int_1568,HLA-C0401,3,3,45,de novo,False
BCMA_l59_int_1568,HLA-C0501,0,2,49,de novo,False
BCMA_l59_int_1568,HLA-C0602,2,4,45,de novo,False
BCMA_l59_int_1568,HLA-C0701,2,5,44,de novo,True
BCMA_l59_int_1568,HLA-C0702,3,5,43,de novo,False
BCMA_l59_int_1568,HLA-C0802,0,2,49,de novo,False
BCMA_l59_int_1568,HLA-C1203,0,4,47,de novo,False
BCMA_l59_int_1568,HLA-C1402,2,2,47,de novo,False
BCMA_l59_int_1568,HLA-C1502,1,1,49,de novo,False
BCMA_l59_int_1575,HLA-A0101,0,1,50,de novo,True
BCMA_l59_int_1575,HLA-A0201,0,0,51,de novo,True
BCMA_l59_int_1575,HLA-A0202,0,0,51,de novo,False
BCMA_l59_int_1575,HLA-A0203,0,0,51,de novo,False
BCMA_l59_int_1575,HLA-A0205,0,0,51,de novo,False
BCMA_l59_int_1575,HLA-A0206,0,0,51,de novo,False
BCMA_l59_int_1575,HLA-A0207,0,0,51,de novo,False
BCMA_l59_int_1575,HLA-A0211,0,2,49,de novo,False
BCMA_l59_int_1575,HLA-A0212,0,1,50,de novo,False
BCMA_l59_int_1575,HLA-A0216,0,0,51,de novo,False
BCMA_l59_int_1575,HLA-A0217,0,0,51,de novo,False
BCMA_l59_int_1575,HLA-A0219,0,0,51,de novo,False
BCMA_l59_int_1575,HLA-A0250,0,1,50,de novo,False
BCMA_l59_int_1575,HLA-A0301,0,0,51,de novo,True
BCMA_l59_int_1575,HLA-A1101,0,1,50,de novo,False
BCMA_l59_int_1575,HLA-A2301,2,1,48,de novo,False
BCMA_l59_int_1575,HLA-A2402,1,2,48,de novo,False
BCMA_l59_int_1575,HLA-A2403,2,1,48,de novo,False
BCMA_l59_int_1575,HLA-A2501,1,3,47,de novo,False
BCMA_l59_int_1575,HLA-A2601,0,2,49,de novo,False
BCMA_l59_int_1575,HLA-A2602,1,2,48,de novo,False
BCMA_l59_int_1575,HLA-A2603,0,2,49,de novo,False
BCMA_l59_int_1575,HLA-A2902,1,1,49,de novo,False
BCMA_l59_int_1575,HLA-A3001,1,1,49,de novo,False
BCMA_l59_int_1575,HLA-A3002,0,2,49,de novo,False
BCMA_l59_int_1575,HLA-A3101,0,1,50,de novo,False
BCMA_l59_int_1575,HLA-A3201,0,3,48,de novo,False
BCMA_l59_int_1575,HLA-A3207,1,2,48,de novo,False
BCMA_l59_int_1575,HLA-A3215,0,4,47,de novo,False
BCMA_l59_int_1575,HLA-A3301,1,1,49,de novo,False
BCMA_l59_int_1575,HLA-A6601,1,6,44,de novo,False
BCMA_l59_int_1575,HLA-A6801,0,3,48,de novo,False
BCMA_l59_int_1575,HLA-A6802,0,1,50,de novo,False
BCMA_l59_int_1575,HLA-A6823,0,4,47,de novo,False
BCMA_l59_int_1575,HLA-A6901,0,1,50,de novo,False
BCMA_l59_int_1575,HLA-A8001,1,2,48,de novo,False
BCMA_l59_int_1575,HLA-B0702,0,1,50,de novo,True
BCMA_l59_int_1575,HLA-B0801,0,2,49,de novo,False
BCMA_l59_int_1575,HLA-B0802,1,11,39,de novo,False
BCMA_l59_int_1575,HLA-B0803,0,6,45,de novo,False
BCMA_l59_int_1575,HLA-B1402,1,2,48,de novo,False
BCMA_l59_int_1575,HLA-B1501,0,2,49,de novo,False
BCMA_l59_int_1575,HLA-B1502,1,1,49,de novo,False
BCMA_l59_int_1575,HLA-B1503,1,4,46,de novo,False
BCMA_l59_int_1575,HLA-B1509,0,2,49,de novo,False
BCMA_l59_int_1575,HLA-B1517,0,1,50,de novo,False
BCMA_l59_int_1575,HLA-B1801,0,0,51,de novo,False
BCMA_l59_int_1575,HLA-B2705,0,2,49,de novo,False
BCMA_l59_int_1575,HLA-B2720,1,3,47,de novo,False
BCMA_l59_int_1575,HLA-B3501,1,0,50,de novo,False
BCMA_l59_int_1575,HLA-B3503,0,3,48,de novo,False
BCMA_l59_int_1575,HLA-B3801,0,1,50,de novo,False
BCMA_l59_int_1575,HLA-B3901,0,0,51,de novo,False
BCMA_l59_int_1575,HLA-B4001,0,0,51,de novo,False
BCMA_l59_int_1575,HLA-B4002,0,1,50,de novo,False
BCMA_l59_int_1575,HLA-B4013,2,1,48,de novo,False
BCMA_l59_int_1575,HLA-B4201,0,2,49,de novo,False
BCMA_l59_int_1575,HLA-B4402,0,0,51,de novo,False
BCMA_l59_int_1575,HLA-B4403,0,0,51,de novo,False
BCMA_l59_int_1575,HLA-B4501,0,1,50,de novo,False
BCMA_l59_int_1575,HLA-B4601,0,1,50,de novo,False
BCMA_l59_int_1575,HLA-B4801,1,2,48,de novo,False
BCMA_l59_int_1575,HLA-B5101,0,0,51,de novo,False
BCMA_l59_int_1575,HLA-B5301,0,2,49,de novo,False
BCMA_l59_int_1575,HLA-B5401,1,0,50,de novo,False
BCMA_l59_int_1575,HLA-B5701,0,0,51,de novo,False
BCMA_l59_int_1575,HLA-B5801,0,0,51,de novo,False
BCMA_l59_int_1575,HLA-B5802,0,2,49,de novo,False
BCMA_l59_int_1575,HLA-B7301,1,1,49,de novo,False
BCMA_l59_int_1575,HLA-B8301,1,4,46,de novo,False
BCMA_l59_int_1575,HLA-C0303,0,2,49,de novo,False
BCMA_l59_int_1575,HLA-C0401,2,2,47,de novo,False
BCMA_l59_int_1575,HLA-C0501,0,3,48,de novo,False
BCMA_l59_int_1575,HLA-C0602,3,4,44,de novo,False
BCMA_l59_int_1575,HLA-C0701,3,4,44,de novo,True
BCMA_l59_int_1575,HLA-C0702,3,3,45,de novo,False
BCMA_l59_int_1575,HLA-C0802,0,0,51,de novo,False
BCMA_l59_int_1575,HLA-C1203,0,4,47,de novo,False
BCMA_l59_int_1575,HLA-C1402,2,1,48,de novo,False
BCMA_l59_int_1575,HLA-C1502,0,1,50,de novo,False
BCMA_l59_int_1793,HLA-A0101,0,1,50,de novo,True
BCMA_l59_int_1793,HLA-A0201,0,0,51,de novo,True
BCMA_l59_int_1793,HLA-A0202,0,0,51,de novo,False
BCMA_l59_int_1793,HLA-A0203,0,0,51,de novo,False
BCMA_l59_int_1793,HLA-A0205,0,1,50,de novo,False
BCMA_l59_int_1793,HLA-A0206,0,0,51,de novo,False
BCMA_l59_int_1793,HLA-A0207,0,0,51,de novo,False
BCMA_l59_int_1793,HLA-A0211,0,2,49,de novo,False
BCMA_l59_int_1793,HLA-A0212,0,1,50,de novo,False
BCMA_l59_int_1793,HLA-A0216,0,0,51,de novo,False
BCMA_l59_int_1793,HLA-A0217,0,0,51,de novo,False
BCMA_l59_int_1793,HLA-A0219,0,0,51,de novo,False
BCMA_l59_int_1793,HLA-A0250,0,1,50,de novo,False
BCMA_l59_int_1793,HLA-A0301,0,0,51,de novo,True
BCMA_l59_int_1793,HLA-A1101,0,1,50,de novo,False
BCMA_l59_int_1793,HLA-A2301,1,2,48,de novo,False
BCMA_l59_int_1793,HLA-A2402,1,2,48,de novo,False
BCMA_l59_int_1793,HLA-A2403,2,1,48,de novo,False
BCMA_l59_int_1793,HLA-A2501,1,2,48,de novo,False
BCMA_l59_int_1793,HLA-A2601,0,1,50,de novo,False
BCMA_l59_int_1793,HLA-A2602,1,2,48,de novo,False
BCMA_l59_int_1793,HLA-A2603,0,2,49,de novo,False
BCMA_l59_int_1793,HLA-A2902,1,1,49,de novo,False
BCMA_l59_int_1793,HLA-A3001,0,1,50,de novo,False
BCMA_l59_int_1793,HLA-A3002,0,2,49,de novo,False
BCMA_l59_int_1793,HLA-A3101,0,1,50,de novo,False
BCMA_l59_int_1793,HLA-A3201,0,3,48,de novo,False
BCMA_l59_int_1793,HLA-A3207,1,2,48,de novo,False
BCMA_l59_int_1793,HLA-A3215,0,3,48,de novo,False
BCMA_l59_int_1793,HLA-A3301,1,2,48,de novo,False
BCMA_l59_int_1793,HLA-A6601,1,5,45,de novo,False
BCMA_l59_int_1793,HLA-A6801,0,2,49,de novo,False
BCMA_l59_int_1793,HLA-A6802,0,0,51,de novo,False
BCMA_l59_int_1793,HLA-A6823,0,6,45,de novo,False
BCMA_l59_int_1793,HLA-A6901,0,0,51,de novo,False
BCMA_l59_int_1793,HLA-A8001,1,2,48,de novo,False
BCMA_l59_int_1793,HLA-B0702,0,1,50,de novo,True
BCMA_l59_int_1793,HLA-B0801,0,2,49,de novo,False
BCMA_l59_int_1793,HLA-B0802,3,8,40,de novo,False
BCMA_l59_int_1793,HLA-B0803,0,7,44,de novo,False
BCMA_l59_int_1793,HLA-B1402,1,3,47,de novo,False
BCMA_l59_int_1793,HLA-B1501,0,2,49,de novo,False
BCMA_l59_int_1793,HLA-B1502,1,1,49,de novo,False
BCMA_l59_int_1793,HLA-B1503,0,4,47,de novo,False
BCMA_l59_int_1793,HLA-B1509,0,2,49,de novo,False
BCMA_l59_int_1793,HLA-B1517,0,1,50,de novo,False
BCMA_l59_int_1793,HLA-B1801,0,0,51,de novo,False
BCMA_l59_int_1793,HLA-B2705,0,2,49,de novo,False
BCMA_l59_int_1793,HLA-B2720,1,3,47,de novo,False
BCMA_l59_int_1793,HLA-B3501,1,0,50,de novo,False
BCMA_l59_int_1793,HLA-B3503,0,3,48,de novo,False
BCMA_l59_int_1793,HLA-B3801,0,0,51,de novo,False
BCMA_l59_int_1793,HLA-B3901,0,1,50,de novo,False
BCMA_l59_int_1793,HLA-B4001,0,0,51,de novo,False
BCMA_l59_int_1793,HLA-B4002,0,0,51,de novo,False
BCMA_l59_int_1793,HLA-B4013,2,1,48,de novo,False
BCMA_l59_int_1793,HLA-B4201,0,2,49,de novo,False
BCMA_l59_int_1793,HLA-B4402,0,0,51,de novo,False
BCMA_l59_int_1793,HLA-B4403,0,0,51,de novo,False
BCMA_l59_int_1793,HLA-B4501,0,0,51,de novo,False
BCMA_l59_int_1793,HLA-B4601,0,1,50,de novo,False
BCMA_l59_int_1793,HLA-B4801,1,2,48,de novo,False
BCMA_l59_int_1793,HLA-B5101,0,0,51,de novo,False
BCMA_l59_int_1793,HLA-B5301,0,1,50,de novo,False
BCMA_l59_int_1793,HLA-B5401,1,0,50,de novo,False
BCMA_l59_int_1793,HLA-B5701,0,0,51,de novo,False
BCMA_l59_int_1793,HLA-B5801,0,0,51,de novo,False
BCMA_l59_int_1793,HLA-B5802,0,1,50,de novo,False
BCMA_l59_int_1793,HLA-B7301,1,2,48,de novo,False
BCMA_l59_int_1793,HLA-B8301,1,4,46,de novo,False
BCMA_l59_int_1793,HLA-C0303,1,0,50,de novo,False
BCMA_l59_int_1793,HLA-C0401,2,4,45,de novo,False
BCMA_l59_int_1793,HLA-C0501,0,2,49,de novo,False
BCMA_l59_int_1793,HLA-C0602,2,3,46,de novo,False
BCMA_l59_int_1793,HLA-C0701,2,4,45,de novo,True
BCMA_l59_int_1793,HLA-C0702,3,5,43,de novo,False
BCMA_l59_int_1793,HLA-C0802,0,1,50,de novo,False
BCMA_l59_int_1793,HLA-C1203,0,4,47,de novo,False
BCMA_l59_int_1793,HLA-C1402,2,1,48,de novo,False
BCMA_l59_int_1793,HLA-C1502,1,1,49,de novo,False
BCMA_l59_int_wildtype,HLA-A0101,1,0,50,de novo,True
BCMA_l59_int_wildtype,HLA-A0201,0,0,51,de novo,True
BCMA_l59_int_wildtype,HLA-A0202,0,0,51,de novo,False
BCMA_l59_int_wildtype,HLA-A0203,0,0,51,de novo,False
BCMA_l59_int_wildtype,HLA-A0205,0,0,51,de novo,False
BCMA_l59_int_wildtype,HLA-A0206,0,0,51,de novo,False
BCMA_l59_int_wildtype,HLA-A0207,0,0,51,de novo,False
BCMA_l59_int_wildtype,HLA-A0211,0,1,50,de novo,False
BCMA_l59_int_wildtype,HLA-A0212,0,1,50,de novo,False
BCMA_l59_int_wildtype,HLA-A0216,0,0,51,de novo,False
BCMA_l59_int_wildtype,HLA-A0217,0,0,51,de novo,False
BCMA_l59_int_wildtype,HLA-A0219,0,0,51,de novo,False
BCMA_l59_int_wildtype,HLA-A0250,0,1,50,de novo,False
BCMA_l59_int_wildtype,HLA-A0301,0,0,51,de novo,True
BCMA_l59_int_wildtype,HLA-A1101,0,1,50,de novo,False
BCMA_l59_int_wildtype,HLA-A2301,0,1,50,de novo,False
BCMA_l59_int_wildtype,HLA-A2402,0,1,50,de novo,False
BCMA_l59_int_wildtype,HLA-A2403,0,2,49,de novo,False
BCMA_l59_int_wildtype,HLA-A2501,1,3,47,de novo,False
BCMA_l59_int_wildtype,HLA-A2601,0,1,50,de novo,False
BCMA_l59_int_wildtype,HLA-A2602,0,2,49,de novo,False
BCMA_l59_int_wildtype,HLA-A2603,0,2,49,de novo,False
BCMA_l59_int_wildtype,HLA-A2902,0,2,49,de novo,False
BCMA_l59_int_wildtype,HLA-A3001,1,1,49,de novo,False
BCMA_l59_int_wildtype,HLA-A3002,0,0,51,de novo,False
BCMA_l59_int_wildtype,HLA-A3101,0,0,51,de novo,False
BCMA_l59_int_wildtype,HLA-A3201,0,3,48,de novo,False
BCMA_l59_int_wildtype,HLA-A3207,0,3,48,de novo,False
BCMA_l59_int_wildtype,HLA-A3215,0,2,49,de novo,False
BCMA_l59_int_wildtype,HLA-A3301,0,2,49,de novo,False
BCMA_l59_int_wildtype,HLA-A6601,0,5,46,de novo,False
BCMA_l59_int_wildtype,HLA-A6801,0,2,49,de novo,False
BCMA_l59_int_wildtype,HLA-A6802,0,1,50,de novo,False
BCMA_l59_int_wildtype,HLA-A6823,0,1,50,de novo,False
BCMA_l59_int_wildtype,HLA-A6901,0,0,51,de novo,False
BCMA_l59_int_wildtype,HLA-A8001,1,2,48,de novo,False
BCMA_l59_int_wildtype,HLA-B0702,0,1,50,de novo,True
BCMA_l59_int_wildtype,HLA-B0801,0,1,50,de novo,False
BCMA_l59_int_wildtype,HLA-B0802,2,7,42,de novo,False
BCMA_l59_int_wildtype,HLA-B0803,1,3,47,de novo,False
BCMA_l59_int_wildtype,HLA-B1402,1,4,46,de novo,False
BCMA_l59_int_wildtype,HLA-B1501,0,1,50,de novo,False
BCMA_l59_int_wildtype,HLA-B1502,0,3,48,de novo,False
BCMA_l59_int_wildtype,HLA-B1503,0,3,48,de novo,False
BCMA_l59_int_wildtype,HLA-B1509,0,1,50,de novo,False
BCMA_l59_int_wildtype,HLA-B1517,0,0,51,de novo,False
BCMA_l59_int_wildtype,HLA-B1801,0,0,51,de novo,False
BCMA_l59_int_wildtype,HLA-B2705,0,1,50,de novo,False
BCMA_l59_int_wildtype,HLA-B2720,0,5,46,de novo,False
BCMA_l59_int_wildtype,HLA-B3501,0,1,50,de novo,False
BCMA_l59_int_wildtype,HLA-B3503,0,3,48,de novo,False
BCMA_l59_int_wildtype,HLA-B3801,0,1,50,de novo,False
BCMA_l59_int_wildtype,HLA-B3901,0,1,50,de novo,False
BCMA_l59_int_wildtype,HLA-B4001,0,0,51,de novo,False
BCMA_l59_int_wildtype,HLA-B4002,0,0,51,de novo,False
BCMA_l59_int_wildtype,HLA-B4013,0,2,49,de novo,False
BCMA_l59_int_wildtype,HLA-B4201,0,2,49,de novo,False
BCMA_l59_int_wildtype,HLA-B4402,0,0,51,de novo,False
BCMA_l59_int_wildtype,HLA-B4403,0,0,51,de novo,False
BCMA_l59_int_wildtype,HLA-B4501,0,0,51,de novo,False
BCMA_l59_int_wildtype,HLA-B4601,0,1,50,de novo,False
BCMA_l59_int_wildtype,HLA-B4801,0,2,49,de novo,False
BCMA_l59_int_wildtype,HLA-B5101,0,0,51,de novo,False
BCMA_l59_int_wildtype,HLA-B5301,0,1,50,de novo,False
BCMA_l59_int_wildtype,HLA-B5401,1,0,50,de novo,False
BCMA_l59_int_wildtype,HLA-B5701,0,0,51,de novo,False
BCMA_l59_int_wildtype,HLA-B5801,0,0,51,de novo,False
BCMA_l59_int_wildtype,HLA-B5802,0,1,50,de novo,False
BCMA_l59_int_wildtype,HLA-B7301,1,2,48,de novo,False
BCMA_l59_int_wildtype,HLA-B8301,0,3,48,de novo,False
BCMA_l59_int_wildtype,HLA-C0303,0,0,51,de novo,False
BCMA_l59_int_wildtype,HLA-C0401,0,4,47,de novo,False
BCMA_l59_int_wildtype,HLA-C0501,0,1,50,de novo,False
BCMA_l59_int_wildtype,HLA-C0602,3,3,45,de novo,False
BCMA_l59_int_wildtype,HLA-C0701,3,5,43,de novo,True
BCMA_l59_int_wildtype,HLA-C0702,2,5,44,de novo,False
BCMA_l59_int_wildtype,HLA-C0802,0,1,50,de novo,False
BCMA_l59_int_wildtype,HLA-C1203,0,1,50,de novo,False
BCMA_l59_int_wildtype,HLA-C1402,0,3,48,de novo,False
BCMA_l59_int_wildtype,HLA-C1502,0,0,51,de novo,False
BCMA_l59_nonint_0366,HLA-A0101,1,0,50,de novo,True
BCMA_l59_nonint_0366,HLA-A0201,0,1,50,de novo,True
BCMA_l59_nonint_0366,HLA-A0202,0,1,50,de novo,False
BCMA_l59_nonint_0366,HLA-A0203,0,1,50,de novo,False
BCMA_l59_nonint_0366,HLA-A0205,0,1,50,de novo,False
BCMA_l59_nonint_0366,HLA-A0206,0,1,50,de novo,False
BCMA_l59_nonint_0366,HLA-A0207,0,1,50,de novo,False
BCMA_l59_nonint_0366,HLA-A0211,1,0,50,de novo,False
BCMA_l59_nonint_0366,HLA-A0212,1,2,48,de novo,False
BCMA_l59_nonint_0366,HLA-A0216,0,2,49,de novo,False
BCMA_l59_nonint_0366,HLA-A0217,0,0,51,de novo,False
BCMA_l59_nonint_0366,HLA-A0219,0,2,49,de novo,False
BCMA_l59_nonint_0366,HLA-A0250,1,1,49,de novo,False
BCMA_l59_nonint_0366,HLA-A0301,0,0,51,de novo,True
BCMA_l59_nonint_0366,HLA-A1101,0,0,51,de novo,False
BCMA_l59_nonint_0366,HLA-A2301,1,2,48,de novo,False
BCMA_l59_nonint_0366,HLA-A2402,0,2,49,de novo,False
BCMA_l59_nonint_0366,HLA-A2403,1,5,45,de novo,False
BCMA_l59_nonint_0366,HLA-A2501,2,4,45,de novo,False
BCMA_l59_nonint_0366,HLA-A2601,1,1,49,de novo,False
BCMA_l59_nonint_0366,HLA-A2602,1,2,48,de novo,False
BCMA_l59_nonint_0366,HLA-A2603,0,2,49,de novo,False
BCMA_l59_nonint_0366,HLA-A2902,0,1,50,de novo,False
BCMA_l59_nonint_0366,HLA-A3001,2,1,48,de novo,False
BCMA_l59_nonint_0366,HLA-A3002,0,0,51,de novo,False
BCMA_l59_nonint_0366,HLA-A3101,1,0,50,de novo,False
BCMA_l59_nonint_0366,HLA-A3201,0,0,51,de novo,False
BCMA_l59_nonint_0366,HLA-A3207,2,2,47,de novo,False
BCMA_l59_nonint_0366,HLA-A3215,0,4,47,de novo,False
BCMA_l59_nonint_0366,HLA-A3301,1,3,47,de novo,False
BCMA_l59_nonint_0366,HLA-A6601,2,2,47,de novo,False
BCMA_l59_nonint_0366,HLA-A6801,0,2,49,de novo,False
BCMA_l59_nonint_0366,HLA-A6802,0,1,50,de novo,False
BCMA_l59_nonint_0366,HLA-A6823,0,3,48,de novo,False
BCMA_l59_nonint_0366,HLA-A6901,0,2,49,de novo,False
BCMA_l59_nonint_0366,HLA-A8001,0,3,48,de novo,False
BCMA_l59_nonint_0366,HLA-B0702,0,0,51,de novo,True
BCMA_l59_nonint_0366,HLA-B0801,0,1,50,de novo,False
BCMA_l59_nonint_0366,HLA-B0802,0,5,46,de novo,False
BCMA_l59_nonint_0366,HLA-B0803,1,3,47,de novo,False
BCMA_l59_nonint_0366,HLA-B1402,1,5,45,de novo,False
BCMA_l59_nonint_0366,HLA-B1501,0,0,51,de novo,False
BCMA_l59_nonint_0366,HLA-B1502,0,3,48,de novo,False
BCMA_l59_nonint_0366,HLA-B1503,1,2,48,de novo,False
BCMA_l59_nonint_0366,HLA-B1509,0,1,50,de novo,False
BCMA_l59_nonint_0366,HLA-B1517,0,0,51,de novo,False
BCMA_l59_nonint_0366,HLA-B1801,1,4,46,de novo,False
BCMA_l59_nonint_0366,HLA-B2705,1,0,50,de novo,False
BCMA_l59_nonint_0366,HLA-B2720,1,4,46,de novo,False
BCMA_l59_nonint_0366,HLA-B3501,0,1,50,de novo,False
BCMA_l59_nonint_0366,HLA-B3503,1,3,47,de novo,False
BCMA_l59_nonint_0366,HLA-B3801,1,0,50,de novo,False
BCMA_l59_nonint_0366,HLA-B3901,0,4,47,de novo,False
BCMA_l59_nonint_0366,HLA-B4001,1,0,50,de novo,False
BCMA_l59_nonint_0366,HLA-B4002,1,0,50,de novo,False
BCMA_l59_nonint_0366,HLA-B4013,1,3,47,de novo,False
BCMA_l59_nonint_0366,HLA-B4201,0,2,49,de novo,False
BCMA_l59_nonint_0366,HLA-B4402,0,1,50,de novo,False
BCMA_l59_nonint_0366,HLA-B4403,1,0,50,de novo,False
BCMA_l59_nonint_0366,HLA-B4501,0,1,50,de novo,False
BCMA_l59_nonint_0366,HLA-B4601,0,2,49,de novo,False
BCMA_l59_nonint_0366,HLA-B4801,0,2,49,de novo,False
BCMA_l59_nonint_0366,HLA-B5101,0,0,51,de novo,False
BCMA_l59_nonint_0366,HLA-B5301,0,1,50,de novo,False
BCMA_l59_nonint_0366,HLA-B5401,0,0,51,de novo,False
BCMA_l59_nonint_0366,HLA-B5701,0,0,51,de novo,False
BCMA_l59_nonint_0366,HLA-B5801,0,0,51,de novo,False
BCMA_l59_nonint_0366,HLA-B5802,0,1,50,de novo,False
BCMA_l59_nonint_0366,HLA-B7301,2,4,45,de novo,False
BCMA_l59_nonint_0366,HLA-B8301,1,1,49,de novo,False
BCMA_l59_nonint_0366,HLA-C0303,0,2,49,de novo,False
BCMA_l59_nonint_0366,HLA-C0401,1,5,45,de novo,False
BCMA_l59_nonint_0366,HLA-C0501,0,3,48,de novo,False
BCMA_l59_nonint_0366,HLA-C0602,1,9,41,de novo,False
BCMA_l59_nonint_0366,HLA-C0701,1,10,40,de novo,True
BCMA_l59_nonint_0366,HLA-C0702,2,6,43,de novo,False
BCMA_l59_nonint_0366,HLA-C0802,0,1,50,de novo,False
BCMA_l59_nonint_0366,HLA-C1203,0,2,49,de novo,False
BCMA_l59_nonint_0366,HLA-C1402,1,3,47,de novo,False
BCMA_l59_nonint_0366,HLA-C1502,1,2,48,de novo,False
BCMA_l59_nonint_0465,HLA-A0101,1,1,49,de novo,True
BCMA_l59_nonint_0465,HLA-A0201,0,0,51,de novo,True
BCMA_l59_nonint_0465,HLA-A0202,0,0,51,de novo,False
BCMA_l59_nonint_0465,HLA-A0203,0,0,51,de novo,False
BCMA_l59_nonint_0465,HLA-A0205,0,0,51,de novo,False
BCMA_l59_nonint_0465,HLA-A0206,0,0,51,de novo,False
BCMA_l59_nonint_0465,HLA-A0207,0,0,51,de novo,False
BCMA_l59_nonint_0465,HLA-A0211,0,0,51,de novo,False
BCMA_l59_nonint_0465,HLA-A0212,0,0,51,de novo,False
BCMA_l59_nonint_0465,HLA-A0216,0,1,50,de novo,False
BCMA_l59_nonint_0465,HLA-A0217,0,0,51,de novo,False
BCMA_l59_nonint_0465,HLA-A0219,0,0,51,de novo,False
BCMA_l59_nonint_0465,HLA-A0250,0,1,50,de novo,False
BCMA_l59_nonint_0465,HLA-A0301,0,0,51,de novo,True
BCMA_l59_nonint_0465,HLA-A1101,0,2,49,de novo,False
BCMA_l59_nonint_0465,HLA-A2301,0,1,50,de novo,False
BCMA_l59_nonint_0465,HLA-A2402,0,1,50,de novo,False
BCMA_l59_nonint_0465,HLA-A2403,1,0,50,de novo,False
BCMA_l59_nonint_0465,HLA-A2501,1,1,49,de novo,False
BCMA_l59_nonint_0465,HLA-A2601,0,3,48,de novo,False
BCMA_l59_nonint_0465,HLA-A2602,2,1,48,de novo,False
BCMA_l59_nonint_0465,HLA-A2603,0,2,49,de novo,False
BCMA_l59_nonint_0465,HLA-A2902,1,1,49,de novo,False
BCMA_l59_nonint_0465,HLA-A3001,1,0,50,de novo,False
BCMA_l59_nonint_0465,HLA-A3002,0,2,49,de novo,False
BCMA_l59_nonint_0465,HLA-A3101,0,0,51,de novo,False
BCMA_l59_nonint_0465,HLA-A3201,0,1,50,de novo,False
BCMA_l59_nonint_0465,HLA-A3207,2,3,46,de novo,False
BCMA_l59_nonint_0465,HLA-A3215,0,3,48,de novo,False
BCMA_l59_nonint_0465,HLA-A3301,1,4,46,de novo,False
BCMA_l59_nonint_0465,HLA-A6601,1,3,47,de novo,False
BCMA_l59_nonint_0465,HLA-A6801,0,0,51,de novo,False
BCMA_l59_nonint_0465,HLA-A6802,0,1,50,de novo,False
BCMA_l59_nonint_0465,HLA-A6823,1,2,48,de novo,False
BCMA_l59_nonint_0465,HLA-A6901,0,2,49,de novo,False
BCMA_l59_nonint_0465,HLA-A8001,2,1,48,de novo,False
BCMA_l59_nonint_0465,HLA-B0702,0,0,51,de novo,True
BCMA_l59_nonint_0465,HLA-B0801,0,1,50,de novo,False
BCMA_l59_nonint_0465,HLA-B0802,1,7,43,de novo,False
BCMA_l59_nonint_0465,HLA-B0803,1,5,45,de novo,False
BCMA_l59_nonint_0465,HLA-B1402,4,0,47,de novo,False
BCMA_l59_nonint_0465,HLA-B1501,1,0,50,de novo,False
BCMA_l59_nonint_0465,HLA-B1502,1,0,50,de novo,False
BCMA_l59_nonint_0465,HLA-B1503,1,4,46,de novo,False
BCMA_l59_nonint_0465,HLA-B1509,0,1,50,de novo,False
BCMA_l59_nonint_0465,HLA-B1517,0,0,51,de novo,False
BCMA_l59_nonint_0465,HLA-B1801,0,0,51,de novo,False
BCMA_l59_nonint_0465,HLA-B2705,0,0,51,de novo,False
BCMA_l59_nonint_0465,HLA-B2720,0,1,50,de novo,False
BCMA_l59_nonint_0465,HLA-B3501,0,2,49,de novo,False
BCMA_l59_nonint_0465,HLA-B3503,1,2,48,de novo,False
BCMA_l59_nonint_0465,HLA-B3801,0,1,50,de novo,False
BCMA_l59_nonint_0465,HLA-B3901,0,0,51,de novo,False
BCMA_l59_nonint_0465,HLA-B4001,0,0,51,de novo,False
BCMA_l59_nonint_0465,HLA-B4002,1,1,49,de novo,False
BCMA_l59_nonint_0465,HLA-B4013,0,4,47,de novo,False
BCMA_l59_nonint_0465,HLA-B4201,0,3,48,de novo,False
BCMA_l59_nonint_0465,HLA-B4402,0,0,51,de novo,False
BCMA_l59_nonint_0465,HLA-B4403,0,1,50,de novo,False
BCMA_l59_nonint_0465,HLA-B4501,1,0,50,de novo,False
BCMA_l59_nonint_0465,HLA-B4601,0,1,50,de novo,False
BCMA_l59_nonint_0465,HLA-B4801,0,2,49,de novo,False
BCMA_l59_nonint_0465,HLA-B5101,0,0,51,de novo,False
BCMA_l59_nonint_0465,HLA-B5301,0,1,50,de novo,False
BCMA_l59_nonint_0465,HLA-B5401,0,1,50,de novo,False
BCMA_l59_nonint_0465,HLA-B5701,0,0,51,de novo,False
BCMA_l59_nonint_0465,HLA-B5801,0,1,50,de novo,False
BCMA_l59_nonint_0465,HLA-B5802,0,2,49,de novo,False
BCMA_l59_nonint_0465,HLA-B7301,1,6,44,de novo,False
BCMA_l59_nonint_0465,HLA-B8301,0,2,49,de novo,False
BCMA_l59_nonint_0465,HLA-C0303,1,1,49,de novo,False
BCMA_l59_nonint_0465,HLA-C0401,0,4,47,de novo,False
BCMA_l59_nonint_0465,HLA-C0501,0,3,48,de novo,False
BCMA_l59_nonint_0465,HLA-C0602,0,7,44,de novo,False
BCMA_l59_nonint_0465,HLA-C0701,0,8,43,de novo,True
BCMA_l59_nonint_0465,HLA-C0702,1,6,44,de novo,False
BCMA_l59_nonint_0465,HLA-C0802,0,1,50,de novo,False
BCMA_l59_nonint_0465,HLA-C1203,0,1,50,de novo,False
BCMA_l59_nonint_0465,HLA-C1402,1,3,47,de novo,False
BCMA_l59_nonint_0465,HLA-C1502,0,2,49,de novo,False
BCMA_l59_nonint_0815,HLA-A0101,1,2,48,de novo,True
BCMA_l59_nonint_0815,HLA-A0201,0,0,51,de novo,True
BCMA_l59_nonint_0815,HLA-A0202,0,0,51,de novo,False
BCMA_l59_nonint_0815,HLA-A0203,0,0,51,de novo,False
BCMA_l59_nonint_0815,HLA-A0205,0,0,51,de novo,False
BCMA_l59_nonint_0815,HLA-A0206,0,1,50,de novo,False
BCMA_l59_nonint_0815,HLA-A0207,0,2,49,de novo,False
BCMA_l59_nonint_0815,HLA-A0211,0,1,50,de novo,False
BCMA_l59_nonint_0815,HLA-A0212,0,1,50,de novo,False
BCMA_l59_nonint_0815,HLA-A0216,1,0,50,de novo,False
BCMA_l59_nonint_0815,HLA-A0217,0,0,51,de novo,False
BCMA_l59_nonint_0815,HLA-A0219,0,1,50,de novo,False
BCMA_l59_nonint_0815,HLA-A0250,0,1,50,de novo,False
BCMA_l59_nonint_0815,HLA-A0301,0,1,50,de novo,True
BCMA_l59_nonint_0815,HLA-A1101,0,1,50,de novo,False
BCMA_l59_nonint_0815,HLA-A2301,1,1,49,de novo,False
BCMA_l59_nonint_0815,HLA-A2402,0,1,50,de novo,False
BCMA_l59_nonint_0815,HLA-A2403,1,2,48,de novo,False
BCMA_l59_nonint_0815,HLA-A2501,1,2,48,de novo,False
BCMA_l59_nonint_0815,HLA-A2601,0,0,51,de novo,False
BCMA_l59_nonint_0815,HLA-A2602,0,1,50,de novo,False
BCMA_l59_nonint_0815,HLA-A2603,1,0,50,de novo,False
BCMA_l59_nonint_0815,HLA-A2902,0,1,50,de novo,False
BCMA_l59_nonint_0815,HLA-A3001,1,3,47,de novo,False
BCMA_l59_nonint_0815,HLA-A3002,0,1,50,de novo,False
BCMA_l59_nonint_0815,HLA-A3101,0,0,51,de novo,False
BCMA_l59_nonint_0815,HLA-A3201,2,1,48,de novo,False
BCMA_l59_nonint_0815,HLA-A3207,1,3,47,de novo,False
BCMA_l59_nonint_0815,HLA-A3215,1,1,49,de novo,False
BCMA_l59_nonint_0815,HLA-A3301,0,3,48,de novo,False
BCMA_l59_nonint_0815,HLA-A6601,2,4,45,de novo,False
BCMA_l59_nonint_0815,HLA-A6801,0,5,46,de novo,False
BCMA_l59_nonint_0815,HLA-A6802,0,1,50,de novo,False
BCMA_l59_nonint_0815,HLA-A6823,0,4,47,de novo,False
BCMA_l59_nonint_0815,HLA-A6901,0,4,47,de novo,False
BCMA_l59_nonint_0815,HLA-A8001,1,1,49,de novo,False
BCMA_l59_nonint_0815,HLA-B0702,0,1,50,de novo,True
BCMA_l59_nonint_0815,HLA-B0801,0,2,49,de novo,False
BCMA_l59_nonint_0815,HLA-B0802,1,9,41,de novo,False
BCMA_l59_nonint_0815,HLA-B0803,2,3,46,de novo,False
BCMA_l59_nonint_0815,HLA-B1402,2,3,46,de novo,False
BCMA_l59_nonint_0815,HLA-B1501,1,0,50,de novo,False
BCMA_l59_nonint_0815,HLA-B1502,1,1,49,de novo,False
BCMA_l59_nonint_0815,HLA-B1503,1,2,48,de novo,False
BCMA_l59_nonint_0815,HLA-B1509,0,1,50,de novo,False
BCMA_l59_nonint_0815,HLA-B1517,0,1,50,de novo,False
BCMA_l59_nonint_0815,HLA-B1801,0,2,49,de novo,False
BCMA_l59_nonint_0815,HLA-B2705,0,2,49,de novo,False
BCMA_l59_nonint_0815,HLA-B2720,0,4,47,de novo,False
BCMA_l59_nonint_0815,HLA-B3501,1,0,50,de novo,False
BCMA_l59_nonint_0815,HLA-B3503,1,2,48,de novo,False
BCMA_l59_nonint_0815,HLA-B3801,0,0,51,de novo,False
BCMA_l59_nonint_0815,HLA-B3901,1,1,49,de novo,False
BCMA_l59_nonint_0815,HLA-B4001,0,0,51,de novo,False
BCMA_l59_nonint_0815,HLA-B4002,0,0,51,de novo,False
BCMA_l59_nonint_0815,HLA-B4013,0,2,49,de novo,False
BCMA_l59_nonint_0815,HLA-B4201,1,1,49,de novo,False
BCMA_l59_nonint_0815,HLA-B4402,0,1,50,de novo,False
BCMA_l59_nonint_0815,HLA-B4403,0,2,49,de novo,False
BCMA_l59_nonint_0815,HLA-B4501,0,1,50,de novo,False
BCMA_l59_nonint_0815,HLA-B4601,1,0,50,de novo,False
BCMA_l59_nonint_0815,HLA-B4801,0,1,50,de novo,False
BCMA_l59_nonint_0815,HLA-B5101,0,0,51,de novo,False
BCMA_l59_nonint_0815,HLA-B5301,0,1,50,de novo,False
BCMA_l59_nonint_0815,HLA-B5401,1,0,50,de novo,False
BCMA_l59_nonint_0815,HLA-B5701,0,0,51,de novo,False
BCMA_l59_nonint_0815,HLA-B5801,0,1,50,de novo,False
BCMA_l59_nonint_0815,HLA-B5802,1,2,48,de novo,False
BCMA_l59_nonint_0815,HLA-B7301,0,4,47,de novo,False
BCMA_l59_nonint_0815,HLA-B8301,0,2,49,de novo,False
BCMA_l59_nonint_0815,HLA-C0303,0,1,50,de novo,False
BCMA_l59_nonint_0815,HLA-C0401,2,1,48,de novo,False
BCMA_l59_nonint_0815,HLA-C0501,0,2,49,de novo,False
BCMA_l59_nonint_0815,HLA-C0602,0,5,46,de novo,False
BCMA_l59_nonint_0815,HLA-C0701,0,7,44,de novo,True
BCMA_l59_nonint_0815,HLA-C0702,1,6,44,de novo,False
BCMA_l59_nonint_0815,HLA-C0802,0,1,50,de novo,False
BCMA_l59_nonint_0815,HLA-C1203,0,1,50,de novo,False
BCMA_l59_nonint_0815,HLA-C1402,1,3,47,de novo,False
BCMA_l59_nonint_0815,HLA-C1502,0,1,50,de novo,False
BCMA_l59_nonint_0840,HLA-A0101,1,0,50,de novo,True
BCMA_l59_nonint_0840,HLA-A0201,0,0,51,de novo,True
BCMA_l59_nonint_0840,HLA-A0202,0,0,51,de novo,False
BCMA_l59_nonint_0840,HLA-A0203,0,0,51,de novo,False
BCMA_l59_nonint_0840,HLA-A0205,0,0,51,de novo,False
BCMA_l59_nonint_0840,HLA-A0206,0,0,51,de novo,False
BCMA_l59_nonint_0840,HLA-A0207,0,1,50,de novo,False
BCMA_l59_nonint_0840,HLA-A0211,0,0,51,de novo,False
BCMA_l59_nonint_0840,HLA-A0212,0,0,51,de novo,False
BCMA_l59_nonint_0840,HLA-A0216,1,0,50,de novo,False
BCMA_l59_nonint_0840,HLA-A0217,0,1,50,de novo,False
BCMA_l59_nonint_0840,HLA-A0219,0,0,51,de novo,False
BCMA_l59_nonint_0840,HLA-A0250,0,3,48,de novo,False
BCMA_l59_nonint_0840,HLA-A0301,0,0,51,de novo,True
BCMA_l59_nonint_0840,HLA-A1101,0,0,51,de novo,False
BCMA_l59_nonint_0840,HLA-A2301,1,1,49,de novo,False
BCMA_l59_nonint_0840,HLA-A2402,0,1,50,de novo,False
BCMA_l59_nonint_0840,HLA-A2403,1,2,48,de novo,False
BCMA_l59_nonint_0840,HLA-A2501,1,3,47,de novo,False
BCMA_l59_nonint_0840,HLA-A2601,1,0,50,de novo,False
BCMA_l59_nonint_0840,HLA-A2602,1,3,47,de novo,False
BCMA_l59_nonint_0840,HLA-A2603,0,2,49,de novo,False
BCMA_l59_nonint_0840,HLA-A2902,0,1,50,de novo,False
BCMA_l59_nonint_0840,HLA-A3001,2,1,48,de novo,False
BCMA_l59_nonint_0840,HLA-A3002,0,0,51,de novo,False
BCMA_l59_nonint_0840,HLA-A3101,0,1,50,de novo,False
BCMA_l59_nonint_0840,HLA-A3201,0,1,50,de novo,False
BCMA_l59_nonint_0840,HLA-A3207,2,3,46,de novo,False
BCMA_l59_nonint_0840,HLA-A3215,2,0,49,de novo,False
BCMA_l59_nonint_0840,HLA-A3301,0,3,48,de novo,False
BCMA_l59_nonint_0840,HLA-A6601,2,2,47,de novo,False
BCMA_l59_nonint_0840,HLA-A6801,0,0,51,de novo,False
BCMA_l59_nonint_0840,HLA-A6802,0,1,50,de novo,False
BCMA_l59_nonint_0840,HLA-A6823,0,3,48,de novo,False
BCMA_l59_nonint_0840,HLA-A6901,0,1,50,de novo,False
BCMA_l59_nonint_0840,HLA-A8001,1,1,49,de novo,False
BCMA_l59_nonint_0840,HLA-B0702,0,0,51,de novo,True
BCMA_l59_nonint_0840,HLA-B0801,0,1,50,de novo,False
BCMA_l59_nonint_0840,HLA-B0802,2,5,44,de novo,False
BCMA_l59_nonint_0840,HLA-B0803,1,4,46,de novo,False
BCMA_l59_nonint_0840,HLA-B1402,1,5,45,de novo,False
BCMA_l59_nonint_0840,HLA-B1501,0,1,50,de novo,False
BCMA_l59_nonint_0840,HLA-B1502,0,3,48,de novo,False
BCMA_l59_nonint_0840,HLA-B1503,1,1,49,de novo,False
BCMA_l59_nonint_0840,HLA-B1509,0,1,50,de novo,False
BCMA_l59_nonint_0840,HLA-B1517,0,2,49,de novo,False
BCMA_l59_nonint_0840,HLA-B1801,1,2,48,de novo,False
BCMA_l59_nonint_0840,HLA-B2705,0,1,50,de novo,False
BCMA_l59_nonint_0840,HLA-B2720,0,5,46,de novo,False
BCMA_l59_nonint_0840,HLA-B3501,0,5,46,de novo,False
BCMA_l59_nonint_0840,HLA-B3503,2,0,49,de novo,False
BCMA_l59_nonint_0840,HLA-B3801,0,0,51,de novo,False
BCMA_l59_nonint_0840,HLA-B3901,0,1,50,de novo,False
BCMA_l59_nonint_0840,HLA-B4001,0,1,50,de novo,False
BCMA_l59_nonint_0840,HLA-B4002,1,1,49,de novo,False
BCMA_l59_nonint_0840,HLA-B4013,0,3,48,de novo,False
BCMA_l59_nonint_0840,HLA-B4201,1,1,49,de novo,False
BCMA_l59_nonint_0840,HLA-B4402,0,0,51,de novo,False
BCMA_l59_nonint_0840,HLA-B4403,0,1,50,de novo,False
BCMA_l59_nonint_0840,HLA-B4501,0,1,50,de novo,False
BCMA_l59_nonint_0840,HLA-B4601,0,2,49,de novo,False
BCMA_l59_nonint_0840,HLA-B4801,0,2,49,de novo,False
BCMA_l59_nonint_0840,HLA-B5101,0,1,50,de novo,False
BCMA_l59_nonint_0840,HLA-B5301,0,3,48,de novo,False
BCMA_l59_nonint_0840,HLA-B5401,0,0,51,de novo,False
BCMA_l59_nonint_0840,HLA-B5701,0,0,51,de novo,False
BCMA_l59_nonint_0840,HLA-B5801,0,1,50,de novo,False
BCMA_l59_nonint_0840,HLA-B5802,0,1,50,de novo,False
BCMA_l59_nonint_0840,HLA-B7301,0,4,47,de novo,False
BCMA_l59_nonint_0840,HLA-B8301,1,1,49,de novo,False
BCMA_l59_nonint_0840,HLA-C0303,0,3,48,de novo,False
BCMA_l59_nonint_0840,HLA-C0401,0,5,46,de novo,False
BCMA_l59_nonint_0840,HLA-C0501,0,2,49,de novo,False
BCMA_l59_nonint_0840,HLA-C0602,0,6,45,de novo,False
BCMA_l59_nonint_0840,HLA-C0701,0,9,42,de novo,True
BCMA_l59_nonint_0840,HLA-C0702,1,4,46,de novo,False
BCMA_l59_nonint_0840,HLA-C0802,0,1,50,de novo,False
BCMA_l59_nonint_0840,HLA-C1203,0,3,48,de novo,False
BCMA_l59_nonint_0840,HLA-C1402,1,3,47,de novo,False
BCMA_l59_nonint_0840,HLA-C1502,0,1,50,de novo,False
BCMA_l59_nonint_0889,HLA-A0101,1,1,49,de novo,True
BCMA_l59_nonint_0889,HLA-A0201,0,0,51,de novo,True
BCMA_l59_nonint_0889,HLA-A0202,0,0,51,de novo,False
BCMA_l59_nonint_0889,HLA-A0203,0,0,51,de novo,False
BCMA_l59_nonint_0889,HLA-A0205,0,0,51,de novo,False
BCMA_l59_nonint_0889,HLA-A0206,0,1,50,de novo,False
BCMA_l59_nonint_0889,HLA-A0207,0,0,51,de novo,False
BCMA_l59_nonint_0889,HLA-A0211,0,0,51,de novo,False
BCMA_l59_nonint_0889,HLA-A0212,0,1,50,de novo,False
BCMA_l59_nonint_0889,HLA-A0216,0,1,50,de novo,False
BCMA_l59_nonint_0889,HLA-A0217,0,0,51,de novo,False
BCMA_l59_nonint_0889,HLA-A0219,0,0,51,de novo,False
BCMA_l59_nonint_0889,HLA-A0250,0,0,51,de novo,False
BCMA_l59_nonint_0889,HLA-A0301,0,0,51,de novo,True
BCMA_l59_nonint_0889,HLA-A1101,0,0,51,de novo,False
BCMA_l59_nonint_0889,HLA-A2301,1,2,48,de novo,False
BCMA_l59_nonint_0889,HLA-A2402,0,1,50,de novo,False
BCMA_l59_nonint_0889,HLA-A2403,1,3,47,de novo,False
BCMA_l59_nonint_0889,HLA-A2501,1,3,47,de novo,False
BCMA_l59_nonint_0889,HLA-A2601,0,1,50,de novo,False
BCMA_l59_nonint_0889,HLA-A2602,0,5,46,de novo,False
BCMA_l59_nonint_0889,HLA-A2603,1,1,49,de novo,False
BCMA_l59_nonint_0889,HLA-A2902,1,0,50,de novo,False
BCMA_l59_nonint_0889,HLA-A3001,1,3,47,de novo,False
BCMA_l59_nonint_0889,HLA-A3002,0,1,50,de novo,False
BCMA_l59_nonint_0889,HLA-A3101,0,0,51,de novo,False
BCMA_l59_nonint_0889,HLA-A3201,1,1,49,de novo,False
BCMA_l59_nonint_0889,HLA-A3207,1,4,46,de novo,False
BCMA_l59_nonint_0889,HLA-A3215,2,1,48,de novo,False
BCMA_l59_nonint_0889,HLA-A3301,0,4,47,de novo,False
BCMA_l59_nonint_0889,HLA-A6601,2,3,46,de novo,False
BCMA_l59_nonint_0889,HLA-A6801,1,2,48,de novo,False
BCMA_l59_nonint_0889,HLA-A6802,0,2,49,de novo,False
BCMA_l59_nonint_0889,HLA-A6823,0,5,46,de novo,False
BCMA_l59_nonint_0889,HLA-A6901,0,2,49,de novo,False
BCMA_l59_nonint_0889,HLA-A8001,1,3,47,de novo,False
BCMA_l59_nonint_0889,HLA-B0702,0,0,51,de novo,True
BCMA_l59_nonint_0889,HLA-B0801,1,1,49,de novo,False
BCMA_l59_nonint_0889,HLA-B0802,1,8,42,de novo,False
BCMA_l59_nonint_0889,HLA-B0803,1,5,45,de novo,False
BCMA_l59_nonint_0889,HLA-B1402,4,6,41,de novo,False
BCMA_l59_nonint_0889,HLA-B1501,1,1,49,de novo,False
BCMA_l59_nonint_0889,HLA-B1502,0,3,48,de novo,False
BCMA_l59_nonint_0889,HLA-B1503,2,2,47,de novo,False
BCMA_l59_nonint_0889,HLA-B1509,1,0,50,de novo,False
BCMA_l59_nonint_0889,HLA-B1517,0,2,49,de novo,False
BCMA_l59_nonint_0889,HLA-B1801,0,2,49,de novo,False
BCMA_l59_nonint_0889,HLA-B2705,0,2,49,de novo,False
BCMA_l59_nonint_0889,HLA-B2720,0,4,47,de novo,False
BCMA_l59_nonint_0889,HLA-B3501,1,1,49,de novo,False
BCMA_l59_nonint_0889,HLA-B3503,1,2,48,de novo,False
BCMA_l59_nonint_0889,HLA-B3801,1,0,50,de novo,False
BCMA_l59_nonint_0889,HLA-B3901,1,2,48,de novo,False
BCMA_l59_nonint_0889,HLA-B4001,0,2,49,de novo,False
BCMA_l59_nonint_0889,HLA-B4002,0,2,49,de novo,False
BCMA_l59_nonint_0889,HLA-B4013,2,1,48,de novo,False
BCMA_l59_nonint_0889,HLA-B4201,0,2,49,de novo,False
BCMA_l59_nonint_0889,HLA-B4402,0,2,49,de novo,False
BCMA_l59_nonint_0889,HLA-B4403,0,3,48,de novo,False
BCMA_l59_nonint_0889,HLA-B4501,0,0,51,de novo,False
BCMA_l59_nonint_0889,HLA-B4601,0,3,48,de novo,False
BCMA_l59_nonint_0889,HLA-B4801,1,1,49,de novo,False
BCMA_l59_nonint_0889,HLA-B5101,0,0,51,de novo,False
BCMA_l59_nonint_0889,HLA-B5301,0,1,50,de novo,False
BCMA_l59_nonint_0889,HLA-B5401,1,0,50,de novo,False
BCMA_l59_nonint_0889,HLA-B5701,0,0,51,de novo,False
BCMA_l59_nonint_0889,HLA-B5801,0,2,49,de novo,False
BCMA_l59_nonint_0889,HLA-B5802,0,1,50,de novo,False
BCMA_l59_nonint_0889,HLA-B7301,0,4,47,de novo,False
BCMA_l59_nonint_0889,HLA-B8301,0,4,47,de novo,False
BCMA_l59_nonint_0889,HLA-C0303,0,1,50,de novo,False
BCMA_l59_nonint_0889,HLA-C0401,3,4,44,de novo,False
BCMA_l59_nonint_0889,HLA-C0501,0,1,50,de novo,False
BCMA_l59_nonint_0889,HLA-C0602,1,6,44,de novo,False
BCMA_l59_nonint_0889,HLA-C0701,1,8,42,de novo,True
BCMA_l59_nonint_0889,HLA-C0702,2,8,41,de novo,False
BCMA_l59_nonint_0889,HLA-C0802,0,0,51,de novo,False
BCMA_l59_nonint_0889,HLA-C1203,0,2,49,de novo,False
BCMA_l59_nonint_0889,HLA-C1402,1,4,46,de novo,False
BCMA_l59_nonint_0889,HLA-C1502,0,0,51,de novo,False
BCMA_l59_nonint_0917,HLA-A0101,0,1,50,de novo,True
BCMA_l59_nonint_0917,HLA-A0201,0,0,51,de novo,True
BCMA_l59_nonint_0917,HLA-A0202,0,0,51,de novo,False
BCMA_l59_nonint_0917,HLA-A0203,0,1,50,de novo,False
BCMA_l59_nonint_0917,HLA-A0205,0,0,51,de novo,False
BCMA_l59_nonint_0917,HLA-A0206,0,1,50,de novo,False
BCMA_l59_nonint_0917,HLA-A0207,0,1,50,de novo,False
BCMA_l59_nonint_0917,HLA-A0211,0,1,50,de novo,False
BCMA_l59_nonint_0917,HLA-A0212,1,0,50,de novo,False
BCMA_l59_nonint_0917,HLA-A0216,0,2,49,de novo,False
BCMA_l59_nonint_0917,HLA-A0217,0,0,51,de novo,False
BCMA_l59_nonint_0917,HLA-A0219,0,1,50,de novo,False
BCMA_l59_nonint_0917,HLA-A0250,0,1,50,de novo,False
BCMA_l59_nonint_0917,HLA-A0301,0,0,51,de novo,True
BCMA_l59_nonint_0917,HLA-A1101,0,0,51,de novo,False
BCMA_l59_nonint_0917,HLA-A2301,1,1,49,de novo,False
BCMA_l59_nonint_0917,HLA-A2402,0,1,50,de novo,False
BCMA_l59_nonint_0917,HLA-A2403,1,0,50,de novo,False
BCMA_l59_nonint_0917,HLA-A2501,3,1,47,de novo,False
BCMA_l59_nonint_0917,HLA-A2601,0,1,50,de novo,False
BCMA_l59_nonint_0917,HLA-A2602,1,2,48,de novo,False
BCMA_l59_nonint_0917,HLA-A2603,0,1,50,de novo,False
BCMA_l59_nonint_0917,HLA-A2902,1,1,49,de novo,False
BCMA_l59_nonint_0917,HLA-A3001,2,2,47,de novo,False
BCMA_l59_nonint_0917,HLA-A3002,0,1,50,de novo,False
BCMA_l59_nonint_0917,HLA-A3101,1,1,49,de novo,False
BCMA_l59_nonint_0917,HLA-A3201,0,2,49,de novo,False
BCMA_l59_nonint_0917,HLA-A3207,2,3,46,de novo,False
BCMA_l59_nonint_0917,HLA-A3215,1,3,47,de novo,False
BCMA_l59_nonint_0917,HLA-A3301,0,7,44,de novo,False
BCMA_l59_nonint_0917,HLA-A6601,1,3,47,de novo,False
BCMA_l59_nonint_0917,HLA-A6801,1,2,48,de novo,False
BCMA_l59_nonint_0917,HLA-A6802,1,0,50,de novo,False
BCMA_l59_nonint_0917,HLA-A6823,0,2,49,de novo,False
BCMA_l59_nonint_0917,HLA-A6901,0,1,50,de novo,False
BCMA_l59_nonint_0917,HLA-A8001,0,2,49,de novo,False
BCMA_l59_nonint_0917,HLA-B0702,0,1,50,de novo,True
BCMA_l59_nonint_0917,HLA-B0801,0,1,50,de novo,False
BCMA_l59_nonint_0917,HLA-B0802,0,5,46,de novo,False
BCMA_l59_nonint_0917,HLA-B0803,0,5,46,de novo,False
BCMA_l59_nonint_0917,HLA-B1402,3,6,42,de novo,False
BCMA_l59_nonint_0917,HLA-B1501,1,1,49,de novo,False
BCMA_l59_nonint_0917,HLA-B1502,1,2,48,de novo,False
BCMA_l59_nonint_0917,HLA-B1503,1,1,49,de novo,False
BCMA_l59_nonint_0917,HLA-B1509,0,2,49,de novo,False
BCMA_l59_nonint_0917,HLA-B1517,0,1,50,de novo,False
BCMA_l59_nonint_0917,HLA-B1801,0,2,49,de novo,False
BCMA_l59_nonint_0917,HLA-B2705,1,2,48,de novo,False
BCMA_l59_nonint_0917,HLA-B2720,2,4,45,de novo,False
BCMA_l59_nonint_0917,HLA-B3501,0,1,50,de novo,False
BCMA_l59_nonint_0917,HLA-B3503,0,4,47,de novo,False
BCMA_l59_nonint_0917,HLA-B3801,0,0,51,de novo,False
BCMA_l59_nonint_0917,HLA-B3901,0,1,50,de novo,False
BCMA_l59_nonint_0917,HLA-B4001,0,0,51,de novo,False
BCMA_l59_nonint_0917,HLA-B4002,0,0,51,de novo,False
BCMA_l59_nonint_0917,HLA-B4013,0,4,47,de novo,False
BCMA_l59_nonint_0917,HLA-B4201,0,3,48,de novo,False
BCMA_l59_nonint_0917,HLA-B4402,0,0,51,de novo,False
BCMA_l59_nonint_0917,HLA-B4403,0,0,51,de novo,False
BCMA_l59_nonint_0917,HLA-B4501,0,1,50,de novo,False
BCMA_l59_nonint_0917,HLA-B4601,0,2,49,de novo,False
BCMA_l59_nonint_0917,HLA-B4801,0,1,50,de novo,False
BCMA_l59_nonint_0917,HLA-B5101,0,0,51,de novo,False
BCMA_l59_nonint_0917,HLA-B5301,0,1,50,de novo,False
BCMA_l59_nonint_0917,HLA-B5401,0,0,51,de novo,False
BCMA_l59_nonint_0917,HLA-B5701,0,0,51,de novo,False
BCMA_l59_nonint_0917,HLA-B5801,0,0,51,de novo,False
BCMA_l59_nonint_0917,HLA-B5802,0,0,51,de novo,False
BCMA_l59_nonint_0917,HLA-B7301,4,1,46,de novo,False
BCMA_l59_nonint_0917,HLA-B8301,1,4,46,de novo,False
BCMA_l59_nonint_0917,HLA-C0303,0,2,49,de novo,False
BCMA_l59_nonint_0917,HLA-C0401,0,3,48,de novo,False
BCMA_l59_nonint_0917,HLA-C0501,0,0,51,de novo,False
BCMA_l59_nonint_0917,HLA-C0602,4,1,46,de novo,False
BCMA_l59_nonint_0917,HLA-C0701,3,3,45,de novo,True
BCMA_l59_nonint_0917,HLA-C0702,2,5,44,de novo,False
BCMA_l59_nonint_0917,HLA-C0802,0,0,51,de novo,False
BCMA_l59_nonint_0917,HLA-C1203,0,0,51,de novo,False
BCMA_l59_nonint_0917,HLA-C1402,0,4,47,de novo,False
BCMA_l59_nonint_0917,HLA-C1502,0,1,50,de novo,False
BCMA_l59_nonint_1083,HLA-A0101,1,1,49,de novo,True
BCMA_l59_nonint_1083,HLA-A0201,0,0,51,de novo,True
BCMA_l59_nonint_1083,HLA-A0202,0,0,51,de novo,False
BCMA_l59_nonint_1083,HLA-A0203,0,0,51,de novo,False
BCMA_l59_nonint_1083,HLA-A0205,0,0,51,de novo,False
BCMA_l59_nonint_1083,HLA-A0206,0,0,51,de novo,False
BCMA_l59_nonint_1083,HLA-A0207,0,1,50,de novo,False
BCMA_l59_nonint_1083,HLA-A0211,0,0,51,de novo,False
BCMA_l59_nonint_1083,HLA-A0212,0,1,50,de novo,False
BCMA_l59_nonint_1083,HLA-A0216,0,0,51,de novo,False
BCMA_l59_nonint_1083,HLA-A0217,0,0,51,de novo,False
BCMA_l59_nonint_1083,HLA-A0219,0,0,51,de novo,False
BCMA_l59_nonint_1083,HLA-A0250,1,2,48,de novo,False
BCMA_l59_nonint_1083,HLA-A0301,0,0,51,de novo,True
BCMA_l59_nonint_1083,HLA-A1101,0,0,51,de novo,False
BCMA_l59_nonint_1083,HLA-A2301,0,1,50,de novo,False
BCMA_l59_nonint_1083,HLA-A2402,0,1,50,de novo,False
BCMA_l59_nonint_1083,HLA-A2403,0,2,49,de novo,False
BCMA_l59_nonint_1083,HLA-A2501,1,3,47,de novo,False
BCMA_l59_nonint_1083,HLA-A2601,0,2,49,de novo,False
BCMA_l59_nonint_1083,HLA-A2602,0,2,49,de novo,False
BCMA_l59_nonint_1083,HLA-A2603,0,4,47,de novo,False
BCMA_l59_nonint_1083,HLA-A2902,0,1,50,de novo,False
BCMA_l59_nonint_1083,HLA-A3001,0,4,47,de novo,False
BCMA_l59_nonint_1083,HLA-A3002,0,0,51,de novo,False
BCMA_l59_nonint_1083,HLA-A3101,0,0,51,de novo,False
BCMA_l59_nonint_1083,HLA-A3201,0,2,49,de novo,False
BCMA_l59_nonint_1083,HLA-A3207,0,4,47,de novo,False
BCMA_l59_nonint_1083,HLA-A3215,0,2,49,de novo,False
BCMA_l59_nonint_1083,HLA-A3301,0,4,47,de novo,False
BCMA_l59_nonint_1083,HLA-A6601,1,3,47,de novo,False
BCMA_l59_nonint_1083,HLA-A6801,0,2,49,de novo,False
BCMA_l59_nonint_1083,HLA-A6802,0,2,49,de novo,False
BCMA_l59_nonint_1083,HLA-A6823,0,1,50,de novo,False
BCMA_l59_nonint_1083,HLA-A6901,0,2,49,de novo,False
BCMA_l59_nonint_1083,HLA-A8001,0,2,49,de novo,False
BCMA_l59_nonint_1083,HLA-B0702,0,2,49,de novo,True
BCMA_l59_nonint_1083,HLA-B0801,1,0,50,de novo,False
BCMA_l59_nonint_1083,HLA-B0802,1,5,45,de novo,False
BCMA_l59_nonint_1083,HLA-B0803,1,5,45,de novo,False
BCMA_l59_nonint_1083,HLA-B1402,2,3,46,de novo,False
BCMA_l59_nonint_1083,HLA-B1501,0,1,50,de novo,False
BCMA_l59_nonint_1083,HLA-B1502,0,1,50,de novo,False
BCMA_l59_nonint_1083,HLA-B1503,1,2,48,de novo,False
BCMA_l59_nonint_1083,HLA-B1509,0,1,50,de novo,False
BCMA_l59_nonint_1083,HLA-B1517,0,0,51,de novo,False
BCMA_l59_nonint_1083,HLA-B1801,0,2,49,de novo,False
BCMA_l59_nonint_1083,HLA-B2705,1,5,45,de novo,False
BCMA_l59_nonint_1083,HLA-B2720,1,6,44,de novo,False
BCMA_l59_nonint_1083,HLA-B3501,0,1,50,de novo,False
BCMA_l59_nonint_1083,HLA-B3503,1,1,49,de novo,False
BCMA_l59_nonint_1083,HLA-B3801,1,0,50,de novo,False
BCMA_l59_nonint_1083,HLA-B3901,1,1,49,de novo,False
BCMA_l59_nonint_1083,HLA-B4001,0,1,50,de novo,False
BCMA_l59_nonint_1083,HLA-B4002,0,2,49,de novo,False
BCMA_l59_nonint_1083,HLA-B4013,0,4,47,de novo,False
BCMA_l59_nonint_1083,HLA-B4201,1,1,49,de novo,False
BCMA_l59_nonint_1083,HLA-B4402,0,0,51,de novo,False
BCMA_l59_nonint_1083,HLA-B4403,0,1,50,de novo,False
BCMA_l59_nonint_1083,HLA-B4501,2,0,49,de novo,False
BCMA_l59_nonint_1083,HLA-B4601,0,1,50,de novo,False
BCMA_l59_nonint_1083,HLA-B4801,1,1,49,de novo,False
BCMA_l59_nonint_1083,HLA-B5101,0,0,51,de novo,False
BCMA_l59_nonint_1083,HLA-B5301,1,0,50,de novo,False
BCMA_l59_nonint_1083,HLA-B5401,0,0,51,de novo,False
BCMA_l59_nonint_1083,HLA-B5701,0,2,49,de novo,False
BCMA_l59_nonint_1083,HLA-B5801,0,0,51,de novo,False
BCMA_l59_nonint_1083,HLA-B5802,0,0,51,de novo,False
BCMA_l59_nonint_1083,HLA-B7301,3,4,44,de novo,False
BCMA_l59_nonint_1083,HLA-B8301,1,2,48,de novo,False
BCMA_l59_nonint_1083,HLA-C0303,0,1,50,de novo,False
BCMA_l59_nonint_1083,HLA-C0401,0,4,47,de novo,False
BCMA_l59_nonint_1083,HLA-C0501,0,1,50,de novo,False
BCMA_l59_nonint_1083,HLA-C0602,3,2,46,de novo,False
BCMA_l59_nonint_1083,HLA-C0701,2,6,43,de novo,True
BCMA_l59_nonint_1083,HLA-C0702,2,6,43,de novo,False
BCMA_l59_nonint_1083,HLA-C0802,0,1,50,de novo,False
BCMA_l59_nonint_1083,HLA-C1203,0,1,50,de novo,False
BCMA_l59_nonint_1083,HLA-C1402,1,5,45,de novo,False
BCMA_l59_nonint_1083,HLA-C1502,0,0,51,de novo,False
BCMA_l59_nonint_1192,HLA-A0101,1,1,49,de novo,True
BCMA_l59_nonint_1192,HLA-A0201,0,0,51,de novo,True
BCMA_l59_nonint_1192,HLA-A0202,0,1,50,de novo,False
BCMA_l59_nonint_1192,HLA-A0203,0,0,51,de novo,False
BCMA_l59_nonint_1192,HLA-A0205,0,0,51,de novo,False
BCMA_l59_nonint_1192,HLA-A0206,0,0,51,de novo,False
BCMA_l59_nonint_1192,HLA-A0207,0,0,51,de novo,False
BCMA_l59_nonint_1192,HLA-A0211,0,0,51,de novo,False
BCMA_l59_nonint_1192,HLA-A0212,0,1,50,de novo,False
BCMA_l59_nonint_1192,HLA-A0216,0,1,50,de novo,False
BCMA_l59_nonint_1192,HLA-A0217,0,1,50,de novo,False
BCMA_l59_nonint_1192,HLA-A0219,0,0,51,de novo,False
BCMA_l59_nonint_1192,HLA-A0250,1,1,49,de novo,False
BCMA_l59_nonint_1192,HLA-A0301,0,0,51,de novo,True
BCMA_l59_nonint_1192,HLA-A1101,0,0,51,de novo,False
BCMA_l59_nonint_1192,HLA-A2301,1,0,50,de novo,False
BCMA_l59_nonint_1192,HLA-A2402,0,1,50,de novo,False
BCMA_l59_nonint_1192,HLA-A2403,1,1,49,de novo,False
BCMA_l59_nonint_1192,HLA-A2501,1,3,47,de novo,False
BCMA_l59_nonint_1192,HLA-A2601,1,0,50,de novo,False
BCMA_l59_nonint_1192,HLA-A2602,1,2,48,de novo,False
BCMA_l59_nonint_1192,HLA-A2603,0,2,49,de novo,False
BCMA_l59_nonint_1192,HLA-A2902,0,1,50,de novo,False
BCMA_l59_nonint_1192,HLA-A3001,1,1,49,de novo,False
BCMA_l59_nonint_1192,HLA-A3002,0,0,51,de novo,False
BCMA_l59_nonint_1192,HLA-A3101,0,0,51,de novo,False
BCMA_l59_nonint_1192,HLA-A3201,0,0,51,de novo,False
BCMA_l59_nonint_1192,HLA-A3207,0,3,48,de novo,False
BCMA_l59_nonint_1192,HLA-A3215,0,3,48,de novo,False
BCMA_l59_nonint_1192,HLA-A3301,2,1,48,de novo,False
BCMA_l59_nonint_1192,HLA-A6601,1,5,45,de novo,False
BCMA_l59_nonint_1192,HLA-A6801,0,0,51,de novo,False
BCMA_l59_nonint_1192,HLA-A6802,0,1,50,de novo,False
BCMA_l59_nonint_1192,HLA-A6823,0,3,48,de novo,False
BCMA_l59_nonint_1192,HLA-A6901,0,2,49,de novo,False
BCMA_l59_nonint_1192,HLA-A8001,1,1,49,de novo,False
BCMA_l59_nonint_1192,HLA-B0702,0,0,51,de novo,True
BCMA_l59_nonint_1192,HLA-B0801,0,2,49,de novo,False
BCMA_l59_nonint_1192,HLA-B0802,0,5,46,de novo,False
BCMA_l59_nonint_1192,HLA-B0803,2,4,45,de novo,False
BCMA_l59_nonint_1192,HLA-B1402,2,7,42,de novo,False
BCMA_l59_nonint_1192,HLA-B1501,0,0,51,de novo,False
BCMA_l59_nonint_1192,HLA-B1502,0,3,48,de novo,False
BCMA_l59_nonint_1192,HLA-B1503,0,2,49,de novo,False
BCMA_l59_nonint_1192,HLA-B1509,0,2,49,de novo,False
BCMA_l59_nonint_1192,HLA-B1517,0,0,51,de novo,False
BCMA_l59_nonint_1192,HLA-B1801,1,2,48,de novo,False
BCMA_l59_nonint_1192,HLA-B2705,0,2,49,de novo,False
BCMA_l59_nonint_1192,HLA-B2720,0,4,47,de novo,False
BCMA_l59_nonint_1192,HLA-B3501,0,4,47,de novo,False
BCMA_l59_nonint_1192,HLA-B3503,1,1,49,de novo,False
BCMA_l59_nonint_1192,HLA-B3801,1,1,49,de novo,False
BCMA_l59_nonint_1192,HLA-B3901,0,3,48,de novo,False
BCMA_l59_nonint_1192,HLA-B4001,1,1,49,de novo,False
BCMA_l59_nonint_1192,HLA-B4002,1,2,48,de novo,False
BCMA_l59_nonint_1192,HLA-B4013,0,4,47,de novo,False
BCMA_l59_nonint_1192,HLA-B4201,1,1,49,de novo,False
BCMA_l59_nonint_1192,HLA-B4402,1,1,49,de novo,False
BCMA_l59_nonint_1192,HLA-B4403,1,1,49,de novo,False
BCMA_l59_nonint_1192,HLA-B4501,1,2,48,de novo,False
BCMA_l59_nonint_1192,HLA-B4601,0,1,50,de novo,False
BCMA_l59_nonint_1192,HLA-B4801,1,2,48,de novo,False
BCMA_l59_nonint_1192,HLA-B5101,1,0,50,de novo,False
BCMA_l59_nonint_1192,HLA-B5301,0,2,49,de novo,False
BCMA_l59_nonint_1192,HLA-B5401,0,1,50,de novo,False
BCMA_l59_nonint_1192,HLA-B5701,0,1,50,de novo,False
BCMA_l59_nonint_1192,HLA-B5801,0,0,51,de novo,False
BCMA_l59_nonint_1192,HLA-B5802,0,0,51,de novo,False
BCMA_l59_nonint_1192,HLA-B7301,1,5,45,de novo,False
BCMA_l59_nonint_1192,HLA-B8301,1,3,47,de novo,False
BCMA_l59_nonint_1192,HLA-C0303,0,2,49,de novo,False
BCMA_l59_nonint_1192,HLA-C0401,2,5,44,de novo,False
BCMA_l59_nonint_1192,HLA-C0501,0,3,48,de novo,False
BCMA_l59_nonint_1192,HLA-C0602,1,5,45,de novo,False
BCMA_l59_nonint_1192,HLA-C0701,0,9,42,de novo,True
BCMA_l59_nonint_1192,HLA-C0702,2,4,45,de novo,False
BCMA_l59_nonint_1192,HLA-C0802,0,1,50,de novo,False
BCMA_l59_nonint_1192,HLA-C1203,0,2,49,de novo,False
BCMA_l59_nonint_1192,HLA-C1402,1,3,47,de novo,False
BCMA_l59_nonint_1192,HLA-C1502,0,0,51,de novo,False
BCMA_l59_nonint_1399,HLA-A0101,1,0,50,de novo,True
BCMA_l59_nonint_1399,HLA-A0201,0,0,51,de novo,True
BCMA_l59_nonint_1399,HLA-A0202,0,0,51,de novo,False
BCMA_l59_nonint_1399,HLA-A0203,0,0,51,de novo,False
BCMA_l59_nonint_1399,HLA-A0205,0,0,51,de novo,False
BCMA_l59_nonint_1399,HLA-A0206,0,0,51,de novo,False
BCMA_l59_nonint_1399,HLA-A0207,0,0,51,de novo,False
BCMA_l59_nonint_1399,HLA-A0211,0,0,51,de novo,False
BCMA_l59_nonint_1399,HLA-A0212,0,0,51,de novo,False
BCMA_l59_nonint_1399,HLA-A0216,0,0,51,de novo,False
BCMA_l59_nonint_1399,HLA-A0217,0,1,50,de novo,False
BCMA_l59_nonint_1399,HLA-A0219,0,0,51,de novo,False
BCMA_l59_nonint_1399,HLA-A0250,0,2,49,de novo,False
BCMA_l59_nonint_1399,HLA-A0301,0,1,50,de novo,True
BCMA_l59_nonint_1399,HLA-A1101,0,2,49,de novo,False
BCMA_l59_nonint_1399,HLA-A2301,0,2,49,de novo,False
BCMA_l59_nonint_1399,HLA-A2402,0,1,50,de novo,False
BCMA_l59_nonint_1399,HLA-A2403,1,2,48,de novo,False
BCMA_l59_nonint_1399,HLA-A2501,1,4,46,de novo,False
BCMA_l59_nonint_1399,HLA-A2601,0,1,50,de novo,False
BCMA_l59_nonint_1399,HLA-A2602,1,1,49,de novo,False
BCMA_l59_nonint_1399,HLA-A2603,0,0,51,de novo,False
BCMA_l59_nonint_1399,HLA-A2902,0,1,50,de novo,False
BCMA_l59_nonint_1399,HLA-A3001,0,2,49,de novo,False
BCMA_l59_nonint_1399,HLA-A3002,0,0,51,de novo,False
BCMA_l59_nonint_1399,HLA-A3101,0,0,51,de novo,False
BCMA_l59_nonint_1399,HLA-A3201,0,1,50,de novo,False
BCMA_l59_nonint_1399,HLA-A3207,2,1,48,de novo,False
BCMA_l59_nonint_1399,HLA-A3215,1,1,49,de novo,False
BCMA_l59_nonint_1399,HLA-A3301,2,2,47,de novo,False
BCMA_l59_nonint_1399,HLA-A6601,2,4,45,de novo,False
BCMA_l59_nonint_1399,HLA-A6801,0,0,51,de novo,False
BCMA_l59_nonint_1399,HLA-A6802,0,0,51,de novo,False
BCMA_l59_nonint_1399,HLA-A6823,0,1,50,de novo,False
BCMA_l59_nonint_1399,HLA-A6901,0,2,49,de novo,False
BCMA_l59_nonint_1399,HLA-A8001,0,3,48,de novo,False
BCMA_l59_nonint_1399,HLA-B0702,0,1,50,de novo,True
BCMA_l59_nonint_1399,HLA-B0801,0,1,50,de novo,False
BCMA_l59_nonint_1399,HLA-B0802,0,8,43,de novo,False
BCMA_l59_nonint_1399,HLA-B0803,4,6,41,de novo,False
BCMA_l59_nonint_1399,HLA-B1402,2,6,43,de novo,False
BCMA_l59_nonint_1399,HLA-B1501,0,3,48,de novo,False
BCMA_l59_nonint_1399,HLA-B1502,0,6,45,de novo,False
BCMA_l59_nonint_1399,HLA-B1503,1,3,47,de novo,False
BCMA_l59_nonint_1399,HLA-B1509,0,2,49,de novo,False
BCMA_l59_nonint_1399,HLA-B1517,0,2,49,de novo,False
BCMA_l59_nonint_1399,HLA-B1801,0,3,48,de novo,False
BCMA_l59_nonint_1399,HLA-B2705,0,6,45,de novo,False
BCMA_l59_nonint_1399,HLA-B2720,0,4,47,de novo,False
BCMA_l59_nonint_1399,HLA-B3501,0,3,48,de novo,False
BCMA_l59_nonint_1399,HLA-B3503,1,1,49,de novo,False
BCMA_l59_nonint_1399,HLA-B3801,0,1,50,de novo,False
BCMA_l59_nonint_1399,HLA-B3901,0,0,51,de novo,False
BCMA_l59_nonint_1399,HLA-B4001,0,1,50,de novo,False
BCMA_l59_nonint_1399,HLA-B4002,1,2,48,de novo,False
BCMA_l59_nonint_1399,HLA-B4013,0,5,46,de novo,False
BCMA_l59_nonint_1399,HLA-B4201,2,0,49,de novo,False
BCMA_l59_nonint_1399,HLA-B4402,0,0,51,de novo,False
BCMA_l59_nonint_1399,HLA-B4403,0,0,51,de novo,False
BCMA_l59_nonint_1399,HLA-B4501,1,2,48,de novo,False
BCMA_l59_nonint_1399,HLA-B4601,1,1,49,de novo,False
BCMA_l59_nonint_1399,HLA-B4801,1,3,47,de novo,False
BCMA_l59_nonint_1399,HLA-B5101,0,0,51,de novo,False
BCMA_l59_nonint_1399,HLA-B5301,0,1,50,de novo,False
BCMA_l59_nonint_1399,HLA-B5401,0,1,50,de novo,False
BCMA_l59_nonint_1399,HLA-B5701,0,1,50,de novo,False
BCMA_l59_nonint_1399,HLA-B5801,1,0,50,de novo,False
BCMA_l59_nonint_1399,HLA-B5802,0,1,50,de novo,False
BCMA_l59_nonint_1399,HLA-B7301,1,5,45,de novo,False
BCMA_l59_nonint_1399,HLA-B8301,1,5,45,de novo,False
BCMA_l59_nonint_1399,HLA-C0303,0,1,50,de novo,False
BCMA_l59_nonint_1399,HLA-C0401,0,5,46,de novo,False
BCMA_l59_nonint_1399,HLA-C0501,0,2,49,de novo,False
BCMA_l59_nonint_1399,HLA-C0602,1,5,45,de novo,False
BCMA_l59_nonint_1399,HLA-C0701,3,4,44,de novo,True
BCMA_l59_nonint_1399,HLA-C0702,1,6,44,de novo,False
BCMA_l59_nonint_1399,HLA-C0802,0,1,50,de novo,False
BCMA_l59_nonint_1399,HLA-C1203,0,4,47,de novo,False
BCMA_l59_nonint_1399,HLA-C1402,2,3,46,de novo,False
BCMA_l59_nonint_1399,HLA-C1502,0,1,50,de novo,False
BCMA_l59_nonint_1481,HLA-A0101,1,0,50,de novo,True
BCMA_l59_nonint_1481,HLA-A0201,0,1,50,de novo,True
BCMA_l59_nonint_1481,HLA-A0202,1,1,49,de novo,False
BCMA_l59_nonint_1481,HLA-A0203,0,0,51,de novo,False
BCMA_l59_nonint_1481,HLA-A0205,0,0,51,de novo,False
BCMA_l59_nonint_1481,HLA-A0206,0,2,49,de novo,False
BCMA_l59_nonint_1481,HLA-A0207,0,0,51,de novo,False
BCMA_l59_nonint_1481,HLA-A0211,1,0,50,de novo,False
BCMA_l59_nonint_1481,HLA-A0212,1,1,49,de novo,False
BCMA_l59_nonint_1481,HLA-A0216,0,2,49,de novo,False
BCMA_l59_nonint_1481,HLA-A0217,1,0,50,de novo,False
BCMA_l59_nonint_1481,HLA-A0219,1,0,50,de novo,False
BCMA_l59_nonint_1481,HLA-A0250,2,1,48,de novo,False
BCMA_l59_nonint_1481,HLA-A0301,0,0,51,de novo,True
BCMA_l59_nonint_1481,HLA-A1101,0,0,51,de novo,False
BCMA_l59_nonint_1481,HLA-A2301,0,2,49,de novo,False
BCMA_l59_nonint_1481,HLA-A2402,0,1,50,de novo,False
BCMA_l59_nonint_1481,HLA-A2403,0,4,47,de novo,False
BCMA_l59_nonint_1481,HLA-A2501,1,3,47,de novo,False
BCMA_l59_nonint_1481,HLA-A2601,1,1,49,de novo,False
BCMA_l59_nonint_1481,HLA-A2602,1,2,48,de novo,False
BCMA_l59_nonint_1481,HLA-A2603,0,0,51,de novo,False
BCMA_l59_nonint_1481,HLA-A2902,0,2,49,de novo,False
BCMA_l59_nonint_1481,HLA-A3001,2,2,47,de novo,False
BCMA_l59_nonint_1481,HLA-A3002,0,0,51,de novo,False
BCMA_l59_nonint_1481,HLA-A3101,0,1,50,de novo,False
BCMA_l59_nonint_1481,HLA-A3201,0,3,48,de novo,False
BCMA_l59_nonint_1481,HLA-A3207,2,3,46,de novo,False
BCMA_l59_nonint_1481,HLA-A3215,1,1,49,de novo,False
BCMA_l59_nonint_1481,HLA-A3301,1,3,47,de novo,False
BCMA_l59_nonint_1481,HLA-A6601,2,2,47,de novo,False
BCMA_l59_nonint_1481,HLA-A6801,0,3,48,de novo,False
BCMA_l59_nonint_1481,HLA-A6802,0,0,51,de novo,False
BCMA_l59_nonint_1481,HLA-A6823,0,5,46,de novo,False
BCMA_l59_nonint_1481,HLA-A6901,0,1,50,de novo,False
BCMA_l59_nonint_1481,HLA-A8001,1,2,48,de novo,False
BCMA_l59_nonint_1481,HLA-B0702,0,0,51,de novo,True
BCMA_l59_nonint_1481,HLA-B0801,0,3,48,de novo,False
BCMA_l59_nonint_1481,HLA-B0802,1,6,44,de novo,False
BCMA_l59_nonint_1481,HLA-B0803,2,3,46,de novo,False
BCMA_l59_nonint_1481,HLA-B1402,0,7,44,de novo,False
BCMA_l59_nonint_1481,HLA-B1501,1,1,49,de novo,False
BCMA_l59_nonint_1481,HLA-B1502,1,3,47,de novo,False
BCMA_l59_nonint_1481,HLA-B1503,1,3,47,de novo,False
BCMA_l59_nonint_1481,HLA-B1509,0,2,49,de novo,False
BCMA_l59_nonint_1481,HLA-B1517,0,1,50,de novo,False
BCMA_l59_nonint_1481,HLA-B1801,1,2,48,de novo,False
BCMA_l59_nonint_1481,HLA-B2705,0,3,48,de novo,False
BCMA_l59_nonint_1481,HLA-B2720,0,4,47,de novo,False
BCMA_l59_nonint_1481,HLA-B3501,0,2,49,de novo,False
BCMA_l59_nonint_1481,HLA-B3503,2,0,49,de novo,False
BCMA_l59_nonint_1481,HLA-B3801,0,2,49,de novo,False
BCMA_l59_nonint_1481,HLA-B3901,0,2,49,de novo,False
BCMA_l59_nonint_1481,HLA-B4001,1,0,50,de novo,False
BCMA_l59_nonint_1481,HLA-B4002,1,1,49,de novo,False
BCMA_l59_nonint_1481,HLA-B4013,1,3,47,de novo,False
BCMA_l59_nonint_1481,HLA-B4201,1,1,49,de novo,False
BCMA_l59_nonint_1481,HLA-B4402,0,0,51,de novo,False
BCMA_l59_nonint_1481,HLA-B4403,1,1,49,de novo,False
BCMA_l59_nonint_1481,HLA-B4501,0,1,50,de novo,False
BCMA_l59_nonint_1481,HLA-B4601,1,2,48,de novo,False
BCMA_l59_nonint_1481,HLA-B4801,0,2,49,de novo,False
BCMA_l59_nonint_1481,HLA-B5101,0,1,50,de novo,False
BCMA_l59_nonint_1481,HLA-B5301,0,1,50,de novo,False
BCMA_l59_nonint_1481,HLA-B5401,0,1,50,de novo,False
BCMA_l59_nonint_1481,HLA-B5701,0,2,49,de novo,False
BCMA_l59_nonint_1481,HLA-B5801,0,2,49,de novo,False
BCMA_l59_nonint_1481,HLA-B5802,0,0,51,de novo,False
BCMA_l59_nonint_1481,HLA-B7301,0,4,47,de novo,False
BCMA_l59_nonint_1481,HLA-B8301,1,5,45,de novo,False
BCMA_l59_nonint_1481,HLA-C0303,0,3,48,de novo,False
BCMA_l59_nonint_1481,HLA-C0401,0,5,46,de novo,False
BCMA_l59_nonint_1481,HLA-C0501,0,2,49,de novo,False
BCMA_l59_nonint_1481,HLA-C0602,0,4,47,de novo,False
BCMA_l59_nonint_1481,HLA-C0701,1,5,45,de novo,True
BCMA_l59_nonint_1481,HLA-C0702,1,5,45,de novo,False
BCMA_l59_nonint_1481,HLA-C0802,0,2,49,de novo,False
BCMA_l59_nonint_1481,HLA-C1203,0,2,49,de novo,False
BCMA_l59_nonint_1481,HLA-C1402,2,3,46,de novo,False
BCMA_l59_nonint_1481,HLA-C1502,0,1,50,de novo,False
BCMA_l59_nonint_1890,HLA-A0101,0,1,50,de novo,True
BCMA_l59_nonint_1890,HLA-A0201,0,1,50,de novo,True
BCMA_l59_nonint_1890,HLA-A0202,0,1,50,de novo,False
BCMA_l59_nonint_1890,HLA-A0203,0,1,50,de novo,False
BCMA_l59_nonint_1890,HLA-A0205,0,0,51,de novo,False
BCMA_l59_nonint_1890,HLA-A0206,0,1,50,de novo,False
BCMA_l59_nonint_1890,HLA-A0207,0,0,51,de novo,False
BCMA_l59_nonint_1890,HLA-A0211,0,2,49,de novo,False
BCMA_l59_nonint_1890,HLA-A0212,1,0,50,de novo,False
BCMA_l59_nonint_1890,HLA-A0216,0,1,50,de novo,False
BCMA_l59_nonint_1890,HLA-A0217,0,2,49,de novo,False
BCMA_l59_nonint_1890,HLA-A0219,0,1,50,de novo,False
BCMA_l59_nonint_1890,HLA-A0250,1,0,50,de novo,False
BCMA_l59_nonint_1890,HLA-A0301,0,0,51,de novo,True
BCMA_l59_nonint_1890,HLA-A1101,0,0,51,de novo,False
BCMA_l59_nonint_1890,HLA-A2301,1,0,50,de novo,False
BCMA_l59_nonint_1890,HLA-A2402,0,1,50,de novo,False
BCMA_l59_nonint_1890,HLA-A2403,1,0,50,de novo,False
BCMA_l59_nonint_1890,HLA-A2501,1,4,46,de novo,False
BCMA_l59_nonint_1890,HLA-A2601,1,2,48,de novo,False
BCMA_l59_nonint_1890,HLA-A2602,1,2,48,de novo,False
BCMA_l59_nonint_1890,HLA-A2603,0,4,47,de novo,False
BCMA_l59_nonint_1890,HLA-A2902,0,0,51,de novo,False
BCMA_l59_nonint_1890,HLA-A3001,0,0,51,de novo,False
BCMA_l59_nonint_1890,HLA-A3002,0,0,51,de novo,False
BCMA_l59_nonint_1890,HLA-A3101,0,0,51,de novo,False
BCMA_l59_nonint_1890,HLA-A3201,0,2,49,de novo,False
BCMA_l59_nonint_1890,HLA-A3207,1,2,48,de novo,False
BCMA_l59_nonint_1890,HLA-A3215,0,3,48,de novo,False
BCMA_l59_nonint_1890,HLA-A3301,0,6,45,de novo,False
BCMA_l59_nonint_1890,HLA-A6601,0,3,48,de novo,False
BCMA_l59_nonint_1890,HLA-A6801,0,0,51,de novo,False
BCMA_l59_nonint_1890,HLA-A6802,1,2,48,de novo,False
BCMA_l59_nonint_1890,HLA-A6823,0,3,48,de novo,False
BCMA_l59_nonint_1890,HLA-A6901,1,2,48,de novo,False
BCMA_l59_nonint_1890,HLA-A8001,0,1,50,de novo,False
BCMA_l59_nonint_1890,HLA-B0702,0,0,51,de novo,True
BCMA_l59_nonint_1890,HLA-B0801,0,2,49,de novo,False
BCMA_l59_nonint_1890,HLA-B0802,1,7,43,de novo,False
BCMA_l59_nonint_1890,HLA-B0803,0,5,46,de novo,False
BCMA_l59_nonint_1890,HLA-B1402,1,4,46,de novo,False
BCMA_l59_nonint_1890,HLA-B1501,0,1,50,de novo,False
BCMA_l59_nonint_1890,HLA-B1502,0,3,48,de novo,False
BCMA_l59_nonint_1890,HLA-B1503,0,3,48,de novo,False
BCMA_l59_nonint_1890,HLA-B1509,0,2,49,de novo,False
BCMA_l59_nonint_1890,HLA-B1517,0,1,50,de novo,False
BCMA_l59_nonint_1890,HLA-B1801,0,1,50,de novo,False
BCMA_l59_nonint_1890,HLA-B2705,0,1,50,de novo,False
BCMA_l59_nonint_1890,HLA-B2720,1,0,50,de novo,False
BCMA_l59_nonint_1890,HLA-B3501,0,1,50,de novo,False
BCMA_l59_nonint_1890,HLA-B3503,1,2,48,de novo,False
BCMA_l59_nonint_1890,HLA-B3801,1,0,50,de novo,False
BCMA_l59_nonint_1890,HLA-B3901,1,0,50,de novo,False
BCMA_l59_nonint_1890,HLA-B4001,1,0,50,de novo,False
BCMA_l59_nonint_1890,HLA-B4002,0,2,49,de novo,False
BCMA_l59_nonint_1890,HLA-B4013,0,1,50,de novo,False
BCMA_l59_nonint_1890,HLA-B4201,1,1,49,de novo,False
BCMA_l59_nonint_1890,HLA-B4402,0,1,50,de novo,False
BCMA_l59_nonint_1890,HLA-B4403,0,1,50,de novo,False
BCMA_l59_nonint_1890,HLA-B4501,0,1,50,de novo,False
BCMA_l59_nonint_1890,HLA-B4601,0,3,48,de novo,False
BCMA_l59_nonint_1890,HLA-B4801,0,1,50,de novo,False
BCMA_l59_nonint_1890,HLA-B5101,0,0,51,de novo,False
BCMA_l59_nonint_1890,HLA-B5301,0,2,49,de novo,False
BCMA_l59_nonint_1890,HLA-B5401,0,0,51,de novo,False
BCMA_l59_nonint_1890,HLA-B5701,0,0,51,de novo,False
BCMA_l59_nonint_1890,HLA-B5801,0,0,51,de novo,False
BCMA_l59_nonint_1890,HLA-B5802,0,2,49,de novo,False
BCMA_l59_nonint_1890,HLA-B7301,0,4,47,de novo,False
BCMA_l59_nonint_1890,HLA-B8301,1,3,47,de novo,False
BCMA_l59_nonint_1890,HLA-C0303,0,0,51,de novo,False
BCMA_l59_nonint_1890,HLA-C0401,0,1,50,de novo,False
BCMA_l59_nonint_1890,HLA-C0501,0,1,50,de novo,False
BCMA_l59_nonint_1890,HLA-C0602,2,4,45,de novo,False
BCMA_l59_nonint_1890,HLA-C0701,1,8,42,de novo,True
BCMA_l59_nonint_1890,HLA-C0702,2,3,46,de novo,False
BCMA_l59_nonint_1890,HLA-C0802,0,0,51,de novo,False
BCMA_l59_nonint_1890,HLA-C1203,0,0,51,de novo,False
BCMA_l59_nonint_1890,HLA-C1402,1,3,47,de novo,False
BCMA_l59_nonint_1890,HLA-C1502,1,1,49,de novo,False
BCMA_l59_nonint_1951,HLA-A0101,1,0,50,de novo,True
BCMA_l59_nonint_1951,HLA-A0201,0,0,51,de novo,True
BCMA_l59_nonint_1951,HLA-A0202,0,0,51,de novo,False
BCMA_l59_nonint_1951,HLA-A0203,0,0,51,de novo,False
BCMA_l59_nonint_1951,HLA-A0205,0,0,51,de novo,False
BCMA_l59_nonint_1951,HLA-A0206,0,0,51,de novo,False
BCMA_l59_nonint_1951,HLA-A0207,0,0,51,de novo,False
BCMA_l59_nonint_1951,HLA-A0211,0,0,51,de novo,False
BCMA_l59_nonint_1951,HLA-A0212,0,0,51,de novo,False
BCMA_l59_nonint_1951,HLA-A0216,0,0,51,de novo,False
BCMA_l59_nonint_1951,HLA-A0217,0,0,51,de novo,False
BCMA_l59_nonint_1951,HLA-A0219,0,0,51,de novo,False
BCMA_l59_nonint_1951,HLA-A0250,0,1,50,de novo,False
BCMA_l59_nonint_1951,HLA-A0301,0,0,51,de novo,True
BCMA_l59_nonint_1951,HLA-A1101,0,0,51,de novo,False
BCMA_l59_nonint_1951,HLA-A2301,0,1,50,de novo,False
BCMA_l59_nonint_1951,HLA-A2402,0,1,50,de novo,False
BCMA_l59_nonint_1951,HLA-A2403,1,2,48,de novo,False
BCMA_l59_nonint_1951,HLA-A2501,1,4,46,de novo,False
BCMA_l59_nonint_1951,HLA-A2601,0,2,49,de novo,False
BCMA_l59_nonint_1951,HLA-A2602,1,2,48,de novo,False
BCMA_l59_nonint_1951,HLA-A2603,0,4,47,de novo,False
BCMA_l59_nonint_1951,HLA-A2902,0,0,51,de novo,False
BCMA_l59_nonint_1951,HLA-A3001,0,2,49,de novo,False
BCMA_l59_nonint_1951,HLA-A3002,0,0,51,de novo,False
BCMA_l59_nonint_1951,HLA-A3101,0,0,51,de novo,False
BCMA_l59_nonint_1951,HLA-A3201,0,1,50,de novo,False
BCMA_l59_nonint_1951,HLA-A3207,2,2,47,de novo,False
BCMA_l59_nonint_1951,HLA-A3215,1,1,49,de novo,False
BCMA_l59_nonint_1951,HLA-A3301,2,2,47,de novo,False
BCMA_l59_nonint_1951,HLA-A6601,0,4,47,de novo,False
BCMA_l59_nonint_1951,HLA-A6801,0,1,50,de novo,False
BCMA_l59_nonint_1951,HLA-A6802,0,1,50,de novo,False
BCMA_l59_nonint_1951,HLA-A6823,0,1,50,de novo,False
BCMA_l59_nonint_1951,HLA-A6901,0,0,51,de novo,False
BCMA_l59_nonint_1951,HLA-A8001,0,2,49,de novo,False
BCMA_l59_nonint_1951,HLA-B0702,0,0,51,de novo,True
BCMA_l59_nonint_1951,HLA-B0801,0,1,50,de novo,False
BCMA_l59_nonint_1951,HLA-B0802,0,8,43,de novo,False
BCMA_l59_nonint_1951,HLA-B0803,0,6,45,de novo,False
BCMA_l59_nonint_1951,HLA-B1402,3,5,43,de novo,False
BCMA_l59_nonint_1951,HLA-B1501,0,1,50,de novo,False
BCMA_l59_nonint_1951,HLA-B1502,0,2,49,de novo,False
BCMA_l59_nonint_1951,HLA-B1503,0,4,47,de novo,False
BCMA_l59_nonint_1951,HLA-B1509,0,0,51,de novo,False
BCMA_l59_nonint_1951,HLA-B1517,0,1,50,de novo,False
BCMA_l59_nonint_1951,HLA-B1801,0,0,51,de novo,False
BCMA_l59_nonint_1951,HLA-B2705,1,0,50,de novo,False
BCMA_l59_nonint_1951,HLA-B2720,0,4,47,de novo,False
BCMA_l59_nonint_1951,HLA-B3501,0,2,49,de novo,False
BCMA_l59_nonint_1951,HLA-B3503,1,2,48,de novo,False
BCMA_l59_nonint_1951,HLA-B3801,1,0,50,de novo,False
BCMA_l59_nonint_1951,HLA-B3901,0,1,50,de novo,False
BCMA_l59_nonint_1951,HLA-B4001,0,0,51,de novo,False
BCMA_l59_nonint_1951,HLA-B4002,0,1,50,de novo,False
BCMA_l59_nonint_1951,HLA-B4013,0,2,49,de novo,False
BCMA_l59_nonint_1951,HLA-B4201,0,2,49,de novo,False
BCMA_l59_nonint_1951,HLA-B4402,0,0,51,de novo,False
BCMA_l59_nonint_1951,HLA-B4403,0,0,51,de novo,False
BCMA_l59_nonint_1951,HLA-B4501,1,0,50,de novo,False
BCMA_l59_nonint_1951,HLA-B4601,0,2,49,de novo,False
BCMA_l59_nonint_1951,HLA-B4801,0,1,50,de novo,False
BCMA_l59_nonint_1951,HLA-B5101,0,0,51,de novo,False
BCMA_l59_nonint_1951,HLA-B5301,0,1,50,de novo,False
BCMA_l59_nonint_1951,HLA-B5401,0,0,51,de novo,False
BCMA_l59_nonint_1951,HLA-B5701,0,0,51,de novo,False
BCMA_l59_nonint_1951,HLA-B5801,0,0,51,de novo,False
BCMA_l59_nonint_1951,HLA-B5802,0,0,51,de novo,False
BCMA_l59_nonint_1951,HLA-B7301,1,6,44,de novo,False
BCMA_l59_nonint_1951,HLA-B8301,1,2,48,de novo,False
BCMA_l59_nonint_1951,HLA-C0303,0,1,50,de novo,False
BCMA_l59_nonint_1951,HLA-C0401,1,3,47,de novo,False
BCMA_l59_nonint_1951,HLA-C0501,0,1,50,de novo,False
BCMA_l59_nonint_1951,HLA-C0602,2,5,44,de novo,False
BCMA_l59_nonint_1951,HLA-C0701,4,4,43,de novo,True
BCMA_l59_nonint_1951,HLA-C0702,2,7,42,de novo,False
BCMA_l59_nonint_1951,HLA-C0802,0,1,50,de novo,False
BCMA_l59_nonint_1951,HLA-C1203,0,1,50,de novo,False
BCMA_l59_nonint_1951,HLA-C1402,2,2,47,de novo,False
BCMA_l59_nonint_1951,HLA-C1502,0,0,51,de novo,False
BCMA_Abecma,HLA-A0101,4,6,231,scFV,True
BCMA_Abecma,HLA-A0201,1,2,238,scFV,True
BCMA_Abecma,HLA-A0202,0,3,238,scFV,False
BCMA_Abecma,HLA-A0203,1,0,240,scFV,False
BCMA_Abecma,HLA-A0205,2,3,236,scFV,False
BCMA_Abecma,HLA-A0206,1,5,235,scFV,False
BCMA_Abecma,HLA-A0207,0,2,239,scFV,False
BCMA_Abecma,HLA-A0211,2,6,233,scFV,False
BCMA_Abecma,HLA-A0212,2,4,235,scFV,False
BCMA_Abecma,HLA-A0216,2,7,232,scFV,False
BCMA_Abecma,HLA-A0217,0,4,237,scFV,False
BCMA_Abecma,HLA-A0219,1,4,236,scFV,False
BCMA_Abecma,HLA-A0250,2,10,229,scFV,False
BCMA_Abecma,HLA-A0301,2,6,233,scFV,True
BCMA_Abecma,HLA-A1101,1,7,233,scFV,False
BCMA_Abecma,HLA-A2301,2,6,233,scFV,False
BCMA_Abecma,HLA-A2402,1,9,231,scFV,False
BCMA_Abecma,HLA-A2403,4,12,225,scFV,False
BCMA_Abecma,HLA-A2501,5,10,226,scFV,False
BCMA_Abecma,HLA-A2601,4,5,232,scFV,False
BCMA_Abecma,HLA-A2602,3,7,231,scFV,False
BCMA_Abecma,HLA-A2603,4,20,217,scFV,False
BCMA_Abecma,HLA-A2902,4,6,231,scFV,False
BCMA_Abecma,HLA-A3001,1,7,233,scFV,False
BCMA_Abecma,HLA-A3002,3,7,231,scFV,False
BCMA_Abecma,HLA-A3101,2,3,236,scFV,False
BCMA_Abecma,HLA-A3201,2,5,234,scFV,False
BCMA_Abecma,HLA-A3207,7,19,215,scFV,False
BCMA_Abecma,HLA-A3215,5,13,223,scFV,False
BCMA_Abecma,HLA-A3301,3,4,234,scFV,False
BCMA_Abecma,HLA-A6601,4,17,220,scFV,False
BCMA_Abecma,HLA-A6801,1,6,234,scFV,False
BCMA_Abecma,HLA-A6802,4,6,231,scFV,False
BCMA_Abecma,HLA-A6823,7,19,215,scFV,False
BCMA_Abecma,HLA-A6901,3,10,228,scFV,False
BCMA_Abecma,HLA-A8001,5,7,229,scFV,False
BCMA_Abecma,HLA-B0702,2,3,236,scFV,True
BCMA_Abecma,HLA-B0801,0,4,237,scFV,False
BCMA_Abecma,HLA-B0802,3,12,226,scFV,False
BCMA_Abecma,HLA-B0803,1,13,227,scFV,False
BCMA_Abecma,HLA-B1402,3,12,226,scFV,False
BCMA_Abecma,HLA-B1501,1,5,235,scFV,False
BCMA_Abecma,HLA-B1502,10,7,224,scFV,False
BCMA_Abecma,HLA-B1503,4,16,221,scFV,False
BCMA_Abecma,HLA-B1509,2,10,229,scFV,False
BCMA_Abecma,HLA-B1517,7,15,219,scFV,False
BCMA_Abecma,HLA-B1801,4,6,231,scFV,False
BCMA_Abecma,HLA-B2705,1,6,234,scFV,False
BCMA_Abecma,HLA-B2720,6,9,226,scFV,False
BCMA_Abecma,HLA-B3501,5,8,228,scFV,False
BCMA_Abecma,HLA-B3503,0,8,233,scFV,False
BCMA_Abecma,HLA-B3801,1,3,237,scFV,False
BCMA_Abecma,HLA-B3901,5,7,229,scFV,False
BCMA_Abecma,HLA-B4001,0,5,236,scFV,False
BCMA_Abecma,HLA-B4002,2,3,236,scFV,False
BCMA_Abecma,HLA-B4013,3,11,227,scFV,False
BCMA_Abecma,HLA-B4201,3,6,232,scFV,False
BCMA_Abecma,HLA-B4402,2,2,237,scFV,False
BCMA_Abecma,HLA-B4403,3,4,234,scFV,False
BCMA_Abecma,HLA-B4501,0,3,238,scFV,False
BCMA_Abecma,HLA-B4601,3,4,234,scFV,False
BCMA_Abecma,HLA-B4801,2,9,230,scFV,False
BCMA_Abecma,HLA-B5101,0,7,234,scFV,False
BCMA_Abecma,HLA-B5301,1,2,238,scFV,False
BCMA_Abecma,HLA-B5401,1,5,235,scFV,False
BCMA_Abecma,HLA-B5701,1,6,234,scFV,False
BCMA_Abecma,HLA-B5801,0,10,231,scFV,False
BCMA_Abecma,HLA-B5802,1,4,236,scFV,False
BCMA_Abecma,HLA-B7301,5,8,228,scFV,False
BCMA_Abecma,HLA-B8301,4,12,225,scFV,False
BCMA_Abecma,HLA-C0303,5,14,222,scFV,False
BCMA_Abecma,HLA-C0401,4,11,226,scFV,False
BCMA_Abecma,HLA-C0501,5,6,230,scFV,False
BCMA_Abecma,HLA-C0602,4,9,228,scFV,False
BCMA_Abecma,HLA-C0701,4,12,225,scFV,True
BCMA_Abecma,HLA-C0702,7,9,225,scFV,False
BCMA_Abecma,HLA-C0802,1,8,232,scFV,False
BCMA_Abecma,HLA-C1203,7,18,216,scFV,False
BCMA_Abecma,HLA-C1402,3,21,217,scFV,False
BCMA_Abecma,HLA-C1502,3,16,222,scFV,False
