Original_ID,Allele,Strong Binder,Weak Binder,None,binder_type,is_top_freq_allele
CD19_FMC63,HLA-C1502,4,10,223,scFV,False
CD19_FMC63,HLA-A2603,5,12,220,scFV,False
CD19_FMC63,HLA-A2902,7,6,224,scFV,False
CD19_FMC63,HLA-A3001,5,6,226,scFV,False
CD19_FMC63,HLA-A3002,6,9,222,scFV,False
CD19_FMC63,HLA-A3101,3,6,228,scFV,False
CD19_FMC63,HLA-A3201,0,12,225,scFV,False
CD19_FMC63,HLA-A3207,6,15,216,scFV,False
CD19_FMC63,HLA-A2602,2,14,221,scFV,False
CD19_FMC63,HLA-A3215,4,8,225,scFV,False
CD19_FMC63,HLA-A6601,6,12,219,scFV,False
CD19_FMC63,HLA-A6801,2,2,233,scFV,False
CD19_FMC63,HLA-A6802,4,5,228,scFV,False
CD19_FMC63,HLA-A6823,6,21,210,scFV,False
CD19_FMC63,HLA-A6901,3,8,226,scFV,False
CD19_FMC63,HLA-A8001,7,6,224,scFV,False
CD19_FMC63,HLA-B0702,0,7,230,scFV,True
CD19_FMC63,HLA-A3301,1,4,232,scFV,False
CD19_FMC63,HLA-A2601,2,6,229,scFV,False
CD19_FMC63,HLA-A2501,5,13,219,scFV,False
CD19_FMC63,HLA-A2403,4,10,223,scFV,False
CD19_FMC63,HLA-A0101,1,4,232,scFV,True
CD19_FMC63,HLA-A0201,0,2,235,scFV,True
CD19_FMC63,HLA-A0202,1,5,231,scFV,False
CD19_FMC63,HLA-A0203,2,5,230,scFV,False
CD19_FMC63,HLA-A0205,0,3,234,scFV,False
CD19_FMC63,HLA-A0206,0,2,235,scFV,False
CD19_FMC63,HLA-A0207,0,3,234,scFV,False
CD19_FMC63,HLA-A0211,2,10,225,scFV,False
CD19_FMC63,HLA-A0212,2,8,227,scFV,False
CD19_FMC63,HLA-A0216,1,12,224,scFV,False
CD19_FMC63,HLA-A0217,1,4,232,scFV,False
CD19_FMC63,HLA-A0219,0,5,232,scFV,False
CD19_FMC63,HLA-A0250,4,11,222,scFV,False
CD19_FMC63,HLA-A0301,1,5,231,scFV,True
CD19_FMC63,HLA-A1101,1,4,232,scFV,False
CD19_FMC63,HLA-A2301,2,2,233,scFV,False
CD19_FMC63,HLA-A2402,1,6,230,scFV,False
CD19_FMC63,HLA-B0801,2,3,232,scFV,False
CD19_FMC63,HLA-B0802,2,13,222,scFV,False
CD19_FMC63,HLA-C1402,10,15,212,scFV,False
CD19_FMC63,HLA-B1402,3,11,223,scFV,False
CD19_FMC63,HLA-B5101,2,0,235,scFV,False
CD19_FMC63,HLA-B5301,1,3,233,scFV,False
CD19_FMC63,HLA-B5401,1,1,235,scFV,False
CD19_FMC63,HLA-B5701,0,4,233,scFV,False
CD19_FMC63,HLA-B5801,2,5,230,scFV,False
CD19_FMC63,HLA-B5802,0,4,233,scFV,False
CD19_FMC63,HLA-B8301,1,17,219,scFV,False
CD19_FMC63,HLA-B4801,2,6,229,scFV,False
CD19_FMC63,HLA-C0303,4,8,225,scFV,False
CD19_FMC63,HLA-C0501,3,10,224,scFV,False
CD19_FMC63,HLA-C0602,3,7,227,scFV,False
CD19_FMC63,HLA-C0701,6,9,222,scFV,True
CD19_FMC63,HLA-C0702,5,7,225,scFV,False
CD19_FMC63,HLA-C0802,2,12,223,scFV,False
CD19_FMC63,HLA-C1203,6,12,219,scFV,False
CD19_FMC63,HLA-B0803,3,9,225,scFV,False
CD19_FMC63,HLA-C0401,4,13,220,scFV,False
CD19_FMC63,HLA-B4601,1,4,232,scFV,False
CD19_FMC63,HLA-B7301,5,7,225,scFV,False
CD19_FMC63,HLA-B4403,0,4,233,scFV,False
CD19_FMC63,HLA-B4501,2,2,233,scFV,False
CD19_FMC63,HLA-B1502,8,11,218,scFV,False
CD19_FMC63,HLA-B1503,4,17,216,scFV,False
CD19_FMC63,HLA-B1509,1,17,219,scFV,False
CD19_FMC63,HLA-B1517,2,18,217,scFV,False
CD19_FMC63,HLA-B1801,1,4,232,scFV,False
CD19_FMC63,HLA-B2720,3,13,221,scFV,False
CD19_FMC63,HLA-B3501,3,8,226,scFV,False
CD19_FMC63,HLA-B2705,0,1,236,scFV,False
CD19_FMC63,HLA-B1501,1,6,230,scFV,False
CD19_FMC63,HLA-B3801,0,7,230,scFV,False
CD19_FMC63,HLA-B3901,3,10,224,scFV,False
CD19_FMC63,HLA-B4001,0,6,231,scFV,False
CD19_FMC63,HLA-B4002,0,3,234,scFV,False
CD19_FMC63,HLA-B4013,2,8,227,scFV,False
CD19_FMC63,HLA-B4201,3,7,227,scFV,False
CD19_FMC63,HLA-B4402,2,2,233,scFV,False
CD19_FMC63,HLA-B3503,1,7,229,scFV,False
CD19_l187_int_wildtype,HLA-A3207,1,7,170,de novo,False
CD19_l187_int_wildtype,HLA-A2902,0,1,177,de novo,False
CD19_l187_int_wildtype,HLA-A3001,0,6,172,de novo,False
CD19_l187_int_wildtype,HLA-A3002,1,1,176,de novo,False
CD19_l187_int_wildtype,HLA-A3101,0,3,175,de novo,False
CD19_l187_int_wildtype,HLA-A3201,0,5,173,de novo,False
CD19_l187_int_wildtype,HLA-A3215,1,1,176,de novo,False
CD19_l187_int_wildtype,HLA-B0801,1,4,173,de novo,False
CD19_l187_int_wildtype,HLA-A6601,1,5,172,de novo,False
CD19_l187_int_wildtype,HLA-A6801,1,4,173,de novo,False
CD19_l187_int_wildtype,HLA-A6802,1,1,176,de novo,False
CD19_l187_int_wildtype,HLA-A6823,2,6,170,de novo,False
CD19_l187_int_wildtype,HLA-A6901,2,16,160,de novo,False
CD19_l187_int_wildtype,HLA-A8001,1,8,169,de novo,False
CD19_l187_int_wildtype,HLA-B0702,1,3,174,de novo,True
CD19_l187_int_wildtype,HLA-A2603,0,5,173,de novo,False
CD19_l187_int_wildtype,HLA-A3301,2,3,173,de novo,False
CD19_l187_int_wildtype,HLA-A2602,1,10,167,de novo,False
CD19_l187_int_wildtype,HLA-A0201,3,7,168,de novo,True
CD19_l187_int_wildtype,HLA-A2501,3,8,167,de novo,False
CD19_l187_int_wildtype,HLA-B0802,3,11,164,de novo,False
CD19_l187_int_wildtype,HLA-A0202,3,10,165,de novo,False
CD19_l187_int_wildtype,HLA-A0203,1,9,168,de novo,False
CD19_l187_int_wildtype,HLA-A0205,1,4,173,de novo,False
CD19_l187_int_wildtype,HLA-A0206,7,10,161,de novo,False
CD19_l187_int_wildtype,HLA-A0207,2,4,172,de novo,False
CD19_l187_int_wildtype,HLA-A0211,5,13,160,de novo,False
CD19_l187_int_wildtype,HLA-A0212,4,13,161,de novo,False
CD19_l187_int_wildtype,HLA-A0216,4,12,162,de novo,False
CD19_l187_int_wildtype,HLA-A0217,2,12,164,de novo,False
CD19_l187_int_wildtype,HLA-A0219,3,16,159,de novo,False
CD19_l187_int_wildtype,HLA-A0250,4,14,160,de novo,False
CD19_l187_int_wildtype,HLA-A0301,0,0,178,de novo,True
CD19_l187_int_wildtype,HLA-A1101,0,1,177,de novo,False
CD19_l187_int_wildtype,HLA-A2301,0,0,178,de novo,False
CD19_l187_int_wildtype,HLA-A2402,0,2,176,de novo,False
CD19_l187_int_wildtype,HLA-A2403,0,1,177,de novo,False
CD19_l187_int_wildtype,HLA-A2601,0,4,174,de novo,False
CD19_l187_int_wildtype,HLA-B0803,4,16,158,de novo,False
CD19_l187_int_wildtype,HLA-B4403,0,3,175,de novo,False
CD19_l187_int_wildtype,HLA-B1501,1,1,176,de novo,False
CD19_l187_int_wildtype,HLA-B5401,1,1,176,de novo,False
CD19_l187_int_wildtype,HLA-B5701,0,3,175,de novo,False
CD19_l187_int_wildtype,HLA-B5801,0,4,174,de novo,False
CD19_l187_int_wildtype,HLA-B5802,0,0,178,de novo,False
CD19_l187_int_wildtype,HLA-B7301,0,4,174,de novo,False
CD19_l187_int_wildtype,HLA-B8301,1,5,172,de novo,False
CD19_l187_int_wildtype,HLA-C0303,1,5,172,de novo,False
CD19_l187_int_wildtype,HLA-B5301,2,1,175,de novo,False
CD19_l187_int_wildtype,HLA-C0401,1,12,165,de novo,False
CD19_l187_int_wildtype,HLA-C0602,1,14,163,de novo,False
CD19_l187_int_wildtype,HLA-C0701,1,13,164,de novo,True
CD19_l187_int_wildtype,HLA-C0702,0,5,173,de novo,False
CD19_l187_int_wildtype,HLA-C0802,4,9,165,de novo,False
CD19_l187_int_wildtype,HLA-C1203,0,8,170,de novo,False
CD19_l187_int_wildtype,HLA-C1402,0,10,168,de novo,False
CD19_l187_int_wildtype,HLA-A0101,2,4,172,de novo,True
CD19_l187_int_wildtype,HLA-C0501,6,3,169,de novo,False
CD19_l187_int_wildtype,HLA-B5101,2,3,173,de novo,False
CD19_l187_int_wildtype,HLA-B4801,3,8,167,de novo,False
CD19_l187_int_wildtype,HLA-B4601,0,6,172,de novo,False
CD19_l187_int_wildtype,HLA-B1502,0,3,175,de novo,False
CD19_l187_int_wildtype,HLA-B1503,0,8,170,de novo,False
CD19_l187_int_wildtype,HLA-B1509,2,9,167,de novo,False
CD19_l187_int_wildtype,HLA-B1517,2,10,166,de novo,False
CD19_l187_int_wildtype,HLA-B1801,1,4,173,de novo,False
CD19_l187_int_wildtype,HLA-B2705,3,3,172,de novo,False
CD19_l187_int_wildtype,HLA-B2720,0,5,173,de novo,False
CD19_l187_int_wildtype,HLA-B3501,3,1,174,de novo,False
CD19_l187_int_wildtype,HLA-B3503,1,4,173,de novo,False
CD19_l187_int_wildtype,HLA-B3801,5,1,172,de novo,False
CD19_l187_int_wildtype,HLA-B3901,4,10,164,de novo,False
CD19_l187_int_wildtype,HLA-B4001,1,9,168,de novo,False
CD19_l187_int_wildtype,HLA-B4002,1,4,173,de novo,False
CD19_l187_int_wildtype,HLA-B4013,0,6,172,de novo,False
CD19_l187_int_wildtype,HLA-B4201,1,1,176,de novo,False
CD19_l187_int_wildtype,HLA-B4402,0,2,176,de novo,False
CD19_l187_int_wildtype,HLA-B4501,1,2,175,de novo,False
CD19_l187_int_wildtype,HLA-B1402,2,11,165,de novo,False
CD19_l187_int_wildtype,HLA-C1502,2,11,165,de novo,False
CD19_l187_int_0614,HLA-A0101,2,3,173,de novo,True
CD19_l187_int_0614,HLA-C1502,0,13,165,de novo,False
CD19_l187_int_0614,HLA-B4402,0,3,175,de novo,False
CD19_l187_int_0614,HLA-B4201,1,3,174,de novo,False
CD19_l187_int_0614,HLA-B4013,2,5,171,de novo,False
CD19_l187_int_0614,HLA-B4002,1,3,174,de novo,False
CD19_l187_int_0614,HLA-B4001,2,9,167,de novo,False
CD19_l187_int_0614,HLA-B3901,5,5,168,de novo,False
CD19_l187_int_0614,HLA-B3801,6,0,172,de novo,False
CD19_l187_int_0614,HLA-B4403,0,3,175,de novo,False
CD19_l187_int_0614,HLA-B3503,1,4,173,de novo,False
CD19_l187_int_0614,HLA-B2720,2,4,172,de novo,False
CD19_l187_int_0614,HLA-B2705,2,4,172,de novo,False
CD19_l187_int_0614,HLA-B1801,1,4,173,de novo,False
CD19_l187_int_0614,HLA-B1517,2,10,166,de novo,False
CD19_l187_int_0614,HLA-B1509,2,10,166,de novo,False
CD19_l187_int_0614,HLA-B1503,0,9,169,de novo,False
CD19_l187_int_0614,HLA-B1502,0,3,175,de novo,False
CD19_l187_int_0614,HLA-B3501,4,0,174,de novo,False
CD19_l187_int_0614,HLA-B1501,1,1,176,de novo,False
CD19_l187_int_0614,HLA-B4501,2,0,176,de novo,False
CD19_l187_int_0614,HLA-B4801,5,10,163,de novo,False
CD19_l187_int_0614,HLA-C1203,0,6,172,de novo,False
CD19_l187_int_0614,HLA-C0802,3,10,165,de novo,False
CD19_l187_int_0614,HLA-C0702,1,4,173,de novo,False
CD19_l187_int_0614,HLA-C0701,0,12,166,de novo,True
CD19_l187_int_0614,HLA-C0602,1,12,165,de novo,False
CD19_l187_int_0614,HLA-C0501,5,4,169,de novo,False
CD19_l187_int_0614,HLA-C0401,2,14,162,de novo,False
CD19_l187_int_0614,HLA-B4601,0,4,174,de novo,False
CD19_l187_int_0614,HLA-C0303,2,7,169,de novo,False
CD19_l187_int_0614,HLA-B7301,0,4,174,de novo,False
CD19_l187_int_0614,HLA-B5802,0,0,178,de novo,False
CD19_l187_int_0614,HLA-B5801,0,4,174,de novo,False
CD19_l187_int_0614,HLA-B5701,0,3,175,de novo,False
CD19_l187_int_0614,HLA-B5401,1,1,176,de novo,False
CD19_l187_int_0614,HLA-B5301,2,2,174,de novo,False
CD19_l187_int_0614,HLA-B5101,1,5,172,de novo,False
CD19_l187_int_0614,HLA-B8301,1,5,172,de novo,False
CD19_l187_int_0614,HLA-C1402,2,8,168,de novo,False
CD19_l187_int_0614,HLA-B1402,3,11,164,de novo,False
CD19_l187_int_0614,HLA-B0802,4,11,163,de novo,False
CD19_l187_int_0614,HLA-A2403,0,3,175,de novo,False
CD19_l187_int_0614,HLA-A2402,0,1,177,de novo,False
CD19_l187_int_0614,HLA-A2301,0,0,178,de novo,False
CD19_l187_int_0614,HLA-A1101,0,2,176,de novo,False
CD19_l187_int_0614,HLA-A0301,0,1,177,de novo,True
CD19_l187_int_0614,HLA-A0250,2,14,162,de novo,False
CD19_l187_int_0614,HLA-A0219,2,14,162,de novo,False
CD19_l187_int_0614,HLA-A2501,3,5,170,de novo,False
CD19_l187_int_0614,HLA-A0217,2,10,166,de novo,False
CD19_l187_int_0614,HLA-A0212,4,11,163,de novo,False
CD19_l187_int_0614,HLA-A0211,5,12,161,de novo,False
CD19_l187_int_0614,HLA-A0207,1,5,172,de novo,False
CD19_l187_int_0614,HLA-A0206,2,10,166,de novo,False
CD19_l187_int_0614,HLA-A0205,2,4,172,de novo,False
CD19_l187_int_0614,HLA-A0203,0,8,170,de novo,False
CD19_l187_int_0614,HLA-A0202,3,8,167,de novo,False
CD19_l187_int_0614,HLA-A0216,4,11,163,de novo,False
CD19_l187_int_0614,HLA-B0803,3,18,157,de novo,False
CD19_l187_int_0614,HLA-A2601,0,7,171,de novo,False
CD19_l187_int_0614,HLA-A2603,0,8,170,de novo,False
CD19_l187_int_0614,HLA-B0801,1,3,174,de novo,False
CD19_l187_int_0614,HLA-B0702,1,4,173,de novo,True
CD19_l187_int_0614,HLA-A8001,1,7,170,de novo,False
CD19_l187_int_0614,HLA-A6901,0,15,163,de novo,False
CD19_l187_int_0614,HLA-A6823,2,6,170,de novo,False
CD19_l187_int_0614,HLA-A6802,0,4,174,de novo,False
CD19_l187_int_0614,HLA-A6801,1,3,174,de novo,False
CD19_l187_int_0614,HLA-A2602,1,8,169,de novo,False
CD19_l187_int_0614,HLA-A6601,1,6,171,de novo,False
CD19_l187_int_0614,HLA-A3215,1,2,175,de novo,False
CD19_l187_int_0614,HLA-A3207,2,5,171,de novo,False
CD19_l187_int_0614,HLA-A3201,1,4,173,de novo,False
CD19_l187_int_0614,HLA-A3101,1,3,174,de novo,False
CD19_l187_int_0614,HLA-A3002,1,1,176,de novo,False
CD19_l187_int_0614,HLA-A3001,1,4,173,de novo,False
CD19_l187_int_0614,HLA-A2902,0,1,177,de novo,False
CD19_l187_int_0614,HLA-A3301,4,0,174,de novo,False
CD19_l187_int_0614,HLA-A0201,2,7,169,de novo,True
CD19_l187_nonint_4162,HLA-C1502,5,12,161,de novo,False
CD19_l187_nonint_4162,HLA-B0803,2,16,160,de novo,False
CD19_l187_nonint_4162,HLA-A2603,2,7,169,de novo,False
CD19_l187_nonint_4162,HLA-A2902,0,0,178,de novo,False
CD19_l187_nonint_4162,HLA-A3001,4,2,172,de novo,False
CD19_l187_nonint_4162,HLA-A3002,1,0,177,de novo,False
CD19_l187_nonint_4162,HLA-A3101,2,1,175,de novo,False
CD19_l187_nonint_4162,HLA-A3201,0,6,172,de novo,False
CD19_l187_nonint_4162,HLA-A3207,0,8,170,de novo,False
CD19_l187_nonint_4162,HLA-A2602,2,8,168,de novo,False
CD19_l187_nonint_4162,HLA-A3215,1,2,175,de novo,False
CD19_l187_nonint_4162,HLA-A6601,1,14,163,de novo,False
CD19_l187_nonint_4162,HLA-A6801,0,3,175,de novo,False
CD19_l187_nonint_4162,HLA-A6802,1,8,169,de novo,False
CD19_l187_nonint_4162,HLA-A6823,1,7,170,de novo,False
CD19_l187_nonint_4162,HLA-A6901,5,11,162,de novo,False
CD19_l187_nonint_4162,HLA-A8001,1,6,171,de novo,False
CD19_l187_nonint_4162,HLA-B0702,0,4,174,de novo,True
CD19_l187_nonint_4162,HLA-A3301,2,4,172,de novo,False
CD19_l187_nonint_4162,HLA-B0801,3,7,168,de novo,False
CD19_l187_nonint_4162,HLA-A2601,1,5,172,de novo,False
CD19_l187_nonint_4162,HLA-A2403,0,2,176,de novo,False
CD19_l187_nonint_4162,HLA-A0201,4,6,168,de novo,True
CD19_l187_nonint_4162,HLA-A0202,5,8,165,de novo,False
CD19_l187_nonint_4162,HLA-A0203,1,7,170,de novo,False
CD19_l187_nonint_4162,HLA-A0205,2,0,176,de novo,False
CD19_l187_nonint_4162,HLA-A0206,4,12,162,de novo,False
CD19_l187_nonint_4162,HLA-A0207,3,4,171,de novo,False
CD19_l187_nonint_4162,HLA-A0211,4,15,159,de novo,False
CD19_l187_nonint_4162,HLA-A2501,4,6,168,de novo,False
CD19_l187_nonint_4162,HLA-A0212,5,11,162,de novo,False
CD19_l187_nonint_4162,HLA-A0217,2,11,165,de novo,False
CD19_l187_nonint_4162,HLA-A0219,6,15,157,de novo,False
CD19_l187_nonint_4162,HLA-A0250,3,14,161,de novo,False
CD19_l187_nonint_4162,HLA-A0301,1,4,173,de novo,True
CD19_l187_nonint_4162,HLA-A1101,0,4,174,de novo,False
CD19_l187_nonint_4162,HLA-A2301,0,1,177,de novo,False
CD19_l187_nonint_4162,HLA-A2402,0,0,178,de novo,False
CD19_l187_nonint_4162,HLA-A0216,3,14,161,de novo,False
CD19_l187_nonint_4162,HLA-B0802,4,12,162,de novo,False
CD19_l187_nonint_4162,HLA-A0101,0,5,173,de novo,True
CD19_l187_nonint_4162,HLA-B1402,5,8,165,de novo,False
CD19_l187_nonint_4162,HLA-B5101,1,3,174,de novo,False
CD19_l187_nonint_4162,HLA-B5301,0,4,174,de novo,False
CD19_l187_nonint_4162,HLA-B5401,0,0,178,de novo,False
CD19_l187_nonint_4162,HLA-B5701,0,0,178,de novo,False
CD19_l187_nonint_4162,HLA-B5801,0,5,173,de novo,False
CD19_l187_nonint_4162,HLA-B5802,0,1,177,de novo,False
CD19_l187_nonint_4162,HLA-B7301,0,2,176,de novo,False
CD19_l187_nonint_4162,HLA-B4801,2,11,165,de novo,False
CD19_l187_nonint_4162,HLA-B8301,0,10,168,de novo,False
CD19_l187_nonint_4162,HLA-C0401,1,15,162,de novo,False
CD19_l187_nonint_4162,HLA-C0501,2,10,166,de novo,False
CD19_l187_nonint_4162,HLA-C0602,1,9,168,de novo,False
CD19_l187_nonint_4162,HLA-C0701,1,10,167,de novo,True
CD19_l187_nonint_4162,HLA-C0702,1,2,175,de novo,False
CD19_l187_nonint_4162,HLA-C0802,2,8,168,de novo,False
CD19_l187_nonint_4162,HLA-C1203,2,3,173,de novo,False
CD19_l187_nonint_4162,HLA-C0303,1,6,171,de novo,False
CD19_l187_nonint_4162,HLA-B4601,0,6,172,de novo,False
CD19_l187_nonint_4162,HLA-B4501,2,4,172,de novo,False
CD19_l187_nonint_4162,HLA-B4403,1,5,172,de novo,False
CD19_l187_nonint_4162,HLA-B1501,0,2,176,de novo,False
CD19_l187_nonint_4162,HLA-B1502,1,1,176,de novo,False
CD19_l187_nonint_4162,HLA-B1503,1,4,173,de novo,False
CD19_l187_nonint_4162,HLA-B1509,1,8,169,de novo,False
CD19_l187_nonint_4162,HLA-B1517,1,8,169,de novo,False
CD19_l187_nonint_4162,HLA-B1801,2,5,171,de novo,False
CD19_l187_nonint_4162,HLA-B2705,1,3,174,de novo,False
CD19_l187_nonint_4162,HLA-B2720,1,5,172,de novo,False
CD19_l187_nonint_4162,HLA-B3501,0,2,176,de novo,False
CD19_l187_nonint_4162,HLA-B3503,1,4,173,de novo,False
CD19_l187_nonint_4162,HLA-B3801,0,4,174,de novo,False
CD19_l187_nonint_4162,HLA-B3901,2,9,167,de novo,False
CD19_l187_nonint_4162,HLA-B4001,1,5,172,de novo,False
CD19_l187_nonint_4162,HLA-B4002,3,5,170,de novo,False
CD19_l187_nonint_4162,HLA-B4013,0,4,174,de novo,False
CD19_l187_nonint_4162,HLA-B4201,0,2,176,de novo,False
CD19_l187_nonint_4162,HLA-B4402,1,5,172,de novo,False
CD19_l187_nonint_4162,HLA-C1402,0,6,172,de novo,False
CD19_l187_nonint_4466,HLA-A0101,0,7,171,de novo,True
CD19_l187_nonint_4466,HLA-A0201,0,8,170,de novo,True
CD19_l187_nonint_4466,HLA-B1402,2,14,162,de novo,False
CD19_l187_nonint_4466,HLA-B4402,0,8,170,de novo,False
CD19_l187_nonint_4466,HLA-B4201,2,1,175,de novo,False
CD19_l187_nonint_4466,HLA-B4013,1,3,174,de novo,False
CD19_l187_nonint_4466,HLA-B4002,3,4,171,de novo,False
CD19_l187_nonint_4466,HLA-B4001,2,7,169,de novo,False
CD19_l187_nonint_4466,HLA-B3901,1,9,168,de novo,False
CD19_l187_nonint_4466,HLA-B3801,1,1,176,de novo,False
CD19_l187_nonint_4466,HLA-B4403,0,4,174,de novo,False
CD19_l187_nonint_4466,HLA-B3503,2,3,173,de novo,False
CD19_l187_nonint_4466,HLA-B2720,1,8,169,de novo,False
CD19_l187_nonint_4466,HLA-B2705,1,6,171,de novo,False
CD19_l187_nonint_4466,HLA-B1801,1,6,171,de novo,False
CD19_l187_nonint_4466,HLA-B1517,1,7,170,de novo,False
CD19_l187_nonint_4466,HLA-B1509,2,9,167,de novo,False
CD19_l187_nonint_4466,HLA-B1503,2,2,174,de novo,False
CD19_l187_nonint_4466,HLA-B1502,0,2,176,de novo,False
CD19_l187_nonint_4466,HLA-B3501,0,4,174,de novo,False
CD19_l187_nonint_4466,HLA-B1501,0,0,178,de novo,False
CD19_l187_nonint_4466,HLA-B4501,0,6,172,de novo,False
CD19_l187_nonint_4466,HLA-B4801,3,11,164,de novo,False
CD19_l187_nonint_4466,HLA-C1203,0,5,173,de novo,False
CD19_l187_nonint_4466,HLA-C0802,4,4,170,de novo,False
CD19_l187_nonint_4466,HLA-C0702,0,4,174,de novo,False
CD19_l187_nonint_4466,HLA-C0701,2,12,164,de novo,True
CD19_l187_nonint_4466,HLA-C0602,3,13,162,de novo,False
CD19_l187_nonint_4466,HLA-C0501,4,5,169,de novo,False
CD19_l187_nonint_4466,HLA-C0401,3,6,169,de novo,False
CD19_l187_nonint_4466,HLA-B4601,0,2,176,de novo,False
CD19_l187_nonint_4466,HLA-C0303,2,5,171,de novo,False
CD19_l187_nonint_4466,HLA-B7301,1,5,172,de novo,False
CD19_l187_nonint_4466,HLA-B5802,0,0,178,de novo,False
CD19_l187_nonint_4466,HLA-B5801,1,3,174,de novo,False
CD19_l187_nonint_4466,HLA-B5701,0,2,176,de novo,False
CD19_l187_nonint_4466,HLA-B5401,1,1,176,de novo,False
CD19_l187_nonint_4466,HLA-B5301,0,4,174,de novo,False
CD19_l187_nonint_4466,HLA-B5101,2,0,176,de novo,False
CD19_l187_nonint_4466,HLA-B8301,1,4,173,de novo,False
CD19_l187_nonint_4466,HLA-C1402,0,4,174,de novo,False
CD19_l187_nonint_4466,HLA-C1502,3,10,165,de novo,False
CD19_l187_nonint_4466,HLA-B0802,1,9,168,de novo,False
CD19_l187_nonint_4466,HLA-A2403,0,1,177,de novo,False
CD19_l187_nonint_4466,HLA-A2402,0,0,178,de novo,False
CD19_l187_nonint_4466,HLA-A2301,0,0,178,de novo,False
CD19_l187_nonint_4466,HLA-A1101,0,3,175,de novo,False
CD19_l187_nonint_4466,HLA-A0301,0,2,176,de novo,True
CD19_l187_nonint_4466,HLA-A0250,2,10,166,de novo,False
CD19_l187_nonint_4466,HLA-A0219,3,9,166,de novo,False
CD19_l187_nonint_4466,HLA-A2501,2,4,172,de novo,False
CD19_l187_nonint_4466,HLA-A0217,2,8,168,de novo,False
CD19_l187_nonint_4466,HLA-A0212,2,9,167,de novo,False
CD19_l187_nonint_4466,HLA-A0211,3,15,160,de novo,False
CD19_l187_nonint_4466,HLA-A0207,2,5,171,de novo,False
CD19_l187_nonint_4466,HLA-A0206,2,11,165,de novo,False
CD19_l187_nonint_4466,HLA-A0205,0,2,176,de novo,False
CD19_l187_nonint_4466,HLA-A0203,1,3,174,de novo,False
CD19_l187_nonint_4466,HLA-A0202,2,10,166,de novo,False
CD19_l187_nonint_4466,HLA-A0216,3,12,163,de novo,False
CD19_l187_nonint_4466,HLA-B0803,4,10,164,de novo,False
CD19_l187_nonint_4466,HLA-A2601,1,2,175,de novo,False
CD19_l187_nonint_4466,HLA-A2603,3,4,171,de novo,False
CD19_l187_nonint_4466,HLA-B0801,0,4,174,de novo,False
CD19_l187_nonint_4466,HLA-B0702,0,3,175,de novo,True
CD19_l187_nonint_4466,HLA-A8001,2,3,173,de novo,False
CD19_l187_nonint_4466,HLA-A6901,3,10,165,de novo,False
CD19_l187_nonint_4466,HLA-A6823,1,6,171,de novo,False
CD19_l187_nonint_4466,HLA-A6802,2,6,170,de novo,False
CD19_l187_nonint_4466,HLA-A6801,2,3,173,de novo,False
CD19_l187_nonint_4466,HLA-A2602,0,8,170,de novo,False
CD19_l187_nonint_4466,HLA-A6601,2,7,169,de novo,False
CD19_l187_nonint_4466,HLA-A3215,0,2,176,de novo,False
CD19_l187_nonint_4466,HLA-A3207,2,8,168,de novo,False
CD19_l187_nonint_4466,HLA-A3201,2,4,172,de novo,False
CD19_l187_nonint_4466,HLA-A3101,0,3,175,de novo,False
CD19_l187_nonint_4466,HLA-A3002,0,2,176,de novo,False
CD19_l187_nonint_4466,HLA-A3001,0,5,173,de novo,False
CD19_l187_nonint_4466,HLA-A2902,0,0,178,de novo,False
CD19_l187_nonint_4466,HLA-A3301,0,6,172,de novo,False
CD19_l187_int_2481,HLA-C1502,1,14,163,de novo,False
CD19_l187_int_2481,HLA-A0101,1,4,173,de novo,True
CD19_l187_int_2481,HLA-B0803,3,14,161,de novo,False
CD19_l187_int_2481,HLA-B4402,0,2,176,de novo,False
CD19_l187_int_2481,HLA-B4201,1,1,176,de novo,False
CD19_l187_int_2481,HLA-B4013,1,7,170,de novo,False
CD19_l187_int_2481,HLA-B4002,1,2,175,de novo,False
CD19_l187_int_2481,HLA-B4001,1,9,168,de novo,False
CD19_l187_int_2481,HLA-B3901,6,7,165,de novo,False
CD19_l187_int_2481,HLA-B3801,6,0,172,de novo,False
CD19_l187_int_2481,HLA-B4403,0,3,175,de novo,False
CD19_l187_int_2481,HLA-B3503,1,3,174,de novo,False
CD19_l187_int_2481,HLA-B2720,1,6,171,de novo,False
CD19_l187_int_2481,HLA-B2705,1,2,175,de novo,False
CD19_l187_int_2481,HLA-B1801,0,6,172,de novo,False
CD19_l187_int_2481,HLA-B1517,3,11,164,de novo,False
CD19_l187_int_2481,HLA-B1509,3,10,165,de novo,False
CD19_l187_int_2481,HLA-B1503,0,10,168,de novo,False
CD19_l187_int_2481,HLA-B1502,0,2,176,de novo,False
CD19_l187_int_2481,HLA-B3501,3,1,174,de novo,False
CD19_l187_int_2481,HLA-B1501,0,2,176,de novo,False
CD19_l187_int_2481,HLA-B4501,2,1,175,de novo,False
CD19_l187_int_2481,HLA-B4801,3,11,164,de novo,False
CD19_l187_int_2481,HLA-C1203,1,7,170,de novo,False
CD19_l187_int_2481,HLA-C0802,4,7,167,de novo,False
CD19_l187_int_2481,HLA-C0702,0,6,172,de novo,False
CD19_l187_int_2481,HLA-C0701,0,14,164,de novo,True
CD19_l187_int_2481,HLA-C0602,1,14,163,de novo,False
CD19_l187_int_2481,HLA-C0501,5,5,168,de novo,False
CD19_l187_int_2481,HLA-C0401,1,10,167,de novo,False
CD19_l187_int_2481,HLA-B4601,1,3,174,de novo,False
CD19_l187_int_2481,HLA-C0303,2,8,168,de novo,False
CD19_l187_int_2481,HLA-B7301,1,3,174,de novo,False
CD19_l187_int_2481,HLA-B5802,0,1,177,de novo,False
CD19_l187_int_2481,HLA-B5801,2,4,172,de novo,False
CD19_l187_int_2481,HLA-B5701,1,3,174,de novo,False
CD19_l187_int_2481,HLA-B5401,1,2,175,de novo,False
CD19_l187_int_2481,HLA-B5301,2,2,174,de novo,False
CD19_l187_int_2481,HLA-B5101,1,5,172,de novo,False
CD19_l187_int_2481,HLA-B8301,1,6,171,de novo,False
CD19_l187_int_2481,HLA-B1402,5,11,162,de novo,False
CD19_l187_int_2481,HLA-C1402,1,11,166,de novo,False
CD19_l187_int_2481,HLA-B0802,3,9,166,de novo,False
CD19_l187_int_2481,HLA-A2402,0,1,177,de novo,False
CD19_l187_int_2481,HLA-A2301,0,0,178,de novo,False
CD19_l187_int_2481,HLA-A1101,0,3,175,de novo,False
CD19_l187_int_2481,HLA-A0301,0,2,176,de novo,True
CD19_l187_int_2481,HLA-A0250,3,15,160,de novo,False
CD19_l187_int_2481,HLA-A0219,3,15,160,de novo,False
CD19_l187_int_2481,HLA-A0217,2,11,165,de novo,False
CD19_l187_int_2481,HLA-A2403,0,2,176,de novo,False
CD19_l187_int_2481,HLA-A0216,4,12,162,de novo,False
CD19_l187_int_2481,HLA-A0211,4,17,157,de novo,False
CD19_l187_int_2481,HLA-A0207,1,5,172,de novo,False
CD19_l187_int_2481,HLA-A0206,4,11,163,de novo,False
CD19_l187_int_2481,HLA-A0205,2,3,173,de novo,False
CD19_l187_int_2481,HLA-A0203,2,8,168,de novo,False
CD19_l187_int_2481,HLA-A0202,4,8,166,de novo,False
CD19_l187_int_2481,HLA-A0201,2,9,167,de novo,True
CD19_l187_int_2481,HLA-A0212,3,18,157,de novo,False
CD19_l187_int_2481,HLA-A2501,2,6,170,de novo,False
CD19_l187_int_2481,HLA-A2601,0,5,173,de novo,False
CD19_l187_int_2481,HLA-A2602,1,5,172,de novo,False
CD19_l187_int_2481,HLA-B0801,1,6,171,de novo,False
CD19_l187_int_2481,HLA-B0702,1,4,173,de novo,True
CD19_l187_int_2481,HLA-A8001,1,7,170,de novo,False
CD19_l187_int_2481,HLA-A6901,1,14,163,de novo,False
CD19_l187_int_2481,HLA-A6823,1,6,171,de novo,False
CD19_l187_int_2481,HLA-A6802,1,3,174,de novo,False
CD19_l187_int_2481,HLA-A6801,2,3,173,de novo,False
CD19_l187_int_2481,HLA-A6601,1,5,172,de novo,False
CD19_l187_int_2481,HLA-A3301,2,3,173,de novo,False
CD19_l187_int_2481,HLA-A3215,1,1,176,de novo,False
CD19_l187_int_2481,HLA-A3207,2,8,168,de novo,False
CD19_l187_int_2481,HLA-A3201,1,5,172,de novo,False
CD19_l187_int_2481,HLA-A3101,0,3,175,de novo,False
CD19_l187_int_2481,HLA-A3002,1,1,176,de novo,False
CD19_l187_int_2481,HLA-A3001,3,2,173,de novo,False
CD19_l187_int_2481,HLA-A2902,0,1,177,de novo,False
CD19_l187_int_2481,HLA-A2603,1,4,173,de novo,False
CD19_l187_nonint_0585,HLA-A0101,0,7,171,de novo,True
CD19_l187_nonint_0585,HLA-A0201,3,8,167,de novo,True
CD19_l187_nonint_0585,HLA-A0202,4,8,166,de novo,False
CD19_l187_nonint_0585,HLA-B4601,1,1,176,de novo,False
CD19_l187_nonint_0585,HLA-B4403,1,0,177,de novo,False
CD19_l187_nonint_0585,HLA-B4402,1,3,174,de novo,False
CD19_l187_nonint_0585,HLA-B4201,1,1,176,de novo,False
CD19_l187_nonint_0585,HLA-B4013,0,6,172,de novo,False
CD19_l187_nonint_0585,HLA-B4002,3,2,173,de novo,False
CD19_l187_nonint_0585,HLA-B4001,3,4,171,de novo,False
CD19_l187_nonint_0585,HLA-B3901,2,8,168,de novo,False
CD19_l187_nonint_0585,HLA-B3801,0,2,176,de novo,False
CD19_l187_nonint_0585,HLA-B3503,1,1,176,de novo,False
CD19_l187_nonint_0585,HLA-B2720,1,7,170,de novo,False
CD19_l187_nonint_0585,HLA-B2705,1,1,176,de novo,False
CD19_l187_nonint_0585,HLA-B1801,0,6,172,de novo,False
CD19_l187_nonint_0585,HLA-B1517,1,10,167,de novo,False
CD19_l187_nonint_0585,HLA-B1509,1,10,167,de novo,False
CD19_l187_nonint_0585,HLA-B1503,0,7,171,de novo,False
CD19_l187_nonint_0585,HLA-B4501,2,3,173,de novo,False
CD19_l187_nonint_0585,HLA-B4801,2,17,159,de novo,False
CD19_l187_nonint_0585,HLA-B5101,2,1,175,de novo,False
CD19_l187_nonint_0585,HLA-B5301,0,2,176,de novo,False
CD19_l187_nonint_0585,HLA-C1502,1,12,165,de novo,False
CD19_l187_nonint_0585,HLA-C1402,1,6,171,de novo,False
CD19_l187_nonint_0585,HLA-C1203,1,4,173,de novo,False
CD19_l187_nonint_0585,HLA-C0802,2,9,167,de novo,False
CD19_l187_nonint_0585,HLA-C0702,0,6,172,de novo,False
CD19_l187_nonint_0585,HLA-C0701,4,9,165,de novo,True
CD19_l187_nonint_0585,HLA-C0602,3,11,164,de novo,False
CD19_l187_nonint_0585,HLA-B1502,1,1,176,de novo,False
CD19_l187_nonint_0585,HLA-C0501,5,6,167,de novo,False
CD19_l187_nonint_0585,HLA-C0303,0,7,171,de novo,False
CD19_l187_nonint_0585,HLA-B8301,0,3,175,de novo,False
CD19_l187_nonint_0585,HLA-B7301,0,5,173,de novo,False
CD19_l187_nonint_0585,HLA-B5802,0,0,178,de novo,False
CD19_l187_nonint_0585,HLA-B5801,1,4,173,de novo,False
CD19_l187_nonint_0585,HLA-B5701,0,2,176,de novo,False
CD19_l187_nonint_0585,HLA-B5401,0,2,176,de novo,False
CD19_l187_nonint_0585,HLA-C0401,2,7,169,de novo,False
CD19_l187_nonint_0585,HLA-B1501,0,0,178,de novo,False
CD19_l187_nonint_0585,HLA-B3501,1,1,176,de novo,False
CD19_l187_nonint_0585,HLA-B0803,3,16,159,de novo,False
CD19_l187_nonint_0585,HLA-A2601,0,2,176,de novo,False
CD19_l187_nonint_0585,HLA-A2501,1,4,173,de novo,False
CD19_l187_nonint_0585,HLA-A2403,0,3,175,de novo,False
CD19_l187_nonint_0585,HLA-A2402,0,1,177,de novo,False
CD19_l187_nonint_0585,HLA-A2301,0,0,178,de novo,False
CD19_l187_nonint_0585,HLA-A1101,0,1,177,de novo,False
CD19_l187_nonint_0585,HLA-B1402,1,17,160,de novo,False
CD19_l187_nonint_0585,HLA-A0250,3,12,163,de novo,False
CD19_l187_nonint_0585,HLA-A0219,4,15,159,de novo,False
CD19_l187_nonint_0585,HLA-A0217,2,9,167,de novo,False
CD19_l187_nonint_0585,HLA-A0216,3,14,161,de novo,False
CD19_l187_nonint_0585,HLA-A0212,4,9,165,de novo,False
CD19_l187_nonint_0585,HLA-A0211,6,11,161,de novo,False
CD19_l187_nonint_0585,HLA-A0207,3,1,174,de novo,False
CD19_l187_nonint_0585,HLA-A0206,5,7,166,de novo,False
CD19_l187_nonint_0585,HLA-A0205,0,3,175,de novo,False
CD19_l187_nonint_0585,HLA-A0203,1,4,173,de novo,False
CD19_l187_nonint_0585,HLA-A2602,0,5,173,de novo,False
CD19_l187_nonint_0585,HLA-A2603,1,5,172,de novo,False
CD19_l187_nonint_0585,HLA-A0301,0,0,178,de novo,True
CD19_l187_nonint_0585,HLA-A2902,0,1,177,de novo,False
CD19_l187_nonint_0585,HLA-B0801,0,4,174,de novo,False
CD19_l187_nonint_0585,HLA-B0702,1,0,177,de novo,True
CD19_l187_nonint_0585,HLA-A8001,1,8,169,de novo,False
CD19_l187_nonint_0585,HLA-A6901,1,12,165,de novo,False
CD19_l187_nonint_0585,HLA-A6823,0,3,175,de novo,False
CD19_l187_nonint_0585,HLA-A6802,1,3,174,de novo,False
CD19_l187_nonint_0585,HLA-A6801,0,1,177,de novo,False
CD19_l187_nonint_0585,HLA-B0802,2,8,168,de novo,False
CD19_l187_nonint_0585,HLA-A3301,0,4,174,de novo,False
CD19_l187_nonint_0585,HLA-A3215,0,3,175,de novo,False
CD19_l187_nonint_0585,HLA-A3207,0,8,170,de novo,False
CD19_l187_nonint_0585,HLA-A3201,0,8,170,de novo,False
CD19_l187_nonint_0585,HLA-A3101,1,1,176,de novo,False
CD19_l187_nonint_0585,HLA-A3002,1,1,176,de novo,False
CD19_l187_nonint_0585,HLA-A3001,0,1,177,de novo,False
CD19_l187_nonint_0585,HLA-A6601,0,4,174,de novo,False
CD19_l187_nonint_0605,HLA-B4402,0,3,175,de novo,False
CD19_l187_nonint_0605,HLA-B4201,1,2,175,de novo,False
CD19_l187_nonint_0605,HLA-B4013,0,9,169,de novo,False
CD19_l187_nonint_0605,HLA-B4002,2,6,170,de novo,False
CD19_l187_nonint_0605,HLA-B4001,3,5,170,de novo,False
CD19_l187_nonint_0605,HLA-B3901,3,11,164,de novo,False
CD19_l187_nonint_0605,HLA-B3801,0,3,175,de novo,False
CD19_l187_nonint_0605,HLA-B3503,2,1,175,de novo,False
CD19_l187_nonint_0605,HLA-B1801,0,8,170,de novo,False
CD19_l187_nonint_0605,HLA-B2720,3,6,169,de novo,False
CD19_l187_nonint_0605,HLA-B2705,3,3,172,de novo,False
CD19_l187_nonint_0605,HLA-B1517,1,10,167,de novo,False
CD19_l187_nonint_0605,HLA-B1509,2,11,165,de novo,False
CD19_l187_nonint_0605,HLA-B1503,1,5,172,de novo,False
CD19_l187_nonint_0605,HLA-B1502,0,3,175,de novo,False
CD19_l187_nonint_0605,HLA-B1501,0,1,177,de novo,False
CD19_l187_nonint_0605,HLA-B4403,1,3,174,de novo,False
CD19_l187_nonint_0605,HLA-B3501,0,2,176,de novo,False
CD19_l187_nonint_0605,HLA-B4501,2,8,168,de novo,False
CD19_l187_nonint_0605,HLA-C1502,2,16,160,de novo,False
CD19_l187_nonint_0605,HLA-B4801,6,9,163,de novo,False
CD19_l187_nonint_0605,HLA-B1402,7,12,159,de novo,False
CD19_l187_nonint_0605,HLA-C1203,1,5,172,de novo,False
CD19_l187_nonint_0605,HLA-C0802,3,8,167,de novo,False
CD19_l187_nonint_0605,HLA-C0702,1,3,174,de novo,False
CD19_l187_nonint_0605,HLA-C0701,3,12,163,de novo,True
CD19_l187_nonint_0605,HLA-C0602,1,13,164,de novo,False
CD19_l187_nonint_0605,HLA-C0501,1,7,170,de novo,False
CD19_l187_nonint_0605,HLA-C0401,1,15,162,de novo,False
CD19_l187_nonint_0605,HLA-C0303,1,4,173,de novo,False
CD19_l187_nonint_0605,HLA-B8301,1,7,170,de novo,False
CD19_l187_nonint_0605,HLA-B7301,1,5,172,de novo,False
CD19_l187_nonint_0605,HLA-B5802,0,0,178,de novo,False
CD19_l187_nonint_0605,HLA-B5801,0,1,177,de novo,False
CD19_l187_nonint_0605,HLA-B5701,0,1,177,de novo,False
CD19_l187_nonint_0605,HLA-B5401,2,0,176,de novo,False
CD19_l187_nonint_0605,HLA-B5301,1,2,175,de novo,False
CD19_l187_nonint_0605,HLA-B5101,2,3,173,de novo,False
CD19_l187_nonint_0605,HLA-B4601,0,5,173,de novo,False
CD19_l187_nonint_0605,HLA-B0803,5,13,160,de novo,False
CD19_l187_nonint_0605,HLA-A0101,0,3,175,de novo,True
CD19_l187_nonint_0605,HLA-B0801,2,3,173,de novo,False
CD19_l187_nonint_0605,HLA-A2301,0,1,177,de novo,False
CD19_l187_nonint_0605,HLA-A1101,0,3,175,de novo,False
CD19_l187_nonint_0605,HLA-A0301,0,5,173,de novo,True
CD19_l187_nonint_0605,HLA-A0250,3,5,170,de novo,False
CD19_l187_nonint_0605,HLA-A0219,4,16,158,de novo,False
CD19_l187_nonint_0605,HLA-A0217,2,11,165,de novo,False
CD19_l187_nonint_0605,HLA-A0216,3,10,165,de novo,False
CD19_l187_nonint_0605,HLA-A2402,0,1,177,de novo,False
CD19_l187_nonint_0605,HLA-A0212,3,11,164,de novo,False
CD19_l187_nonint_0605,HLA-A0207,1,5,172,de novo,False
CD19_l187_nonint_0605,HLA-A0206,2,10,166,de novo,False
CD19_l187_nonint_0605,HLA-A0205,1,1,176,de novo,False
CD19_l187_nonint_0605,HLA-A0203,1,4,173,de novo,False
CD19_l187_nonint_0605,HLA-A0202,3,9,166,de novo,False
CD19_l187_nonint_0605,HLA-A0201,1,8,169,de novo,True
CD19_l187_nonint_0605,HLA-C1402,1,5,172,de novo,False
CD19_l187_nonint_0605,HLA-A0211,2,15,161,de novo,False
CD19_l187_nonint_0605,HLA-A2403,0,2,176,de novo,False
CD19_l187_nonint_0605,HLA-A2501,1,8,169,de novo,False
CD19_l187_nonint_0605,HLA-A2601,2,1,175,de novo,False
CD19_l187_nonint_0605,HLA-B0702,1,3,174,de novo,True
CD19_l187_nonint_0605,HLA-A8001,1,7,170,de novo,False
CD19_l187_nonint_0605,HLA-A6901,2,15,161,de novo,False
CD19_l187_nonint_0605,HLA-A6823,0,6,172,de novo,False
CD19_l187_nonint_0605,HLA-A6802,1,4,173,de novo,False
CD19_l187_nonint_0605,HLA-A6801,2,1,175,de novo,False
CD19_l187_nonint_0605,HLA-A6601,1,7,170,de novo,False
CD19_l187_nonint_0605,HLA-A3301,1,3,174,de novo,False
CD19_l187_nonint_0605,HLA-A3215,0,3,175,de novo,False
CD19_l187_nonint_0605,HLA-A3207,0,8,170,de novo,False
CD19_l187_nonint_0605,HLA-A3201,0,7,171,de novo,False
CD19_l187_nonint_0605,HLA-A3101,3,2,173,de novo,False
CD19_l187_nonint_0605,HLA-A3002,1,0,177,de novo,False
CD19_l187_nonint_0605,HLA-A3001,3,5,170,de novo,False
CD19_l187_nonint_0605,HLA-A2902,0,0,178,de novo,False
CD19_l187_nonint_0605,HLA-A2603,4,5,169,de novo,False
CD19_l187_nonint_0605,HLA-A2602,1,8,169,de novo,False
CD19_l187_nonint_0605,HLA-B0802,3,14,161,de novo,False
CD19_l187_nonint_0721,HLA-A0202,1,8,169,de novo,False
CD19_l187_nonint_0721,HLA-A0203,1,0,177,de novo,False
CD19_l187_nonint_0721,HLA-B1502,0,3,175,de novo,False
CD19_l187_nonint_0721,HLA-B4501,0,5,173,de novo,False
CD19_l187_nonint_0721,HLA-B4403,0,2,176,de novo,False
CD19_l187_nonint_0721,HLA-B4402,0,1,177,de novo,False
CD19_l187_nonint_0721,HLA-B4201,1,3,174,de novo,False
CD19_l187_nonint_0721,HLA-B4013,1,4,173,de novo,False
CD19_l187_nonint_0721,HLA-B4002,1,5,172,de novo,False
CD19_l187_nonint_0721,HLA-B4001,2,9,167,de novo,False
CD19_l187_nonint_0721,HLA-B4601,1,3,174,de novo,False
CD19_l187_nonint_0721,HLA-B3901,2,6,170,de novo,False
CD19_l187_nonint_0721,HLA-B3503,2,3,173,de novo,False
CD19_l187_nonint_0721,HLA-B3501,0,5,173,de novo,False
CD19_l187_nonint_0721,HLA-B2720,1,7,170,de novo,False
CD19_l187_nonint_0721,HLA-B2705,1,3,174,de novo,False
CD19_l187_nonint_0721,HLA-B1801,0,6,172,de novo,False
CD19_l187_nonint_0721,HLA-B1517,1,9,168,de novo,False
CD19_l187_nonint_0721,HLA-B1509,1,9,168,de novo,False
CD19_l187_nonint_0721,HLA-B3801,1,6,171,de novo,False
CD19_l187_nonint_0721,HLA-B1503,1,3,174,de novo,False
CD19_l187_nonint_0721,HLA-B4801,4,7,167,de novo,False
CD19_l187_nonint_0721,HLA-B5301,0,1,177,de novo,False
CD19_l187_nonint_0721,HLA-C1502,6,12,160,de novo,False
CD19_l187_nonint_0721,HLA-C1402,1,7,170,de novo,False
CD19_l187_nonint_0721,HLA-C1203,1,7,170,de novo,False
CD19_l187_nonint_0721,HLA-C0802,2,11,165,de novo,False
CD19_l187_nonint_0721,HLA-C0702,1,7,170,de novo,False
CD19_l187_nonint_0721,HLA-C0701,2,15,161,de novo,True
CD19_l187_nonint_0721,HLA-C0602,7,8,163,de novo,False
CD19_l187_nonint_0721,HLA-B5101,1,4,173,de novo,False
CD19_l187_nonint_0721,HLA-C0501,1,11,166,de novo,False
CD19_l187_nonint_0721,HLA-C0303,3,3,172,de novo,False
CD19_l187_nonint_0721,HLA-B8301,1,3,174,de novo,False
CD19_l187_nonint_0721,HLA-B7301,2,5,171,de novo,False
CD19_l187_nonint_0721,HLA-B5802,0,1,177,de novo,False
CD19_l187_nonint_0721,HLA-B5801,1,4,173,de novo,False
CD19_l187_nonint_0721,HLA-B5701,0,1,177,de novo,False
CD19_l187_nonint_0721,HLA-B5401,1,0,177,de novo,False
CD19_l187_nonint_0721,HLA-C0401,1,12,165,de novo,False
CD19_l187_nonint_0721,HLA-A0201,1,4,173,de novo,True
CD19_l187_nonint_0721,HLA-A0101,0,4,174,de novo,True
CD19_l187_nonint_0721,HLA-B1402,4,12,162,de novo,False
CD19_l187_nonint_0721,HLA-A2601,0,3,175,de novo,False
CD19_l187_nonint_0721,HLA-A2501,2,5,171,de novo,False
CD19_l187_nonint_0721,HLA-A2403,0,2,176,de novo,False
CD19_l187_nonint_0721,HLA-A2402,0,2,176,de novo,False
CD19_l187_nonint_0721,HLA-A2301,0,1,177,de novo,False
CD19_l187_nonint_0721,HLA-A1101,0,3,175,de novo,False
CD19_l187_nonint_0721,HLA-A0301,0,3,175,de novo,True
CD19_l187_nonint_0721,HLA-A2602,0,8,170,de novo,False
CD19_l187_nonint_0721,HLA-A0250,0,18,160,de novo,False
CD19_l187_nonint_0721,HLA-A0217,1,8,169,de novo,False
CD19_l187_nonint_0721,HLA-A0216,3,13,162,de novo,False
CD19_l187_nonint_0721,HLA-A0212,3,13,162,de novo,False
CD19_l187_nonint_0721,HLA-A0211,2,17,159,de novo,False
CD19_l187_nonint_0721,HLA-A0207,2,8,168,de novo,False
CD19_l187_nonint_0721,HLA-A0206,3,9,166,de novo,False
CD19_l187_nonint_0721,HLA-A0205,0,2,176,de novo,False
CD19_l187_nonint_0721,HLA-A0219,4,16,158,de novo,False
CD19_l187_nonint_0721,HLA-B1501,0,1,177,de novo,False
CD19_l187_nonint_0721,HLA-A2603,1,5,172,de novo,False
CD19_l187_nonint_0721,HLA-A3001,4,5,169,de novo,False
CD19_l187_nonint_0721,HLA-B0803,4,16,158,de novo,False
CD19_l187_nonint_0721,HLA-B0802,2,11,165,de novo,False
CD19_l187_nonint_0721,HLA-B0801,4,2,172,de novo,False
CD19_l187_nonint_0721,HLA-B0702,0,6,172,de novo,True
CD19_l187_nonint_0721,HLA-A8001,2,4,172,de novo,False
CD19_l187_nonint_0721,HLA-A6901,3,12,163,de novo,False
CD19_l187_nonint_0721,HLA-A6823,0,5,173,de novo,False
CD19_l187_nonint_0721,HLA-A2902,0,2,176,de novo,False
CD19_l187_nonint_0721,HLA-A6802,3,2,173,de novo,False
CD19_l187_nonint_0721,HLA-A6601,0,8,170,de novo,False
CD19_l187_nonint_0721,HLA-A3301,2,2,174,de novo,False
CD19_l187_nonint_0721,HLA-A3215,0,3,175,de novo,False
CD19_l187_nonint_0721,HLA-A3207,0,10,168,de novo,False
CD19_l187_nonint_0721,HLA-A3201,2,7,169,de novo,False
CD19_l187_nonint_0721,HLA-A3101,2,3,173,de novo,False
CD19_l187_nonint_0721,HLA-A3002,1,1,176,de novo,False
CD19_l187_nonint_0721,HLA-A6801,2,4,172,de novo,False
CD19_l187_int_1723,HLA-C1502,0,11,167,de novo,False
CD19_l187_int_1723,HLA-A0201,3,7,168,de novo,True
CD19_l187_int_1723,HLA-A0203,1,10,167,de novo,False
CD19_l187_int_1723,HLA-B4403,0,4,174,de novo,False
CD19_l187_int_1723,HLA-B4402,0,2,176,de novo,False
CD19_l187_int_1723,HLA-B4201,1,1,176,de novo,False
CD19_l187_int_1723,HLA-B4013,0,6,172,de novo,False
CD19_l187_int_1723,HLA-B4002,1,3,174,de novo,False
CD19_l187_int_1723,HLA-B4001,1,9,168,de novo,False
CD19_l187_int_1723,HLA-B3901,5,7,166,de novo,False
CD19_l187_int_1723,HLA-B3801,5,1,172,de novo,False
CD19_l187_int_1723,HLA-B3503,1,4,173,de novo,False
CD19_l187_int_1723,HLA-B3501,4,0,174,de novo,False
CD19_l187_int_1723,HLA-B2720,1,4,173,de novo,False
CD19_l187_int_1723,HLA-B2705,1,2,175,de novo,False
CD19_l187_int_1723,HLA-B1801,0,3,175,de novo,False
CD19_l187_int_1723,HLA-B1517,2,8,168,de novo,False
CD19_l187_int_1723,HLA-B1509,2,11,165,de novo,False
CD19_l187_int_1723,HLA-B4501,1,1,176,de novo,False
CD19_l187_int_1723,HLA-B4601,0,4,174,de novo,False
CD19_l187_int_1723,HLA-B4801,3,11,164,de novo,False
CD19_l187_int_1723,HLA-B5101,1,6,171,de novo,False
CD19_l187_int_1723,HLA-C1402,0,11,167,de novo,False
CD19_l187_int_1723,HLA-C1203,0,5,173,de novo,False
CD19_l187_int_1723,HLA-C0802,3,6,169,de novo,False
CD19_l187_int_1723,HLA-C0702,0,4,174,de novo,False
CD19_l187_int_1723,HLA-C0701,1,9,168,de novo,True
CD19_l187_int_1723,HLA-C0602,2,9,167,de novo,False
CD19_l187_int_1723,HLA-C0501,4,3,171,de novo,False
CD19_l187_int_1723,HLA-B1503,0,8,170,de novo,False
CD19_l187_int_1723,HLA-C0401,1,12,165,de novo,False
CD19_l187_int_1723,HLA-B8301,1,6,171,de novo,False
CD19_l187_int_1723,HLA-B7301,0,2,176,de novo,False
CD19_l187_int_1723,HLA-B5802,0,0,178,de novo,False
CD19_l187_int_1723,HLA-B5801,1,5,172,de novo,False
CD19_l187_int_1723,HLA-B5701,1,2,175,de novo,False
CD19_l187_int_1723,HLA-B5401,1,2,175,de novo,False
CD19_l187_int_1723,HLA-B5301,2,1,175,de novo,False
CD19_l187_int_1723,HLA-C0303,0,8,170,de novo,False
CD19_l187_int_1723,HLA-B1502,0,3,175,de novo,False
CD19_l187_int_1723,HLA-B1501,1,1,176,de novo,False
CD19_l187_int_1723,HLA-B1402,3,7,168,de novo,False
CD19_l187_int_1723,HLA-A2601,0,6,172,de novo,False
CD19_l187_int_1723,HLA-A2501,2,8,168,de novo,False
CD19_l187_int_1723,HLA-A2403,0,2,176,de novo,False
CD19_l187_int_1723,HLA-A2402,0,1,177,de novo,False
CD19_l187_int_1723,HLA-A2301,0,0,178,de novo,False
CD19_l187_int_1723,HLA-A1101,0,1,177,de novo,False
CD19_l187_int_1723,HLA-A0301,0,0,178,de novo,True
CD19_l187_int_1723,HLA-A2602,1,7,170,de novo,False
CD19_l187_int_1723,HLA-A0250,3,16,159,de novo,False
CD19_l187_int_1723,HLA-A0217,1,16,161,de novo,False
CD19_l187_int_1723,HLA-A0216,4,15,159,de novo,False
CD19_l187_int_1723,HLA-A0212,4,16,158,de novo,False
CD19_l187_int_1723,HLA-A0211,4,12,162,de novo,False
CD19_l187_int_1723,HLA-A0207,1,6,171,de novo,False
CD19_l187_int_1723,HLA-A0206,4,8,166,de novo,False
CD19_l187_int_1723,HLA-A0205,2,3,173,de novo,False
CD19_l187_int_1723,HLA-A0219,3,18,157,de novo,False
CD19_l187_int_1723,HLA-A0202,3,11,164,de novo,False
CD19_l187_int_1723,HLA-A2603,0,7,171,de novo,False
CD19_l187_int_1723,HLA-A3001,1,4,173,de novo,False
CD19_l187_int_1723,HLA-B0803,3,15,160,de novo,False
CD19_l187_int_1723,HLA-B0802,3,9,166,de novo,False
CD19_l187_int_1723,HLA-B0801,2,4,172,de novo,False
CD19_l187_int_1723,HLA-B0702,1,2,175,de novo,True
CD19_l187_int_1723,HLA-A8001,1,5,172,de novo,False
CD19_l187_int_1723,HLA-A6901,1,11,166,de novo,False
CD19_l187_int_1723,HLA-A6823,1,6,171,de novo,False
CD19_l187_int_1723,HLA-A2902,0,1,177,de novo,False
CD19_l187_int_1723,HLA-A6802,1,3,174,de novo,False
CD19_l187_int_1723,HLA-A6601,1,3,174,de novo,False
CD19_l187_int_1723,HLA-A3301,2,4,172,de novo,False
CD19_l187_int_1723,HLA-A3215,1,1,176,de novo,False
CD19_l187_int_1723,HLA-A3207,1,9,168,de novo,False
CD19_l187_int_1723,HLA-A3201,0,6,172,de novo,False
CD19_l187_int_1723,HLA-A3101,0,3,175,de novo,False
CD19_l187_int_1723,HLA-A3002,1,1,176,de novo,False
CD19_l187_int_1723,HLA-A6801,1,3,174,de novo,False
CD19_l187_int_1723,HLA-A0101,2,4,172,de novo,True
CD19_l187_int_3183,HLA-A0101,1,4,173,de novo,True
CD19_l187_int_3183,HLA-C1402,1,9,168,de novo,False
CD19_l187_int_3183,HLA-B4402,0,3,175,de novo,False
CD19_l187_int_3183,HLA-B4201,1,1,176,de novo,False
CD19_l187_int_3183,HLA-B4013,0,6,172,de novo,False
CD19_l187_int_3183,HLA-B4002,1,3,174,de novo,False
CD19_l187_int_3183,HLA-B4001,1,8,169,de novo,False
CD19_l187_int_3183,HLA-B3901,7,7,164,de novo,False
CD19_l187_int_3183,HLA-B3801,6,1,171,de novo,False
CD19_l187_int_3183,HLA-B4501,1,2,175,de novo,False
CD19_l187_int_3183,HLA-B3503,1,3,174,de novo,False
CD19_l187_int_3183,HLA-B2720,1,4,173,de novo,False
CD19_l187_int_3183,HLA-B2705,1,4,173,de novo,False
CD19_l187_int_3183,HLA-B1801,0,3,175,de novo,False
CD19_l187_int_3183,HLA-B1517,3,9,166,de novo,False
CD19_l187_int_3183,HLA-B1509,2,12,164,de novo,False
CD19_l187_int_3183,HLA-B1503,0,12,166,de novo,False
CD19_l187_int_3183,HLA-B1502,0,5,173,de novo,False
CD19_l187_int_3183,HLA-B3501,3,1,174,de novo,False
CD19_l187_int_3183,HLA-B1501,1,2,175,de novo,False
CD19_l187_int_3183,HLA-B4601,0,4,174,de novo,False
CD19_l187_int_3183,HLA-B5101,1,5,172,de novo,False
CD19_l187_int_3183,HLA-C1502,2,8,168,de novo,False
CD19_l187_int_3183,HLA-C1203,0,5,173,de novo,False
CD19_l187_int_3183,HLA-C0802,5,5,168,de novo,False
CD19_l187_int_3183,HLA-C0702,0,4,174,de novo,False
CD19_l187_int_3183,HLA-C0701,1,12,165,de novo,True
CD19_l187_int_3183,HLA-C0602,1,11,166,de novo,False
CD19_l187_int_3183,HLA-C0501,5,3,170,de novo,False
CD19_l187_int_3183,HLA-B4801,4,10,164,de novo,False
CD19_l187_int_3183,HLA-C0401,1,13,164,de novo,False
CD19_l187_int_3183,HLA-B8301,1,6,171,de novo,False
CD19_l187_int_3183,HLA-B7301,0,3,175,de novo,False
CD19_l187_int_3183,HLA-B5802,0,0,178,de novo,False
CD19_l187_int_3183,HLA-B5801,0,7,171,de novo,False
CD19_l187_int_3183,HLA-B5701,0,2,176,de novo,False
CD19_l187_int_3183,HLA-B5401,1,2,175,de novo,False
CD19_l187_int_3183,HLA-B5301,2,1,175,de novo,False
CD19_l187_int_3183,HLA-C0303,0,9,169,de novo,False
CD19_l187_int_3183,HLA-B1402,2,14,162,de novo,False
CD19_l187_int_3183,HLA-B4403,0,3,175,de novo,False
CD19_l187_int_3183,HLA-B0802,2,9,167,de novo,False
CD19_l187_int_3183,HLA-A2403,0,2,176,de novo,False
CD19_l187_int_3183,HLA-A2402,0,2,176,de novo,False
CD19_l187_int_3183,HLA-A2301,0,0,178,de novo,False
CD19_l187_int_3183,HLA-A1101,1,1,176,de novo,False
CD19_l187_int_3183,HLA-A0301,0,1,177,de novo,True
CD19_l187_int_3183,HLA-A0250,2,19,157,de novo,False
CD19_l187_int_3183,HLA-A0217,3,13,162,de novo,False
CD19_l187_int_3183,HLA-A0216,4,12,162,de novo,False
CD19_l187_int_3183,HLA-A0212,4,17,157,de novo,False
CD19_l187_int_3183,HLA-A0211,5,14,159,de novo,False
CD19_l187_int_3183,HLA-A0207,1,4,173,de novo,False
CD19_l187_int_3183,HLA-A0206,4,9,165,de novo,False
CD19_l187_int_3183,HLA-A0205,1,5,172,de novo,False
CD19_l187_int_3183,HLA-A0203,1,10,167,de novo,False
CD19_l187_int_3183,HLA-A0202,3,10,165,de novo,False
CD19_l187_int_3183,HLA-B0803,3,15,160,de novo,False
CD19_l187_int_3183,HLA-A0201,3,8,167,de novo,True
CD19_l187_int_3183,HLA-A2501,2,6,170,de novo,False
CD19_l187_int_3183,HLA-A2601,0,4,174,de novo,False
CD19_l187_int_3183,HLA-A0219,4,17,157,de novo,False
CD19_l187_int_3183,HLA-B0702,1,2,175,de novo,True
CD19_l187_int_3183,HLA-B0801,0,6,172,de novo,False
CD19_l187_int_3183,HLA-A2602,1,7,170,de novo,False
CD19_l187_int_3183,HLA-A8001,1,7,170,de novo,False
CD19_l187_int_3183,HLA-A6901,0,13,165,de novo,False
CD19_l187_int_3183,HLA-A6823,1,5,172,de novo,False
CD19_l187_int_3183,HLA-A6802,0,3,175,de novo,False
CD19_l187_int_3183,HLA-A6601,1,3,174,de novo,False
CD19_l187_int_3183,HLA-A3301,3,2,173,de novo,False
CD19_l187_int_3183,HLA-A6801,1,4,173,de novo,False
CD19_l187_int_3183,HLA-A3207,1,9,168,de novo,False
CD19_l187_int_3183,HLA-A3201,1,4,173,de novo,False
CD19_l187_int_3183,HLA-A3101,0,4,174,de novo,False
CD19_l187_int_3183,HLA-A3002,1,0,177,de novo,False
CD19_l187_int_3183,HLA-A3001,1,5,172,de novo,False
CD19_l187_int_3183,HLA-A2902,0,1,177,de novo,False
CD19_l187_int_3183,HLA-A2603,1,6,171,de novo,False
CD19_l187_int_3183,HLA-A3215,1,1,176,de novo,False
CD19_l187_int_3695,HLA-B4201,1,1,176,de novo,False
CD19_l187_int_3695,HLA-B3503,1,4,173,de novo,False
CD19_l187_int_3695,HLA-B4013,0,8,170,de novo,False
CD19_l187_int_3695,HLA-B4002,1,3,174,de novo,False
CD19_l187_int_3695,HLA-B4001,1,9,168,de novo,False
CD19_l187_int_3695,HLA-B3901,5,8,165,de novo,False
CD19_l187_int_3695,HLA-B3801,6,0,172,de novo,False
CD19_l187_int_3695,HLA-B3501,3,1,174,de novo,False
CD19_l187_int_3695,HLA-B1501,0,1,177,de novo,False
CD19_l187_int_3695,HLA-B2705,1,3,174,de novo,False
CD19_l187_int_3695,HLA-B1801,0,4,174,de novo,False
CD19_l187_int_3695,HLA-B1517,4,10,164,de novo,False
CD19_l187_int_3695,HLA-B1509,3,8,167,de novo,False
CD19_l187_int_3695,HLA-B1503,0,8,170,de novo,False
CD19_l187_int_3695,HLA-B1502,0,2,176,de novo,False
CD19_l187_int_3695,HLA-B4402,0,2,176,de novo,False
CD19_l187_int_3695,HLA-B2720,1,5,172,de novo,False
CD19_l187_int_3695,HLA-B4403,0,4,174,de novo,False
CD19_l187_int_3695,HLA-C0802,4,6,168,de novo,False
CD19_l187_int_3695,HLA-B4601,0,3,175,de novo,False
CD19_l187_int_3695,HLA-B1402,3,9,166,de novo,False
CD19_l187_int_3695,HLA-C0702,0,5,173,de novo,False
CD19_l187_int_3695,HLA-C0701,0,11,167,de novo,True
CD19_l187_int_3695,HLA-C0602,1,11,166,de novo,False
CD19_l187_int_3695,HLA-C0501,5,3,170,de novo,False
CD19_l187_int_3695,HLA-C0401,1,10,167,de novo,False
CD19_l187_int_3695,HLA-C0303,1,6,171,de novo,False
CD19_l187_int_3695,HLA-B4501,1,1,176,de novo,False
CD19_l187_int_3695,HLA-B8301,1,4,173,de novo,False
CD19_l187_int_3695,HLA-B5802,0,1,177,de novo,False
CD19_l187_int_3695,HLA-B5801,2,3,173,de novo,False
CD19_l187_int_3695,HLA-B5701,1,5,172,de novo,False
CD19_l187_int_3695,HLA-B5401,1,2,175,de novo,False
CD19_l187_int_3695,HLA-B5301,2,1,175,de novo,False
CD19_l187_int_3695,HLA-B5101,1,6,171,de novo,False
CD19_l187_int_3695,HLA-B4801,3,10,165,de novo,False
CD19_l187_int_3695,HLA-B7301,1,2,175,de novo,False
CD19_l187_int_3695,HLA-B0803,3,12,163,de novo,False
CD19_l187_int_3695,HLA-C1502,2,12,164,de novo,False
CD19_l187_int_3695,HLA-B0801,1,3,174,de novo,False
CD19_l187_int_3695,HLA-A2301,0,0,178,de novo,False
CD19_l187_int_3695,HLA-A1101,0,1,177,de novo,False
CD19_l187_int_3695,HLA-A0301,0,1,177,de novo,True
CD19_l187_int_3695,HLA-A0250,2,17,159,de novo,False
CD19_l187_int_3695,HLA-A0219,3,16,159,de novo,False
CD19_l187_int_3695,HLA-A0217,1,13,164,de novo,False
CD19_l187_int_3695,HLA-A0216,4,15,159,de novo,False
CD19_l187_int_3695,HLA-A2402,0,1,177,de novo,False
CD19_l187_int_3695,HLA-A0212,3,18,157,de novo,False
CD19_l187_int_3695,HLA-A0207,1,5,172,de novo,False
CD19_l187_int_3695,HLA-A0206,6,8,164,de novo,False
CD19_l187_int_3695,HLA-A0205,2,3,173,de novo,False
CD19_l187_int_3695,HLA-A0203,1,11,166,de novo,False
CD19_l187_int_3695,HLA-A0202,4,10,164,de novo,False
CD19_l187_int_3695,HLA-A0201,3,8,167,de novo,True
CD19_l187_int_3695,HLA-C1203,0,7,171,de novo,False
CD19_l187_int_3695,HLA-A0211,4,14,160,de novo,False
CD19_l187_int_3695,HLA-A2403,0,2,176,de novo,False
CD19_l187_int_3695,HLA-A2501,3,5,170,de novo,False
CD19_l187_int_3695,HLA-A2601,0,4,174,de novo,False
CD19_l187_int_3695,HLA-B0702,1,2,175,de novo,True
CD19_l187_int_3695,HLA-A8001,1,8,169,de novo,False
CD19_l187_int_3695,HLA-A6901,2,14,162,de novo,False
CD19_l187_int_3695,HLA-A6823,2,5,171,de novo,False
CD19_l187_int_3695,HLA-A6802,1,2,175,de novo,False
CD19_l187_int_3695,HLA-A6801,1,3,174,de novo,False
CD19_l187_int_3695,HLA-A6601,1,5,172,de novo,False
CD19_l187_int_3695,HLA-A3301,2,3,173,de novo,False
CD19_l187_int_3695,HLA-A3215,1,2,175,de novo,False
CD19_l187_int_3695,HLA-A3207,2,7,169,de novo,False
CD19_l187_int_3695,HLA-A3201,0,5,173,de novo,False
CD19_l187_int_3695,HLA-A3101,0,2,176,de novo,False
CD19_l187_int_3695,HLA-A3002,1,1,176,de novo,False
CD19_l187_int_3695,HLA-A3001,3,3,172,de novo,False
CD19_l187_int_3695,HLA-A2902,0,1,177,de novo,False
CD19_l187_int_3695,HLA-A2603,0,7,171,de novo,False
CD19_l187_int_3695,HLA-A2602,1,5,172,de novo,False
CD19_l187_int_3695,HLA-B0802,2,9,167,de novo,False
CD19_l187_int_3695,HLA-C1402,0,10,168,de novo,False
CD19_l187_int_3695,HLA-A0101,1,4,173,de novo,True
CD19_l187_int_3871,HLA-A0101,2,3,173,de novo,True
CD19_l187_int_3871,HLA-B4402,0,3,175,de novo,False
CD19_l187_int_3871,HLA-B4201,1,2,175,de novo,False
CD19_l187_int_3871,HLA-B4013,1,6,171,de novo,False
CD19_l187_int_3871,HLA-B4002,1,4,173,de novo,False
CD19_l187_int_3871,HLA-B4001,2,9,167,de novo,False
CD19_l187_int_3871,HLA-B3901,7,7,164,de novo,False
CD19_l187_int_3871,HLA-B3801,6,0,172,de novo,False
CD19_l187_int_3871,HLA-B4403,0,3,175,de novo,False
CD19_l187_int_3871,HLA-B3503,1,4,173,de novo,False
CD19_l187_int_3871,HLA-B2720,1,3,174,de novo,False
CD19_l187_int_3871,HLA-B2705,2,3,173,de novo,False
CD19_l187_int_3871,HLA-B1801,1,6,171,de novo,False
CD19_l187_int_3871,HLA-B1517,3,10,165,de novo,False
CD19_l187_int_3871,HLA-B1509,3,11,164,de novo,False
CD19_l187_int_3871,HLA-B1503,0,10,168,de novo,False
CD19_l187_int_3871,HLA-B1502,0,5,173,de novo,False
CD19_l187_int_3871,HLA-B3501,3,1,174,de novo,False
CD19_l187_int_3871,HLA-B1501,1,2,175,de novo,False
CD19_l187_int_3871,HLA-B4501,2,1,175,de novo,False
CD19_l187_int_3871,HLA-B4801,4,9,165,de novo,False
CD19_l187_int_3871,HLA-C1203,0,8,170,de novo,False
CD19_l187_int_3871,HLA-C0802,4,8,166,de novo,False
CD19_l187_int_3871,HLA-C0702,0,5,173,de novo,False
CD19_l187_int_3871,HLA-C0701,0,13,165,de novo,True
CD19_l187_int_3871,HLA-C0602,1,12,165,de novo,False
CD19_l187_int_3871,HLA-C0501,5,3,170,de novo,False
CD19_l187_int_3871,HLA-C0401,1,14,163,de novo,False
CD19_l187_int_3871,HLA-B4601,0,5,173,de novo,False
CD19_l187_int_3871,HLA-C0303,2,6,170,de novo,False
CD19_l187_int_3871,HLA-B7301,0,4,174,de novo,False
CD19_l187_int_3871,HLA-B5802,0,0,178,de novo,False
CD19_l187_int_3871,HLA-B5801,0,5,173,de novo,False
CD19_l187_int_3871,HLA-B5701,0,2,176,de novo,False
CD19_l187_int_3871,HLA-B5401,1,1,176,de novo,False
CD19_l187_int_3871,HLA-B5301,2,0,176,de novo,False
CD19_l187_int_3871,HLA-B5101,1,5,172,de novo,False
CD19_l187_int_3871,HLA-B8301,1,8,169,de novo,False
CD19_l187_int_3871,HLA-C1402,2,11,165,de novo,False
CD19_l187_int_3871,HLA-B1402,3,12,163,de novo,False
CD19_l187_int_3871,HLA-B0802,3,11,164,de novo,False
CD19_l187_int_3871,HLA-A2403,0,2,176,de novo,False
CD19_l187_int_3871,HLA-A2402,0,1,177,de novo,False
CD19_l187_int_3871,HLA-A2301,0,0,178,de novo,False
CD19_l187_int_3871,HLA-A1101,0,2,176,de novo,False
CD19_l187_int_3871,HLA-A0301,0,0,178,de novo,True
CD19_l187_int_3871,HLA-A0250,2,16,160,de novo,False
CD19_l187_int_3871,HLA-A0219,3,13,162,de novo,False
CD19_l187_int_3871,HLA-A2501,3,5,170,de novo,False
CD19_l187_int_3871,HLA-A0217,3,12,163,de novo,False
CD19_l187_int_3871,HLA-A0212,4,13,161,de novo,False
CD19_l187_int_3871,HLA-A0211,5,11,162,de novo,False
CD19_l187_int_3871,HLA-A0207,1,4,173,de novo,False
CD19_l187_int_3871,HLA-A0206,6,8,164,de novo,False
CD19_l187_int_3871,HLA-A0205,1,4,173,de novo,False
CD19_l187_int_3871,HLA-A0203,0,11,167,de novo,False
CD19_l187_int_3871,HLA-A0202,3,9,166,de novo,False
CD19_l187_int_3871,HLA-A0216,4,11,163,de novo,False
CD19_l187_int_3871,HLA-B0803,4,14,160,de novo,False
CD19_l187_int_3871,HLA-A2601,0,5,173,de novo,False
CD19_l187_int_3871,HLA-A2603,1,6,171,de novo,False
CD19_l187_int_3871,HLA-B0801,0,6,172,de novo,False
CD19_l187_int_3871,HLA-B0702,1,3,174,de novo,True
CD19_l187_int_3871,HLA-A8001,1,8,169,de novo,False
CD19_l187_int_3871,HLA-A6901,1,15,162,de novo,False
CD19_l187_int_3871,HLA-A6823,2,6,170,de novo,False
CD19_l187_int_3871,HLA-A6802,1,2,175,de novo,False
CD19_l187_int_3871,HLA-A6801,2,5,171,de novo,False
CD19_l187_int_3871,HLA-A2602,1,8,169,de novo,False
CD19_l187_int_3871,HLA-A6601,1,5,172,de novo,False
CD19_l187_int_3871,HLA-A3215,1,2,175,de novo,False
CD19_l187_int_3871,HLA-A3207,1,6,171,de novo,False
CD19_l187_int_3871,HLA-A3201,1,5,172,de novo,False
CD19_l187_int_3871,HLA-A3101,0,5,173,de novo,False
CD19_l187_int_3871,HLA-A3002,1,1,176,de novo,False
CD19_l187_int_3871,HLA-A3001,1,7,170,de novo,False
CD19_l187_int_3871,HLA-A2902,0,1,177,de novo,False
CD19_l187_int_3871,HLA-A3301,3,4,171,de novo,False
CD19_l187_int_3871,HLA-C1502,0,14,164,de novo,False
CD19_l187_int_3871,HLA-A0201,3,6,169,de novo,True
CD19_l187_int_3902,HLA-A0201,2,8,168,de novo,True
CD19_l187_int_3902,HLA-B4403,0,4,174,de novo,False
CD19_l187_int_3902,HLA-B4402,0,3,175,de novo,False
CD19_l187_int_3902,HLA-B4201,1,1,176,de novo,False
CD19_l187_int_3902,HLA-B4013,0,7,171,de novo,False
CD19_l187_int_3902,HLA-B4002,1,4,173,de novo,False
CD19_l187_int_3902,HLA-B4001,1,11,166,de novo,False
CD19_l187_int_3902,HLA-B3901,6,4,168,de novo,False
CD19_l187_int_3902,HLA-B4501,1,1,176,de novo,False
CD19_l187_int_3902,HLA-B3801,6,0,172,de novo,False
CD19_l187_int_3902,HLA-B3501,4,1,173,de novo,False
CD19_l187_int_3902,HLA-B2720,1,4,173,de novo,False
CD19_l187_int_3902,HLA-B2705,1,3,174,de novo,False
CD19_l187_int_3902,HLA-B1801,1,6,171,de novo,False
CD19_l187_int_3902,HLA-B1517,2,11,165,de novo,False
CD19_l187_int_3902,HLA-B1509,2,10,166,de novo,False
CD19_l187_int_3902,HLA-B1503,0,11,167,de novo,False
CD19_l187_int_3902,HLA-B3503,1,3,174,de novo,False
CD19_l187_int_3902,HLA-B1502,0,3,175,de novo,False
CD19_l187_int_3902,HLA-B4601,0,5,173,de novo,False
CD19_l187_int_3902,HLA-B5101,1,6,171,de novo,False
CD19_l187_int_3902,HLA-C1402,1,11,166,de novo,False
CD19_l187_int_3902,HLA-C1203,0,9,169,de novo,False
CD19_l187_int_3902,HLA-C0802,4,7,167,de novo,False
CD19_l187_int_3902,HLA-C0702,0,4,174,de novo,False
CD19_l187_int_3902,HLA-C0701,0,13,165,de novo,True
CD19_l187_int_3902,HLA-C0602,0,14,164,de novo,False
CD19_l187_int_3902,HLA-C0501,5,4,169,de novo,False
CD19_l187_int_3902,HLA-B4801,4,9,165,de novo,False
CD19_l187_int_3902,HLA-C0401,1,13,164,de novo,False
CD19_l187_int_3902,HLA-B8301,1,6,171,de novo,False
CD19_l187_int_3902,HLA-B7301,0,2,176,de novo,False
CD19_l187_int_3902,HLA-B5802,0,0,178,de novo,False
CD19_l187_int_3902,HLA-B5801,0,7,171,de novo,False
CD19_l187_int_3902,HLA-B5701,0,3,175,de novo,False
CD19_l187_int_3902,HLA-B5401,1,2,175,de novo,False
CD19_l187_int_3902,HLA-B5301,2,2,174,de novo,False
CD19_l187_int_3902,HLA-C0303,0,8,170,de novo,False
CD19_l187_int_3902,HLA-B1501,1,2,175,de novo,False
CD19_l187_int_3902,HLA-B1402,3,10,165,de novo,False
CD19_l187_int_3902,HLA-B0803,4,15,159,de novo,False
CD19_l187_int_3902,HLA-A2403,0,3,175,de novo,False
CD19_l187_int_3902,HLA-A2402,0,2,176,de novo,False
CD19_l187_int_3902,HLA-A2301,0,0,178,de novo,False
CD19_l187_int_3902,HLA-A1101,1,2,175,de novo,False
CD19_l187_int_3902,HLA-A0301,0,1,177,de novo,True
CD19_l187_int_3902,HLA-A0250,2,18,158,de novo,False
CD19_l187_int_3902,HLA-A0219,3,16,159,de novo,False
CD19_l187_int_3902,HLA-A2501,3,7,168,de novo,False
CD19_l187_int_3902,HLA-A0217,2,14,162,de novo,False
CD19_l187_int_3902,HLA-A0212,3,18,157,de novo,False
CD19_l187_int_3902,HLA-A0211,4,17,157,de novo,False
CD19_l187_int_3902,HLA-A0207,1,4,173,de novo,False
CD19_l187_int_3902,HLA-A0206,6,8,164,de novo,False
CD19_l187_int_3902,HLA-A0205,2,4,172,de novo,False
CD19_l187_int_3902,HLA-A0203,1,11,166,de novo,False
CD19_l187_int_3902,HLA-A0202,3,11,164,de novo,False
CD19_l187_int_3902,HLA-A0216,4,13,161,de novo,False
CD19_l187_int_3902,HLA-A2601,0,4,174,de novo,False
CD19_l187_int_3902,HLA-A2602,1,10,167,de novo,False
CD19_l187_int_3902,HLA-A2603,1,6,171,de novo,False
CD19_l187_int_3902,HLA-B0802,3,9,166,de novo,False
CD19_l187_int_3902,HLA-B0801,0,7,171,de novo,False
CD19_l187_int_3902,HLA-B0702,1,3,174,de novo,True
CD19_l187_int_3902,HLA-A8001,2,8,168,de novo,False
CD19_l187_int_3902,HLA-A6901,1,14,163,de novo,False
CD19_l187_int_3902,HLA-A6823,2,5,171,de novo,False
CD19_l187_int_3902,HLA-A6802,1,2,175,de novo,False
CD19_l187_int_3902,HLA-A6801,3,3,172,de novo,False
CD19_l187_int_3902,HLA-A6601,1,5,172,de novo,False
CD19_l187_int_3902,HLA-A3301,3,2,173,de novo,False
CD19_l187_int_3902,HLA-A3215,1,2,175,de novo,False
CD19_l187_int_3902,HLA-A3207,2,8,168,de novo,False
CD19_l187_int_3902,HLA-A3201,1,6,171,de novo,False
CD19_l187_int_3902,HLA-A3101,0,4,174,de novo,False
CD19_l187_int_3902,HLA-A3002,1,1,176,de novo,False
CD19_l187_int_3902,HLA-A3001,2,6,170,de novo,False
CD19_l187_int_3902,HLA-A2902,0,1,177,de novo,False
CD19_l187_int_3902,HLA-C1502,0,12,166,de novo,False
CD19_l187_int_3902,HLA-A0101,2,4,172,de novo,True
CD19_l187_int_0015,HLA-C1502,0,13,165,de novo,False
CD19_l187_int_0015,HLA-B0802,3,10,165,de novo,False
CD19_l187_int_0015,HLA-B4201,1,2,175,de novo,False
CD19_l187_int_0015,HLA-B4013,1,6,171,de novo,False
CD19_l187_int_0015,HLA-B4002,1,3,174,de novo,False
CD19_l187_int_0015,HLA-B4001,1,10,167,de novo,False
CD19_l187_int_0015,HLA-B3901,6,8,164,de novo,False
CD19_l187_int_0015,HLA-B3801,6,0,172,de novo,False
CD19_l187_int_0015,HLA-B3503,1,3,174,de novo,False
CD19_l187_int_0015,HLA-B4402,0,3,175,de novo,False
CD19_l187_int_0015,HLA-B3501,3,3,172,de novo,False
CD19_l187_int_0015,HLA-B2705,2,3,173,de novo,False
CD19_l187_int_0015,HLA-B1801,1,6,171,de novo,False
CD19_l187_int_0015,HLA-B1517,2,9,167,de novo,False
CD19_l187_int_0015,HLA-B1509,3,10,165,de novo,False
CD19_l187_int_0015,HLA-B1503,0,10,168,de novo,False
CD19_l187_int_0015,HLA-B1502,0,4,174,de novo,False
CD19_l187_int_0015,HLA-B1501,1,2,175,de novo,False
CD19_l187_int_0015,HLA-B2720,1,3,174,de novo,False
CD19_l187_int_0015,HLA-B1402,4,10,164,de novo,False
CD19_l187_int_0015,HLA-B4403,0,4,174,de novo,False
CD19_l187_int_0015,HLA-B4601,0,4,174,de novo,False
CD19_l187_int_0015,HLA-C0802,4,9,165,de novo,False
CD19_l187_int_0015,HLA-C0702,0,5,173,de novo,False
CD19_l187_int_0015,HLA-C0701,0,13,165,de novo,True
CD19_l187_int_0015,HLA-C0602,1,11,166,de novo,False
CD19_l187_int_0015,HLA-C0501,5,3,170,de novo,False
CD19_l187_int_0015,HLA-C0401,1,10,167,de novo,False
CD19_l187_int_0015,HLA-C0303,3,6,169,de novo,False
CD19_l187_int_0015,HLA-B4501,2,2,174,de novo,False
CD19_l187_int_0015,HLA-B8301,1,7,170,de novo,False
CD19_l187_int_0015,HLA-B5802,0,0,178,de novo,False
CD19_l187_int_0015,HLA-B5801,0,4,174,de novo,False
CD19_l187_int_0015,HLA-B5701,0,3,175,de novo,False
CD19_l187_int_0015,HLA-B5401,1,1,176,de novo,False
CD19_l187_int_0015,HLA-B5301,2,2,174,de novo,False
CD19_l187_int_0015,HLA-B5101,1,4,173,de novo,False
CD19_l187_int_0015,HLA-B4801,3,12,163,de novo,False
CD19_l187_int_0015,HLA-B7301,0,4,174,de novo,False
CD19_l187_int_0015,HLA-B0803,4,14,160,de novo,False
CD19_l187_int_0015,HLA-C1402,2,11,165,de novo,False
CD19_l187_int_0015,HLA-B0801,0,7,171,de novo,False
CD19_l187_int_0015,HLA-A2301,0,0,178,de novo,False
CD19_l187_int_0015,HLA-A1101,0,3,175,de novo,False
CD19_l187_int_0015,HLA-A0301,0,0,178,de novo,True
CD19_l187_int_0015,HLA-A0250,3,15,160,de novo,False
CD19_l187_int_0015,HLA-A0219,2,13,163,de novo,False
CD19_l187_int_0015,HLA-A0217,3,10,165,de novo,False
CD19_l187_int_0015,HLA-A0216,5,9,164,de novo,False
CD19_l187_int_0015,HLA-A2402,0,1,177,de novo,False
CD19_l187_int_0015,HLA-A0212,4,14,160,de novo,False
CD19_l187_int_0015,HLA-A0207,1,4,173,de novo,False
CD19_l187_int_0015,HLA-A0206,4,10,164,de novo,False
CD19_l187_int_0015,HLA-A0205,2,4,172,de novo,False
CD19_l187_int_0015,HLA-A0203,2,8,168,de novo,False
CD19_l187_int_0015,HLA-A0202,4,10,164,de novo,False
CD19_l187_int_0015,HLA-A0201,2,7,169,de novo,True
CD19_l187_int_0015,HLA-A0101,2,3,173,de novo,True
CD19_l187_int_0015,HLA-A0211,5,13,160,de novo,False
CD19_l187_int_0015,HLA-A2403,0,2,176,de novo,False
CD19_l187_int_0015,HLA-A2501,3,6,169,de novo,False
CD19_l187_int_0015,HLA-A2601,0,5,173,de novo,False
CD19_l187_int_0015,HLA-B0702,1,4,173,de novo,True
CD19_l187_int_0015,HLA-A8001,1,8,169,de novo,False
CD19_l187_int_0015,HLA-A6901,1,14,163,de novo,False
CD19_l187_int_0015,HLA-A6823,1,6,171,de novo,False
CD19_l187_int_0015,HLA-A6802,1,2,175,de novo,False
CD19_l187_int_0015,HLA-A6801,2,2,174,de novo,False
CD19_l187_int_0015,HLA-A6601,1,6,171,de novo,False
CD19_l187_int_0015,HLA-A3301,2,5,171,de novo,False
CD19_l187_int_0015,HLA-A3215,1,1,176,de novo,False
CD19_l187_int_0015,HLA-A3207,1,6,171,de novo,False
CD19_l187_int_0015,HLA-A3201,2,5,171,de novo,False
CD19_l187_int_0015,HLA-A3101,0,4,174,de novo,False
CD19_l187_int_0015,HLA-A3002,1,1,176,de novo,False
CD19_l187_int_0015,HLA-A3001,1,6,171,de novo,False
CD19_l187_int_0015,HLA-A2902,0,1,177,de novo,False
CD19_l187_int_0015,HLA-A2603,1,6,171,de novo,False
CD19_l187_int_0015,HLA-A2602,1,8,169,de novo,False
CD19_l187_int_0015,HLA-C1203,0,9,169,de novo,False
CD19_l187_int_1492,HLA-A0201,2,8,168,de novo,True
CD19_l187_int_1492,HLA-A0101,1,4,173,de novo,True
CD19_l187_int_1492,HLA-C1502,0,9,169,de novo,False
CD19_l187_int_1492,HLA-A2902,0,0,178,de novo,False
CD19_l187_int_1492,HLA-A3001,0,5,173,de novo,False
CD19_l187_int_1492,HLA-A3002,0,2,176,de novo,False
CD19_l187_int_1492,HLA-A3101,0,6,172,de novo,False
CD19_l187_int_1492,HLA-A3201,1,3,174,de novo,False
CD19_l187_int_1492,HLA-A3207,2,7,169,de novo,False
CD19_l187_int_1492,HLA-A3215,1,1,176,de novo,False
CD19_l187_int_1492,HLA-A2603,2,6,170,de novo,False
CD19_l187_int_1492,HLA-A3301,4,3,171,de novo,False
CD19_l187_int_1492,HLA-A6801,1,6,171,de novo,False
CD19_l187_int_1492,HLA-A6802,0,2,176,de novo,False
CD19_l187_int_1492,HLA-A6823,1,6,171,de novo,False
CD19_l187_int_1492,HLA-A6901,0,12,166,de novo,False
CD19_l187_int_1492,HLA-A8001,1,8,169,de novo,False
CD19_l187_int_1492,HLA-B0702,2,2,174,de novo,True
CD19_l187_int_1492,HLA-B0801,1,5,172,de novo,False
CD19_l187_int_1492,HLA-A6601,1,4,173,de novo,False
CD19_l187_int_1492,HLA-B0802,2,11,165,de novo,False
CD19_l187_int_1492,HLA-A2602,2,6,170,de novo,False
CD19_l187_int_1492,HLA-A2501,3,5,170,de novo,False
CD19_l187_int_1492,HLA-A0202,2,10,166,de novo,False
CD19_l187_int_1492,HLA-A0203,1,11,166,de novo,False
CD19_l187_int_1492,HLA-A0205,2,4,172,de novo,False
CD19_l187_int_1492,HLA-A0206,2,9,167,de novo,False
CD19_l187_int_1492,HLA-A0207,1,4,173,de novo,False
CD19_l187_int_1492,HLA-A0211,4,15,159,de novo,False
CD19_l187_int_1492,HLA-A0212,3,16,159,de novo,False
CD19_l187_int_1492,HLA-A2601,1,3,174,de novo,False
CD19_l187_int_1492,HLA-A0216,3,10,165,de novo,False
CD19_l187_int_1492,HLA-A0219,3,15,160,de novo,False
CD19_l187_int_1492,HLA-A0250,2,17,159,de novo,False
CD19_l187_int_1492,HLA-A0301,0,1,177,de novo,True
CD19_l187_int_1492,HLA-A1101,0,1,177,de novo,False
CD19_l187_int_1492,HLA-A2301,0,0,178,de novo,False
CD19_l187_int_1492,HLA-A2402,0,2,176,de novo,False
CD19_l187_int_1492,HLA-A2403,0,2,176,de novo,False
CD19_l187_int_1492,HLA-A0217,2,16,160,de novo,False
CD19_l187_int_1492,HLA-B0803,4,14,160,de novo,False
CD19_l187_int_1492,HLA-B1402,2,14,162,de novo,False
CD19_l187_int_1492,HLA-B4501,1,1,176,de novo,False
CD19_l187_int_1492,HLA-B5101,1,7,170,de novo,False
CD19_l187_int_1492,HLA-B5301,2,1,175,de novo,False
CD19_l187_int_1492,HLA-B5401,1,2,175,de novo,False
CD19_l187_int_1492,HLA-B5701,0,3,175,de novo,False
CD19_l187_int_1492,HLA-B5801,0,5,173,de novo,False
CD19_l187_int_1492,HLA-B5802,0,1,177,de novo,False
CD19_l187_int_1492,HLA-B7301,0,1,177,de novo,False
CD19_l187_int_1492,HLA-B4801,4,10,164,de novo,False
CD19_l187_int_1492,HLA-B8301,2,5,171,de novo,False
CD19_l187_int_1492,HLA-C0401,1,13,164,de novo,False
CD19_l187_int_1492,HLA-C0501,5,2,171,de novo,False
CD19_l187_int_1492,HLA-C0602,1,10,167,de novo,False
CD19_l187_int_1492,HLA-C0701,1,10,167,de novo,True
CD19_l187_int_1492,HLA-C0702,0,4,174,de novo,False
CD19_l187_int_1492,HLA-C0802,4,5,169,de novo,False
CD19_l187_int_1492,HLA-C1203,0,7,171,de novo,False
CD19_l187_int_1492,HLA-C0303,0,6,172,de novo,False
CD19_l187_int_1492,HLA-B4601,0,2,176,de novo,False
CD19_l187_int_1492,HLA-C1402,0,10,168,de novo,False
CD19_l187_int_1492,HLA-B4403,0,4,174,de novo,False
CD19_l187_int_1492,HLA-B1501,0,1,177,de novo,False
CD19_l187_int_1492,HLA-B1502,0,4,174,de novo,False
CD19_l187_int_1492,HLA-B1503,0,8,170,de novo,False
CD19_l187_int_1492,HLA-B1509,2,10,166,de novo,False
CD19_l187_int_1492,HLA-B1517,2,7,169,de novo,False
CD19_l187_int_1492,HLA-B1801,0,4,174,de novo,False
CD19_l187_int_1492,HLA-B2705,2,2,174,de novo,False
CD19_l187_int_1492,HLA-B2720,1,4,173,de novo,False
CD19_l187_int_1492,HLA-B3501,2,2,174,de novo,False
CD19_l187_int_1492,HLA-B3503,2,4,172,de novo,False
CD19_l187_int_1492,HLA-B3801,6,0,172,de novo,False
CD19_l187_int_1492,HLA-B3901,6,5,167,de novo,False
CD19_l187_int_1492,HLA-B4001,1,10,167,de novo,False
CD19_l187_int_1492,HLA-B4002,1,4,173,de novo,False
CD19_l187_int_1492,HLA-B4013,0,6,172,de novo,False
CD19_l187_int_1492,HLA-B4201,1,2,175,de novo,False
CD19_l187_int_1492,HLA-B4402,0,1,177,de novo,False
CD19_l187_nonint_4668,HLA-A0101,0,7,171,de novo,True
CD19_l187_nonint_4668,HLA-A0201,4,5,169,de novo,True
CD19_l187_nonint_4668,HLA-A0202,3,12,163,de novo,False
CD19_l187_nonint_4668,HLA-B1501,0,2,176,de novo,False
CD19_l187_nonint_4668,HLA-A3001,1,5,172,de novo,False
CD19_l187_nonint_4668,HLA-A3002,0,1,177,de novo,False
CD19_l187_nonint_4668,HLA-A3101,0,3,175,de novo,False
CD19_l187_nonint_4668,HLA-A3201,1,8,169,de novo,False
CD19_l187_nonint_4668,HLA-A3207,1,6,171,de novo,False
CD19_l187_nonint_4668,HLA-A3215,1,2,175,de novo,False
CD19_l187_nonint_4668,HLA-A3301,0,4,174,de novo,False
CD19_l187_nonint_4668,HLA-A2902,0,0,178,de novo,False
CD19_l187_nonint_4668,HLA-A6601,0,10,168,de novo,False
CD19_l187_nonint_4668,HLA-A6802,1,6,171,de novo,False
CD19_l187_nonint_4668,HLA-A6823,0,8,170,de novo,False
CD19_l187_nonint_4668,HLA-A6901,1,11,166,de novo,False
CD19_l187_nonint_4668,HLA-A8001,1,7,170,de novo,False
CD19_l187_nonint_4668,HLA-B0702,0,3,175,de novo,True
CD19_l187_nonint_4668,HLA-B0801,1,5,172,de novo,False
CD19_l187_nonint_4668,HLA-B0802,4,8,166,de novo,False
CD19_l187_nonint_4668,HLA-A6801,0,5,173,de novo,False
CD19_l187_nonint_4668,HLA-B0803,5,17,156,de novo,False
CD19_l187_nonint_4668,HLA-A2603,0,8,170,de novo,False
CD19_l187_nonint_4668,HLA-A2601,0,3,175,de novo,False
CD19_l187_nonint_4668,HLA-A0203,0,8,170,de novo,False
CD19_l187_nonint_4668,HLA-A0205,2,2,174,de novo,False
CD19_l187_nonint_4668,HLA-A0206,4,13,161,de novo,False
CD19_l187_nonint_4668,HLA-A0207,3,5,170,de novo,False
CD19_l187_nonint_4668,HLA-A0211,8,10,160,de novo,False
CD19_l187_nonint_4668,HLA-A0212,5,14,159,de novo,False
CD19_l187_nonint_4668,HLA-A0216,4,17,157,de novo,False
CD19_l187_nonint_4668,HLA-A2602,0,10,168,de novo,False
CD19_l187_nonint_4668,HLA-A0217,2,13,163,de novo,False
CD19_l187_nonint_4668,HLA-A0250,2,21,155,de novo,False
CD19_l187_nonint_4668,HLA-A0301,1,2,175,de novo,True
CD19_l187_nonint_4668,HLA-A1101,0,3,175,de novo,False
CD19_l187_nonint_4668,HLA-A2301,0,1,177,de novo,False
CD19_l187_nonint_4668,HLA-A2402,0,1,177,de novo,False
CD19_l187_nonint_4668,HLA-A2403,0,5,173,de novo,False
CD19_l187_nonint_4668,HLA-A2501,1,6,171,de novo,False
CD19_l187_nonint_4668,HLA-A0219,7,11,160,de novo,False
CD19_l187_nonint_4668,HLA-B1402,4,12,162,de novo,False
CD19_l187_nonint_4668,HLA-C1502,5,11,162,de novo,False
CD19_l187_nonint_4668,HLA-B1502,1,1,176,de novo,False
CD19_l187_nonint_4668,HLA-B5301,1,2,175,de novo,False
CD19_l187_nonint_4668,HLA-B5401,0,1,177,de novo,False
CD19_l187_nonint_4668,HLA-B5701,1,5,172,de novo,False
CD19_l187_nonint_4668,HLA-B5801,2,5,171,de novo,False
CD19_l187_nonint_4668,HLA-B5802,1,0,177,de novo,False
CD19_l187_nonint_4668,HLA-B7301,0,5,173,de novo,False
CD19_l187_nonint_4668,HLA-B8301,1,5,172,de novo,False
CD19_l187_nonint_4668,HLA-B5101,1,3,174,de novo,False
CD19_l187_nonint_4668,HLA-C0303,1,6,171,de novo,False
CD19_l187_nonint_4668,HLA-C0501,5,8,165,de novo,False
CD19_l187_nonint_4668,HLA-C0602,3,13,162,de novo,False
CD19_l187_nonint_4668,HLA-C0701,2,14,162,de novo,True
CD19_l187_nonint_4668,HLA-C0702,0,5,173,de novo,False
CD19_l187_nonint_4668,HLA-C0802,2,8,168,de novo,False
CD19_l187_nonint_4668,HLA-C1203,1,5,172,de novo,False
CD19_l187_nonint_4668,HLA-C1402,1,4,173,de novo,False
CD19_l187_nonint_4668,HLA-C0401,1,9,168,de novo,False
CD19_l187_nonint_4668,HLA-B4801,4,10,164,de novo,False
CD19_l187_nonint_4668,HLA-B4601,1,4,173,de novo,False
CD19_l187_nonint_4668,HLA-B4501,0,3,175,de novo,False
CD19_l187_nonint_4668,HLA-B1503,0,6,172,de novo,False
CD19_l187_nonint_4668,HLA-B1509,2,12,164,de novo,False
CD19_l187_nonint_4668,HLA-B1517,3,10,165,de novo,False
CD19_l187_nonint_4668,HLA-B1801,0,7,171,de novo,False
CD19_l187_nonint_4668,HLA-B2705,1,1,176,de novo,False
CD19_l187_nonint_4668,HLA-B2720,1,8,169,de novo,False
CD19_l187_nonint_4668,HLA-B3501,1,3,174,de novo,False
CD19_l187_nonint_4668,HLA-B3503,3,3,172,de novo,False
CD19_l187_nonint_4668,HLA-B3901,1,11,166,de novo,False
CD19_l187_nonint_4668,HLA-B4001,3,5,170,de novo,False
CD19_l187_nonint_4668,HLA-B4002,1,2,175,de novo,False
CD19_l187_nonint_4668,HLA-B4013,1,4,173,de novo,False
CD19_l187_nonint_4668,HLA-B4201,1,1,176,de novo,False
CD19_l187_nonint_4668,HLA-B4402,1,4,173,de novo,False
CD19_l187_nonint_4668,HLA-B4403,1,3,174,de novo,False
CD19_l187_nonint_4668,HLA-B3801,1,1,176,de novo,False
CD19_l187_nonint_4743,HLA-A0201,3,6,169,de novo,True
CD19_l187_nonint_4743,HLA-A0202,4,11,163,de novo,False
CD19_l187_nonint_4743,HLA-A0203,2,7,169,de novo,False
CD19_l187_nonint_4743,HLA-A0101,0,6,172,de novo,True
CD19_l187_nonint_4743,HLA-B1501,0,2,176,de novo,False
CD19_l187_nonint_4743,HLA-B4402,0,4,174,de novo,False
CD19_l187_nonint_4743,HLA-B4201,2,1,175,de novo,False
CD19_l187_nonint_4743,HLA-B4013,0,10,168,de novo,False
CD19_l187_nonint_4743,HLA-B4002,0,5,173,de novo,False
CD19_l187_nonint_4743,HLA-B4001,3,5,170,de novo,False
CD19_l187_nonint_4743,HLA-B3901,2,8,168,de novo,False
CD19_l187_nonint_4743,HLA-B3801,0,5,173,de novo,False
CD19_l187_nonint_4743,HLA-B3503,2,3,173,de novo,False
CD19_l187_nonint_4743,HLA-B3501,0,5,173,de novo,False
CD19_l187_nonint_4743,HLA-B2720,1,6,171,de novo,False
CD19_l187_nonint_4743,HLA-B2705,2,1,175,de novo,False
CD19_l187_nonint_4743,HLA-B1801,0,8,170,de novo,False
CD19_l187_nonint_4743,HLA-B1517,3,12,163,de novo,False
CD19_l187_nonint_4743,HLA-B1509,2,8,168,de novo,False
CD19_l187_nonint_4743,HLA-B1503,1,5,172,de novo,False
CD19_l187_nonint_4743,HLA-B4403,0,5,173,de novo,False
CD19_l187_nonint_4743,HLA-B4501,1,3,174,de novo,False
CD19_l187_nonint_4743,HLA-B4601,1,5,172,de novo,False
CD19_l187_nonint_4743,HLA-B4801,7,5,166,de novo,False
CD19_l187_nonint_4743,HLA-C1203,1,8,169,de novo,False
CD19_l187_nonint_4743,HLA-C0802,1,10,167,de novo,False
CD19_l187_nonint_4743,HLA-C0702,1,4,173,de novo,False
CD19_l187_nonint_4743,HLA-C0701,2,15,161,de novo,True
CD19_l187_nonint_4743,HLA-C0602,1,16,161,de novo,False
CD19_l187_nonint_4743,HLA-C0501,3,13,162,de novo,False
CD19_l187_nonint_4743,HLA-C0401,1,15,162,de novo,False
CD19_l187_nonint_4743,HLA-B1502,1,2,175,de novo,False
CD19_l187_nonint_4743,HLA-C0303,2,6,170,de novo,False
CD19_l187_nonint_4743,HLA-B7301,0,6,172,de novo,False
CD19_l187_nonint_4743,HLA-B5802,1,0,177,de novo,False
CD19_l187_nonint_4743,HLA-B5801,1,5,172,de novo,False
CD19_l187_nonint_4743,HLA-B5701,1,3,174,de novo,False
CD19_l187_nonint_4743,HLA-B5401,0,1,177,de novo,False
CD19_l187_nonint_4743,HLA-B5301,1,3,174,de novo,False
CD19_l187_nonint_4743,HLA-B5101,2,2,174,de novo,False
CD19_l187_nonint_4743,HLA-B8301,2,4,172,de novo,False
CD19_l187_nonint_4743,HLA-C1402,1,8,169,de novo,False
CD19_l187_nonint_4743,HLA-C1502,2,17,159,de novo,False
CD19_l187_nonint_4743,HLA-B0803,5,13,160,de novo,False
CD19_l187_nonint_4743,HLA-A2501,2,7,169,de novo,False
CD19_l187_nonint_4743,HLA-A2403,0,2,176,de novo,False
CD19_l187_nonint_4743,HLA-A2402,0,2,176,de novo,False
CD19_l187_nonint_4743,HLA-A2301,0,1,177,de novo,False
CD19_l187_nonint_4743,HLA-A1101,1,1,176,de novo,False
CD19_l187_nonint_4743,HLA-A0301,0,3,175,de novo,True
CD19_l187_nonint_4743,HLA-A0250,3,17,158,de novo,False
CD19_l187_nonint_4743,HLA-A0219,7,17,154,de novo,False
CD19_l187_nonint_4743,HLA-A0217,2,16,160,de novo,False
CD19_l187_nonint_4743,HLA-A0216,4,17,157,de novo,False
CD19_l187_nonint_4743,HLA-A0212,4,16,158,de novo,False
CD19_l187_nonint_4743,HLA-A0211,5,17,156,de novo,False
CD19_l187_nonint_4743,HLA-A0207,2,5,171,de novo,False
CD19_l187_nonint_4743,HLA-A0206,7,9,162,de novo,False
CD19_l187_nonint_4743,HLA-A0205,0,2,176,de novo,False
CD19_l187_nonint_4743,HLA-A2601,2,2,174,de novo,False
CD19_l187_nonint_4743,HLA-A2602,1,12,165,de novo,False
CD19_l187_nonint_4743,HLA-A2603,0,9,169,de novo,False
CD19_l187_nonint_4743,HLA-A2902,0,0,178,de novo,False
CD19_l187_nonint_4743,HLA-B0802,4,11,163,de novo,False
CD19_l187_nonint_4743,HLA-B0801,4,4,170,de novo,False
CD19_l187_nonint_4743,HLA-B0702,1,5,172,de novo,True
CD19_l187_nonint_4743,HLA-A8001,1,8,169,de novo,False
CD19_l187_nonint_4743,HLA-A6901,3,15,160,de novo,False
CD19_l187_nonint_4743,HLA-A6823,0,8,170,de novo,False
CD19_l187_nonint_4743,HLA-A6802,2,4,172,de novo,False
CD19_l187_nonint_4743,HLA-B1402,6,11,161,de novo,False
CD19_l187_nonint_4743,HLA-A6801,0,3,175,de novo,False
CD19_l187_nonint_4743,HLA-A3301,0,4,174,de novo,False
CD19_l187_nonint_4743,HLA-A3215,1,3,174,de novo,False
CD19_l187_nonint_4743,HLA-A3207,1,7,170,de novo,False
CD19_l187_nonint_4743,HLA-A3201,1,5,172,de novo,False
CD19_l187_nonint_4743,HLA-A3101,1,1,176,de novo,False
CD19_l187_nonint_4743,HLA-A3002,1,0,177,de novo,False
CD19_l187_nonint_4743,HLA-A3001,2,4,172,de novo,False
CD19_l187_nonint_4743,HLA-A6601,2,6,170,de novo,False
CD19_l187_nonint_4838,HLA-A0205,0,2,176,de novo,False
CD19_l187_nonint_4838,HLA-A0101,0,7,171,de novo,True
CD19_l187_nonint_4838,HLA-A0201,4,6,168,de novo,True
CD19_l187_nonint_4838,HLA-A3101,0,3,175,de novo,False
CD19_l187_nonint_4838,HLA-A3201,2,7,169,de novo,False
CD19_l187_nonint_4838,HLA-A3207,0,7,171,de novo,False
CD19_l187_nonint_4838,HLA-A3215,1,5,172,de novo,False
CD19_l187_nonint_4838,HLA-A3301,0,6,172,de novo,False
CD19_l187_nonint_4838,HLA-A6601,2,7,169,de novo,False
CD19_l187_nonint_4838,HLA-A6801,0,5,173,de novo,False
CD19_l187_nonint_4838,HLA-A6802,1,4,173,de novo,False
CD19_l187_nonint_4838,HLA-A6823,1,8,169,de novo,False
CD19_l187_nonint_4838,HLA-A6901,1,14,163,de novo,False
CD19_l187_nonint_4838,HLA-A8001,1,8,169,de novo,False
CD19_l187_nonint_4838,HLA-B0702,0,3,175,de novo,True
CD19_l187_nonint_4838,HLA-B0801,2,3,173,de novo,False
CD19_l187_nonint_4838,HLA-B0802,2,9,167,de novo,False
CD19_l187_nonint_4838,HLA-B0803,1,13,164,de novo,False
CD19_l187_nonint_4838,HLA-A3002,0,2,176,de novo,False
CD19_l187_nonint_4838,HLA-A3001,1,6,171,de novo,False
CD19_l187_nonint_4838,HLA-A2902,0,0,178,de novo,False
CD19_l187_nonint_4838,HLA-A2603,1,6,171,de novo,False
CD19_l187_nonint_4838,HLA-A0206,7,6,165,de novo,False
CD19_l187_nonint_4838,HLA-A0207,3,2,173,de novo,False
CD19_l187_nonint_4838,HLA-A0211,5,14,159,de novo,False
CD19_l187_nonint_4838,HLA-A0212,6,11,161,de novo,False
CD19_l187_nonint_4838,HLA-A0216,4,16,158,de novo,False
CD19_l187_nonint_4838,HLA-A0217,1,11,166,de novo,False
CD19_l187_nonint_4838,HLA-A0219,5,16,157,de novo,False
CD19_l187_nonint_4838,HLA-B1402,3,18,157,de novo,False
CD19_l187_nonint_4838,HLA-A0250,3,15,160,de novo,False
CD19_l187_nonint_4838,HLA-A1101,1,0,177,de novo,False
CD19_l187_nonint_4838,HLA-A2301,0,0,178,de novo,False
CD19_l187_nonint_4838,HLA-A2402,0,1,177,de novo,False
CD19_l187_nonint_4838,HLA-A2403,0,4,174,de novo,False
CD19_l187_nonint_4838,HLA-A2501,3,5,170,de novo,False
CD19_l187_nonint_4838,HLA-A2601,0,4,174,de novo,False
CD19_l187_nonint_4838,HLA-A2602,2,7,169,de novo,False
CD19_l187_nonint_4838,HLA-A0301,0,1,177,de novo,True
CD19_l187_nonint_4838,HLA-A0202,3,11,164,de novo,False
CD19_l187_nonint_4838,HLA-B1502,1,1,176,de novo,False
CD19_l187_nonint_4838,HLA-B1503,0,5,173,de novo,False
CD19_l187_nonint_4838,HLA-B5401,0,2,176,de novo,False
CD19_l187_nonint_4838,HLA-B5701,1,2,175,de novo,False
CD19_l187_nonint_4838,HLA-B5801,1,4,173,de novo,False
CD19_l187_nonint_4838,HLA-B5802,1,0,177,de novo,False
CD19_l187_nonint_4838,HLA-B7301,1,5,172,de novo,False
CD19_l187_nonint_4838,HLA-B8301,0,6,172,de novo,False
CD19_l187_nonint_4838,HLA-C0303,0,5,173,de novo,False
CD19_l187_nonint_4838,HLA-B5301,1,4,173,de novo,False
CD19_l187_nonint_4838,HLA-C0401,1,11,166,de novo,False
CD19_l187_nonint_4838,HLA-C0602,3,11,164,de novo,False
CD19_l187_nonint_4838,HLA-C0701,4,11,163,de novo,True
CD19_l187_nonint_4838,HLA-C0702,0,3,175,de novo,False
CD19_l187_nonint_4838,HLA-C0802,4,6,168,de novo,False
CD19_l187_nonint_4838,HLA-C1203,1,4,173,de novo,False
CD19_l187_nonint_4838,HLA-C1402,1,6,171,de novo,False
CD19_l187_nonint_4838,HLA-C1502,5,8,165,de novo,False
CD19_l187_nonint_4838,HLA-C0501,4,9,165,de novo,False
CD19_l187_nonint_4838,HLA-A0203,2,8,168,de novo,False
CD19_l187_nonint_4838,HLA-B5101,1,2,175,de novo,False
CD19_l187_nonint_4838,HLA-B4601,0,5,173,de novo,False
CD19_l187_nonint_4838,HLA-B1509,2,9,167,de novo,False
CD19_l187_nonint_4838,HLA-B1517,2,7,169,de novo,False
CD19_l187_nonint_4838,HLA-B1801,0,6,172,de novo,False
CD19_l187_nonint_4838,HLA-B2705,0,1,177,de novo,False
CD19_l187_nonint_4838,HLA-B2720,1,4,173,de novo,False
CD19_l187_nonint_4838,HLA-B3501,1,2,175,de novo,False
CD19_l187_nonint_4838,HLA-B3503,1,3,174,de novo,False
CD19_l187_nonint_4838,HLA-B4801,4,8,166,de novo,False
CD19_l187_nonint_4838,HLA-B3801,0,3,175,de novo,False
CD19_l187_nonint_4838,HLA-B4001,3,4,171,de novo,False
CD19_l187_nonint_4838,HLA-B4002,1,5,172,de novo,False
CD19_l187_nonint_4838,HLA-B4013,1,3,174,de novo,False
CD19_l187_nonint_4838,HLA-B4201,2,0,176,de novo,False
CD19_l187_nonint_4838,HLA-B4402,1,4,173,de novo,False
CD19_l187_nonint_4838,HLA-B4403,1,4,173,de novo,False
CD19_l187_nonint_4838,HLA-B4501,1,3,174,de novo,False
CD19_l187_nonint_4838,HLA-B3901,2,4,172,de novo,False
CD19_l187_nonint_4838,HLA-B1501,0,2,176,de novo,False
CD19_l187_int_4189,HLA-B1501,1,3,174,de novo,False
CD19_l187_int_4189,HLA-C1502,2,11,165,de novo,False
CD19_l187_int_4189,HLA-B4201,1,1,176,de novo,False
CD19_l187_int_4189,HLA-B4013,0,10,168,de novo,False
CD19_l187_int_4189,HLA-B4002,1,3,174,de novo,False
CD19_l187_int_4189,HLA-B4001,1,9,168,de novo,False
CD19_l187_int_4189,HLA-B3901,6,6,166,de novo,False
CD19_l187_int_4189,HLA-B3801,6,0,172,de novo,False
CD19_l187_int_4189,HLA-B3503,1,3,174,de novo,False
CD19_l187_int_4189,HLA-B3501,4,2,172,de novo,False
CD19_l187_int_4189,HLA-B2720,1,4,173,de novo,False
CD19_l187_int_4189,HLA-B2705,1,4,173,de novo,False
CD19_l187_int_4189,HLA-B1801,0,6,172,de novo,False
CD19_l187_int_4189,HLA-B1517,3,9,166,de novo,False
CD19_l187_int_4189,HLA-B1509,3,10,165,de novo,False
CD19_l187_int_4189,HLA-B1503,0,10,168,de novo,False
CD19_l187_int_4189,HLA-B1502,0,2,176,de novo,False
CD19_l187_int_4189,HLA-B4402,0,3,175,de novo,False
CD19_l187_int_4189,HLA-B4403,0,3,175,de novo,False
CD19_l187_int_4189,HLA-B4501,2,1,175,de novo,False
CD19_l187_int_4189,HLA-B4601,0,6,172,de novo,False
CD19_l187_int_4189,HLA-C0802,4,5,169,de novo,False
CD19_l187_int_4189,HLA-C0702,0,4,174,de novo,False
CD19_l187_int_4189,HLA-C0701,1,11,166,de novo,True
CD19_l187_int_4189,HLA-C0602,1,12,165,de novo,False
CD19_l187_int_4189,HLA-C0501,5,2,171,de novo,False
CD19_l187_int_4189,HLA-C0401,1,10,167,de novo,False
CD19_l187_int_4189,HLA-C0303,1,9,168,de novo,False
CD19_l187_int_4189,HLA-B1402,4,10,164,de novo,False
CD19_l187_int_4189,HLA-B8301,1,5,172,de novo,False
CD19_l187_int_4189,HLA-B5802,0,0,178,de novo,False
CD19_l187_int_4189,HLA-B5801,1,4,173,de novo,False
CD19_l187_int_4189,HLA-B5701,0,6,172,de novo,False
CD19_l187_int_4189,HLA-B5401,1,2,175,de novo,False
CD19_l187_int_4189,HLA-B5301,2,2,174,de novo,False
CD19_l187_int_4189,HLA-B5101,1,5,172,de novo,False
CD19_l187_int_4189,HLA-B4801,3,13,162,de novo,False
CD19_l187_int_4189,HLA-B7301,0,4,174,de novo,False
CD19_l187_int_4189,HLA-B0803,4,17,157,de novo,False
CD19_l187_int_4189,HLA-B0802,3,10,165,de novo,False
CD19_l187_int_4189,HLA-B0801,1,5,172,de novo,False
CD19_l187_int_4189,HLA-A2402,0,1,177,de novo,False
CD19_l187_int_4189,HLA-A2301,0,0,178,de novo,False
CD19_l187_int_4189,HLA-A1101,1,2,175,de novo,False
CD19_l187_int_4189,HLA-A0301,0,2,176,de novo,True
CD19_l187_int_4189,HLA-A0250,2,16,160,de novo,False
CD19_l187_int_4189,HLA-A0219,3,12,163,de novo,False
CD19_l187_int_4189,HLA-A0217,1,12,165,de novo,False
CD19_l187_int_4189,HLA-A2403,0,2,176,de novo,False
CD19_l187_int_4189,HLA-A0216,4,10,164,de novo,False
CD19_l187_int_4189,HLA-A0211,4,18,156,de novo,False
CD19_l187_int_4189,HLA-A0207,1,5,172,de novo,False
CD19_l187_int_4189,HLA-A0206,2,12,164,de novo,False
CD19_l187_int_4189,HLA-A0205,3,5,170,de novo,False
CD19_l187_int_4189,HLA-A0203,0,11,167,de novo,False
CD19_l187_int_4189,HLA-A0202,1,12,165,de novo,False
CD19_l187_int_4189,HLA-A0201,2,6,170,de novo,True
CD19_l187_int_4189,HLA-A0212,3,16,159,de novo,False
CD19_l187_int_4189,HLA-C1203,1,7,170,de novo,False
CD19_l187_int_4189,HLA-A2501,2,6,170,de novo,False
CD19_l187_int_4189,HLA-A2602,1,7,170,de novo,False
CD19_l187_int_4189,HLA-B0702,1,3,174,de novo,True
CD19_l187_int_4189,HLA-A8001,2,5,171,de novo,False
CD19_l187_int_4189,HLA-A6901,1,13,164,de novo,False
CD19_l187_int_4189,HLA-A6823,1,4,173,de novo,False
CD19_l187_int_4189,HLA-A6802,1,3,174,de novo,False
CD19_l187_int_4189,HLA-A6801,2,2,174,de novo,False
CD19_l187_int_4189,HLA-A6601,1,5,172,de novo,False
CD19_l187_int_4189,HLA-A2601,0,5,173,de novo,False
CD19_l187_int_4189,HLA-A3301,2,5,171,de novo,False
CD19_l187_int_4189,HLA-A3207,1,9,168,de novo,False
CD19_l187_int_4189,HLA-A3201,1,6,171,de novo,False
CD19_l187_int_4189,HLA-A3101,0,3,175,de novo,False
CD19_l187_int_4189,HLA-A3002,1,1,176,de novo,False
CD19_l187_int_4189,HLA-A3001,3,5,170,de novo,False
CD19_l187_int_4189,HLA-A2902,1,1,176,de novo,False
CD19_l187_int_4189,HLA-A2603,1,5,172,de novo,False
CD19_l187_int_4189,HLA-A3215,1,2,175,de novo,False
CD19_l187_int_4189,HLA-C1402,1,10,167,de novo,False
CD19_l187_int_4189,HLA-A0101,1,4,173,de novo,True
CD19_l187_int_4246,HLA-A0101,2,4,172,de novo,True
CD19_l187_int_4246,HLA-A2902,0,1,177,de novo,False
CD19_l187_int_4246,HLA-A3001,0,6,172,de novo,False
CD19_l187_int_4246,HLA-A3002,1,1,176,de novo,False
CD19_l187_int_4246,HLA-A3101,0,4,174,de novo,False
CD19_l187_int_4246,HLA-A3201,0,6,172,de novo,False
CD19_l187_int_4246,HLA-A3207,1,8,169,de novo,False
CD19_l187_int_4246,HLA-A3215,1,1,176,de novo,False
CD19_l187_int_4246,HLA-A2603,0,6,172,de novo,False
CD19_l187_int_4246,HLA-A3301,2,4,172,de novo,False
CD19_l187_int_4246,HLA-A6801,1,5,172,de novo,False
CD19_l187_int_4246,HLA-A6802,1,1,176,de novo,False
CD19_l187_int_4246,HLA-A6823,2,4,172,de novo,False
CD19_l187_int_4246,HLA-A6901,2,13,163,de novo,False
CD19_l187_int_4246,HLA-A8001,2,8,168,de novo,False
CD19_l187_int_4246,HLA-B0702,1,2,175,de novo,True
CD19_l187_int_4246,HLA-B0801,1,5,172,de novo,False
CD19_l187_int_4246,HLA-A6601,1,5,172,de novo,False
CD19_l187_int_4246,HLA-B0802,3,13,162,de novo,False
CD19_l187_int_4246,HLA-A2602,1,10,167,de novo,False
CD19_l187_int_4246,HLA-A2501,3,7,168,de novo,False
CD19_l187_int_4246,HLA-A0202,4,9,165,de novo,False
CD19_l187_int_4246,HLA-A0203,3,7,168,de novo,False
CD19_l187_int_4246,HLA-A0205,1,4,173,de novo,False
CD19_l187_int_4246,HLA-A0206,6,9,163,de novo,False
CD19_l187_int_4246,HLA-A0207,1,4,173,de novo,False
CD19_l187_int_4246,HLA-A0211,5,12,161,de novo,False
CD19_l187_int_4246,HLA-A0212,4,14,160,de novo,False
CD19_l187_int_4246,HLA-A2601,0,4,174,de novo,False
CD19_l187_int_4246,HLA-A0216,5,11,162,de novo,False
CD19_l187_int_4246,HLA-A0219,3,14,161,de novo,False
CD19_l187_int_4246,HLA-A0250,4,15,159,de novo,False
CD19_l187_int_4246,HLA-A0301,0,1,177,de novo,True
CD19_l187_int_4246,HLA-A1101,0,2,176,de novo,False
CD19_l187_int_4246,HLA-A2301,0,0,178,de novo,False
CD19_l187_int_4246,HLA-A2402,0,2,176,de novo,False
CD19_l187_int_4246,HLA-A2403,0,2,176,de novo,False
CD19_l187_int_4246,HLA-A0217,2,12,164,de novo,False
CD19_l187_int_4246,HLA-B0803,4,17,157,de novo,False
CD19_l187_int_4246,HLA-B1402,2,15,161,de novo,False
CD19_l187_int_4246,HLA-B1501,1,1,176,de novo,False
CD19_l187_int_4246,HLA-B5301,2,0,176,de novo,False
CD19_l187_int_4246,HLA-B5401,1,1,176,de novo,False
CD19_l187_int_4246,HLA-B5701,0,2,176,de novo,False
CD19_l187_int_4246,HLA-B5801,0,3,175,de novo,False
CD19_l187_int_4246,HLA-B5802,0,0,178,de novo,False
CD19_l187_int_4246,HLA-B7301,0,3,175,de novo,False
CD19_l187_int_4246,HLA-B8301,1,5,172,de novo,False
CD19_l187_int_4246,HLA-B5101,1,4,173,de novo,False
CD19_l187_int_4246,HLA-C0303,1,7,170,de novo,False
CD19_l187_int_4246,HLA-C0501,5,2,171,de novo,False
CD19_l187_int_4246,HLA-C0602,3,11,164,de novo,False
CD19_l187_int_4246,HLA-C0701,2,12,164,de novo,True
CD19_l187_int_4246,HLA-C0702,0,3,175,de novo,False
CD19_l187_int_4246,HLA-C0802,4,9,165,de novo,False
CD19_l187_int_4246,HLA-C1203,0,9,169,de novo,False
CD19_l187_int_4246,HLA-C1402,1,11,166,de novo,False
CD19_l187_int_4246,HLA-C0401,1,11,166,de novo,False
CD19_l187_int_4246,HLA-B4801,3,11,164,de novo,False
CD19_l187_int_4246,HLA-B4601,0,4,174,de novo,False
CD19_l187_int_4246,HLA-B4501,1,2,175,de novo,False
CD19_l187_int_4246,HLA-B1502,0,4,174,de novo,False
CD19_l187_int_4246,HLA-B1503,0,10,168,de novo,False
CD19_l187_int_4246,HLA-B1509,2,8,168,de novo,False
CD19_l187_int_4246,HLA-B1517,3,11,164,de novo,False
CD19_l187_int_4246,HLA-B1801,1,4,173,de novo,False
CD19_l187_int_4246,HLA-B2705,2,5,171,de novo,False
CD19_l187_int_4246,HLA-B2720,1,4,173,de novo,False
CD19_l187_int_4246,HLA-B3501,3,1,174,de novo,False
CD19_l187_int_4246,HLA-B3503,1,4,173,de novo,False
CD19_l187_int_4246,HLA-B3801,6,0,172,de novo,False
CD19_l187_int_4246,HLA-B3901,5,11,162,de novo,False
CD19_l187_int_4246,HLA-B4001,1,10,167,de novo,False
CD19_l187_int_4246,HLA-B4002,1,4,173,de novo,False
CD19_l187_int_4246,HLA-B4013,0,7,171,de novo,False
CD19_l187_int_4246,HLA-B4201,1,2,175,de novo,False
CD19_l187_int_4246,HLA-B4402,0,2,176,de novo,False
CD19_l187_int_4246,HLA-B4403,0,3,175,de novo,False
CD19_l187_int_4246,HLA-C1502,1,12,165,de novo,False
CD19_l187_int_4246,HLA-A0201,3,7,168,de novo,True
CD19_l187_int_4728,HLA-B1402,4,8,166,de novo,False
CD19_l187_int_4728,HLA-A0101,2,4,172,de novo,True
CD19_l187_int_4728,HLA-B4403,0,4,174,de novo,False
CD19_l187_int_4728,HLA-B4402,0,3,175,de novo,False
CD19_l187_int_4728,HLA-B4201,1,2,175,de novo,False
CD19_l187_int_4728,HLA-B4013,1,7,170,de novo,False
CD19_l187_int_4728,HLA-B4002,1,2,175,de novo,False
CD19_l187_int_4728,HLA-B4001,1,10,167,de novo,False
CD19_l187_int_4728,HLA-B3901,6,6,166,de novo,False
CD19_l187_int_4728,HLA-B4501,2,1,175,de novo,False
CD19_l187_int_4728,HLA-B3801,6,0,172,de novo,False
CD19_l187_int_4728,HLA-B3501,4,1,173,de novo,False
CD19_l187_int_4728,HLA-B2720,1,3,174,de novo,False
CD19_l187_int_4728,HLA-B2705,1,4,173,de novo,False
CD19_l187_int_4728,HLA-B1801,1,5,172,de novo,False
CD19_l187_int_4728,HLA-B1517,3,8,167,de novo,False
CD19_l187_int_4728,HLA-B1509,2,10,166,de novo,False
CD19_l187_int_4728,HLA-B1503,0,8,170,de novo,False
CD19_l187_int_4728,HLA-B3503,1,3,174,de novo,False
CD19_l187_int_4728,HLA-B1502,0,2,176,de novo,False
CD19_l187_int_4728,HLA-B4601,0,4,174,de novo,False
CD19_l187_int_4728,HLA-B5101,1,4,173,de novo,False
CD19_l187_int_4728,HLA-C1402,0,12,166,de novo,False
CD19_l187_int_4728,HLA-C1203,0,7,171,de novo,False
CD19_l187_int_4728,HLA-C0802,4,8,166,de novo,False
CD19_l187_int_4728,HLA-C0702,0,2,176,de novo,False
CD19_l187_int_4728,HLA-C0701,1,9,168,de novo,True
CD19_l187_int_4728,HLA-C0602,0,9,169,de novo,False
CD19_l187_int_4728,HLA-C0501,6,4,168,de novo,False
CD19_l187_int_4728,HLA-B4801,3,9,166,de novo,False
CD19_l187_int_4728,HLA-C0401,1,10,167,de novo,False
CD19_l187_int_4728,HLA-B8301,1,6,171,de novo,False
CD19_l187_int_4728,HLA-B7301,0,3,175,de novo,False
CD19_l187_int_4728,HLA-B5802,0,0,178,de novo,False
CD19_l187_int_4728,HLA-B5801,0,5,173,de novo,False
CD19_l187_int_4728,HLA-B5701,0,5,173,de novo,False
CD19_l187_int_4728,HLA-B5401,1,1,176,de novo,False
CD19_l187_int_4728,HLA-B5301,2,2,174,de novo,False
CD19_l187_int_4728,HLA-C0303,2,7,169,de novo,False
CD19_l187_int_4728,HLA-B1501,1,1,176,de novo,False
CD19_l187_int_4728,HLA-B0803,3,16,159,de novo,False
CD19_l187_int_4728,HLA-B0802,4,7,167,de novo,False
CD19_l187_int_4728,HLA-A2402,0,1,177,de novo,False
CD19_l187_int_4728,HLA-A2301,0,0,178,de novo,False
CD19_l187_int_4728,HLA-A1101,0,1,177,de novo,False
CD19_l187_int_4728,HLA-A0301,0,0,178,de novo,True
CD19_l187_int_4728,HLA-A0250,3,13,162,de novo,False
CD19_l187_int_4728,HLA-A0219,2,14,162,de novo,False
CD19_l187_int_4728,HLA-A0217,1,11,166,de novo,False
CD19_l187_int_4728,HLA-A2403,0,1,177,de novo,False
CD19_l187_int_4728,HLA-A0216,4,10,164,de novo,False
CD19_l187_int_4728,HLA-A0211,4,14,160,de novo,False
CD19_l187_int_4728,HLA-A0207,1,5,172,de novo,False
CD19_l187_int_4728,HLA-A0206,5,7,166,de novo,False
CD19_l187_int_4728,HLA-A0205,2,3,173,de novo,False
CD19_l187_int_4728,HLA-A0203,1,7,170,de novo,False
CD19_l187_int_4728,HLA-A0202,4,7,167,de novo,False
CD19_l187_int_4728,HLA-A0201,2,6,170,de novo,True
CD19_l187_int_4728,HLA-A0212,3,15,160,de novo,False
CD19_l187_int_4728,HLA-A2501,1,7,170,de novo,False
CD19_l187_int_4728,HLA-A2601,0,6,172,de novo,False
CD19_l187_int_4728,HLA-A2602,1,8,169,de novo,False
CD19_l187_int_4728,HLA-B0801,1,4,173,de novo,False
CD19_l187_int_4728,HLA-B0702,1,3,174,de novo,True
CD19_l187_int_4728,HLA-A8001,1,6,171,de novo,False
CD19_l187_int_4728,HLA-A6901,1,16,161,de novo,False
CD19_l187_int_4728,HLA-A6823,1,7,170,de novo,False
CD19_l187_int_4728,HLA-A6802,1,4,173,de novo,False
CD19_l187_int_4728,HLA-A6801,1,3,174,de novo,False
CD19_l187_int_4728,HLA-A6601,1,3,174,de novo,False
CD19_l187_int_4728,HLA-A3301,2,3,173,de novo,False
CD19_l187_int_4728,HLA-A3215,1,1,176,de novo,False
CD19_l187_int_4728,HLA-A3207,1,7,170,de novo,False
CD19_l187_int_4728,HLA-A3201,0,6,172,de novo,False
CD19_l187_int_4728,HLA-A3101,0,2,176,de novo,False
CD19_l187_int_4728,HLA-A3002,1,1,176,de novo,False
CD19_l187_int_4728,HLA-A3001,3,4,171,de novo,False
CD19_l187_int_4728,HLA-A2902,0,1,177,de novo,False
CD19_l187_int_4728,HLA-A2603,1,4,173,de novo,False
CD19_l187_int_4728,HLA-C1502,0,13,165,de novo,False
CD19_l187_nonint_2784,HLA-A0101,0,5,173,de novo,True
CD19_l187_nonint_2784,HLA-A0201,2,7,169,de novo,True
CD19_l187_nonint_2784,HLA-A0202,4,9,165,de novo,False
CD19_l187_nonint_2784,HLA-A3002,0,2,176,de novo,False
CD19_l187_nonint_2784,HLA-A3101,0,2,176,de novo,False
CD19_l187_nonint_2784,HLA-A3201,1,9,168,de novo,False
CD19_l187_nonint_2784,HLA-A3207,1,8,169,de novo,False
CD19_l187_nonint_2784,HLA-A3215,0,4,174,de novo,False
CD19_l187_nonint_2784,HLA-A3301,2,5,171,de novo,False
CD19_l187_nonint_2784,HLA-A6601,1,10,167,de novo,False
CD19_l187_nonint_2784,HLA-A3001,1,9,168,de novo,False
CD19_l187_nonint_2784,HLA-A6801,1,3,174,de novo,False
CD19_l187_nonint_2784,HLA-A6823,1,6,171,de novo,False
CD19_l187_nonint_2784,HLA-A6901,6,13,159,de novo,False
CD19_l187_nonint_2784,HLA-A8001,1,4,173,de novo,False
CD19_l187_nonint_2784,HLA-B0702,2,4,172,de novo,True
CD19_l187_nonint_2784,HLA-B0801,2,6,170,de novo,False
CD19_l187_nonint_2784,HLA-B0802,6,11,161,de novo,False
CD19_l187_nonint_2784,HLA-B0803,4,14,160,de novo,False
CD19_l187_nonint_2784,HLA-A6802,3,4,171,de novo,False
CD19_l187_nonint_2784,HLA-B1402,2,23,153,de novo,False
CD19_l187_nonint_2784,HLA-A2902,0,0,178,de novo,False
CD19_l187_nonint_2784,HLA-A2602,0,7,171,de novo,False
CD19_l187_nonint_2784,HLA-A0205,1,2,175,de novo,False
CD19_l187_nonint_2784,HLA-A0206,7,11,160,de novo,False
CD19_l187_nonint_2784,HLA-A0207,3,4,171,de novo,False
CD19_l187_nonint_2784,HLA-A0211,4,14,160,de novo,False
CD19_l187_nonint_2784,HLA-A0212,2,10,166,de novo,False
CD19_l187_nonint_2784,HLA-A0216,4,12,162,de novo,False
CD19_l187_nonint_2784,HLA-A0217,1,11,166,de novo,False
CD19_l187_nonint_2784,HLA-A2603,1,9,168,de novo,False
CD19_l187_nonint_2784,HLA-A0219,5,12,161,de novo,False
CD19_l187_nonint_2784,HLA-A0301,1,0,177,de novo,True
CD19_l187_nonint_2784,HLA-A1101,0,2,176,de novo,False
CD19_l187_nonint_2784,HLA-A2301,0,1,177,de novo,False
CD19_l187_nonint_2784,HLA-A2402,0,2,176,de novo,False
CD19_l187_nonint_2784,HLA-A2403,0,5,173,de novo,False
CD19_l187_nonint_2784,HLA-A2501,1,10,167,de novo,False
CD19_l187_nonint_2784,HLA-A2601,0,4,174,de novo,False
CD19_l187_nonint_2784,HLA-A0250,3,13,162,de novo,False
CD19_l187_nonint_2784,HLA-A0203,3,6,169,de novo,False
CD19_l187_nonint_2784,HLA-B1501,0,0,178,de novo,False
CD19_l187_nonint_2784,HLA-B1502,1,3,174,de novo,False
CD19_l187_nonint_2784,HLA-B5401,0,1,177,de novo,False
CD19_l187_nonint_2784,HLA-B5701,0,4,174,de novo,False
CD19_l187_nonint_2784,HLA-B5801,1,3,174,de novo,False
CD19_l187_nonint_2784,HLA-B5802,0,1,177,de novo,False
CD19_l187_nonint_2784,HLA-B7301,1,8,169,de novo,False
CD19_l187_nonint_2784,HLA-B8301,2,7,169,de novo,False
CD19_l187_nonint_2784,HLA-C0303,4,2,172,de novo,False
CD19_l187_nonint_2784,HLA-C0401,2,13,163,de novo,False
CD19_l187_nonint_2784,HLA-C0501,2,5,171,de novo,False
CD19_l187_nonint_2784,HLA-C0602,4,14,160,de novo,False
CD19_l187_nonint_2784,HLA-C0701,3,14,161,de novo,True
CD19_l187_nonint_2784,HLA-C0702,1,3,174,de novo,False
CD19_l187_nonint_2784,HLA-C0802,2,4,172,de novo,False
CD19_l187_nonint_2784,HLA-C1203,3,7,168,de novo,False
CD19_l187_nonint_2784,HLA-C1402,0,9,169,de novo,False
CD19_l187_nonint_2784,HLA-B5301,1,3,174,de novo,False
CD19_l187_nonint_2784,HLA-B5101,1,2,175,de novo,False
CD19_l187_nonint_2784,HLA-B4801,2,12,164,de novo,False
CD19_l187_nonint_2784,HLA-B3801,1,2,175,de novo,False
CD19_l187_nonint_2784,HLA-B1503,0,6,172,de novo,False
CD19_l187_nonint_2784,HLA-B1509,1,11,166,de novo,False
CD19_l187_nonint_2784,HLA-B1517,0,7,171,de novo,False
CD19_l187_nonint_2784,HLA-B1801,3,3,172,de novo,False
CD19_l187_nonint_2784,HLA-B2705,2,4,172,de novo,False
CD19_l187_nonint_2784,HLA-B2720,2,9,167,de novo,False
CD19_l187_nonint_2784,HLA-B3501,1,3,174,de novo,False
CD19_l187_nonint_2784,HLA-B3503,2,1,175,de novo,False
CD19_l187_nonint_2784,HLA-C1502,5,11,162,de novo,False
CD19_l187_nonint_2784,HLA-B3901,3,9,166,de novo,False
CD19_l187_nonint_2784,HLA-B4001,4,5,169,de novo,False
CD19_l187_nonint_2784,HLA-B4002,1,4,173,de novo,False
CD19_l187_nonint_2784,HLA-B4013,0,8,170,de novo,False
CD19_l187_nonint_2784,HLA-B4201,1,5,172,de novo,False
CD19_l187_nonint_2784,HLA-B4402,1,1,176,de novo,False
CD19_l187_nonint_2784,HLA-B4403,1,3,174,de novo,False
CD19_l187_nonint_2784,HLA-B4501,1,2,175,de novo,False
CD19_l187_nonint_2784,HLA-B4601,1,2,175,de novo,False
CD19_l187_nonint_2850,HLA-A0101,0,2,176,de novo,True
CD19_l187_nonint_2850,HLA-A0202,4,15,159,de novo,False
CD19_l187_nonint_2850,HLA-C1402,0,7,171,de novo,False
CD19_l187_nonint_2850,HLA-A3001,1,5,172,de novo,False
CD19_l187_nonint_2850,HLA-A3002,0,2,176,de novo,False
CD19_l187_nonint_2850,HLA-A3101,1,1,176,de novo,False
CD19_l187_nonint_2850,HLA-A3201,1,5,172,de novo,False
CD19_l187_nonint_2850,HLA-A3207,0,4,174,de novo,False
CD19_l187_nonint_2850,HLA-A3215,1,0,177,de novo,False
CD19_l187_nonint_2850,HLA-A3301,1,1,176,de novo,False
CD19_l187_nonint_2850,HLA-A6601,1,7,170,de novo,False
CD19_l187_nonint_2850,HLA-A6801,0,3,175,de novo,False
CD19_l187_nonint_2850,HLA-A6802,3,5,170,de novo,False
CD19_l187_nonint_2850,HLA-A6823,0,5,173,de novo,False
CD19_l187_nonint_2850,HLA-A6901,4,10,164,de novo,False
CD19_l187_nonint_2850,HLA-A8001,1,4,173,de novo,False
CD19_l187_nonint_2850,HLA-B0702,0,2,176,de novo,True
CD19_l187_nonint_2850,HLA-B0801,1,2,175,de novo,False
CD19_l187_nonint_2850,HLA-A2902,0,1,177,de novo,False
CD19_l187_nonint_2850,HLA-A2603,0,5,173,de novo,False
CD19_l187_nonint_2850,HLA-A2602,2,8,168,de novo,False
CD19_l187_nonint_2850,HLA-A2601,2,1,175,de novo,False
CD19_l187_nonint_2850,HLA-A0203,1,9,168,de novo,False
CD19_l187_nonint_2850,HLA-A0205,1,3,174,de novo,False
CD19_l187_nonint_2850,HLA-A0206,2,18,158,de novo,False
CD19_l187_nonint_2850,HLA-A0207,3,4,171,de novo,False
CD19_l187_nonint_2850,HLA-A0211,4,10,164,de novo,False
CD19_l187_nonint_2850,HLA-A0212,5,11,162,de novo,False
CD19_l187_nonint_2850,HLA-A0216,5,13,160,de novo,False
CD19_l187_nonint_2850,HLA-B0802,0,10,168,de novo,False
CD19_l187_nonint_2850,HLA-A0217,1,13,164,de novo,False
CD19_l187_nonint_2850,HLA-A0250,4,11,163,de novo,False
CD19_l187_nonint_2850,HLA-A0301,0,2,176,de novo,True
CD19_l187_nonint_2850,HLA-A1101,0,3,175,de novo,False
CD19_l187_nonint_2850,HLA-A2301,0,2,176,de novo,False
CD19_l187_nonint_2850,HLA-A2402,0,3,175,de novo,False
CD19_l187_nonint_2850,HLA-A2403,0,5,173,de novo,False
CD19_l187_nonint_2850,HLA-A2501,2,7,169,de novo,False
CD19_l187_nonint_2850,HLA-A0219,5,17,156,de novo,False
CD19_l187_nonint_2850,HLA-B0803,3,17,158,de novo,False
CD19_l187_nonint_2850,HLA-B1402,3,10,165,de novo,False
CD19_l187_nonint_2850,HLA-B1501,0,3,175,de novo,False
CD19_l187_nonint_2850,HLA-B5101,1,3,174,de novo,False
CD19_l187_nonint_2850,HLA-B5301,1,2,175,de novo,False
CD19_l187_nonint_2850,HLA-B5401,0,2,176,de novo,False
CD19_l187_nonint_2850,HLA-B5701,0,1,177,de novo,False
CD19_l187_nonint_2850,HLA-B5801,0,3,175,de novo,False
CD19_l187_nonint_2850,HLA-B5802,0,0,178,de novo,False
CD19_l187_nonint_2850,HLA-B7301,0,1,177,de novo,False
CD19_l187_nonint_2850,HLA-B4801,3,8,167,de novo,False
CD19_l187_nonint_2850,HLA-B8301,0,7,171,de novo,False
CD19_l187_nonint_2850,HLA-C0401,0,9,169,de novo,False
CD19_l187_nonint_2850,HLA-C0501,1,9,168,de novo,False
CD19_l187_nonint_2850,HLA-C0602,3,7,168,de novo,False
CD19_l187_nonint_2850,HLA-C0701,2,9,167,de novo,True
CD19_l187_nonint_2850,HLA-C0702,1,2,175,de novo,False
CD19_l187_nonint_2850,HLA-C0802,2,6,170,de novo,False
CD19_l187_nonint_2850,HLA-C1203,1,4,173,de novo,False
CD19_l187_nonint_2850,HLA-C0303,2,3,173,de novo,False
CD19_l187_nonint_2850,HLA-C1502,5,8,165,de novo,False
CD19_l187_nonint_2850,HLA-B4601,1,3,174,de novo,False
CD19_l187_nonint_2850,HLA-B4403,2,2,174,de novo,False
CD19_l187_nonint_2850,HLA-B1502,0,1,177,de novo,False
CD19_l187_nonint_2850,HLA-B1503,0,1,177,de novo,False
CD19_l187_nonint_2850,HLA-B1509,4,11,163,de novo,False
CD19_l187_nonint_2850,HLA-B1517,0,8,170,de novo,False
CD19_l187_nonint_2850,HLA-B1801,1,8,169,de novo,False
CD19_l187_nonint_2850,HLA-B2705,0,3,175,de novo,False
CD19_l187_nonint_2850,HLA-B2720,1,7,170,de novo,False
CD19_l187_nonint_2850,HLA-B4501,4,4,170,de novo,False
CD19_l187_nonint_2850,HLA-B3501,1,3,174,de novo,False
CD19_l187_nonint_2850,HLA-B3801,2,4,172,de novo,False
CD19_l187_nonint_2850,HLA-B3901,3,9,166,de novo,False
CD19_l187_nonint_2850,HLA-B4001,2,8,168,de novo,False
CD19_l187_nonint_2850,HLA-B4002,3,6,169,de novo,False
CD19_l187_nonint_2850,HLA-B4013,0,4,174,de novo,False
CD19_l187_nonint_2850,HLA-B4201,1,3,174,de novo,False
CD19_l187_nonint_2850,HLA-B4402,1,3,174,de novo,False
CD19_l187_nonint_2850,HLA-B3503,1,5,172,de novo,False
CD19_l187_nonint_2850,HLA-A0201,2,8,168,de novo,True
CD19_l187_nonint_3191,HLA-B1402,3,22,153,de novo,False
CD19_l187_nonint_3191,HLA-C1402,1,6,171,de novo,False
CD19_l187_nonint_3191,HLA-B4201,2,2,174,de novo,False
CD19_l187_nonint_3191,HLA-B4013,0,5,173,de novo,False
CD19_l187_nonint_3191,HLA-B4002,1,3,174,de novo,False
CD19_l187_nonint_3191,HLA-B4001,3,2,173,de novo,False
CD19_l187_nonint_3191,HLA-B3901,2,8,168,de novo,False
CD19_l187_nonint_3191,HLA-B3801,1,2,175,de novo,False
CD19_l187_nonint_3191,HLA-B3503,2,3,173,de novo,False
CD19_l187_nonint_3191,HLA-B4402,0,3,175,de novo,False
CD19_l187_nonint_3191,HLA-B3501,0,5,173,de novo,False
CD19_l187_nonint_3191,HLA-B2705,2,3,173,de novo,False
CD19_l187_nonint_3191,HLA-B1801,1,3,174,de novo,False
CD19_l187_nonint_3191,HLA-B1517,1,8,169,de novo,False
CD19_l187_nonint_3191,HLA-B1509,1,7,170,de novo,False
CD19_l187_nonint_3191,HLA-B1503,0,5,173,de novo,False
CD19_l187_nonint_3191,HLA-B1502,0,2,176,de novo,False
CD19_l187_nonint_3191,HLA-B1501,0,3,175,de novo,False
CD19_l187_nonint_3191,HLA-B2720,1,9,168,de novo,False
CD19_l187_nonint_3191,HLA-B0803,4,13,161,de novo,False
CD19_l187_nonint_3191,HLA-B4403,1,1,176,de novo,False
CD19_l187_nonint_3191,HLA-B4601,2,3,173,de novo,False
CD19_l187_nonint_3191,HLA-C0802,1,6,171,de novo,False
CD19_l187_nonint_3191,HLA-C0702,0,4,174,de novo,False
CD19_l187_nonint_3191,HLA-C0701,2,10,166,de novo,True
CD19_l187_nonint_3191,HLA-C0602,4,11,163,de novo,False
CD19_l187_nonint_3191,HLA-C0501,0,8,170,de novo,False
CD19_l187_nonint_3191,HLA-C0401,1,8,169,de novo,False
CD19_l187_nonint_3191,HLA-C0303,4,1,173,de novo,False
CD19_l187_nonint_3191,HLA-B4501,1,6,171,de novo,False
CD19_l187_nonint_3191,HLA-B8301,1,6,171,de novo,False
CD19_l187_nonint_3191,HLA-B5802,1,1,176,de novo,False
CD19_l187_nonint_3191,HLA-B5801,1,5,172,de novo,False
CD19_l187_nonint_3191,HLA-B5701,1,3,174,de novo,False
CD19_l187_nonint_3191,HLA-B5401,0,0,178,de novo,False
CD19_l187_nonint_3191,HLA-B5301,2,2,174,de novo,False
CD19_l187_nonint_3191,HLA-B5101,1,2,175,de novo,False
CD19_l187_nonint_3191,HLA-B4801,4,9,165,de novo,False
CD19_l187_nonint_3191,HLA-B7301,0,6,172,de novo,False
CD19_l187_nonint_3191,HLA-C1203,1,5,172,de novo,False
CD19_l187_nonint_3191,HLA-B0802,4,10,164,de novo,False
CD19_l187_nonint_3191,HLA-B0702,1,4,173,de novo,True
CD19_l187_nonint_3191,HLA-A2301,0,3,175,de novo,False
CD19_l187_nonint_3191,HLA-A1101,0,2,176,de novo,False
CD19_l187_nonint_3191,HLA-A0301,0,4,174,de novo,True
CD19_l187_nonint_3191,HLA-A0250,0,11,167,de novo,False
CD19_l187_nonint_3191,HLA-A0219,2,12,164,de novo,False
CD19_l187_nonint_3191,HLA-A0217,1,12,165,de novo,False
CD19_l187_nonint_3191,HLA-A0216,1,6,171,de novo,False
CD19_l187_nonint_3191,HLA-A2402,0,3,175,de novo,False
CD19_l187_nonint_3191,HLA-A0212,1,5,172,de novo,False
CD19_l187_nonint_3191,HLA-A0207,1,2,175,de novo,False
CD19_l187_nonint_3191,HLA-A0206,3,13,162,de novo,False
CD19_l187_nonint_3191,HLA-A0205,0,1,177,de novo,False
CD19_l187_nonint_3191,HLA-A0203,0,4,174,de novo,False
CD19_l187_nonint_3191,HLA-A0202,0,12,166,de novo,False
CD19_l187_nonint_3191,HLA-A0201,0,4,174,de novo,True
CD19_l187_nonint_3191,HLA-A0101,0,3,175,de novo,True
CD19_l187_nonint_3191,HLA-A0211,2,12,164,de novo,False
CD19_l187_nonint_3191,HLA-B0801,3,8,167,de novo,False
CD19_l187_nonint_3191,HLA-A2403,1,3,174,de novo,False
CD19_l187_nonint_3191,HLA-A2601,0,3,175,de novo,False
CD19_l187_nonint_3191,HLA-A8001,2,7,169,de novo,False
CD19_l187_nonint_3191,HLA-A6901,1,11,166,de novo,False
CD19_l187_nonint_3191,HLA-A6823,1,6,171,de novo,False
CD19_l187_nonint_3191,HLA-A6802,2,6,170,de novo,False
CD19_l187_nonint_3191,HLA-A6801,1,1,176,de novo,False
CD19_l187_nonint_3191,HLA-A6601,0,4,174,de novo,False
CD19_l187_nonint_3191,HLA-A3301,1,4,173,de novo,False
CD19_l187_nonint_3191,HLA-A2501,0,7,171,de novo,False
CD19_l187_nonint_3191,HLA-A3215,1,3,174,de novo,False
CD19_l187_nonint_3191,HLA-A3201,0,9,169,de novo,False
CD19_l187_nonint_3191,HLA-A3101,1,1,176,de novo,False
CD19_l187_nonint_3191,HLA-A3002,0,1,177,de novo,False
CD19_l187_nonint_3191,HLA-A3001,3,5,170,de novo,False
CD19_l187_nonint_3191,HLA-A2902,0,0,178,de novo,False
CD19_l187_nonint_3191,HLA-A2603,0,6,172,de novo,False
CD19_l187_nonint_3191,HLA-A2602,0,12,166,de novo,False
CD19_l187_nonint_3191,HLA-A3207,0,9,169,de novo,False
CD19_l187_nonint_3191,HLA-C1502,2,14,162,de novo,False
CD19_l187_nonint_3483,HLA-A0201,2,6,170,de novo,True
CD19_l187_nonint_3483,HLA-C1402,0,6,172,de novo,False
CD19_l187_nonint_3483,HLA-A2902,0,0,178,de novo,False
CD19_l187_nonint_3483,HLA-A3001,0,7,171,de novo,False
CD19_l187_nonint_3483,HLA-A3002,0,1,177,de novo,False
CD19_l187_nonint_3483,HLA-A3101,0,2,176,de novo,False
CD19_l187_nonint_3483,HLA-A3201,2,3,173,de novo,False
CD19_l187_nonint_3483,HLA-A3207,1,11,166,de novo,False
CD19_l187_nonint_3483,HLA-A3215,0,1,177,de novo,False
CD19_l187_nonint_3483,HLA-A2603,2,3,173,de novo,False
CD19_l187_nonint_3483,HLA-A3301,1,6,171,de novo,False
CD19_l187_nonint_3483,HLA-A6801,1,7,170,de novo,False
CD19_l187_nonint_3483,HLA-A6802,0,5,173,de novo,False
CD19_l187_nonint_3483,HLA-A6823,0,2,176,de novo,False
CD19_l187_nonint_3483,HLA-A6901,1,8,169,de novo,False
CD19_l187_nonint_3483,HLA-A8001,1,7,170,de novo,False
CD19_l187_nonint_3483,HLA-B0702,0,0,178,de novo,True
CD19_l187_nonint_3483,HLA-B0801,1,3,174,de novo,False
CD19_l187_nonint_3483,HLA-A6601,2,5,171,de novo,False
CD19_l187_nonint_3483,HLA-B0802,1,9,168,de novo,False
CD19_l187_nonint_3483,HLA-A2602,0,7,171,de novo,False
CD19_l187_nonint_3483,HLA-A2501,0,6,172,de novo,False
CD19_l187_nonint_3483,HLA-A0202,4,5,169,de novo,False
CD19_l187_nonint_3483,HLA-A0203,1,5,172,de novo,False
CD19_l187_nonint_3483,HLA-A0205,0,2,176,de novo,False
CD19_l187_nonint_3483,HLA-A0206,2,8,168,de novo,False
CD19_l187_nonint_3483,HLA-A0207,2,3,173,de novo,False
CD19_l187_nonint_3483,HLA-A0211,6,10,162,de novo,False
CD19_l187_nonint_3483,HLA-A0212,4,10,164,de novo,False
CD19_l187_nonint_3483,HLA-A2601,0,4,174,de novo,False
CD19_l187_nonint_3483,HLA-A0216,3,9,166,de novo,False
CD19_l187_nonint_3483,HLA-A0219,5,10,163,de novo,False
CD19_l187_nonint_3483,HLA-A0250,4,12,162,de novo,False
CD19_l187_nonint_3483,HLA-A0301,0,3,175,de novo,True
CD19_l187_nonint_3483,HLA-A1101,1,0,177,de novo,False
CD19_l187_nonint_3483,HLA-A2301,0,1,177,de novo,False
CD19_l187_nonint_3483,HLA-A2402,0,1,177,de novo,False
CD19_l187_nonint_3483,HLA-A2403,0,3,175,de novo,False
CD19_l187_nonint_3483,HLA-A0217,2,7,169,de novo,False
CD19_l187_nonint_3483,HLA-C1502,3,11,164,de novo,False
CD19_l187_nonint_3483,HLA-B0803,4,12,162,de novo,False
CD19_l187_nonint_3483,HLA-B1501,0,2,176,de novo,False
CD19_l187_nonint_3483,HLA-B5101,0,2,176,de novo,False
CD19_l187_nonint_3483,HLA-B5301,0,1,177,de novo,False
CD19_l187_nonint_3483,HLA-B5401,0,1,177,de novo,False
CD19_l187_nonint_3483,HLA-B5701,0,5,173,de novo,False
CD19_l187_nonint_3483,HLA-B5801,2,0,176,de novo,False
CD19_l187_nonint_3483,HLA-B5802,1,0,177,de novo,False
CD19_l187_nonint_3483,HLA-B7301,0,3,175,de novo,False
CD19_l187_nonint_3483,HLA-B4801,2,15,161,de novo,False
CD19_l187_nonint_3483,HLA-B8301,0,2,176,de novo,False
CD19_l187_nonint_3483,HLA-C0401,3,5,170,de novo,False
CD19_l187_nonint_3483,HLA-C0501,1,10,167,de novo,False
CD19_l187_nonint_3483,HLA-C0602,2,14,162,de novo,False
CD19_l187_nonint_3483,HLA-C0701,4,10,164,de novo,True
CD19_l187_nonint_3483,HLA-C0702,0,4,174,de novo,False
CD19_l187_nonint_3483,HLA-C0802,2,6,170,de novo,False
CD19_l187_nonint_3483,HLA-C1203,0,10,168,de novo,False
CD19_l187_nonint_3483,HLA-C0303,0,8,170,de novo,False
CD19_l187_nonint_3483,HLA-B1402,1,14,163,de novo,False
CD19_l187_nonint_3483,HLA-B4601,1,2,175,de novo,False
CD19_l187_nonint_3483,HLA-B4403,0,6,172,de novo,False
CD19_l187_nonint_3483,HLA-B1502,1,2,175,de novo,False
CD19_l187_nonint_3483,HLA-B1503,0,7,171,de novo,False
CD19_l187_nonint_3483,HLA-B1509,4,7,167,de novo,False
CD19_l187_nonint_3483,HLA-B1517,3,8,167,de novo,False
CD19_l187_nonint_3483,HLA-B1801,1,4,173,de novo,False
CD19_l187_nonint_3483,HLA-B2705,1,4,173,de novo,False
CD19_l187_nonint_3483,HLA-B2720,4,7,167,de novo,False
CD19_l187_nonint_3483,HLA-B4501,3,3,172,de novo,False
CD19_l187_nonint_3483,HLA-B3501,0,2,176,de novo,False
CD19_l187_nonint_3483,HLA-B3801,2,0,176,de novo,False
CD19_l187_nonint_3483,HLA-B3901,3,5,170,de novo,False
CD19_l187_nonint_3483,HLA-B4001,1,9,168,de novo,False
CD19_l187_nonint_3483,HLA-B4002,4,5,169,de novo,False
CD19_l187_nonint_3483,HLA-B4013,0,7,171,de novo,False
CD19_l187_nonint_3483,HLA-B4201,0,1,177,de novo,False
CD19_l187_nonint_3483,HLA-B4402,2,3,173,de novo,False
CD19_l187_nonint_3483,HLA-B3503,1,2,175,de novo,False
CD19_l187_nonint_3483,HLA-A0101,0,6,172,de novo,True
