Original_ID,Allele,Strong Binder,Weak Binder,None,binder_type,is_top_freq_allele
CD22_m971,HLA-C1502,3,19,209,scFV,False
CD22_m971,HLA-A2603,8,9,214,scFV,False
CD22_m971,HLA-A2902,1,11,219,scFV,False
CD22_m971,HLA-A3001,2,6,223,scFV,False
CD22_m971,HLA-A3002,5,4,222,scFV,False
CD22_m971,HLA-A3101,1,4,226,scFV,False
CD22_m971,HLA-A3201,6,8,217,scFV,False
CD22_m971,HLA-A3207,6,15,210,scFV,False
CD22_m971,HLA-A2602,4,10,217,scFV,False
CD22_m971,HLA-A3215,6,12,213,scFV,False
CD22_m971,HLA-A6601,7,10,214,scFV,False
CD22_m971,HLA-A6801,2,3,226,scFV,False
CD22_m971,HLA-A6802,0,5,226,scFV,False
CD22_m971,HLA-A6823,8,12,211,scFV,False
CD22_m971,HLA-A6901,2,5,224,scFV,False
CD22_m971,HLA-A8001,4,7,220,scFV,False
CD22_m971,HLA-B0702,2,4,225,scFV,True
CD22_m971,HLA-A3301,4,3,224,scFV,False
CD22_m971,HLA-A2601,1,6,224,scFV,False
CD22_m971,HLA-A2501,6,11,214,scFV,False
CD22_m971,HLA-A2403,2,9,220,scFV,False
CD22_m971,HLA-A0101,2,4,225,scFV,True
CD22_m971,HLA-A0201,0,1,230,scFV,True
CD22_m971,HLA-A0202,1,0,230,scFV,False
CD22_m971,HLA-A0203,0,4,227,scFV,False
CD22_m971,HLA-A0205,2,3,226,scFV,False
CD22_m971,HLA-A0206,0,8,223,scFV,False
CD22_m971,HLA-A0207,0,2,229,scFV,False
CD22_m971,HLA-A0211,0,10,221,scFV,False
CD22_m971,HLA-A0212,1,9,221,scFV,False
CD22_m971,HLA-A0216,0,9,222,scFV,False
CD22_m971,HLA-A0217,1,3,227,scFV,False
CD22_m971,HLA-A0219,0,3,228,scFV,False
CD22_m971,HLA-A0250,1,11,219,scFV,False
CD22_m971,HLA-A0301,1,3,227,scFV,True
CD22_m971,HLA-A1101,1,3,227,scFV,False
CD22_m971,HLA-A2301,2,4,225,scFV,False
CD22_m971,HLA-A2402,1,5,225,scFV,False
CD22_m971,HLA-B0801,0,1,230,scFV,False
CD22_m971,HLA-B0802,0,13,218,scFV,False
CD22_m971,HLA-C1402,5,15,211,scFV,False
CD22_m971,HLA-B1402,1,8,222,scFV,False
CD22_m971,HLA-B5101,0,2,229,scFV,False
CD22_m971,HLA-B5301,1,8,222,scFV,False
CD22_m971,HLA-B5401,1,1,229,scFV,False
CD22_m971,HLA-B5701,4,5,222,scFV,False
CD22_m971,HLA-B5801,4,10,217,scFV,False
CD22_m971,HLA-B0803,2,11,218,scFV,False
CD22_m971,HLA-B7301,4,10,217,scFV,False
CD22_m971,HLA-B4801,0,9,222,scFV,False
CD22_m971,HLA-B8301,3,12,216,scFV,False
CD22_m971,HLA-C0401,1,11,219,scFV,False
CD22_m971,HLA-C0501,2,10,219,scFV,False
CD22_m971,HLA-C0602,3,7,221,scFV,False
CD22_m971,HLA-C0701,3,15,213,scFV,True
CD22_m971,HLA-C0702,3,13,215,scFV,False
CD22_m971,HLA-C0802,0,11,220,scFV,False
CD22_m971,HLA-C1203,3,17,211,scFV,False
CD22_m971,HLA-C0303,3,11,217,scFV,False
CD22_m971,HLA-B4601,0,9,222,scFV,False
CD22_m971,HLA-B5802,2,3,226,scFV,False
CD22_m971,HLA-B4403,0,4,227,scFV,False
CD22_m971,HLA-B4501,0,4,227,scFV,False
CD22_m971,HLA-B1502,7,13,211,scFV,False
CD22_m971,HLA-B1503,6,19,206,scFV,False
CD22_m971,HLA-B1509,1,11,219,scFV,False
CD22_m971,HLA-B1517,8,13,210,scFV,False
CD22_m971,HLA-B1801,2,1,228,scFV,False
CD22_m971,HLA-B2705,0,2,229,scFV,False
CD22_m971,HLA-B2720,1,13,217,scFV,False
CD22_m971,HLA-B1501,2,7,222,scFV,False
CD22_m971,HLA-B3503,1,4,226,scFV,False
CD22_m971,HLA-B3801,0,6,225,scFV,False
CD22_m971,HLA-B3901,4,7,220,scFV,False
CD22_m971,HLA-B4001,0,2,229,scFV,False
CD22_m971,HLA-B4002,0,0,231,scFV,False
CD22_m971,HLA-B4013,0,11,220,scFV,False
CD22_m971,HLA-B4201,3,7,221,scFV,False
CD22_m971,HLA-B4402,0,3,228,scFV,False
CD22_m971,HLA-B3501,4,9,218,scFV,False
CD22_l61_int_wildtype,HLA-A2902,1,1,51,de novo,False
CD22_l61_int_wildtype,HLA-A3001,1,3,49,de novo,False
CD22_l61_int_wildtype,HLA-A3002,1,2,50,de novo,False
CD22_l61_int_wildtype,HLA-A3101,0,3,50,de novo,False
CD22_l61_int_wildtype,HLA-A3201,1,1,51,de novo,False
CD22_l61_int_wildtype,HLA-A3207,3,2,48,de novo,False
CD22_l61_int_wildtype,HLA-A3215,0,5,48,de novo,False
CD22_l61_int_wildtype,HLA-A6823,2,2,49,de novo,False
CD22_l61_int_wildtype,HLA-A6601,2,2,49,de novo,False
CD22_l61_int_wildtype,HLA-A6801,1,1,51,de novo,False
CD22_l61_int_wildtype,HLA-A6802,1,1,51,de novo,False
CD22_l61_int_wildtype,HLA-A6901,0,3,50,de novo,False
CD22_l61_int_wildtype,HLA-A8001,1,3,49,de novo,False
CD22_l61_int_wildtype,HLA-B0702,0,0,53,de novo,True
CD22_l61_int_wildtype,HLA-B0801,0,0,53,de novo,False
CD22_l61_int_wildtype,HLA-A3301,1,2,50,de novo,False
CD22_l61_int_wildtype,HLA-A2603,0,3,50,de novo,False
CD22_l61_int_wildtype,HLA-A0202,0,1,52,de novo,False
CD22_l61_int_wildtype,HLA-A2601,0,2,51,de novo,False
CD22_l61_int_wildtype,HLA-B0802,1,8,44,de novo,False
CD22_l61_int_wildtype,HLA-A0203,0,1,52,de novo,False
CD22_l61_int_wildtype,HLA-A0205,0,1,52,de novo,False
CD22_l61_int_wildtype,HLA-A0206,0,0,53,de novo,False
CD22_l61_int_wildtype,HLA-A0207,0,1,52,de novo,False
CD22_l61_int_wildtype,HLA-A0211,1,1,51,de novo,False
CD22_l61_int_wildtype,HLA-A0212,1,1,51,de novo,False
CD22_l61_int_wildtype,HLA-A0216,1,2,50,de novo,False
CD22_l61_int_wildtype,HLA-A0217,0,1,52,de novo,False
CD22_l61_int_wildtype,HLA-A0219,1,1,51,de novo,False
CD22_l61_int_wildtype,HLA-A0250,1,1,51,de novo,False
CD22_l61_int_wildtype,HLA-A0301,0,2,51,de novo,True
CD22_l61_int_wildtype,HLA-A1101,0,6,47,de novo,False
CD22_l61_int_wildtype,HLA-A2301,0,2,51,de novo,False
CD22_l61_int_wildtype,HLA-A2402,0,1,52,de novo,False
CD22_l61_int_wildtype,HLA-A2403,0,2,51,de novo,False
CD22_l61_int_wildtype,HLA-A2501,2,2,49,de novo,False
CD22_l61_int_wildtype,HLA-A2602,1,4,48,de novo,False
CD22_l61_int_wildtype,HLA-B0803,2,7,44,de novo,False
CD22_l61_int_wildtype,HLA-B4501,1,3,49,de novo,False
CD22_l61_int_wildtype,HLA-B1501,0,0,53,de novo,False
CD22_l61_int_wildtype,HLA-B5401,0,0,53,de novo,False
CD22_l61_int_wildtype,HLA-B5701,0,1,52,de novo,False
CD22_l61_int_wildtype,HLA-B5801,0,0,53,de novo,False
CD22_l61_int_wildtype,HLA-B5802,0,1,52,de novo,False
CD22_l61_int_wildtype,HLA-B7301,1,0,52,de novo,False
CD22_l61_int_wildtype,HLA-B8301,0,3,50,de novo,False
CD22_l61_int_wildtype,HLA-C0303,0,4,49,de novo,False
CD22_l61_int_wildtype,HLA-B5301,0,0,53,de novo,False
CD22_l61_int_wildtype,HLA-C0401,0,8,45,de novo,False
CD22_l61_int_wildtype,HLA-C0602,1,2,50,de novo,False
CD22_l61_int_wildtype,HLA-C0701,1,3,49,de novo,True
CD22_l61_int_wildtype,HLA-C0702,2,2,49,de novo,False
CD22_l61_int_wildtype,HLA-C0802,0,3,50,de novo,False
CD22_l61_int_wildtype,HLA-C1203,0,3,50,de novo,False
CD22_l61_int_wildtype,HLA-C1402,2,5,46,de novo,False
CD22_l61_int_wildtype,HLA-A0201,0,1,52,de novo,True
CD22_l61_int_wildtype,HLA-C0501,0,3,50,de novo,False
CD22_l61_int_wildtype,HLA-B5101,0,0,53,de novo,False
CD22_l61_int_wildtype,HLA-B4801,1,3,49,de novo,False
CD22_l61_int_wildtype,HLA-B4601,0,0,53,de novo,False
CD22_l61_int_wildtype,HLA-B1502,1,3,49,de novo,False
CD22_l61_int_wildtype,HLA-B1503,1,5,47,de novo,False
CD22_l61_int_wildtype,HLA-B1509,0,4,49,de novo,False
CD22_l61_int_wildtype,HLA-B1517,0,3,50,de novo,False
CD22_l61_int_wildtype,HLA-B1801,1,4,48,de novo,False
CD22_l61_int_wildtype,HLA-B2705,0,1,52,de novo,False
CD22_l61_int_wildtype,HLA-B2720,2,1,50,de novo,False
CD22_l61_int_wildtype,HLA-B3501,0,1,52,de novo,False
CD22_l61_int_wildtype,HLA-B3503,0,0,53,de novo,False
CD22_l61_int_wildtype,HLA-B3801,0,1,52,de novo,False
CD22_l61_int_wildtype,HLA-B3901,0,2,51,de novo,False
CD22_l61_int_wildtype,HLA-B4001,2,0,51,de novo,False
CD22_l61_int_wildtype,HLA-B4002,1,3,49,de novo,False
CD22_l61_int_wildtype,HLA-B4013,2,1,50,de novo,False
CD22_l61_int_wildtype,HLA-B4201,0,0,53,de novo,False
CD22_l61_int_wildtype,HLA-B4402,1,3,49,de novo,False
CD22_l61_int_wildtype,HLA-B4403,2,2,49,de novo,False
CD22_l61_int_wildtype,HLA-B1402,0,2,51,de novo,False
CD22_l61_int_wildtype,HLA-A0101,0,3,50,de novo,True
CD22_l61_int_wildtype,HLA-C1502,0,6,47,de novo,False
CD22_l61_nonint_0714,HLA-A0101,0,0,53,de novo,True
CD22_l61_nonint_0714,HLA-B4402,1,2,50,de novo,False
CD22_l61_nonint_0714,HLA-B4201,0,0,53,de novo,False
CD22_l61_nonint_0714,HLA-B4013,1,6,46,de novo,False
CD22_l61_nonint_0714,HLA-B4002,1,1,51,de novo,False
CD22_l61_nonint_0714,HLA-B4001,2,1,50,de novo,False
CD22_l61_nonint_0714,HLA-B3901,1,4,48,de novo,False
CD22_l61_nonint_0714,HLA-B3801,1,0,52,de novo,False
CD22_l61_nonint_0714,HLA-B4403,2,2,49,de novo,False
CD22_l61_nonint_0714,HLA-B3503,1,1,51,de novo,False
CD22_l61_nonint_0714,HLA-B2720,2,2,49,de novo,False
CD22_l61_nonint_0714,HLA-B2705,0,2,51,de novo,False
CD22_l61_nonint_0714,HLA-B1801,1,3,49,de novo,False
CD22_l61_nonint_0714,HLA-B1517,0,7,46,de novo,False
CD22_l61_nonint_0714,HLA-B1509,0,5,48,de novo,False
CD22_l61_nonint_0714,HLA-B1503,3,4,46,de novo,False
CD22_l61_nonint_0714,HLA-B1502,1,3,49,de novo,False
CD22_l61_nonint_0714,HLA-B3501,0,1,52,de novo,False
CD22_l61_nonint_0714,HLA-B4601,0,1,52,de novo,False
CD22_l61_nonint_0714,HLA-B4801,1,3,49,de novo,False
CD22_l61_nonint_0714,HLA-B5101,0,1,52,de novo,False
CD22_l61_nonint_0714,HLA-C1502,1,4,48,de novo,False
CD22_l61_nonint_0714,HLA-C1402,3,7,43,de novo,False
CD22_l61_nonint_0714,HLA-C1203,0,5,48,de novo,False
CD22_l61_nonint_0714,HLA-C0802,0,4,49,de novo,False
CD22_l61_nonint_0714,HLA-C0702,2,2,49,de novo,False
CD22_l61_nonint_0714,HLA-C0701,1,4,48,de novo,True
CD22_l61_nonint_0714,HLA-C0602,1,3,49,de novo,False
CD22_l61_nonint_0714,HLA-C0501,0,4,49,de novo,False
CD22_l61_nonint_0714,HLA-C0401,2,4,47,de novo,False
CD22_l61_nonint_0714,HLA-C0303,0,6,47,de novo,False
CD22_l61_nonint_0714,HLA-B8301,0,4,49,de novo,False
CD22_l61_nonint_0714,HLA-B7301,1,1,51,de novo,False
CD22_l61_nonint_0714,HLA-B5802,0,0,53,de novo,False
CD22_l61_nonint_0714,HLA-B5801,0,2,51,de novo,False
CD22_l61_nonint_0714,HLA-B5701,0,1,52,de novo,False
CD22_l61_nonint_0714,HLA-B5401,0,0,53,de novo,False
CD22_l61_nonint_0714,HLA-B5301,0,1,52,de novo,False
CD22_l61_nonint_0714,HLA-B1501,1,1,51,de novo,False
CD22_l61_nonint_0714,HLA-B1402,0,2,51,de novo,False
CD22_l61_nonint_0714,HLA-B4501,0,2,51,de novo,False
CD22_l61_nonint_0714,HLA-B0802,1,8,44,de novo,False
CD22_l61_nonint_0714,HLA-A2403,2,5,46,de novo,False
CD22_l61_nonint_0714,HLA-A2402,1,2,50,de novo,False
CD22_l61_nonint_0714,HLA-A2301,0,3,50,de novo,False
CD22_l61_nonint_0714,HLA-A1101,0,2,51,de novo,False
CD22_l61_nonint_0714,HLA-A0301,0,0,53,de novo,True
CD22_l61_nonint_0714,HLA-A0250,1,3,49,de novo,False
CD22_l61_nonint_0714,HLA-A0217,0,1,52,de novo,False
CD22_l61_nonint_0714,HLA-A0216,2,2,49,de novo,False
CD22_l61_nonint_0714,HLA-A0212,1,1,51,de novo,False
CD22_l61_nonint_0714,HLA-A0211,0,2,51,de novo,False
CD22_l61_nonint_0714,HLA-A0207,1,0,52,de novo,False
CD22_l61_nonint_0714,HLA-A0206,0,0,53,de novo,False
CD22_l61_nonint_0714,HLA-A0205,0,1,52,de novo,False
CD22_l61_nonint_0714,HLA-A0203,0,0,53,de novo,False
CD22_l61_nonint_0714,HLA-A0202,0,2,51,de novo,False
CD22_l61_nonint_0714,HLA-B0803,3,7,43,de novo,False
CD22_l61_nonint_0714,HLA-A0201,0,1,52,de novo,True
CD22_l61_nonint_0714,HLA-A2501,2,0,51,de novo,False
CD22_l61_nonint_0714,HLA-A2601,0,3,50,de novo,False
CD22_l61_nonint_0714,HLA-A0219,1,1,51,de novo,False
CD22_l61_nonint_0714,HLA-B0702,0,0,53,de novo,True
CD22_l61_nonint_0714,HLA-B0801,0,1,52,de novo,False
CD22_l61_nonint_0714,HLA-A2602,0,4,49,de novo,False
CD22_l61_nonint_0714,HLA-A8001,1,3,49,de novo,False
CD22_l61_nonint_0714,HLA-A6901,0,2,51,de novo,False
CD22_l61_nonint_0714,HLA-A6823,3,2,48,de novo,False
CD22_l61_nonint_0714,HLA-A6802,0,1,52,de novo,False
CD22_l61_nonint_0714,HLA-A6601,2,4,47,de novo,False
CD22_l61_nonint_0714,HLA-A3301,1,0,52,de novo,False
CD22_l61_nonint_0714,HLA-A6801,1,0,52,de novo,False
CD22_l61_nonint_0714,HLA-A3207,4,3,46,de novo,False
CD22_l61_nonint_0714,HLA-A3201,1,1,51,de novo,False
CD22_l61_nonint_0714,HLA-A3101,1,0,52,de novo,False
CD22_l61_nonint_0714,HLA-A3002,1,4,48,de novo,False
CD22_l61_nonint_0714,HLA-A3001,0,4,49,de novo,False
CD22_l61_nonint_0714,HLA-A2902,2,1,50,de novo,False
CD22_l61_nonint_0714,HLA-A2603,0,3,50,de novo,False
CD22_l61_nonint_0714,HLA-A3215,0,4,49,de novo,False
CD22_l61_nonint_0779,HLA-B4013,2,1,50,de novo,False
CD22_l61_nonint_0779,HLA-B3501,0,0,53,de novo,False
CD22_l61_nonint_0779,HLA-B4002,2,2,49,de novo,False
CD22_l61_nonint_0779,HLA-B4001,3,0,50,de novo,False
CD22_l61_nonint_0779,HLA-B3901,0,3,50,de novo,False
CD22_l61_nonint_0779,HLA-B3801,0,1,52,de novo,False
CD22_l61_nonint_0779,HLA-B3503,0,1,52,de novo,False
CD22_l61_nonint_0779,HLA-B2720,2,2,49,de novo,False
CD22_l61_nonint_0779,HLA-B1402,0,2,51,de novo,False
CD22_l61_nonint_0779,HLA-B1801,2,2,49,de novo,False
CD22_l61_nonint_0779,HLA-B1517,0,4,49,de novo,False
CD22_l61_nonint_0779,HLA-B1509,1,4,48,de novo,False
CD22_l61_nonint_0779,HLA-B1503,1,5,47,de novo,False
CD22_l61_nonint_0779,HLA-B1502,1,3,49,de novo,False
CD22_l61_nonint_0779,HLA-B1501,0,1,52,de novo,False
CD22_l61_nonint_0779,HLA-B4201,0,0,53,de novo,False
CD22_l61_nonint_0779,HLA-B2705,0,1,52,de novo,False
CD22_l61_nonint_0779,HLA-B4402,1,3,49,de novo,False
CD22_l61_nonint_0779,HLA-C0802,0,4,49,de novo,False
CD22_l61_nonint_0779,HLA-B4501,0,2,51,de novo,False
CD22_l61_nonint_0779,HLA-B0803,2,5,46,de novo,False
CD22_l61_nonint_0779,HLA-C0702,2,3,48,de novo,False
CD22_l61_nonint_0779,HLA-C0701,1,2,50,de novo,True
CD22_l61_nonint_0779,HLA-C0602,1,3,49,de novo,False
CD22_l61_nonint_0779,HLA-C0501,0,4,49,de novo,False
CD22_l61_nonint_0779,HLA-C0401,2,5,46,de novo,False
CD22_l61_nonint_0779,HLA-C0303,1,2,50,de novo,False
CD22_l61_nonint_0779,HLA-B8301,0,2,51,de novo,False
CD22_l61_nonint_0779,HLA-B7301,1,2,50,de novo,False
CD22_l61_nonint_0779,HLA-B5802,0,0,53,de novo,False
CD22_l61_nonint_0779,HLA-B5801,0,0,53,de novo,False
CD22_l61_nonint_0779,HLA-B5701,0,1,52,de novo,False
CD22_l61_nonint_0779,HLA-B5401,0,0,53,de novo,False
CD22_l61_nonint_0779,HLA-B5301,0,0,53,de novo,False
CD22_l61_nonint_0779,HLA-B5101,0,0,53,de novo,False
CD22_l61_nonint_0779,HLA-B4801,1,3,49,de novo,False
CD22_l61_nonint_0779,HLA-B4601,0,1,52,de novo,False
CD22_l61_nonint_0779,HLA-B4403,2,2,49,de novo,False
CD22_l61_nonint_0779,HLA-B0802,1,8,44,de novo,False
CD22_l61_nonint_0779,HLA-C1502,0,5,48,de novo,False
CD22_l61_nonint_0779,HLA-B0702,0,0,53,de novo,True
CD22_l61_nonint_0779,HLA-A1101,0,3,50,de novo,False
CD22_l61_nonint_0779,HLA-A0301,0,2,51,de novo,True
CD22_l61_nonint_0779,HLA-A0250,1,0,52,de novo,False
CD22_l61_nonint_0779,HLA-A0219,1,0,52,de novo,False
CD22_l61_nonint_0779,HLA-A0217,0,1,52,de novo,False
CD22_l61_nonint_0779,HLA-A0216,1,1,51,de novo,False
CD22_l61_nonint_0779,HLA-A0212,1,2,50,de novo,False
CD22_l61_nonint_0779,HLA-A2301,0,2,51,de novo,False
CD22_l61_nonint_0779,HLA-A0211,1,1,51,de novo,False
CD22_l61_nonint_0779,HLA-A0206,0,1,52,de novo,False
CD22_l61_nonint_0779,HLA-A0205,0,1,52,de novo,False
CD22_l61_nonint_0779,HLA-A0203,0,1,52,de novo,False
CD22_l61_nonint_0779,HLA-A0202,0,0,53,de novo,False
CD22_l61_nonint_0779,HLA-A0201,0,1,52,de novo,True
CD22_l61_nonint_0779,HLA-A0101,0,1,52,de novo,True
CD22_l61_nonint_0779,HLA-C1203,0,3,50,de novo,False
CD22_l61_nonint_0779,HLA-A0207,0,1,52,de novo,False
CD22_l61_nonint_0779,HLA-A2402,0,2,51,de novo,False
CD22_l61_nonint_0779,HLA-A2403,0,2,51,de novo,False
CD22_l61_nonint_0779,HLA-A2501,0,3,50,de novo,False
CD22_l61_nonint_0779,HLA-A8001,1,3,49,de novo,False
CD22_l61_nonint_0779,HLA-A6901,0,2,51,de novo,False
CD22_l61_nonint_0779,HLA-A6823,2,3,48,de novo,False
CD22_l61_nonint_0779,HLA-A6802,1,0,52,de novo,False
CD22_l61_nonint_0779,HLA-A6801,0,0,53,de novo,False
CD22_l61_nonint_0779,HLA-A6601,1,5,47,de novo,False
CD22_l61_nonint_0779,HLA-A3301,0,2,51,de novo,False
CD22_l61_nonint_0779,HLA-A3215,0,3,50,de novo,False
CD22_l61_nonint_0779,HLA-A3207,2,2,49,de novo,False
CD22_l61_nonint_0779,HLA-A3201,1,3,49,de novo,False
CD22_l61_nonint_0779,HLA-A3101,0,2,51,de novo,False
CD22_l61_nonint_0779,HLA-A3002,1,2,50,de novo,False
CD22_l61_nonint_0779,HLA-A3001,0,3,50,de novo,False
CD22_l61_nonint_0779,HLA-A2902,1,1,51,de novo,False
CD22_l61_nonint_0779,HLA-A2603,0,3,50,de novo,False
CD22_l61_nonint_0779,HLA-A2602,0,3,50,de novo,False
CD22_l61_nonint_0779,HLA-A2601,0,1,52,de novo,False
CD22_l61_nonint_0779,HLA-B0801,0,1,52,de novo,False
CD22_l61_nonint_0779,HLA-C1402,3,3,47,de novo,False
CD22_l61_nonint_4434,HLA-A0101,0,1,52,de novo,True
CD22_l61_nonint_4434,HLA-C1502,0,3,50,de novo,False
CD22_l61_nonint_4434,HLA-A2902,1,1,51,de novo,False
CD22_l61_nonint_4434,HLA-A3001,0,4,49,de novo,False
CD22_l61_nonint_4434,HLA-A3002,1,2,50,de novo,False
CD22_l61_nonint_4434,HLA-A3101,0,2,51,de novo,False
CD22_l61_nonint_4434,HLA-A3201,1,3,49,de novo,False
CD22_l61_nonint_4434,HLA-A3207,2,2,49,de novo,False
CD22_l61_nonint_4434,HLA-A3215,0,3,50,de novo,False
CD22_l61_nonint_4434,HLA-A2602,1,2,50,de novo,False
CD22_l61_nonint_4434,HLA-A3301,1,0,52,de novo,False
CD22_l61_nonint_4434,HLA-A6801,0,3,50,de novo,False
CD22_l61_nonint_4434,HLA-A6802,1,1,51,de novo,False
CD22_l61_nonint_4434,HLA-A6823,2,1,50,de novo,False
CD22_l61_nonint_4434,HLA-A6901,0,2,51,de novo,False
CD22_l61_nonint_4434,HLA-A8001,2,2,49,de novo,False
CD22_l61_nonint_4434,HLA-B0702,0,0,53,de novo,True
CD22_l61_nonint_4434,HLA-B0801,0,0,53,de novo,False
CD22_l61_nonint_4434,HLA-A6601,2,2,49,de novo,False
CD22_l61_nonint_4434,HLA-B0802,2,6,45,de novo,False
CD22_l61_nonint_4434,HLA-A2601,0,2,51,de novo,False
CD22_l61_nonint_4434,HLA-A2403,0,2,51,de novo,False
CD22_l61_nonint_4434,HLA-A0201,0,1,52,de novo,True
CD22_l61_nonint_4434,HLA-A0202,0,1,52,de novo,False
CD22_l61_nonint_4434,HLA-A0203,0,0,53,de novo,False
CD22_l61_nonint_4434,HLA-A0205,0,1,52,de novo,False
CD22_l61_nonint_4434,HLA-A0206,0,0,53,de novo,False
CD22_l61_nonint_4434,HLA-A0207,0,1,52,de novo,False
CD22_l61_nonint_4434,HLA-A0211,1,0,52,de novo,False
CD22_l61_nonint_4434,HLA-A2501,0,2,51,de novo,False
CD22_l61_nonint_4434,HLA-A0212,1,0,52,de novo,False
CD22_l61_nonint_4434,HLA-A0217,1,0,52,de novo,False
CD22_l61_nonint_4434,HLA-A0219,1,0,52,de novo,False
CD22_l61_nonint_4434,HLA-A0250,1,0,52,de novo,False
CD22_l61_nonint_4434,HLA-A0301,0,1,52,de novo,True
CD22_l61_nonint_4434,HLA-A1101,0,4,49,de novo,False
CD22_l61_nonint_4434,HLA-A2301,0,2,51,de novo,False
CD22_l61_nonint_4434,HLA-A2402,0,3,50,de novo,False
CD22_l61_nonint_4434,HLA-A0216,1,0,52,de novo,False
CD22_l61_nonint_4434,HLA-B0803,1,7,45,de novo,False
CD22_l61_nonint_4434,HLA-A2603,0,3,50,de novo,False
CD22_l61_nonint_4434,HLA-B1501,0,0,53,de novo,False
CD22_l61_nonint_4434,HLA-B5101,0,0,53,de novo,False
CD22_l61_nonint_4434,HLA-B5301,0,0,53,de novo,False
CD22_l61_nonint_4434,HLA-B5401,0,0,53,de novo,False
CD22_l61_nonint_4434,HLA-B5701,0,1,52,de novo,False
CD22_l61_nonint_4434,HLA-B5801,0,1,52,de novo,False
CD22_l61_nonint_4434,HLA-B5802,0,1,52,de novo,False
CD22_l61_nonint_4434,HLA-B7301,1,1,51,de novo,False
CD22_l61_nonint_4434,HLA-B8301,0,3,50,de novo,False
CD22_l61_nonint_4434,HLA-C0303,0,2,51,de novo,False
CD22_l61_nonint_4434,HLA-C0401,1,4,48,de novo,False
CD22_l61_nonint_4434,HLA-C0501,0,1,52,de novo,False
CD22_l61_nonint_4434,HLA-C0602,1,2,50,de novo,False
CD22_l61_nonint_4434,HLA-C0701,1,4,48,de novo,True
CD22_l61_nonint_4434,HLA-C0702,2,1,50,de novo,False
CD22_l61_nonint_4434,HLA-C0802,0,2,51,de novo,False
CD22_l61_nonint_4434,HLA-C1203,0,2,51,de novo,False
CD22_l61_nonint_4434,HLA-B1402,0,2,51,de novo,False
CD22_l61_nonint_4434,HLA-B4801,1,2,50,de novo,False
CD22_l61_nonint_4434,HLA-B4601,0,1,52,de novo,False
CD22_l61_nonint_4434,HLA-C1402,2,3,48,de novo,False
CD22_l61_nonint_4434,HLA-B2705,0,1,52,de novo,False
CD22_l61_nonint_4434,HLA-B1502,0,3,50,de novo,False
CD22_l61_nonint_4434,HLA-B1503,1,3,49,de novo,False
CD22_l61_nonint_4434,HLA-B1509,0,5,48,de novo,False
CD22_l61_nonint_4434,HLA-B1517,0,3,50,de novo,False
CD22_l61_nonint_4434,HLA-B1801,1,4,48,de novo,False
CD22_l61_nonint_4434,HLA-B4501,0,2,51,de novo,False
CD22_l61_nonint_4434,HLA-B2720,1,2,50,de novo,False
CD22_l61_nonint_4434,HLA-B3503,0,1,52,de novo,False
CD22_l61_nonint_4434,HLA-B3501,0,0,53,de novo,False
CD22_l61_nonint_4434,HLA-B3901,1,0,52,de novo,False
CD22_l61_nonint_4434,HLA-B4001,2,1,50,de novo,False
CD22_l61_nonint_4434,HLA-B4002,1,3,49,de novo,False
CD22_l61_nonint_4434,HLA-B4013,0,5,48,de novo,False
CD22_l61_nonint_4434,HLA-B4201,0,0,53,de novo,False
CD22_l61_nonint_4434,HLA-B4402,2,2,49,de novo,False
CD22_l61_nonint_4434,HLA-B4403,2,2,49,de novo,False
CD22_l61_nonint_4434,HLA-B3801,1,0,52,de novo,False
CD22_l61_int_2538,HLA-B4001,0,1,52,de novo,False
CD22_l61_int_2538,HLA-B3901,1,1,51,de novo,False
CD22_l61_int_2538,HLA-B4002,0,2,51,de novo,False
CD22_l61_int_2538,HLA-B1501,0,1,52,de novo,False
CD22_l61_int_2538,HLA-B4201,0,0,53,de novo,False
CD22_l61_int_2538,HLA-B4402,0,1,52,de novo,False
CD22_l61_int_2538,HLA-B4013,2,1,50,de novo,False
CD22_l61_int_2538,HLA-B3801,0,2,51,de novo,False
CD22_l61_int_2538,HLA-B1502,1,1,51,de novo,False
CD22_l61_int_2538,HLA-B3501,0,0,53,de novo,False
CD22_l61_int_2538,HLA-B2720,2,0,51,de novo,False
CD22_l61_int_2538,HLA-B2705,0,0,53,de novo,False
CD22_l61_int_2538,HLA-B1801,0,1,52,de novo,False
CD22_l61_int_2538,HLA-B1517,0,1,52,de novo,False
CD22_l61_int_2538,HLA-B1509,2,0,51,de novo,False
CD22_l61_int_2538,HLA-B1503,1,3,49,de novo,False
CD22_l61_int_2538,HLA-B4403,0,1,52,de novo,False
CD22_l61_int_2538,HLA-B3503,0,1,52,de novo,False
CD22_l61_int_2538,HLA-B4501,1,1,51,de novo,False
CD22_l61_int_2538,HLA-B7301,0,0,53,de novo,False
CD22_l61_int_2538,HLA-B4801,1,2,50,de novo,False
CD22_l61_int_2538,HLA-C1402,0,6,47,de novo,False
CD22_l61_int_2538,HLA-C1203,0,1,52,de novo,False
CD22_l61_int_2538,HLA-C0802,1,1,51,de novo,False
CD22_l61_int_2538,HLA-C0702,0,2,51,de novo,False
CD22_l61_int_2538,HLA-C0701,1,1,51,de novo,True
CD22_l61_int_2538,HLA-C0602,0,1,52,de novo,False
CD22_l61_int_2538,HLA-C0501,1,0,52,de novo,False
CD22_l61_int_2538,HLA-B4601,0,0,53,de novo,False
CD22_l61_int_2538,HLA-C0401,0,2,51,de novo,False
CD22_l61_int_2538,HLA-B8301,0,0,53,de novo,False
CD22_l61_int_2538,HLA-B5802,0,1,52,de novo,False
CD22_l61_int_2538,HLA-B5801,0,2,51,de novo,False
CD22_l61_int_2538,HLA-B5701,0,0,53,de novo,False
CD22_l61_int_2538,HLA-B5401,0,0,53,de novo,False
CD22_l61_int_2538,HLA-B5301,0,0,53,de novo,False
CD22_l61_int_2538,HLA-B5101,0,0,53,de novo,False
CD22_l61_int_2538,HLA-C0303,0,3,50,de novo,False
CD22_l61_int_2538,HLA-B1402,0,2,51,de novo,False
CD22_l61_int_2538,HLA-A0101,0,3,50,de novo,True
CD22_l61_int_2538,HLA-B0802,1,3,49,de novo,False
CD22_l61_int_2538,HLA-A2402,0,2,51,de novo,False
CD22_l61_int_2538,HLA-A2301,0,1,52,de novo,False
CD22_l61_int_2538,HLA-A1101,0,3,50,de novo,False
CD22_l61_int_2538,HLA-A0301,0,1,52,de novo,True
CD22_l61_int_2538,HLA-A0250,2,1,50,de novo,False
CD22_l61_int_2538,HLA-A0219,2,0,51,de novo,False
CD22_l61_int_2538,HLA-A0217,0,2,51,de novo,False
CD22_l61_int_2538,HLA-A0216,1,2,50,de novo,False
CD22_l61_int_2538,HLA-A0212,2,1,50,de novo,False
CD22_l61_int_2538,HLA-A0211,1,2,50,de novo,False
CD22_l61_int_2538,HLA-A0207,0,2,51,de novo,False
CD22_l61_int_2538,HLA-A0206,1,1,51,de novo,False
CD22_l61_int_2538,HLA-A0205,0,1,52,de novo,False
CD22_l61_int_2538,HLA-A0203,0,2,51,de novo,False
CD22_l61_int_2538,HLA-A0202,1,0,52,de novo,False
CD22_l61_int_2538,HLA-A0201,0,2,51,de novo,True
CD22_l61_int_2538,HLA-C1502,0,3,50,de novo,False
CD22_l61_int_2538,HLA-A2403,0,4,49,de novo,False
CD22_l61_int_2538,HLA-B0803,2,3,48,de novo,False
CD22_l61_int_2538,HLA-A2501,2,2,49,de novo,False
CD22_l61_int_2538,HLA-A2602,0,2,51,de novo,False
CD22_l61_int_2538,HLA-B0801,0,0,53,de novo,False
CD22_l61_int_2538,HLA-B0702,0,0,53,de novo,True
CD22_l61_int_2538,HLA-A8001,1,1,51,de novo,False
CD22_l61_int_2538,HLA-A6901,1,2,50,de novo,False
CD22_l61_int_2538,HLA-A6823,0,1,52,de novo,False
CD22_l61_int_2538,HLA-A6802,1,1,51,de novo,False
CD22_l61_int_2538,HLA-A6801,0,1,52,de novo,False
CD22_l61_int_2538,HLA-A6601,0,1,52,de novo,False
CD22_l61_int_2538,HLA-A3301,0,1,52,de novo,False
CD22_l61_int_2538,HLA-A3215,0,1,52,de novo,False
CD22_l61_int_2538,HLA-A3207,2,1,50,de novo,False
CD22_l61_int_2538,HLA-A3201,1,1,51,de novo,False
CD22_l61_int_2538,HLA-A3101,0,1,52,de novo,False
CD22_l61_int_2538,HLA-A3002,1,1,51,de novo,False
CD22_l61_int_2538,HLA-A3001,1,0,52,de novo,False
CD22_l61_int_2538,HLA-A2902,0,1,52,de novo,False
CD22_l61_int_2538,HLA-A2603,0,2,51,de novo,False
CD22_l61_int_2538,HLA-A2601,1,0,52,de novo,False
CD22_l61_int_1846,HLA-A0101,0,2,51,de novo,True
CD22_l61_int_1846,HLA-A0201,0,2,51,de novo,True
CD22_l61_int_1846,HLA-B1402,0,1,52,de novo,False
CD22_l61_int_1846,HLA-B4402,0,2,51,de novo,False
CD22_l61_int_1846,HLA-B4201,0,0,53,de novo,False
CD22_l61_int_1846,HLA-B4013,2,2,49,de novo,False
CD22_l61_int_1846,HLA-B4002,0,3,50,de novo,False
CD22_l61_int_1846,HLA-B4001,1,1,51,de novo,False
CD22_l61_int_1846,HLA-B3901,1,1,51,de novo,False
CD22_l61_int_1846,HLA-B3801,0,1,52,de novo,False
CD22_l61_int_1846,HLA-B4403,0,0,53,de novo,False
CD22_l61_int_1846,HLA-B3503,0,1,52,de novo,False
CD22_l61_int_1846,HLA-B2720,1,1,51,de novo,False
CD22_l61_int_1846,HLA-B2705,0,0,53,de novo,False
CD22_l61_int_1846,HLA-B1801,0,0,53,de novo,False
CD22_l61_int_1846,HLA-B1517,0,2,51,de novo,False
CD22_l61_int_1846,HLA-B1509,0,2,51,de novo,False
CD22_l61_int_1846,HLA-B1503,3,2,48,de novo,False
CD22_l61_int_1846,HLA-B1502,1,3,49,de novo,False
CD22_l61_int_1846,HLA-B3501,0,0,53,de novo,False
CD22_l61_int_1846,HLA-B1501,1,1,51,de novo,False
CD22_l61_int_1846,HLA-B4501,1,1,51,de novo,False
CD22_l61_int_1846,HLA-B4801,1,2,50,de novo,False
CD22_l61_int_1846,HLA-C1203,1,0,52,de novo,False
CD22_l61_int_1846,HLA-C0802,1,1,51,de novo,False
CD22_l61_int_1846,HLA-C0702,0,3,50,de novo,False
CD22_l61_int_1846,HLA-C0701,0,2,51,de novo,True
CD22_l61_int_1846,HLA-C0602,0,2,51,de novo,False
CD22_l61_int_1846,HLA-C0501,1,1,51,de novo,False
CD22_l61_int_1846,HLA-C0401,1,4,48,de novo,False
CD22_l61_int_1846,HLA-B4601,0,1,52,de novo,False
CD22_l61_int_1846,HLA-C0303,0,3,50,de novo,False
CD22_l61_int_1846,HLA-B7301,0,1,52,de novo,False
CD22_l61_int_1846,HLA-B5802,0,1,52,de novo,False
CD22_l61_int_1846,HLA-B5801,0,1,52,de novo,False
CD22_l61_int_1846,HLA-B5701,0,0,53,de novo,False
CD22_l61_int_1846,HLA-B5401,0,0,53,de novo,False
CD22_l61_int_1846,HLA-B5301,0,0,53,de novo,False
CD22_l61_int_1846,HLA-B5101,0,0,53,de novo,False
CD22_l61_int_1846,HLA-B8301,0,1,52,de novo,False
CD22_l61_int_1846,HLA-C1402,0,6,47,de novo,False
CD22_l61_int_1846,HLA-C1502,1,4,48,de novo,False
CD22_l61_int_1846,HLA-B0802,2,4,47,de novo,False
CD22_l61_int_1846,HLA-A2403,0,4,49,de novo,False
CD22_l61_int_1846,HLA-A2402,0,2,51,de novo,False
CD22_l61_int_1846,HLA-A2301,0,1,52,de novo,False
CD22_l61_int_1846,HLA-A1101,0,4,49,de novo,False
CD22_l61_int_1846,HLA-A0301,0,3,50,de novo,True
CD22_l61_int_1846,HLA-A0250,1,2,50,de novo,False
CD22_l61_int_1846,HLA-A0219,1,0,52,de novo,False
CD22_l61_int_1846,HLA-A2501,1,2,50,de novo,False
CD22_l61_int_1846,HLA-A0217,0,1,52,de novo,False
CD22_l61_int_1846,HLA-A0212,1,1,51,de novo,False
CD22_l61_int_1846,HLA-A0211,2,0,51,de novo,False
CD22_l61_int_1846,HLA-A0207,0,1,52,de novo,False
CD22_l61_int_1846,HLA-A0206,1,0,52,de novo,False
CD22_l61_int_1846,HLA-A0205,0,0,53,de novo,False
CD22_l61_int_1846,HLA-A0203,0,2,51,de novo,False
CD22_l61_int_1846,HLA-A0202,0,1,52,de novo,False
CD22_l61_int_1846,HLA-A0216,2,0,51,de novo,False
CD22_l61_int_1846,HLA-B0803,2,5,46,de novo,False
CD22_l61_int_1846,HLA-A2601,0,2,51,de novo,False
CD22_l61_int_1846,HLA-A2603,0,1,52,de novo,False
CD22_l61_int_1846,HLA-B0801,0,0,53,de novo,False
CD22_l61_int_1846,HLA-B0702,0,0,53,de novo,True
CD22_l61_int_1846,HLA-A8001,1,0,52,de novo,False
CD22_l61_int_1846,HLA-A6901,1,1,51,de novo,False
CD22_l61_int_1846,HLA-A6823,0,2,51,de novo,False
CD22_l61_int_1846,HLA-A6802,1,1,51,de novo,False
CD22_l61_int_1846,HLA-A6801,0,1,52,de novo,False
CD22_l61_int_1846,HLA-A2602,0,3,50,de novo,False
CD22_l61_int_1846,HLA-A6601,0,4,49,de novo,False
CD22_l61_int_1846,HLA-A3215,0,2,51,de novo,False
CD22_l61_int_1846,HLA-A3207,2,2,49,de novo,False
CD22_l61_int_1846,HLA-A3201,1,2,50,de novo,False
CD22_l61_int_1846,HLA-A3101,0,1,52,de novo,False
CD22_l61_int_1846,HLA-A3002,0,2,51,de novo,False
CD22_l61_int_1846,HLA-A3001,0,1,52,de novo,False
CD22_l61_int_1846,HLA-A2902,0,1,52,de novo,False
CD22_l61_int_1846,HLA-A3301,0,1,52,de novo,False
CD22_l61_int_1967,HLA-C1502,0,4,49,de novo,False
CD22_l61_int_1967,HLA-A0101,0,1,52,de novo,True
CD22_l61_int_1967,HLA-B0803,1,5,47,de novo,False
CD22_l61_int_1967,HLA-B4402,0,3,50,de novo,False
CD22_l61_int_1967,HLA-B4201,0,0,53,de novo,False
CD22_l61_int_1967,HLA-B4013,2,1,50,de novo,False
CD22_l61_int_1967,HLA-B4002,0,2,51,de novo,False
CD22_l61_int_1967,HLA-B4001,1,2,50,de novo,False
CD22_l61_int_1967,HLA-B3901,1,0,52,de novo,False
CD22_l61_int_1967,HLA-B3801,0,1,52,de novo,False
CD22_l61_int_1967,HLA-B4403,0,3,50,de novo,False
CD22_l61_int_1967,HLA-B3503,0,1,52,de novo,False
CD22_l61_int_1967,HLA-B2720,1,1,51,de novo,False
CD22_l61_int_1967,HLA-B2705,0,0,53,de novo,False
CD22_l61_int_1967,HLA-B1801,0,2,51,de novo,False
CD22_l61_int_1967,HLA-B1517,0,2,51,de novo,False
CD22_l61_int_1967,HLA-B1509,0,3,50,de novo,False
CD22_l61_int_1967,HLA-B1503,2,2,49,de novo,False
CD22_l61_int_1967,HLA-B1502,1,1,51,de novo,False
CD22_l61_int_1967,HLA-B3501,0,0,53,de novo,False
CD22_l61_int_1967,HLA-B1501,0,2,51,de novo,False
CD22_l61_int_1967,HLA-B4501,1,1,51,de novo,False
CD22_l61_int_1967,HLA-B4801,1,2,50,de novo,False
CD22_l61_int_1967,HLA-C1203,0,2,51,de novo,False
CD22_l61_int_1967,HLA-C0802,0,2,51,de novo,False
CD22_l61_int_1967,HLA-C0702,0,2,51,de novo,False
CD22_l61_int_1967,HLA-C0701,0,2,51,de novo,True
CD22_l61_int_1967,HLA-C0602,0,1,52,de novo,False
CD22_l61_int_1967,HLA-C0501,0,1,52,de novo,False
CD22_l61_int_1967,HLA-C0401,0,2,51,de novo,False
CD22_l61_int_1967,HLA-B4601,0,0,53,de novo,False
CD22_l61_int_1967,HLA-C0303,0,2,51,de novo,False
CD22_l61_int_1967,HLA-B7301,0,0,53,de novo,False
CD22_l61_int_1967,HLA-B5802,0,1,52,de novo,False
CD22_l61_int_1967,HLA-B5801,0,1,52,de novo,False
CD22_l61_int_1967,HLA-B5701,0,1,52,de novo,False
CD22_l61_int_1967,HLA-B5401,0,0,53,de novo,False
CD22_l61_int_1967,HLA-B5301,0,0,53,de novo,False
CD22_l61_int_1967,HLA-B5101,0,0,53,de novo,False
CD22_l61_int_1967,HLA-B8301,0,0,53,de novo,False
CD22_l61_int_1967,HLA-B1402,0,2,51,de novo,False
CD22_l61_int_1967,HLA-C1402,0,5,48,de novo,False
CD22_l61_int_1967,HLA-B0802,1,4,48,de novo,False
CD22_l61_int_1967,HLA-A2402,0,1,52,de novo,False
CD22_l61_int_1967,HLA-A2301,0,1,52,de novo,False
CD22_l61_int_1967,HLA-A1101,0,3,50,de novo,False
CD22_l61_int_1967,HLA-A0301,0,0,53,de novo,True
CD22_l61_int_1967,HLA-A0250,1,1,51,de novo,False
CD22_l61_int_1967,HLA-A0219,1,1,51,de novo,False
CD22_l61_int_1967,HLA-A0217,0,2,51,de novo,False
CD22_l61_int_1967,HLA-A2403,0,2,51,de novo,False
CD22_l61_int_1967,HLA-A0216,1,1,51,de novo,False
CD22_l61_int_1967,HLA-A0211,1,2,50,de novo,False
CD22_l61_int_1967,HLA-A0207,0,1,52,de novo,False
CD22_l61_int_1967,HLA-A0206,0,2,51,de novo,False
CD22_l61_int_1967,HLA-A0205,0,1,52,de novo,False
CD22_l61_int_1967,HLA-A0203,0,1,52,de novo,False
CD22_l61_int_1967,HLA-A0202,0,0,53,de novo,False
CD22_l61_int_1967,HLA-A0201,0,1,52,de novo,True
CD22_l61_int_1967,HLA-A0212,1,1,51,de novo,False
CD22_l61_int_1967,HLA-A2501,1,3,49,de novo,False
CD22_l61_int_1967,HLA-A2601,1,1,51,de novo,False
CD22_l61_int_1967,HLA-A2602,1,1,51,de novo,False
CD22_l61_int_1967,HLA-B0801,0,0,53,de novo,False
CD22_l61_int_1967,HLA-B0702,0,0,53,de novo,True
CD22_l61_int_1967,HLA-A8001,1,1,51,de novo,False
CD22_l61_int_1967,HLA-A6901,1,1,51,de novo,False
CD22_l61_int_1967,HLA-A6823,0,2,51,de novo,False
CD22_l61_int_1967,HLA-A6802,1,1,51,de novo,False
CD22_l61_int_1967,HLA-A6801,0,1,52,de novo,False
CD22_l61_int_1967,HLA-A6601,1,2,50,de novo,False
CD22_l61_int_1967,HLA-A3301,0,1,52,de novo,False
CD22_l61_int_1967,HLA-A3215,0,1,52,de novo,False
CD22_l61_int_1967,HLA-A3207,1,1,51,de novo,False
CD22_l61_int_1967,HLA-A3201,1,1,51,de novo,False
CD22_l61_int_1967,HLA-A3101,0,1,52,de novo,False
CD22_l61_int_1967,HLA-A3002,0,2,51,de novo,False
CD22_l61_int_1967,HLA-A3001,2,0,51,de novo,False
CD22_l61_int_1967,HLA-A2902,0,1,52,de novo,False
CD22_l61_int_1967,HLA-A2603,0,1,52,de novo,False
CD22_l61_nonint_1227,HLA-A0101,0,2,51,de novo,True
CD22_l61_nonint_1227,HLA-A0201,0,1,52,de novo,True
CD22_l61_nonint_1227,HLA-A0202,0,1,52,de novo,False
CD22_l61_nonint_1227,HLA-B4501,0,2,51,de novo,False
CD22_l61_nonint_1227,HLA-B4403,3,4,46,de novo,False
CD22_l61_nonint_1227,HLA-B4402,3,4,46,de novo,False
CD22_l61_nonint_1227,HLA-B4201,0,0,53,de novo,False
CD22_l61_nonint_1227,HLA-B4013,1,1,51,de novo,False
CD22_l61_nonint_1227,HLA-B4002,2,3,48,de novo,False
CD22_l61_nonint_1227,HLA-B4001,3,1,49,de novo,False
CD22_l61_nonint_1227,HLA-B3901,0,2,51,de novo,False
CD22_l61_nonint_1227,HLA-B3801,0,1,52,de novo,False
CD22_l61_nonint_1227,HLA-B3503,0,2,51,de novo,False
CD22_l61_nonint_1227,HLA-B2720,1,3,49,de novo,False
CD22_l61_nonint_1227,HLA-B2705,0,1,52,de novo,False
CD22_l61_nonint_1227,HLA-B1801,2,4,47,de novo,False
CD22_l61_nonint_1227,HLA-B1517,0,4,49,de novo,False
CD22_l61_nonint_1227,HLA-B1509,0,3,50,de novo,False
CD22_l61_nonint_1227,HLA-B1503,1,4,48,de novo,False
CD22_l61_nonint_1227,HLA-B4601,0,1,52,de novo,False
CD22_l61_nonint_1227,HLA-B4801,1,1,51,de novo,False
CD22_l61_nonint_1227,HLA-B5101,0,0,53,de novo,False
CD22_l61_nonint_1227,HLA-B5301,0,0,53,de novo,False
CD22_l61_nonint_1227,HLA-C1502,0,5,48,de novo,False
CD22_l61_nonint_1227,HLA-C1402,2,5,46,de novo,False
CD22_l61_nonint_1227,HLA-C1203,0,2,51,de novo,False
CD22_l61_nonint_1227,HLA-C0802,0,4,49,de novo,False
CD22_l61_nonint_1227,HLA-C0702,2,3,48,de novo,False
CD22_l61_nonint_1227,HLA-C0701,1,3,49,de novo,True
CD22_l61_nonint_1227,HLA-C0602,1,1,51,de novo,False
CD22_l61_nonint_1227,HLA-B1502,0,4,49,de novo,False
CD22_l61_nonint_1227,HLA-C0501,0,5,48,de novo,False
CD22_l61_nonint_1227,HLA-C0303,0,5,48,de novo,False
CD22_l61_nonint_1227,HLA-B8301,0,3,50,de novo,False
CD22_l61_nonint_1227,HLA-B7301,1,1,51,de novo,False
CD22_l61_nonint_1227,HLA-B5802,0,1,52,de novo,False
CD22_l61_nonint_1227,HLA-B5801,0,0,53,de novo,False
CD22_l61_nonint_1227,HLA-B5701,0,1,52,de novo,False
CD22_l61_nonint_1227,HLA-B5401,0,0,53,de novo,False
CD22_l61_nonint_1227,HLA-C0401,1,8,44,de novo,False
CD22_l61_nonint_1227,HLA-B1501,0,0,53,de novo,False
CD22_l61_nonint_1227,HLA-B3501,0,0,53,de novo,False
CD22_l61_nonint_1227,HLA-B0803,1,7,45,de novo,False
CD22_l61_nonint_1227,HLA-A2601,0,2,51,de novo,False
CD22_l61_nonint_1227,HLA-A2501,1,4,48,de novo,False
CD22_l61_nonint_1227,HLA-A2403,0,3,50,de novo,False
CD22_l61_nonint_1227,HLA-A2402,0,2,51,de novo,False
CD22_l61_nonint_1227,HLA-A2301,0,2,51,de novo,False
CD22_l61_nonint_1227,HLA-B1402,0,4,49,de novo,False
CD22_l61_nonint_1227,HLA-A0301,0,2,51,de novo,True
CD22_l61_nonint_1227,HLA-A0250,1,2,50,de novo,False
CD22_l61_nonint_1227,HLA-A0219,1,0,52,de novo,False
CD22_l61_nonint_1227,HLA-A0217,1,0,52,de novo,False
CD22_l61_nonint_1227,HLA-A0216,1,1,51,de novo,False
CD22_l61_nonint_1227,HLA-A0212,1,1,51,de novo,False
CD22_l61_nonint_1227,HLA-A0211,1,0,52,de novo,False
CD22_l61_nonint_1227,HLA-A0207,0,1,52,de novo,False
CD22_l61_nonint_1227,HLA-A0206,0,0,53,de novo,False
CD22_l61_nonint_1227,HLA-A0205,0,1,52,de novo,False
CD22_l61_nonint_1227,HLA-A0203,0,0,53,de novo,False
CD22_l61_nonint_1227,HLA-A2602,1,4,48,de novo,False
CD22_l61_nonint_1227,HLA-A2603,0,5,48,de novo,False
CD22_l61_nonint_1227,HLA-A1101,0,3,50,de novo,False
CD22_l61_nonint_1227,HLA-B0802,1,7,45,de novo,False
CD22_l61_nonint_1227,HLA-A2902,1,2,50,de novo,False
CD22_l61_nonint_1227,HLA-B0801,0,0,53,de novo,False
CD22_l61_nonint_1227,HLA-B0702,0,0,53,de novo,True
CD22_l61_nonint_1227,HLA-A8001,1,3,49,de novo,False
CD22_l61_nonint_1227,HLA-A6901,0,3,50,de novo,False
CD22_l61_nonint_1227,HLA-A6802,1,1,51,de novo,False
CD22_l61_nonint_1227,HLA-A6801,1,1,51,de novo,False
CD22_l61_nonint_1227,HLA-A6823,2,4,47,de novo,False
CD22_l61_nonint_1227,HLA-A3301,1,2,50,de novo,False
CD22_l61_nonint_1227,HLA-A3215,0,4,49,de novo,False
CD22_l61_nonint_1227,HLA-A3207,3,0,50,de novo,False
CD22_l61_nonint_1227,HLA-A3201,1,1,51,de novo,False
CD22_l61_nonint_1227,HLA-A3101,0,3,50,de novo,False
CD22_l61_nonint_1227,HLA-A3002,1,2,50,de novo,False
CD22_l61_nonint_1227,HLA-A3001,0,3,50,de novo,False
CD22_l61_nonint_1227,HLA-A6601,2,3,48,de novo,False
CD22_l61_nonint_1279,HLA-A3001,0,3,50,de novo,False
CD22_l61_nonint_1279,HLA-A3301,0,1,52,de novo,False
CD22_l61_nonint_1279,HLA-A3002,0,2,51,de novo,False
CD22_l61_nonint_1279,HLA-A3101,0,0,53,de novo,False
CD22_l61_nonint_1279,HLA-A3201,2,0,51,de novo,False
CD22_l61_nonint_1279,HLA-A3207,0,4,49,de novo,False
CD22_l61_nonint_1279,HLA-A3215,0,2,51,de novo,False
CD22_l61_nonint_1279,HLA-A6601,2,1,50,de novo,False
CD22_l61_nonint_1279,HLA-B0802,0,5,48,de novo,False
CD22_l61_nonint_1279,HLA-A6802,0,2,51,de novo,False
CD22_l61_nonint_1279,HLA-A6823,1,2,50,de novo,False
CD22_l61_nonint_1279,HLA-A6901,0,2,51,de novo,False
CD22_l61_nonint_1279,HLA-A8001,1,2,50,de novo,False
CD22_l61_nonint_1279,HLA-B0702,0,0,53,de novo,True
CD22_l61_nonint_1279,HLA-B0801,0,1,52,de novo,False
CD22_l61_nonint_1279,HLA-A2902,1,0,52,de novo,False
CD22_l61_nonint_1279,HLA-A6801,0,3,50,de novo,False
CD22_l61_nonint_1279,HLA-A2603,0,2,51,de novo,False
CD22_l61_nonint_1279,HLA-B0803,1,8,44,de novo,False
CD22_l61_nonint_1279,HLA-A2601,0,2,51,de novo,False
CD22_l61_nonint_1279,HLA-A0101,0,0,53,de novo,True
CD22_l61_nonint_1279,HLA-A0203,0,0,53,de novo,False
CD22_l61_nonint_1279,HLA-A0205,0,1,52,de novo,False
CD22_l61_nonint_1279,HLA-A0206,0,1,52,de novo,False
CD22_l61_nonint_1279,HLA-A0207,0,1,52,de novo,False
CD22_l61_nonint_1279,HLA-A0211,0,2,51,de novo,False
CD22_l61_nonint_1279,HLA-A0212,0,3,50,de novo,False
CD22_l61_nonint_1279,HLA-A0216,2,0,51,de novo,False
CD22_l61_nonint_1279,HLA-A0217,0,1,52,de novo,False
CD22_l61_nonint_1279,HLA-A0219,1,0,52,de novo,False
CD22_l61_nonint_1279,HLA-A0250,0,2,51,de novo,False
CD22_l61_nonint_1279,HLA-A0301,0,2,51,de novo,True
CD22_l61_nonint_1279,HLA-A1101,1,1,51,de novo,False
CD22_l61_nonint_1279,HLA-A2301,0,1,52,de novo,False
CD22_l61_nonint_1279,HLA-A2402,1,1,51,de novo,False
CD22_l61_nonint_1279,HLA-A2403,1,3,49,de novo,False
CD22_l61_nonint_1279,HLA-A2501,0,3,50,de novo,False
CD22_l61_nonint_1279,HLA-A2602,0,5,48,de novo,False
CD22_l61_nonint_1279,HLA-B1402,0,3,50,de novo,False
CD22_l61_nonint_1279,HLA-C1502,0,3,50,de novo,False
CD22_l61_nonint_1279,HLA-B1502,1,3,49,de novo,False
CD22_l61_nonint_1279,HLA-B5401,0,0,53,de novo,False
CD22_l61_nonint_1279,HLA-B5701,0,0,53,de novo,False
CD22_l61_nonint_1279,HLA-B5801,0,0,53,de novo,False
CD22_l61_nonint_1279,HLA-B5802,0,2,51,de novo,False
CD22_l61_nonint_1279,HLA-B7301,1,0,52,de novo,False
CD22_l61_nonint_1279,HLA-B8301,0,1,52,de novo,False
CD22_l61_nonint_1279,HLA-C0303,0,3,50,de novo,False
CD22_l61_nonint_1279,HLA-B5301,0,1,52,de novo,False
CD22_l61_nonint_1279,HLA-C0401,1,4,48,de novo,False
CD22_l61_nonint_1279,HLA-C0602,2,1,50,de novo,False
CD22_l61_nonint_1279,HLA-C0701,1,4,48,de novo,True
CD22_l61_nonint_1279,HLA-C0702,1,1,51,de novo,False
CD22_l61_nonint_1279,HLA-C0802,0,2,51,de novo,False
CD22_l61_nonint_1279,HLA-C1203,0,1,52,de novo,False
CD22_l61_nonint_1279,HLA-C1402,2,2,49,de novo,False
CD22_l61_nonint_1279,HLA-A0202,0,0,53,de novo,False
CD22_l61_nonint_1279,HLA-C0501,0,2,51,de novo,False
CD22_l61_nonint_1279,HLA-B5101,0,0,53,de novo,False
CD22_l61_nonint_1279,HLA-B4801,1,5,47,de novo,False
CD22_l61_nonint_1279,HLA-B4601,0,0,53,de novo,False
CD22_l61_nonint_1279,HLA-B1503,3,2,48,de novo,False
CD22_l61_nonint_1279,HLA-B1509,1,3,49,de novo,False
CD22_l61_nonint_1279,HLA-B1517,0,3,50,de novo,False
CD22_l61_nonint_1279,HLA-B1801,1,3,49,de novo,False
CD22_l61_nonint_1279,HLA-B2705,0,1,52,de novo,False
CD22_l61_nonint_1279,HLA-B2720,2,2,49,de novo,False
CD22_l61_nonint_1279,HLA-B3501,0,1,52,de novo,False
CD22_l61_nonint_1279,HLA-B3503,0,2,51,de novo,False
CD22_l61_nonint_1279,HLA-B3801,1,0,52,de novo,False
CD22_l61_nonint_1279,HLA-B3901,1,3,49,de novo,False
CD22_l61_nonint_1279,HLA-B4001,4,0,49,de novo,False
CD22_l61_nonint_1279,HLA-B4002,2,2,49,de novo,False
CD22_l61_nonint_1279,HLA-B4013,1,4,48,de novo,False
CD22_l61_nonint_1279,HLA-B4201,0,0,53,de novo,False
CD22_l61_nonint_1279,HLA-B4402,1,4,48,de novo,False
CD22_l61_nonint_1279,HLA-B4403,2,4,47,de novo,False
CD22_l61_nonint_1279,HLA-B4501,0,2,51,de novo,False
CD22_l61_nonint_1279,HLA-B1501,1,1,51,de novo,False
CD22_l61_nonint_1279,HLA-A0201,0,0,53,de novo,True
CD22_l61_int_0508,HLA-A0203,0,2,51,de novo,False
CD22_l61_int_0508,HLA-A0101,0,3,50,de novo,True
CD22_l61_int_0508,HLA-A3002,0,2,51,de novo,False
CD22_l61_int_0508,HLA-A3101,0,1,52,de novo,False
CD22_l61_int_0508,HLA-A3201,2,0,51,de novo,False
CD22_l61_int_0508,HLA-A3207,2,3,48,de novo,False
CD22_l61_int_0508,HLA-A3215,0,2,51,de novo,False
CD22_l61_int_0508,HLA-A3301,0,1,52,de novo,False
CD22_l61_int_0508,HLA-A6601,1,2,50,de novo,False
CD22_l61_int_0508,HLA-A3001,1,0,52,de novo,False
CD22_l61_int_0508,HLA-A6801,0,1,52,de novo,False
CD22_l61_int_0508,HLA-A6823,0,2,51,de novo,False
CD22_l61_int_0508,HLA-A6901,1,3,49,de novo,False
CD22_l61_int_0508,HLA-A8001,1,1,51,de novo,False
CD22_l61_int_0508,HLA-B0702,0,0,53,de novo,True
CD22_l61_int_0508,HLA-B0801,0,0,53,de novo,False
CD22_l61_int_0508,HLA-B0802,1,4,48,de novo,False
CD22_l61_int_0508,HLA-B0803,2,4,47,de novo,False
CD22_l61_int_0508,HLA-A6802,1,1,51,de novo,False
CD22_l61_int_0508,HLA-A0201,1,2,50,de novo,True
CD22_l61_int_0508,HLA-A2902,0,1,52,de novo,False
CD22_l61_int_0508,HLA-A2602,0,3,50,de novo,False
CD22_l61_int_0508,HLA-A0205,0,1,52,de novo,False
CD22_l61_int_0508,HLA-A0206,1,1,51,de novo,False
CD22_l61_int_0508,HLA-A0207,0,2,51,de novo,False
CD22_l61_int_0508,HLA-A0211,2,1,50,de novo,False
CD22_l61_int_0508,HLA-A0212,2,1,50,de novo,False
CD22_l61_int_0508,HLA-A0216,2,1,50,de novo,False
CD22_l61_int_0508,HLA-A0217,0,2,51,de novo,False
CD22_l61_int_0508,HLA-A2603,0,1,52,de novo,False
CD22_l61_int_0508,HLA-A0219,2,2,49,de novo,False
CD22_l61_int_0508,HLA-A0301,0,1,52,de novo,True
CD22_l61_int_0508,HLA-A1101,0,3,50,de novo,False
CD22_l61_int_0508,HLA-A2301,0,2,51,de novo,False
CD22_l61_int_0508,HLA-A2402,0,2,51,de novo,False
CD22_l61_int_0508,HLA-A2403,0,4,49,de novo,False
CD22_l61_int_0508,HLA-A2501,2,2,49,de novo,False
CD22_l61_int_0508,HLA-A2601,1,0,52,de novo,False
CD22_l61_int_0508,HLA-A0250,3,0,50,de novo,False
CD22_l61_int_0508,HLA-A0202,1,0,52,de novo,False
CD22_l61_int_0508,HLA-B1501,1,0,52,de novo,False
CD22_l61_int_0508,HLA-B1503,3,1,49,de novo,False
CD22_l61_int_0508,HLA-B5401,0,0,53,de novo,False
CD22_l61_int_0508,HLA-B5701,0,2,51,de novo,False
CD22_l61_int_0508,HLA-B5801,0,1,52,de novo,False
CD22_l61_int_0508,HLA-B5802,0,2,51,de novo,False
CD22_l61_int_0508,HLA-B7301,1,1,51,de novo,False
CD22_l61_int_0508,HLA-B8301,0,1,52,de novo,False
CD22_l61_int_0508,HLA-C0303,0,2,51,de novo,False
CD22_l61_int_0508,HLA-B5301,0,1,52,de novo,False
CD22_l61_int_0508,HLA-C0401,1,5,47,de novo,False
CD22_l61_int_0508,HLA-C0602,0,1,52,de novo,False
CD22_l61_int_0508,HLA-C0701,0,2,51,de novo,True
CD22_l61_int_0508,HLA-C0702,0,4,49,de novo,False
CD22_l61_int_0508,HLA-C0802,1,1,51,de novo,False
CD22_l61_int_0508,HLA-C1203,0,1,52,de novo,False
CD22_l61_int_0508,HLA-C1402,1,5,47,de novo,False
CD22_l61_int_0508,HLA-C1502,0,5,48,de novo,False
CD22_l61_int_0508,HLA-C0501,1,1,51,de novo,False
CD22_l61_int_0508,HLA-B1502,2,1,50,de novo,False
CD22_l61_int_0508,HLA-B5101,0,0,53,de novo,False
CD22_l61_int_0508,HLA-B4601,0,1,52,de novo,False
CD22_l61_int_0508,HLA-B1509,1,3,49,de novo,False
CD22_l61_int_0508,HLA-B1517,0,1,52,de novo,False
CD22_l61_int_0508,HLA-B1801,0,2,51,de novo,False
CD22_l61_int_0508,HLA-B2705,0,1,52,de novo,False
CD22_l61_int_0508,HLA-B2720,1,1,51,de novo,False
CD22_l61_int_0508,HLA-B3501,0,0,53,de novo,False
CD22_l61_int_0508,HLA-B3503,0,0,53,de novo,False
CD22_l61_int_0508,HLA-B4801,1,1,51,de novo,False
CD22_l61_int_0508,HLA-B3801,1,1,51,de novo,False
CD22_l61_int_0508,HLA-B4001,1,1,51,de novo,False
CD22_l61_int_0508,HLA-B4002,0,3,50,de novo,False
CD22_l61_int_0508,HLA-B4013,2,1,50,de novo,False
CD22_l61_int_0508,HLA-B4201,0,0,53,de novo,False
CD22_l61_int_0508,HLA-B4402,0,2,51,de novo,False
CD22_l61_int_0508,HLA-B4403,0,1,52,de novo,False
CD22_l61_int_0508,HLA-B4501,1,0,52,de novo,False
CD22_l61_int_0508,HLA-B3901,1,0,52,de novo,False
CD22_l61_int_0508,HLA-B1402,0,2,51,de novo,False
CD22_l61_nonint_2261,HLA-A0101,0,2,51,de novo,True
CD22_l61_nonint_2261,HLA-B4403,2,2,49,de novo,False
CD22_l61_nonint_2261,HLA-B4501,0,2,51,de novo,False
CD22_l61_nonint_2261,HLA-B4402,2,2,49,de novo,False
CD22_l61_nonint_2261,HLA-B4201,0,1,52,de novo,False
CD22_l61_nonint_2261,HLA-B4013,1,5,47,de novo,False
CD22_l61_nonint_2261,HLA-B4002,1,1,51,de novo,False
CD22_l61_nonint_2261,HLA-B4001,2,1,50,de novo,False
CD22_l61_nonint_2261,HLA-B3901,1,1,51,de novo,False
CD22_l61_nonint_2261,HLA-B4601,0,0,53,de novo,False
CD22_l61_nonint_2261,HLA-B3801,0,1,52,de novo,False
CD22_l61_nonint_2261,HLA-B3501,0,1,52,de novo,False
CD22_l61_nonint_2261,HLA-B2705,0,2,51,de novo,False
CD22_l61_nonint_2261,HLA-B1801,2,2,49,de novo,False
CD22_l61_nonint_2261,HLA-B1517,0,0,53,de novo,False
CD22_l61_nonint_2261,HLA-B1509,1,3,49,de novo,False
CD22_l61_nonint_2261,HLA-B1503,1,4,48,de novo,False
CD22_l61_nonint_2261,HLA-B1502,0,2,51,de novo,False
CD22_l61_nonint_2261,HLA-B3503,0,1,52,de novo,False
CD22_l61_nonint_2261,HLA-B1501,0,0,53,de novo,False
CD22_l61_nonint_2261,HLA-B4801,1,3,49,de novo,False
CD22_l61_nonint_2261,HLA-B5301,0,0,53,de novo,False
CD22_l61_nonint_2261,HLA-C1502,0,1,52,de novo,False
CD22_l61_nonint_2261,HLA-C1402,1,4,48,de novo,False
CD22_l61_nonint_2261,HLA-C1203,0,2,51,de novo,False
CD22_l61_nonint_2261,HLA-C0802,0,0,53,de novo,False
CD22_l61_nonint_2261,HLA-C0702,1,1,51,de novo,False
CD22_l61_nonint_2261,HLA-C0701,1,4,48,de novo,True
CD22_l61_nonint_2261,HLA-C0602,1,3,49,de novo,False
CD22_l61_nonint_2261,HLA-B5101,0,0,53,de novo,False
CD22_l61_nonint_2261,HLA-C0501,0,2,51,de novo,False
CD22_l61_nonint_2261,HLA-C0303,0,4,49,de novo,False
CD22_l61_nonint_2261,HLA-B8301,0,2,51,de novo,False
CD22_l61_nonint_2261,HLA-B7301,1,2,50,de novo,False
CD22_l61_nonint_2261,HLA-B5802,0,2,51,de novo,False
CD22_l61_nonint_2261,HLA-B5801,0,1,52,de novo,False
CD22_l61_nonint_2261,HLA-B5701,0,0,53,de novo,False
CD22_l61_nonint_2261,HLA-B5401,0,0,53,de novo,False
CD22_l61_nonint_2261,HLA-C0401,0,7,46,de novo,False
CD22_l61_nonint_2261,HLA-B1402,0,0,53,de novo,False
CD22_l61_nonint_2261,HLA-B2720,2,3,48,de novo,False
CD22_l61_nonint_2261,HLA-B0802,1,4,48,de novo,False
CD22_l61_nonint_2261,HLA-A2403,1,2,50,de novo,False
CD22_l61_nonint_2261,HLA-A2402,1,1,51,de novo,False
CD22_l61_nonint_2261,HLA-A2301,1,1,51,de novo,False
CD22_l61_nonint_2261,HLA-A1101,0,3,50,de novo,False
CD22_l61_nonint_2261,HLA-A0301,0,0,53,de novo,True
CD22_l61_nonint_2261,HLA-B0803,2,7,44,de novo,False
CD22_l61_nonint_2261,HLA-A0219,1,1,51,de novo,False
CD22_l61_nonint_2261,HLA-A0217,0,1,52,de novo,False
CD22_l61_nonint_2261,HLA-A0216,1,2,50,de novo,False
CD22_l61_nonint_2261,HLA-A0212,1,1,51,de novo,False
CD22_l61_nonint_2261,HLA-A0211,1,2,50,de novo,False
CD22_l61_nonint_2261,HLA-A0207,0,0,53,de novo,False
CD22_l61_nonint_2261,HLA-A0206,0,0,53,de novo,False
CD22_l61_nonint_2261,HLA-A0205,0,0,53,de novo,False
CD22_l61_nonint_2261,HLA-A0203,0,0,53,de novo,False
CD22_l61_nonint_2261,HLA-A0202,0,1,52,de novo,False
CD22_l61_nonint_2261,HLA-A0201,0,1,52,de novo,True
CD22_l61_nonint_2261,HLA-A2501,0,3,50,de novo,False
CD22_l61_nonint_2261,HLA-A2601,0,1,52,de novo,False
CD22_l61_nonint_2261,HLA-A0250,0,2,51,de novo,False
CD22_l61_nonint_2261,HLA-A2603,1,3,49,de novo,False
CD22_l61_nonint_2261,HLA-B0801,0,1,52,de novo,False
CD22_l61_nonint_2261,HLA-A2602,0,4,49,de novo,False
CD22_l61_nonint_2261,HLA-A8001,1,1,51,de novo,False
CD22_l61_nonint_2261,HLA-A6901,0,1,52,de novo,False
CD22_l61_nonint_2261,HLA-A6823,2,1,50,de novo,False
CD22_l61_nonint_2261,HLA-A6802,1,1,51,de novo,False
CD22_l61_nonint_2261,HLA-A6801,1,3,49,de novo,False
CD22_l61_nonint_2261,HLA-A6601,2,2,49,de novo,False
CD22_l61_nonint_2261,HLA-B0702,0,0,53,de novo,True
CD22_l61_nonint_2261,HLA-A3215,0,3,50,de novo,False
CD22_l61_nonint_2261,HLA-A3207,1,2,50,de novo,False
CD22_l61_nonint_2261,HLA-A3201,1,1,51,de novo,False
CD22_l61_nonint_2261,HLA-A3101,0,1,52,de novo,False
CD22_l61_nonint_2261,HLA-A3002,0,1,52,de novo,False
CD22_l61_nonint_2261,HLA-A3001,1,2,50,de novo,False
CD22_l61_nonint_2261,HLA-A2902,0,1,52,de novo,False
CD22_l61_nonint_2261,HLA-A3301,1,1,51,de novo,False
CD22_l61_int_1411,HLA-A2603,0,1,52,de novo,False
CD22_l61_int_1411,HLA-A2902,0,1,52,de novo,False
CD22_l61_int_1411,HLA-A3001,0,1,52,de novo,False
CD22_l61_int_1411,HLA-A3002,0,3,50,de novo,False
CD22_l61_int_1411,HLA-A3101,0,1,52,de novo,False
CD22_l61_int_1411,HLA-A3201,1,2,50,de novo,False
CD22_l61_int_1411,HLA-A3207,2,2,49,de novo,False
CD22_l61_int_1411,HLA-A3215,0,1,52,de novo,False
CD22_l61_int_1411,HLA-A6802,1,2,50,de novo,False
CD22_l61_int_1411,HLA-A6601,1,1,51,de novo,False
CD22_l61_int_1411,HLA-A6801,0,1,52,de novo,False
CD22_l61_int_1411,HLA-A6823,0,1,52,de novo,False
CD22_l61_int_1411,HLA-A6901,1,2,50,de novo,False
CD22_l61_int_1411,HLA-A8001,1,1,51,de novo,False
CD22_l61_int_1411,HLA-B0702,0,0,53,de novo,True
CD22_l61_int_1411,HLA-A2602,0,2,51,de novo,False
CD22_l61_int_1411,HLA-A3301,0,1,52,de novo,False
CD22_l61_int_1411,HLA-A2601,1,1,51,de novo,False
CD22_l61_int_1411,HLA-B0803,2,4,47,de novo,False
CD22_l61_int_1411,HLA-A2403,0,2,51,de novo,False
CD22_l61_int_1411,HLA-B0801,0,0,53,de novo,False
CD22_l61_int_1411,HLA-A0201,0,2,51,de novo,True
CD22_l61_int_1411,HLA-A0202,1,0,52,de novo,False
CD22_l61_int_1411,HLA-A0203,0,2,51,de novo,False
CD22_l61_int_1411,HLA-A0205,0,1,52,de novo,False
CD22_l61_int_1411,HLA-A0206,0,1,52,de novo,False
CD22_l61_int_1411,HLA-A0207,0,2,51,de novo,False
CD22_l61_int_1411,HLA-A0211,1,2,50,de novo,False
CD22_l61_int_1411,HLA-A0212,1,3,49,de novo,False
CD22_l61_int_1411,HLA-A0216,1,3,49,de novo,False
CD22_l61_int_1411,HLA-A0217,0,2,51,de novo,False
CD22_l61_int_1411,HLA-A0219,2,0,51,de novo,False
CD22_l61_int_1411,HLA-A0250,2,1,50,de novo,False
CD22_l61_int_1411,HLA-A0301,0,1,52,de novo,True
CD22_l61_int_1411,HLA-A1101,0,3,50,de novo,False
CD22_l61_int_1411,HLA-A2301,0,1,52,de novo,False
CD22_l61_int_1411,HLA-A2402,0,1,52,de novo,False
CD22_l61_int_1411,HLA-A2501,2,2,49,de novo,False
CD22_l61_int_1411,HLA-B0802,1,3,49,de novo,False
CD22_l61_int_1411,HLA-A0101,0,3,50,de novo,True
CD22_l61_int_1411,HLA-C1502,0,6,47,de novo,False
CD22_l61_int_1411,HLA-B5101,0,0,53,de novo,False
CD22_l61_int_1411,HLA-B5301,0,0,53,de novo,False
CD22_l61_int_1411,HLA-B5401,0,0,53,de novo,False
CD22_l61_int_1411,HLA-B5701,0,1,52,de novo,False
CD22_l61_int_1411,HLA-B5801,0,2,51,de novo,False
CD22_l61_int_1411,HLA-B5802,0,1,52,de novo,False
CD22_l61_int_1411,HLA-B1402,0,0,53,de novo,False
CD22_l61_int_1411,HLA-B8301,0,0,53,de novo,False
CD22_l61_int_1411,HLA-C0303,0,2,51,de novo,False
CD22_l61_int_1411,HLA-C0401,0,4,49,de novo,False
CD22_l61_int_1411,HLA-C0501,1,1,51,de novo,False
CD22_l61_int_1411,HLA-C0602,1,0,52,de novo,False
CD22_l61_int_1411,HLA-C0701,1,0,52,de novo,True
CD22_l61_int_1411,HLA-C0702,1,2,50,de novo,False
CD22_l61_int_1411,HLA-C0802,1,1,51,de novo,False
CD22_l61_int_1411,HLA-C1203,0,2,51,de novo,False
CD22_l61_int_1411,HLA-C1402,2,3,48,de novo,False
CD22_l61_int_1411,HLA-B4801,1,1,51,de novo,False
CD22_l61_int_1411,HLA-B4601,0,0,53,de novo,False
CD22_l61_int_1411,HLA-B7301,0,0,53,de novo,False
CD22_l61_int_1411,HLA-B4403,0,0,53,de novo,False
CD22_l61_int_1411,HLA-B4501,1,0,52,de novo,False
CD22_l61_int_1411,HLA-B1501,0,1,52,de novo,False
CD22_l61_int_1411,HLA-B1502,1,2,50,de novo,False
CD22_l61_int_1411,HLA-B1503,2,5,46,de novo,False
CD22_l61_int_1411,HLA-B1509,1,3,49,de novo,False
CD22_l61_int_1411,HLA-B1801,0,0,53,de novo,False
CD22_l61_int_1411,HLA-B2705,0,0,53,de novo,False
CD22_l61_int_1411,HLA-B2720,1,2,50,de novo,False
CD22_l61_int_1411,HLA-B1517,0,1,52,de novo,False
CD22_l61_int_1411,HLA-B3503,0,0,53,de novo,False
CD22_l61_int_1411,HLA-B3501,0,0,53,de novo,False
CD22_l61_int_1411,HLA-B4201,0,0,53,de novo,False
CD22_l61_int_1411,HLA-B4013,2,1,50,de novo,False
CD22_l61_int_1411,HLA-B4002,0,2,51,de novo,False
CD22_l61_int_1411,HLA-B4402,0,1,52,de novo,False
CD22_l61_int_1411,HLA-B3901,0,1,52,de novo,False
CD22_l61_int_1411,HLA-B3801,0,0,53,de novo,False
CD22_l61_int_1411,HLA-B4001,0,3,50,de novo,False
CD22_l61_int_0469,HLA-A3207,2,0,51,de novo,False
CD22_l61_int_0469,HLA-A2603,0,1,52,de novo,False
CD22_l61_int_0469,HLA-A2902,0,2,51,de novo,False
CD22_l61_int_0469,HLA-A3001,0,1,52,de novo,False
CD22_l61_int_0469,HLA-A3002,0,2,51,de novo,False
CD22_l61_int_0469,HLA-A3101,0,1,52,de novo,False
CD22_l61_int_0469,HLA-A3201,1,0,52,de novo,False
CD22_l61_int_0469,HLA-A3215,0,1,52,de novo,False
CD22_l61_int_0469,HLA-B0801,0,0,53,de novo,False
CD22_l61_int_0469,HLA-A6601,0,4,49,de novo,False
CD22_l61_int_0469,HLA-A6801,0,1,52,de novo,False
CD22_l61_int_0469,HLA-A6802,1,1,51,de novo,False
CD22_l61_int_0469,HLA-A6823,0,1,52,de novo,False
CD22_l61_int_0469,HLA-A6901,1,1,51,de novo,False
CD22_l61_int_0469,HLA-A8001,1,1,51,de novo,False
CD22_l61_int_0469,HLA-B0702,0,0,53,de novo,True
CD22_l61_int_0469,HLA-A3301,0,2,51,de novo,False
CD22_l61_int_0469,HLA-A2602,0,2,51,de novo,False
CD22_l61_int_0469,HLA-A0101,0,2,51,de novo,True
CD22_l61_int_0469,HLA-A2501,2,2,49,de novo,False
CD22_l61_int_0469,HLA-B0802,1,4,48,de novo,False
CD22_l61_int_0469,HLA-A0202,1,0,52,de novo,False
CD22_l61_int_0469,HLA-A0203,0,2,51,de novo,False
CD22_l61_int_0469,HLA-A0205,0,2,51,de novo,False
CD22_l61_int_0469,HLA-A0206,1,2,50,de novo,False
CD22_l61_int_0469,HLA-A0207,0,2,51,de novo,False
CD22_l61_int_0469,HLA-A0211,1,2,50,de novo,False
CD22_l61_int_0469,HLA-A0212,2,1,50,de novo,False
CD22_l61_int_0469,HLA-A0216,1,3,49,de novo,False
CD22_l61_int_0469,HLA-A0217,0,2,51,de novo,False
CD22_l61_int_0469,HLA-A0219,2,1,50,de novo,False
CD22_l61_int_0469,HLA-A0250,2,1,50,de novo,False
CD22_l61_int_0469,HLA-A0301,0,0,53,de novo,True
CD22_l61_int_0469,HLA-A1101,0,4,49,de novo,False
CD22_l61_int_0469,HLA-A2301,0,0,53,de novo,False
CD22_l61_int_0469,HLA-A2402,0,2,51,de novo,False
CD22_l61_int_0469,HLA-A2403,0,3,50,de novo,False
CD22_l61_int_0469,HLA-A2601,1,1,51,de novo,False
CD22_l61_int_0469,HLA-B0803,2,4,47,de novo,False
CD22_l61_int_0469,HLA-B4601,0,0,53,de novo,False
CD22_l61_int_0469,HLA-B1501,0,0,53,de novo,False
CD22_l61_int_0469,HLA-B5401,0,1,52,de novo,False
CD22_l61_int_0469,HLA-B5701,0,0,53,de novo,False
CD22_l61_int_0469,HLA-B5801,0,1,52,de novo,False
CD22_l61_int_0469,HLA-B5802,0,1,52,de novo,False
CD22_l61_int_0469,HLA-B7301,0,0,53,de novo,False
CD22_l61_int_0469,HLA-B8301,0,0,53,de novo,False
CD22_l61_int_0469,HLA-C0303,0,3,50,de novo,False
CD22_l61_int_0469,HLA-B5301,0,0,53,de novo,False
CD22_l61_int_0469,HLA-C0401,0,2,51,de novo,False
CD22_l61_int_0469,HLA-C0602,0,2,51,de novo,False
CD22_l61_int_0469,HLA-C0701,0,3,50,de novo,True
CD22_l61_int_0469,HLA-C0702,0,2,51,de novo,False
CD22_l61_int_0469,HLA-C0802,1,1,51,de novo,False
CD22_l61_int_0469,HLA-C1203,0,2,51,de novo,False
CD22_l61_int_0469,HLA-C1402,0,6,47,de novo,False
CD22_l61_int_0469,HLA-C1502,0,3,50,de novo,False
CD22_l61_int_0469,HLA-C0501,1,1,51,de novo,False
CD22_l61_int_0469,HLA-B5101,0,0,53,de novo,False
CD22_l61_int_0469,HLA-B4801,1,2,50,de novo,False
CD22_l61_int_0469,HLA-B4501,1,2,50,de novo,False
CD22_l61_int_0469,HLA-B1502,0,1,52,de novo,False
CD22_l61_int_0469,HLA-B1503,1,2,50,de novo,False
CD22_l61_int_0469,HLA-B1509,1,2,50,de novo,False
CD22_l61_int_0469,HLA-B1517,0,1,52,de novo,False
CD22_l61_int_0469,HLA-B1801,0,1,52,de novo,False
CD22_l61_int_0469,HLA-B2705,0,0,53,de novo,False
CD22_l61_int_0469,HLA-B2720,1,2,50,de novo,False
CD22_l61_int_0469,HLA-B3501,0,0,53,de novo,False
CD22_l61_int_0469,HLA-B3503,0,0,53,de novo,False
CD22_l61_int_0469,HLA-B3801,0,1,52,de novo,False
CD22_l61_int_0469,HLA-B3901,1,0,52,de novo,False
CD22_l61_int_0469,HLA-B4001,0,2,51,de novo,False
CD22_l61_int_0469,HLA-B4002,1,1,51,de novo,False
CD22_l61_int_0469,HLA-B4013,2,2,49,de novo,False
CD22_l61_int_0469,HLA-B4201,0,0,53,de novo,False
CD22_l61_int_0469,HLA-B4402,0,2,51,de novo,False
CD22_l61_int_0469,HLA-B4403,0,2,51,de novo,False
CD22_l61_int_0469,HLA-B1402,0,1,52,de novo,False
CD22_l61_int_0469,HLA-A0201,0,2,51,de novo,True
CD22_l61_int_3344,HLA-C1502,1,4,48,de novo,False
CD22_l61_int_3344,HLA-C1402,2,3,48,de novo,False
CD22_l61_int_3344,HLA-A2603,1,1,51,de novo,False
CD22_l61_int_3344,HLA-A2902,0,1,52,de novo,False
CD22_l61_int_3344,HLA-A3001,1,0,52,de novo,False
CD22_l61_int_3344,HLA-A3002,0,2,51,de novo,False
CD22_l61_int_3344,HLA-A3101,0,2,51,de novo,False
CD22_l61_int_3344,HLA-A3201,1,1,51,de novo,False
CD22_l61_int_3344,HLA-A3207,2,1,50,de novo,False
CD22_l61_int_3344,HLA-A2602,0,4,49,de novo,False
CD22_l61_int_3344,HLA-A3215,0,3,50,de novo,False
CD22_l61_int_3344,HLA-A6601,1,3,49,de novo,False
CD22_l61_int_3344,HLA-A6801,0,1,52,de novo,False
CD22_l61_int_3344,HLA-A6802,1,0,52,de novo,False
CD22_l61_int_3344,HLA-A6823,2,0,51,de novo,False
CD22_l61_int_3344,HLA-A6901,1,1,51,de novo,False
CD22_l61_int_3344,HLA-A8001,1,1,51,de novo,False
CD22_l61_int_3344,HLA-B0702,0,0,53,de novo,True
CD22_l61_int_3344,HLA-A3301,0,2,51,de novo,False
CD22_l61_int_3344,HLA-B0801,0,0,53,de novo,False
CD22_l61_int_3344,HLA-A2601,1,1,51,de novo,False
CD22_l61_int_3344,HLA-A2403,0,2,51,de novo,False
CD22_l61_int_3344,HLA-A0201,0,3,50,de novo,True
CD22_l61_int_3344,HLA-A0202,1,1,51,de novo,False
CD22_l61_int_3344,HLA-A0203,0,3,50,de novo,False
CD22_l61_int_3344,HLA-A0205,0,1,52,de novo,False
CD22_l61_int_3344,HLA-A0206,1,1,51,de novo,False
CD22_l61_int_3344,HLA-A0207,0,2,51,de novo,False
CD22_l61_int_3344,HLA-A0211,2,1,50,de novo,False
CD22_l61_int_3344,HLA-A2501,2,2,49,de novo,False
CD22_l61_int_3344,HLA-A0212,1,2,50,de novo,False
CD22_l61_int_3344,HLA-A0217,0,2,51,de novo,False
CD22_l61_int_3344,HLA-A0219,2,0,51,de novo,False
CD22_l61_int_3344,HLA-A0250,2,1,50,de novo,False
CD22_l61_int_3344,HLA-A0301,0,1,52,de novo,True
CD22_l61_int_3344,HLA-A1101,0,3,50,de novo,False
CD22_l61_int_3344,HLA-A2301,0,2,51,de novo,False
CD22_l61_int_3344,HLA-A2402,0,1,52,de novo,False
CD22_l61_int_3344,HLA-A0216,2,1,50,de novo,False
CD22_l61_int_3344,HLA-A0101,0,3,50,de novo,True
CD22_l61_int_3344,HLA-B0802,2,3,48,de novo,False
CD22_l61_int_3344,HLA-B1402,1,1,51,de novo,False
CD22_l61_int_3344,HLA-B4801,1,1,51,de novo,False
CD22_l61_int_3344,HLA-B5101,0,0,53,de novo,False
CD22_l61_int_3344,HLA-B5301,0,1,52,de novo,False
CD22_l61_int_3344,HLA-B5401,0,0,53,de novo,False
CD22_l61_int_3344,HLA-B5701,0,1,52,de novo,False
CD22_l61_int_3344,HLA-B5801,0,1,52,de novo,False
CD22_l61_int_3344,HLA-B5802,0,1,52,de novo,False
CD22_l61_int_3344,HLA-B4601,0,1,52,de novo,False
CD22_l61_int_3344,HLA-B7301,0,1,52,de novo,False
CD22_l61_int_3344,HLA-C0303,1,4,48,de novo,False
CD22_l61_int_3344,HLA-C0401,1,3,49,de novo,False
CD22_l61_int_3344,HLA-C0501,1,1,51,de novo,False
CD22_l61_int_3344,HLA-C0602,1,1,51,de novo,False
CD22_l61_int_3344,HLA-C0701,1,3,49,de novo,True
CD22_l61_int_3344,HLA-C0702,0,4,49,de novo,False
CD22_l61_int_3344,HLA-C0802,2,2,49,de novo,False
CD22_l61_int_3344,HLA-B8301,0,2,51,de novo,False
CD22_l61_int_3344,HLA-B0803,2,2,49,de novo,False
CD22_l61_int_3344,HLA-B4501,1,2,50,de novo,False
CD22_l61_int_3344,HLA-B4402,1,1,51,de novo,False
CD22_l61_int_3344,HLA-B1501,1,1,51,de novo,False
CD22_l61_int_3344,HLA-B1502,1,1,51,de novo,False
CD22_l61_int_3344,HLA-B1503,3,1,49,de novo,False
CD22_l61_int_3344,HLA-B1509,0,3,50,de novo,False
CD22_l61_int_3344,HLA-B1517,1,1,51,de novo,False
CD22_l61_int_3344,HLA-B1801,0,1,52,de novo,False
CD22_l61_int_3344,HLA-B2705,0,1,52,de novo,False
CD22_l61_int_3344,HLA-B4403,1,0,52,de novo,False
CD22_l61_int_3344,HLA-B2720,1,1,51,de novo,False
CD22_l61_int_3344,HLA-B3503,0,2,51,de novo,False
CD22_l61_int_3344,HLA-B3801,1,0,52,de novo,False
CD22_l61_int_3344,HLA-B3901,1,2,50,de novo,False
CD22_l61_int_3344,HLA-B4001,1,1,51,de novo,False
CD22_l61_int_3344,HLA-B4002,0,3,50,de novo,False
CD22_l61_int_3344,HLA-B4013,2,1,50,de novo,False
CD22_l61_int_3344,HLA-B4201,0,0,53,de novo,False
CD22_l61_int_3344,HLA-B3501,1,1,51,de novo,False
CD22_l61_int_3344,HLA-C1203,2,1,50,de novo,False
CD22_l61_nonint_0191,HLA-A0201,0,2,51,de novo,True
CD22_l61_nonint_0191,HLA-C1402,3,3,47,de novo,False
CD22_l61_nonint_0191,HLA-A2902,0,1,52,de novo,False
CD22_l61_nonint_0191,HLA-A3001,1,3,49,de novo,False
CD22_l61_nonint_0191,HLA-A3002,0,1,52,de novo,False
CD22_l61_nonint_0191,HLA-A3101,0,2,51,de novo,False
CD22_l61_nonint_0191,HLA-A3201,2,3,48,de novo,False
CD22_l61_nonint_0191,HLA-A3207,1,6,46,de novo,False
CD22_l61_nonint_0191,HLA-A3215,1,2,50,de novo,False
CD22_l61_nonint_0191,HLA-A2603,0,4,49,de novo,False
CD22_l61_nonint_0191,HLA-A3301,1,1,51,de novo,False
CD22_l61_nonint_0191,HLA-A6801,1,1,51,de novo,False
CD22_l61_nonint_0191,HLA-A6802,1,1,51,de novo,False
CD22_l61_nonint_0191,HLA-A6823,2,1,50,de novo,False
CD22_l61_nonint_0191,HLA-A6901,1,1,51,de novo,False
CD22_l61_nonint_0191,HLA-A8001,1,1,51,de novo,False
CD22_l61_nonint_0191,HLA-B0702,0,1,52,de novo,True
CD22_l61_nonint_0191,HLA-B0801,0,1,52,de novo,False
CD22_l61_nonint_0191,HLA-A6601,2,2,49,de novo,False
CD22_l61_nonint_0191,HLA-B0802,1,5,47,de novo,False
CD22_l61_nonint_0191,HLA-A2602,1,3,49,de novo,False
CD22_l61_nonint_0191,HLA-A2501,0,3,50,de novo,False
CD22_l61_nonint_0191,HLA-A0202,0,2,51,de novo,False
CD22_l61_nonint_0191,HLA-A0203,0,1,52,de novo,False
CD22_l61_nonint_0191,HLA-A0205,0,1,52,de novo,False
CD22_l61_nonint_0191,HLA-A0206,1,1,51,de novo,False
CD22_l61_nonint_0191,HLA-A0207,0,0,53,de novo,False
CD22_l61_nonint_0191,HLA-A0211,0,2,51,de novo,False
CD22_l61_nonint_0191,HLA-A0212,0,5,48,de novo,False
CD22_l61_nonint_0191,HLA-A2601,0,3,50,de novo,False
CD22_l61_nonint_0191,HLA-A0216,1,3,49,de novo,False
CD22_l61_nonint_0191,HLA-A0219,2,1,50,de novo,False
CD22_l61_nonint_0191,HLA-A0250,0,4,49,de novo,False
CD22_l61_nonint_0191,HLA-A0301,0,1,52,de novo,True
CD22_l61_nonint_0191,HLA-A1101,0,3,50,de novo,False
CD22_l61_nonint_0191,HLA-A2301,0,2,51,de novo,False
CD22_l61_nonint_0191,HLA-A2402,1,1,51,de novo,False
CD22_l61_nonint_0191,HLA-A2403,1,5,47,de novo,False
CD22_l61_nonint_0191,HLA-A0217,0,2,51,de novo,False
CD22_l61_nonint_0191,HLA-C1502,0,4,49,de novo,False
CD22_l61_nonint_0191,HLA-B0803,2,7,44,de novo,False
CD22_l61_nonint_0191,HLA-B1501,0,1,52,de novo,False
CD22_l61_nonint_0191,HLA-B5101,0,0,53,de novo,False
CD22_l61_nonint_0191,HLA-B5301,0,0,53,de novo,False
CD22_l61_nonint_0191,HLA-B5401,0,0,53,de novo,False
CD22_l61_nonint_0191,HLA-B5701,0,0,53,de novo,False
CD22_l61_nonint_0191,HLA-B5801,0,1,52,de novo,False
CD22_l61_nonint_0191,HLA-B5802,0,1,52,de novo,False
CD22_l61_nonint_0191,HLA-B7301,1,1,51,de novo,False
CD22_l61_nonint_0191,HLA-B4801,2,3,48,de novo,False
CD22_l61_nonint_0191,HLA-B8301,0,2,51,de novo,False
CD22_l61_nonint_0191,HLA-C0401,1,4,48,de novo,False
CD22_l61_nonint_0191,HLA-C0501,0,3,50,de novo,False
CD22_l61_nonint_0191,HLA-C0602,2,3,48,de novo,False
CD22_l61_nonint_0191,HLA-C0701,1,4,48,de novo,True
CD22_l61_nonint_0191,HLA-C0702,1,3,49,de novo,False
CD22_l61_nonint_0191,HLA-C0802,0,0,53,de novo,False
CD22_l61_nonint_0191,HLA-C1203,0,3,50,de novo,False
CD22_l61_nonint_0191,HLA-C0303,0,2,51,de novo,False
CD22_l61_nonint_0191,HLA-B1402,1,3,49,de novo,False
CD22_l61_nonint_0191,HLA-B4601,0,1,52,de novo,False
CD22_l61_nonint_0191,HLA-B4403,3,1,49,de novo,False
CD22_l61_nonint_0191,HLA-B1502,0,6,47,de novo,False
CD22_l61_nonint_0191,HLA-B1503,3,4,46,de novo,False
CD22_l61_nonint_0191,HLA-B1509,0,5,48,de novo,False
CD22_l61_nonint_0191,HLA-B1517,0,2,51,de novo,False
CD22_l61_nonint_0191,HLA-B1801,0,4,49,de novo,False
CD22_l61_nonint_0191,HLA-B2705,0,1,52,de novo,False
CD22_l61_nonint_0191,HLA-B2720,2,5,46,de novo,False
CD22_l61_nonint_0191,HLA-B4501,0,2,51,de novo,False
CD22_l61_nonint_0191,HLA-B3501,0,1,52,de novo,False
CD22_l61_nonint_0191,HLA-B3801,0,1,52,de novo,False
CD22_l61_nonint_0191,HLA-B3901,1,4,48,de novo,False
CD22_l61_nonint_0191,HLA-B4001,3,2,48,de novo,False
CD22_l61_nonint_0191,HLA-B4002,2,1,50,de novo,False
CD22_l61_nonint_0191,HLA-B4013,2,4,47,de novo,False
CD22_l61_nonint_0191,HLA-B4201,0,0,53,de novo,False
CD22_l61_nonint_0191,HLA-B4402,3,3,47,de novo,False
CD22_l61_nonint_0191,HLA-B3503,0,1,52,de novo,False
CD22_l61_nonint_0191,HLA-A0101,0,1,52,de novo,True
CD22_l61_nonint_0247,HLA-A0101,0,1,52,de novo,True
CD22_l61_nonint_0247,HLA-B0803,1,6,46,de novo,False
CD22_l61_nonint_0247,HLA-A2603,0,3,50,de novo,False
CD22_l61_nonint_0247,HLA-A2902,0,1,52,de novo,False
CD22_l61_nonint_0247,HLA-A3001,0,2,51,de novo,False
CD22_l61_nonint_0247,HLA-A3002,0,1,52,de novo,False
CD22_l61_nonint_0247,HLA-A3101,0,1,52,de novo,False
CD22_l61_nonint_0247,HLA-A3201,2,0,51,de novo,False
CD22_l61_nonint_0247,HLA-A3207,0,4,49,de novo,False
CD22_l61_nonint_0247,HLA-A2602,1,3,49,de novo,False
CD22_l61_nonint_0247,HLA-A3215,0,4,49,de novo,False
CD22_l61_nonint_0247,HLA-A6601,2,2,49,de novo,False
CD22_l61_nonint_0247,HLA-A6801,1,4,48,de novo,False
CD22_l61_nonint_0247,HLA-A6802,0,2,51,de novo,False
CD22_l61_nonint_0247,HLA-A6823,1,2,50,de novo,False
CD22_l61_nonint_0247,HLA-A6901,0,3,50,de novo,False
CD22_l61_nonint_0247,HLA-A8001,1,1,51,de novo,False
CD22_l61_nonint_0247,HLA-B0702,0,0,53,de novo,True
CD22_l61_nonint_0247,HLA-A3301,1,0,52,de novo,False
CD22_l61_nonint_0247,HLA-B0801,0,1,52,de novo,False
CD22_l61_nonint_0247,HLA-A2601,0,2,51,de novo,False
CD22_l61_nonint_0247,HLA-A2403,1,3,49,de novo,False
CD22_l61_nonint_0247,HLA-A0201,0,0,53,de novo,True
CD22_l61_nonint_0247,HLA-A0202,0,0,53,de novo,False
CD22_l61_nonint_0247,HLA-A0203,0,0,53,de novo,False
CD22_l61_nonint_0247,HLA-A0205,0,1,52,de novo,False
CD22_l61_nonint_0247,HLA-A0206,0,0,53,de novo,False
CD22_l61_nonint_0247,HLA-A0207,0,0,53,de novo,False
CD22_l61_nonint_0247,HLA-A0211,1,1,51,de novo,False
CD22_l61_nonint_0247,HLA-A2501,0,2,51,de novo,False
CD22_l61_nonint_0247,HLA-A0212,1,2,50,de novo,False
CD22_l61_nonint_0247,HLA-A0217,0,0,53,de novo,False
CD22_l61_nonint_0247,HLA-A0219,1,0,52,de novo,False
CD22_l61_nonint_0247,HLA-A0250,0,2,51,de novo,False
CD22_l61_nonint_0247,HLA-A0301,0,1,52,de novo,True
CD22_l61_nonint_0247,HLA-A1101,1,1,51,de novo,False
CD22_l61_nonint_0247,HLA-A2301,0,1,52,de novo,False
CD22_l61_nonint_0247,HLA-A2402,1,0,52,de novo,False
CD22_l61_nonint_0247,HLA-A0216,1,0,52,de novo,False
CD22_l61_nonint_0247,HLA-B0802,0,5,48,de novo,False
CD22_l61_nonint_0247,HLA-C1402,2,3,48,de novo,False
CD22_l61_nonint_0247,HLA-B1402,0,4,49,de novo,False
CD22_l61_nonint_0247,HLA-B5101,0,1,52,de novo,False
CD22_l61_nonint_0247,HLA-B5301,0,0,53,de novo,False
CD22_l61_nonint_0247,HLA-B5401,0,0,53,de novo,False
CD22_l61_nonint_0247,HLA-B5701,0,0,53,de novo,False
CD22_l61_nonint_0247,HLA-B5801,0,0,53,de novo,False
CD22_l61_nonint_0247,HLA-B5802,0,1,52,de novo,False
CD22_l61_nonint_0247,HLA-B7301,1,0,52,de novo,False
CD22_l61_nonint_0247,HLA-B4801,0,3,50,de novo,False
CD22_l61_nonint_0247,HLA-B8301,0,1,52,de novo,False
CD22_l61_nonint_0247,HLA-C0401,0,6,47,de novo,False
CD22_l61_nonint_0247,HLA-C0501,0,2,51,de novo,False
CD22_l61_nonint_0247,HLA-C0602,1,1,51,de novo,False
CD22_l61_nonint_0247,HLA-C0701,1,1,51,de novo,True
CD22_l61_nonint_0247,HLA-C0702,1,2,50,de novo,False
CD22_l61_nonint_0247,HLA-C0802,0,1,52,de novo,False
CD22_l61_nonint_0247,HLA-C1203,1,2,50,de novo,False
CD22_l61_nonint_0247,HLA-C0303,0,3,50,de novo,False
CD22_l61_nonint_0247,HLA-B4601,1,0,52,de novo,False
CD22_l61_nonint_0247,HLA-B4501,0,1,52,de novo,False
CD22_l61_nonint_0247,HLA-B4403,3,1,49,de novo,False
CD22_l61_nonint_0247,HLA-B1501,0,0,53,de novo,False
CD22_l61_nonint_0247,HLA-B1502,1,3,49,de novo,False
CD22_l61_nonint_0247,HLA-B1503,1,4,48,de novo,False
CD22_l61_nonint_0247,HLA-B1509,0,6,47,de novo,False
CD22_l61_nonint_0247,HLA-B1517,0,2,51,de novo,False
CD22_l61_nonint_0247,HLA-B1801,1,2,50,de novo,False
CD22_l61_nonint_0247,HLA-B2705,0,1,52,de novo,False
CD22_l61_nonint_0247,HLA-B2720,1,3,49,de novo,False
CD22_l61_nonint_0247,HLA-B3501,0,1,52,de novo,False
CD22_l61_nonint_0247,HLA-B3503,0,1,52,de novo,False
CD22_l61_nonint_0247,HLA-B3801,0,1,52,de novo,False
CD22_l61_nonint_0247,HLA-B3901,1,1,51,de novo,False
CD22_l61_nonint_0247,HLA-B4001,1,3,49,de novo,False
CD22_l61_nonint_0247,HLA-B4002,1,1,51,de novo,False
CD22_l61_nonint_0247,HLA-B4013,0,2,51,de novo,False
CD22_l61_nonint_0247,HLA-B4201,0,0,53,de novo,False
CD22_l61_nonint_0247,HLA-B4402,2,2,49,de novo,False
CD22_l61_nonint_0247,HLA-C1502,1,0,52,de novo,False
CD22_l61_nonint_0387,HLA-A0201,0,0,53,de novo,True
CD22_l61_nonint_0387,HLA-A0101,0,3,50,de novo,True
CD22_l61_nonint_0387,HLA-A0202,0,0,53,de novo,False
CD22_l61_nonint_0387,HLA-A3002,0,1,52,de novo,False
CD22_l61_nonint_0387,HLA-A3101,1,1,51,de novo,False
CD22_l61_nonint_0387,HLA-A3201,0,4,49,de novo,False
CD22_l61_nonint_0387,HLA-A3207,0,8,45,de novo,False
CD22_l61_nonint_0387,HLA-A3215,1,4,48,de novo,False
CD22_l61_nonint_0387,HLA-A3301,0,2,51,de novo,False
CD22_l61_nonint_0387,HLA-A6601,2,3,48,de novo,False
CD22_l61_nonint_0387,HLA-A3001,0,2,51,de novo,False
CD22_l61_nonint_0387,HLA-A6801,0,4,49,de novo,False
CD22_l61_nonint_0387,HLA-A6823,2,3,48,de novo,False
CD22_l61_nonint_0387,HLA-A6901,0,4,49,de novo,False
CD22_l61_nonint_0387,HLA-A8001,1,1,51,de novo,False
CD22_l61_nonint_0387,HLA-B0702,0,0,53,de novo,True
CD22_l61_nonint_0387,HLA-B0801,0,1,52,de novo,False
CD22_l61_nonint_0387,HLA-B0802,0,6,47,de novo,False
CD22_l61_nonint_0387,HLA-B0803,2,7,44,de novo,False
CD22_l61_nonint_0387,HLA-A6802,1,2,50,de novo,False
CD22_l61_nonint_0387,HLA-B1402,0,3,50,de novo,False
CD22_l61_nonint_0387,HLA-A2902,0,1,52,de novo,False
CD22_l61_nonint_0387,HLA-A2602,1,6,46,de novo,False
CD22_l61_nonint_0387,HLA-A0205,0,1,52,de novo,False
CD22_l61_nonint_0387,HLA-A0206,0,1,52,de novo,False
CD22_l61_nonint_0387,HLA-A0207,0,0,53,de novo,False
CD22_l61_nonint_0387,HLA-A0211,0,1,52,de novo,False
CD22_l61_nonint_0387,HLA-A0212,1,1,51,de novo,False
CD22_l61_nonint_0387,HLA-A0216,0,3,50,de novo,False
CD22_l61_nonint_0387,HLA-A0217,0,0,53,de novo,False
CD22_l61_nonint_0387,HLA-A2603,0,5,48,de novo,False
CD22_l61_nonint_0387,HLA-A0219,0,0,53,de novo,False
CD22_l61_nonint_0387,HLA-A0301,0,1,52,de novo,True
CD22_l61_nonint_0387,HLA-A1101,1,1,51,de novo,False
CD22_l61_nonint_0387,HLA-A2301,0,2,51,de novo,False
CD22_l61_nonint_0387,HLA-A2402,1,1,51,de novo,False
CD22_l61_nonint_0387,HLA-A2403,1,2,50,de novo,False
CD22_l61_nonint_0387,HLA-A2501,1,2,50,de novo,False
CD22_l61_nonint_0387,HLA-A2601,0,3,50,de novo,False
CD22_l61_nonint_0387,HLA-A0250,0,3,50,de novo,False
CD22_l61_nonint_0387,HLA-A0203,0,0,53,de novo,False
CD22_l61_nonint_0387,HLA-B1501,0,1,52,de novo,False
CD22_l61_nonint_0387,HLA-B1502,1,3,49,de novo,False
CD22_l61_nonint_0387,HLA-B5401,0,0,53,de novo,False
CD22_l61_nonint_0387,HLA-B5701,0,1,52,de novo,False
CD22_l61_nonint_0387,HLA-B5801,0,1,52,de novo,False
CD22_l61_nonint_0387,HLA-B5802,0,0,53,de novo,False
CD22_l61_nonint_0387,HLA-B7301,1,0,52,de novo,False
CD22_l61_nonint_0387,HLA-B8301,0,2,51,de novo,False
CD22_l61_nonint_0387,HLA-C0303,0,3,50,de novo,False
CD22_l61_nonint_0387,HLA-C0401,1,5,47,de novo,False
CD22_l61_nonint_0387,HLA-C0501,0,2,51,de novo,False
CD22_l61_nonint_0387,HLA-C0602,1,3,49,de novo,False
CD22_l61_nonint_0387,HLA-C0701,1,3,49,de novo,True
CD22_l61_nonint_0387,HLA-C0702,1,1,51,de novo,False
CD22_l61_nonint_0387,HLA-C0802,0,1,52,de novo,False
CD22_l61_nonint_0387,HLA-C1203,0,1,52,de novo,False
CD22_l61_nonint_0387,HLA-C1402,2,4,47,de novo,False
CD22_l61_nonint_0387,HLA-B5301,0,0,53,de novo,False
CD22_l61_nonint_0387,HLA-B5101,0,0,53,de novo,False
CD22_l61_nonint_0387,HLA-B4801,0,5,48,de novo,False
CD22_l61_nonint_0387,HLA-B3801,0,1,52,de novo,False
CD22_l61_nonint_0387,HLA-B1503,1,5,47,de novo,False
CD22_l61_nonint_0387,HLA-B1509,0,5,48,de novo,False
CD22_l61_nonint_0387,HLA-B1517,2,3,48,de novo,False
CD22_l61_nonint_0387,HLA-B1801,2,3,48,de novo,False
CD22_l61_nonint_0387,HLA-B2705,0,1,52,de novo,False
CD22_l61_nonint_0387,HLA-B2720,1,3,49,de novo,False
CD22_l61_nonint_0387,HLA-B3501,0,3,50,de novo,False
CD22_l61_nonint_0387,HLA-B3503,0,2,51,de novo,False
CD22_l61_nonint_0387,HLA-C1502,0,2,51,de novo,False
CD22_l61_nonint_0387,HLA-B3901,1,2,50,de novo,False
CD22_l61_nonint_0387,HLA-B4001,3,1,49,de novo,False
CD22_l61_nonint_0387,HLA-B4002,2,2,49,de novo,False
CD22_l61_nonint_0387,HLA-B4013,1,1,51,de novo,False
CD22_l61_nonint_0387,HLA-B4201,0,0,53,de novo,False
CD22_l61_nonint_0387,HLA-B4402,3,2,48,de novo,False
CD22_l61_nonint_0387,HLA-B4403,3,2,48,de novo,False
CD22_l61_nonint_0387,HLA-B4501,0,2,51,de novo,False
CD22_l61_nonint_0387,HLA-B4601,0,1,52,de novo,False
CD22_l61_int_4308,HLA-A0101,0,1,52,de novo,True
CD22_l61_int_4308,HLA-A0202,0,1,52,de novo,False
CD22_l61_int_4308,HLA-C1402,0,5,48,de novo,False
CD22_l61_int_4308,HLA-A3001,0,2,51,de novo,False
CD22_l61_int_4308,HLA-A3002,0,2,51,de novo,False
CD22_l61_int_4308,HLA-A3101,0,1,52,de novo,False
CD22_l61_int_4308,HLA-A3201,0,3,50,de novo,False
CD22_l61_int_4308,HLA-A3207,1,1,51,de novo,False
CD22_l61_int_4308,HLA-A3215,0,1,52,de novo,False
CD22_l61_int_4308,HLA-A3301,0,1,52,de novo,False
CD22_l61_int_4308,HLA-A6601,0,2,51,de novo,False
CD22_l61_int_4308,HLA-A6801,0,1,52,de novo,False
CD22_l61_int_4308,HLA-A6802,1,1,51,de novo,False
CD22_l61_int_4308,HLA-A6823,0,1,52,de novo,False
CD22_l61_int_4308,HLA-A6901,1,1,51,de novo,False
CD22_l61_int_4308,HLA-A8001,1,1,51,de novo,False
CD22_l61_int_4308,HLA-B0702,0,0,53,de novo,True
CD22_l61_int_4308,HLA-B0801,0,0,53,de novo,False
CD22_l61_int_4308,HLA-A2902,0,0,53,de novo,False
CD22_l61_int_4308,HLA-A2603,0,1,52,de novo,False
CD22_l61_int_4308,HLA-A2602,0,2,51,de novo,False
CD22_l61_int_4308,HLA-A2601,1,2,50,de novo,False
CD22_l61_int_4308,HLA-A0203,0,1,52,de novo,False
CD22_l61_int_4308,HLA-A0205,0,1,52,de novo,False
CD22_l61_int_4308,HLA-A0206,0,1,52,de novo,False
CD22_l61_int_4308,HLA-A0207,0,1,52,de novo,False
CD22_l61_int_4308,HLA-A0211,1,1,51,de novo,False
CD22_l61_int_4308,HLA-A0212,1,0,52,de novo,False
CD22_l61_int_4308,HLA-A0216,1,0,52,de novo,False
CD22_l61_int_4308,HLA-B0802,1,3,49,de novo,False
CD22_l61_int_4308,HLA-A0217,0,1,52,de novo,False
CD22_l61_int_4308,HLA-A0250,1,1,51,de novo,False
CD22_l61_int_4308,HLA-A0301,0,1,52,de novo,True
CD22_l61_int_4308,HLA-A1101,0,3,50,de novo,False
CD22_l61_int_4308,HLA-A2301,0,0,53,de novo,False
CD22_l61_int_4308,HLA-A2402,0,1,52,de novo,False
CD22_l61_int_4308,HLA-A2403,0,2,51,de novo,False
CD22_l61_int_4308,HLA-A2501,2,2,49,de novo,False
CD22_l61_int_4308,HLA-A0219,1,1,51,de novo,False
CD22_l61_int_4308,HLA-B0803,2,3,48,de novo,False
CD22_l61_int_4308,HLA-B1402,0,2,51,de novo,False
CD22_l61_int_4308,HLA-B1501,0,1,52,de novo,False
CD22_l61_int_4308,HLA-B5101,0,0,53,de novo,False
CD22_l61_int_4308,HLA-B5301,0,0,53,de novo,False
CD22_l61_int_4308,HLA-B5401,0,0,53,de novo,False
CD22_l61_int_4308,HLA-B5701,1,0,52,de novo,False
CD22_l61_int_4308,HLA-B5801,0,0,53,de novo,False
CD22_l61_int_4308,HLA-B5802,0,1,52,de novo,False
CD22_l61_int_4308,HLA-B7301,0,0,53,de novo,False
CD22_l61_int_4308,HLA-B4801,1,2,50,de novo,False
CD22_l61_int_4308,HLA-B8301,0,0,53,de novo,False
CD22_l61_int_4308,HLA-C0401,0,3,50,de novo,False
CD22_l61_int_4308,HLA-C0501,0,2,51,de novo,False
CD22_l61_int_4308,HLA-C0602,1,0,52,de novo,False
CD22_l61_int_4308,HLA-C0701,1,0,52,de novo,True
CD22_l61_int_4308,HLA-C0702,0,3,50,de novo,False
CD22_l61_int_4308,HLA-C0802,0,2,51,de novo,False
CD22_l61_int_4308,HLA-C1203,0,2,51,de novo,False
CD22_l61_int_4308,HLA-C0303,0,3,50,de novo,False
CD22_l61_int_4308,HLA-C1502,0,3,50,de novo,False
CD22_l61_int_4308,HLA-B4601,0,0,53,de novo,False
CD22_l61_int_4308,HLA-B4403,0,2,51,de novo,False
CD22_l61_int_4308,HLA-B1502,1,1,51,de novo,False
CD22_l61_int_4308,HLA-B1503,1,3,49,de novo,False
CD22_l61_int_4308,HLA-B1509,0,4,49,de novo,False
CD22_l61_int_4308,HLA-B1517,0,1,52,de novo,False
CD22_l61_int_4308,HLA-B1801,0,1,52,de novo,False
CD22_l61_int_4308,HLA-B2705,0,0,53,de novo,False
CD22_l61_int_4308,HLA-B2720,1,1,51,de novo,False
CD22_l61_int_4308,HLA-B4501,1,2,50,de novo,False
CD22_l61_int_4308,HLA-B3501,0,0,53,de novo,False
CD22_l61_int_4308,HLA-B3801,0,0,53,de novo,False
CD22_l61_int_4308,HLA-B3901,0,1,52,de novo,False
CD22_l61_int_4308,HLA-B4001,1,2,50,de novo,False
CD22_l61_int_4308,HLA-B4002,0,2,51,de novo,False
CD22_l61_int_4308,HLA-B4013,2,1,50,de novo,False
CD22_l61_int_4308,HLA-B4201,0,0,53,de novo,False
CD22_l61_int_4308,HLA-B4402,0,5,48,de novo,False
CD22_l61_int_4308,HLA-B3503,0,0,53,de novo,False
CD22_l61_int_4308,HLA-A0201,0,1,52,de novo,True
CD22_l61_int_4515,HLA-B1402,0,1,52,de novo,False
CD22_l61_int_4515,HLA-C1402,2,3,48,de novo,False
CD22_l61_int_4515,HLA-B4201,0,0,53,de novo,False
CD22_l61_int_4515,HLA-B4013,2,2,49,de novo,False
CD22_l61_int_4515,HLA-B4002,0,1,52,de novo,False
CD22_l61_int_4515,HLA-B4001,0,1,52,de novo,False
CD22_l61_int_4515,HLA-B3901,0,1,52,de novo,False
CD22_l61_int_4515,HLA-B3801,0,2,51,de novo,False
CD22_l61_int_4515,HLA-B3503,0,2,51,de novo,False
CD22_l61_int_4515,HLA-B4402,0,0,53,de novo,False
CD22_l61_int_4515,HLA-B3501,0,1,52,de novo,False
CD22_l61_int_4515,HLA-B2705,0,0,53,de novo,False
CD22_l61_int_4515,HLA-B1801,0,1,52,de novo,False
CD22_l61_int_4515,HLA-B1517,0,1,52,de novo,False
CD22_l61_int_4515,HLA-B1509,0,3,50,de novo,False
CD22_l61_int_4515,HLA-B1503,2,3,48,de novo,False
CD22_l61_int_4515,HLA-B1502,2,1,50,de novo,False
CD22_l61_int_4515,HLA-B1501,0,3,50,de novo,False
CD22_l61_int_4515,HLA-B2720,1,4,48,de novo,False
CD22_l61_int_4515,HLA-B0803,2,4,47,de novo,False
CD22_l61_int_4515,HLA-B4403,0,0,53,de novo,False
CD22_l61_int_4515,HLA-B4601,0,0,53,de novo,False
CD22_l61_int_4515,HLA-C0802,1,3,49,de novo,False
CD22_l61_int_4515,HLA-C0702,0,5,48,de novo,False
CD22_l61_int_4515,HLA-C0701,1,3,49,de novo,True
CD22_l61_int_4515,HLA-C0602,0,4,49,de novo,False
CD22_l61_int_4515,HLA-C0501,1,1,51,de novo,False
CD22_l61_int_4515,HLA-C0401,0,6,47,de novo,False
CD22_l61_int_4515,HLA-C0303,0,3,50,de novo,False
CD22_l61_int_4515,HLA-B4501,0,1,52,de novo,False
CD22_l61_int_4515,HLA-B8301,0,1,52,de novo,False
CD22_l61_int_4515,HLA-B5802,0,1,52,de novo,False
CD22_l61_int_4515,HLA-B5801,0,1,52,de novo,False
CD22_l61_int_4515,HLA-B5701,0,0,53,de novo,False
CD22_l61_int_4515,HLA-B5401,0,0,53,de novo,False
CD22_l61_int_4515,HLA-B5301,0,0,53,de novo,False
CD22_l61_int_4515,HLA-B5101,0,0,53,de novo,False
CD22_l61_int_4515,HLA-B4801,1,3,49,de novo,False
CD22_l61_int_4515,HLA-B7301,0,0,53,de novo,False
CD22_l61_int_4515,HLA-C1203,0,3,50,de novo,False
CD22_l61_int_4515,HLA-B0802,2,4,47,de novo,False
CD22_l61_int_4515,HLA-B0702,0,0,53,de novo,True
CD22_l61_int_4515,HLA-A2301,0,1,52,de novo,False
CD22_l61_int_4515,HLA-A1101,0,4,49,de novo,False
CD22_l61_int_4515,HLA-A0301,0,2,51,de novo,True
CD22_l61_int_4515,HLA-A0250,1,2,50,de novo,False
CD22_l61_int_4515,HLA-A0219,1,0,52,de novo,False
CD22_l61_int_4515,HLA-A0217,0,1,52,de novo,False
CD22_l61_int_4515,HLA-A0216,1,2,50,de novo,False
CD22_l61_int_4515,HLA-A2402,0,2,51,de novo,False
CD22_l61_int_4515,HLA-A0212,1,1,51,de novo,False
CD22_l61_int_4515,HLA-A0207,0,1,52,de novo,False
CD22_l61_int_4515,HLA-A0206,0,2,51,de novo,False
CD22_l61_int_4515,HLA-A0205,0,0,53,de novo,False
CD22_l61_int_4515,HLA-A0203,0,2,51,de novo,False
CD22_l61_int_4515,HLA-A0202,0,0,53,de novo,False
CD22_l61_int_4515,HLA-A0201,0,1,52,de novo,True
CD22_l61_int_4515,HLA-A0101,0,3,50,de novo,True
CD22_l61_int_4515,HLA-A0211,1,1,51,de novo,False
CD22_l61_int_4515,HLA-B0801,0,0,53,de novo,False
CD22_l61_int_4515,HLA-A2403,1,1,51,de novo,False
CD22_l61_int_4515,HLA-A2601,0,1,52,de novo,False
CD22_l61_int_4515,HLA-A8001,1,3,49,de novo,False
CD22_l61_int_4515,HLA-A6901,1,2,50,de novo,False
CD22_l61_int_4515,HLA-A6823,1,0,52,de novo,False
CD22_l61_int_4515,HLA-A6802,1,0,52,de novo,False
CD22_l61_int_4515,HLA-A6801,0,1,52,de novo,False
CD22_l61_int_4515,HLA-A6601,1,0,52,de novo,False
CD22_l61_int_4515,HLA-A3301,0,1,52,de novo,False
CD22_l61_int_4515,HLA-A2501,1,3,49,de novo,False
CD22_l61_int_4515,HLA-A3215,0,1,52,de novo,False
CD22_l61_int_4515,HLA-A3201,0,2,51,de novo,False
CD22_l61_int_4515,HLA-A3101,0,1,52,de novo,False
CD22_l61_int_4515,HLA-A3002,1,1,51,de novo,False
CD22_l61_int_4515,HLA-A3001,1,1,51,de novo,False
CD22_l61_int_4515,HLA-A2902,0,1,52,de novo,False
CD22_l61_int_4515,HLA-A2603,0,2,51,de novo,False
CD22_l61_int_4515,HLA-A2602,0,3,50,de novo,False
CD22_l61_int_4515,HLA-A3207,2,1,50,de novo,False
CD22_l61_int_4515,HLA-C1502,1,2,50,de novo,False
CD22_l61_int_2154,HLA-A0201,0,2,51,de novo,True
CD22_l61_int_2154,HLA-C1402,2,4,47,de novo,False
CD22_l61_int_2154,HLA-A2902,0,2,51,de novo,False
CD22_l61_int_2154,HLA-A3001,0,1,52,de novo,False
CD22_l61_int_2154,HLA-A3002,1,2,50,de novo,False
CD22_l61_int_2154,HLA-A3101,0,1,52,de novo,False
CD22_l61_int_2154,HLA-A3201,1,2,50,de novo,False
CD22_l61_int_2154,HLA-A3207,2,1,50,de novo,False
CD22_l61_int_2154,HLA-A3215,0,1,52,de novo,False
CD22_l61_int_2154,HLA-A2603,0,2,51,de novo,False
CD22_l61_int_2154,HLA-A3301,0,1,52,de novo,False
CD22_l61_int_2154,HLA-A6801,0,1,52,de novo,False
CD22_l61_int_2154,HLA-A6802,1,1,51,de novo,False
CD22_l61_int_2154,HLA-A6823,1,0,52,de novo,False
CD22_l61_int_2154,HLA-A6901,1,2,50,de novo,False
CD22_l61_int_2154,HLA-A8001,1,2,50,de novo,False
CD22_l61_int_2154,HLA-B0702,0,0,53,de novo,True
CD22_l61_int_2154,HLA-B0801,0,0,53,de novo,False
CD22_l61_int_2154,HLA-A6601,1,2,50,de novo,False
CD22_l61_int_2154,HLA-B0802,1,2,50,de novo,False
CD22_l61_int_2154,HLA-A2602,0,3,50,de novo,False
CD22_l61_int_2154,HLA-A2501,2,2,49,de novo,False
CD22_l61_int_2154,HLA-A0202,1,0,52,de novo,False
CD22_l61_int_2154,HLA-A0203,0,3,50,de novo,False
CD22_l61_int_2154,HLA-A0205,0,2,51,de novo,False
CD22_l61_int_2154,HLA-A0206,0,4,49,de novo,False
CD22_l61_int_2154,HLA-A0207,0,2,51,de novo,False
CD22_l61_int_2154,HLA-A0211,1,2,50,de novo,False
CD22_l61_int_2154,HLA-A0212,2,1,50,de novo,False
CD22_l61_int_2154,HLA-A2601,1,1,51,de novo,False
CD22_l61_int_2154,HLA-A0216,1,3,49,de novo,False
CD22_l61_int_2154,HLA-A0219,2,0,51,de novo,False
CD22_l61_int_2154,HLA-A0250,2,2,49,de novo,False
CD22_l61_int_2154,HLA-A0301,0,2,51,de novo,True
CD22_l61_int_2154,HLA-A1101,0,3,50,de novo,False
CD22_l61_int_2154,HLA-A2301,0,1,52,de novo,False
CD22_l61_int_2154,HLA-A2402,0,3,50,de novo,False
CD22_l61_int_2154,HLA-A2403,1,3,49,de novo,False
CD22_l61_int_2154,HLA-A0217,0,2,51,de novo,False
CD22_l61_int_2154,HLA-C1502,0,4,49,de novo,False
CD22_l61_int_2154,HLA-B0803,2,4,47,de novo,False
CD22_l61_int_2154,HLA-B1501,0,2,51,de novo,False
CD22_l61_int_2154,HLA-B5101,0,0,53,de novo,False
CD22_l61_int_2154,HLA-B5301,0,0,53,de novo,False
CD22_l61_int_2154,HLA-B5401,0,0,53,de novo,False
CD22_l61_int_2154,HLA-B5701,0,0,53,de novo,False
CD22_l61_int_2154,HLA-B5801,0,2,51,de novo,False
CD22_l61_int_2154,HLA-B5802,0,1,52,de novo,False
CD22_l61_int_2154,HLA-B7301,0,0,53,de novo,False
CD22_l61_int_2154,HLA-B4801,1,3,49,de novo,False
CD22_l61_int_2154,HLA-B8301,0,0,53,de novo,False
CD22_l61_int_2154,HLA-C0401,0,4,49,de novo,False
CD22_l61_int_2154,HLA-C0501,1,1,51,de novo,False
CD22_l61_int_2154,HLA-C0602,0,1,52,de novo,False
CD22_l61_int_2154,HLA-C0701,0,1,52,de novo,True
CD22_l61_int_2154,HLA-C0702,0,3,50,de novo,False
CD22_l61_int_2154,HLA-C0802,1,1,51,de novo,False
CD22_l61_int_2154,HLA-C1203,0,2,51,de novo,False
CD22_l61_int_2154,HLA-C0303,0,3,50,de novo,False
CD22_l61_int_2154,HLA-B1402,0,1,52,de novo,False
CD22_l61_int_2154,HLA-B4601,0,0,53,de novo,False
CD22_l61_int_2154,HLA-B4403,0,2,51,de novo,False
CD22_l61_int_2154,HLA-B1502,2,2,49,de novo,False
CD22_l61_int_2154,HLA-B1503,3,3,47,de novo,False
CD22_l61_int_2154,HLA-B1509,1,3,49,de novo,False
CD22_l61_int_2154,HLA-B1517,0,1,52,de novo,False
CD22_l61_int_2154,HLA-B1801,0,0,53,de novo,False
CD22_l61_int_2154,HLA-B2705,0,0,53,de novo,False
CD22_l61_int_2154,HLA-B2720,1,2,50,de novo,False
CD22_l61_int_2154,HLA-B4501,1,2,50,de novo,False
CD22_l61_int_2154,HLA-B3501,0,0,53,de novo,False
CD22_l61_int_2154,HLA-B3801,0,2,51,de novo,False
CD22_l61_int_2154,HLA-B3901,1,0,52,de novo,False
CD22_l61_int_2154,HLA-B4001,0,2,51,de novo,False
CD22_l61_int_2154,HLA-B4002,1,1,51,de novo,False
CD22_l61_int_2154,HLA-B4013,2,2,49,de novo,False
CD22_l61_int_2154,HLA-B4201,0,0,53,de novo,False
CD22_l61_int_2154,HLA-B4402,0,3,50,de novo,False
CD22_l61_int_2154,HLA-B3503,0,0,53,de novo,False
CD22_l61_int_2154,HLA-A0101,0,4,49,de novo,True
CD22_l61_int_4838,HLA-A0101,0,4,49,de novo,True
CD22_l61_int_4838,HLA-B0803,2,3,48,de novo,False
CD22_l61_int_4838,HLA-B4402,0,1,52,de novo,False
CD22_l61_int_4838,HLA-B4201,0,0,53,de novo,False
CD22_l61_int_4838,HLA-B4013,2,1,50,de novo,False
CD22_l61_int_4838,HLA-B4002,0,1,52,de novo,False
CD22_l61_int_4838,HLA-B4001,0,2,51,de novo,False
CD22_l61_int_4838,HLA-B3901,1,0,52,de novo,False
CD22_l61_int_4838,HLA-B3801,0,1,52,de novo,False
CD22_l61_int_4838,HLA-B4403,0,1,52,de novo,False
CD22_l61_int_4838,HLA-B3503,0,0,53,de novo,False
CD22_l61_int_4838,HLA-B2720,1,1,51,de novo,False
CD22_l61_int_4838,HLA-B2705,0,0,53,de novo,False
CD22_l61_int_4838,HLA-B1801,0,1,52,de novo,False
CD22_l61_int_4838,HLA-B1517,1,1,51,de novo,False
CD22_l61_int_4838,HLA-B1509,1,2,50,de novo,False
CD22_l61_int_4838,HLA-B1503,2,2,49,de novo,False
CD22_l61_int_4838,HLA-B1502,1,1,51,de novo,False
CD22_l61_int_4838,HLA-B3501,0,0,53,de novo,False
CD22_l61_int_4838,HLA-B1501,0,2,51,de novo,False
CD22_l61_int_4838,HLA-B4501,0,2,51,de novo,False
CD22_l61_int_4838,HLA-B4801,1,1,51,de novo,False
CD22_l61_int_4838,HLA-C1203,0,3,50,de novo,False
CD22_l61_int_4838,HLA-C0802,1,3,49,de novo,False
CD22_l61_int_4838,HLA-C0702,0,2,51,de novo,False
CD22_l61_int_4838,HLA-C0701,1,1,51,de novo,True
CD22_l61_int_4838,HLA-C0602,1,0,52,de novo,False
CD22_l61_int_4838,HLA-C0501,1,3,49,de novo,False
CD22_l61_int_4838,HLA-C0401,1,4,48,de novo,False
CD22_l61_int_4838,HLA-B4601,0,0,53,de novo,False
CD22_l61_int_4838,HLA-C0303,1,1,51,de novo,False
CD22_l61_int_4838,HLA-B7301,0,0,53,de novo,False
CD22_l61_int_4838,HLA-B5802,0,1,52,de novo,False
CD22_l61_int_4838,HLA-B5801,0,2,51,de novo,False
CD22_l61_int_4838,HLA-B5701,0,1,52,de novo,False
CD22_l61_int_4838,HLA-B5401,0,0,53,de novo,False
CD22_l61_int_4838,HLA-B5301,0,0,53,de novo,False
CD22_l61_int_4838,HLA-B5101,0,0,53,de novo,False
CD22_l61_int_4838,HLA-B8301,0,2,51,de novo,False
CD22_l61_int_4838,HLA-B1402,0,3,50,de novo,False
CD22_l61_int_4838,HLA-C1502,1,3,49,de novo,False
CD22_l61_int_4838,HLA-B0802,2,2,49,de novo,False
CD22_l61_int_4838,HLA-A2402,0,1,52,de novo,False
CD22_l61_int_4838,HLA-A2301,0,0,53,de novo,False
CD22_l61_int_4838,HLA-A1101,0,3,50,de novo,False
CD22_l61_int_4838,HLA-A0301,0,2,51,de novo,True
CD22_l61_int_4838,HLA-A0250,2,1,50,de novo,False
CD22_l61_int_4838,HLA-A0219,2,0,51,de novo,False
CD22_l61_int_4838,HLA-A0217,0,2,51,de novo,False
CD22_l61_int_4838,HLA-A2403,0,3,50,de novo,False
CD22_l61_int_4838,HLA-A0216,1,2,50,de novo,False
CD22_l61_int_4838,HLA-A0211,1,2,50,de novo,False
CD22_l61_int_4838,HLA-A0207,0,2,51,de novo,False
CD22_l61_int_4838,HLA-A0206,1,1,51,de novo,False
CD22_l61_int_4838,HLA-A0205,0,1,52,de novo,False
CD22_l61_int_4838,HLA-A0203,0,2,51,de novo,False
CD22_l61_int_4838,HLA-A0202,1,0,52,de novo,False
CD22_l61_int_4838,HLA-A0201,0,2,51,de novo,True
CD22_l61_int_4838,HLA-A0212,2,1,50,de novo,False
CD22_l61_int_4838,HLA-A2501,2,3,48,de novo,False
CD22_l61_int_4838,HLA-A2601,1,3,49,de novo,False
CD22_l61_int_4838,HLA-A2602,1,2,50,de novo,False
CD22_l61_int_4838,HLA-B0801,0,0,53,de novo,False
CD22_l61_int_4838,HLA-B0702,0,0,53,de novo,True
CD22_l61_int_4838,HLA-A8001,1,0,52,de novo,False
CD22_l61_int_4838,HLA-A6901,1,1,51,de novo,False
CD22_l61_int_4838,HLA-A6823,1,0,52,de novo,False
CD22_l61_int_4838,HLA-A6802,1,1,51,de novo,False
CD22_l61_int_4838,HLA-A6801,0,1,52,de novo,False
CD22_l61_int_4838,HLA-A6601,0,4,49,de novo,False
CD22_l61_int_4838,HLA-A3301,0,1,52,de novo,False
CD22_l61_int_4838,HLA-A3215,0,2,51,de novo,False
CD22_l61_int_4838,HLA-A3207,2,0,51,de novo,False
CD22_l61_int_4838,HLA-A3201,1,2,50,de novo,False
CD22_l61_int_4838,HLA-A3101,0,1,52,de novo,False
CD22_l61_int_4838,HLA-A3002,0,2,51,de novo,False
CD22_l61_int_4838,HLA-A3001,0,0,53,de novo,False
CD22_l61_int_4838,HLA-A2902,0,1,52,de novo,False
CD22_l61_int_4838,HLA-A2603,1,1,51,de novo,False
CD22_l61_int_4838,HLA-C1402,1,4,48,de novo,False
CD22_l61_int_4999,HLA-A0201,0,2,51,de novo,True
CD22_l61_int_4999,HLA-A0101,0,2,51,de novo,True
CD22_l61_int_4999,HLA-A0202,1,0,52,de novo,False
CD22_l61_int_4999,HLA-A3002,0,1,52,de novo,False
CD22_l61_int_4999,HLA-A3101,0,1,52,de novo,False
CD22_l61_int_4999,HLA-A3201,0,2,51,de novo,False
CD22_l61_int_4999,HLA-A3207,1,2,50,de novo,False
CD22_l61_int_4999,HLA-A3215,0,1,52,de novo,False
CD22_l61_int_4999,HLA-A3301,0,1,52,de novo,False
CD22_l61_int_4999,HLA-A6601,1,1,51,de novo,False
CD22_l61_int_4999,HLA-A3001,2,0,51,de novo,False
CD22_l61_int_4999,HLA-A6801,0,1,52,de novo,False
CD22_l61_int_4999,HLA-A6823,0,1,52,de novo,False
CD22_l61_int_4999,HLA-A6901,1,2,50,de novo,False
CD22_l61_int_4999,HLA-A8001,0,2,51,de novo,False
CD22_l61_int_4999,HLA-B0702,0,0,53,de novo,True
CD22_l61_int_4999,HLA-B0801,0,0,53,de novo,False
CD22_l61_int_4999,HLA-B0802,1,4,48,de novo,False
CD22_l61_int_4999,HLA-B0803,2,4,47,de novo,False
CD22_l61_int_4999,HLA-A6802,1,2,50,de novo,False
CD22_l61_int_4999,HLA-B1402,0,0,53,de novo,False
CD22_l61_int_4999,HLA-A2902,0,1,52,de novo,False
CD22_l61_int_4999,HLA-A2602,0,2,51,de novo,False
CD22_l61_int_4999,HLA-A0205,0,1,52,de novo,False
CD22_l61_int_4999,HLA-A0206,0,1,52,de novo,False
CD22_l61_int_4999,HLA-A0207,0,2,51,de novo,False
CD22_l61_int_4999,HLA-A0211,1,1,51,de novo,False
CD22_l61_int_4999,HLA-A0212,1,2,50,de novo,False
CD22_l61_int_4999,HLA-A0216,1,2,50,de novo,False
CD22_l61_int_4999,HLA-A0217,0,2,51,de novo,False
CD22_l61_int_4999,HLA-A2603,0,1,52,de novo,False
CD22_l61_int_4999,HLA-A0219,2,0,51,de novo,False
CD22_l61_int_4999,HLA-A0301,0,0,53,de novo,True
CD22_l61_int_4999,HLA-A1101,0,3,50,de novo,False
CD22_l61_int_4999,HLA-A2301,0,1,52,de novo,False
CD22_l61_int_4999,HLA-A2402,0,2,51,de novo,False
CD22_l61_int_4999,HLA-A2403,0,3,50,de novo,False
CD22_l61_int_4999,HLA-A2501,2,2,49,de novo,False
CD22_l61_int_4999,HLA-A2601,1,1,51,de novo,False
CD22_l61_int_4999,HLA-A0250,2,1,50,de novo,False
CD22_l61_int_4999,HLA-A0203,0,2,51,de novo,False
CD22_l61_int_4999,HLA-B1501,0,0,53,de novo,False
CD22_l61_int_4999,HLA-B1502,1,0,52,de novo,False
CD22_l61_int_4999,HLA-B5401,0,0,53,de novo,False
CD22_l61_int_4999,HLA-B5701,0,1,52,de novo,False
CD22_l61_int_4999,HLA-B5801,0,1,52,de novo,False
CD22_l61_int_4999,HLA-B5802,0,1,52,de novo,False
CD22_l61_int_4999,HLA-B7301,0,0,53,de novo,False
CD22_l61_int_4999,HLA-B8301,0,0,53,de novo,False
CD22_l61_int_4999,HLA-C0303,0,3,50,de novo,False
CD22_l61_int_4999,HLA-C0401,0,3,50,de novo,False
CD22_l61_int_4999,HLA-C0501,1,0,52,de novo,False
CD22_l61_int_4999,HLA-C0602,1,0,52,de novo,False
CD22_l61_int_4999,HLA-C0701,1,1,51,de novo,True
CD22_l61_int_4999,HLA-C0702,1,2,50,de novo,False
CD22_l61_int_4999,HLA-C0802,1,1,51,de novo,False
CD22_l61_int_4999,HLA-C1203,0,1,52,de novo,False
CD22_l61_int_4999,HLA-C1402,2,3,48,de novo,False
CD22_l61_int_4999,HLA-B5301,0,0,53,de novo,False
CD22_l61_int_4999,HLA-B5101,0,0,53,de novo,False
CD22_l61_int_4999,HLA-B4801,1,2,50,de novo,False
CD22_l61_int_4999,HLA-B3801,0,0,53,de novo,False
CD22_l61_int_4999,HLA-B1503,2,3,48,de novo,False
CD22_l61_int_4999,HLA-B1509,0,4,49,de novo,False
CD22_l61_int_4999,HLA-B1517,0,1,52,de novo,False
CD22_l61_int_4999,HLA-B1801,0,1,52,de novo,False
CD22_l61_int_4999,HLA-B2705,0,0,53,de novo,False
CD22_l61_int_4999,HLA-B2720,1,2,50,de novo,False
CD22_l61_int_4999,HLA-B3501,0,0,53,de novo,False
CD22_l61_int_4999,HLA-B3503,0,0,53,de novo,False
CD22_l61_int_4999,HLA-C1502,0,5,48,de novo,False
CD22_l61_int_4999,HLA-B3901,0,1,52,de novo,False
CD22_l61_int_4999,HLA-B4001,0,2,51,de novo,False
CD22_l61_int_4999,HLA-B4002,0,2,51,de novo,False
CD22_l61_int_4999,HLA-B4013,2,1,50,de novo,False
CD22_l61_int_4999,HLA-B4201,0,0,53,de novo,False
CD22_l61_int_4999,HLA-B4402,1,1,51,de novo,False
CD22_l61_int_4999,HLA-B4403,1,1,51,de novo,False
CD22_l61_int_4999,HLA-B4501,1,2,50,de novo,False
CD22_l61_int_4999,HLA-B4601,0,0,53,de novo,False
CD22_l61_nonint_3136,HLA-A0101,0,0,53,de novo,True
CD22_l61_nonint_3136,HLA-A0202,0,0,53,de novo,False
CD22_l61_nonint_3136,HLA-C1402,2,2,49,de novo,False
CD22_l61_nonint_3136,HLA-A3001,1,2,50,de novo,False
CD22_l61_nonint_3136,HLA-A3002,0,1,52,de novo,False
CD22_l61_nonint_3136,HLA-A3101,1,0,52,de novo,False
CD22_l61_nonint_3136,HLA-A3201,1,0,52,de novo,False
CD22_l61_nonint_3136,HLA-A3207,1,3,49,de novo,False
CD22_l61_nonint_3136,HLA-A3215,0,1,52,de novo,False
CD22_l61_nonint_3136,HLA-A3301,1,0,52,de novo,False
CD22_l61_nonint_3136,HLA-A6601,0,3,50,de novo,False
CD22_l61_nonint_3136,HLA-A6801,0,2,51,de novo,False
CD22_l61_nonint_3136,HLA-A6802,0,1,52,de novo,False
CD22_l61_nonint_3136,HLA-A6823,0,3,50,de novo,False
CD22_l61_nonint_3136,HLA-A6901,0,1,52,de novo,False
CD22_l61_nonint_3136,HLA-A8001,1,2,50,de novo,False
CD22_l61_nonint_3136,HLA-B0702,0,0,53,de novo,True
CD22_l61_nonint_3136,HLA-B0801,0,2,51,de novo,False
CD22_l61_nonint_3136,HLA-A2902,0,1,52,de novo,False
CD22_l61_nonint_3136,HLA-A2603,0,0,53,de novo,False
CD22_l61_nonint_3136,HLA-A2602,0,1,52,de novo,False
CD22_l61_nonint_3136,HLA-A2601,0,0,53,de novo,False
CD22_l61_nonint_3136,HLA-A0203,0,0,53,de novo,False
CD22_l61_nonint_3136,HLA-A0205,0,1,52,de novo,False
CD22_l61_nonint_3136,HLA-A0206,0,1,52,de novo,False
CD22_l61_nonint_3136,HLA-A0207,0,0,53,de novo,False
CD22_l61_nonint_3136,HLA-A0211,1,1,51,de novo,False
CD22_l61_nonint_3136,HLA-A0212,1,1,51,de novo,False
CD22_l61_nonint_3136,HLA-A0216,1,1,51,de novo,False
CD22_l61_nonint_3136,HLA-B0802,0,7,46,de novo,False
CD22_l61_nonint_3136,HLA-A0217,0,0,53,de novo,False
CD22_l61_nonint_3136,HLA-A0250,0,3,50,de novo,False
CD22_l61_nonint_3136,HLA-A0301,0,0,53,de novo,True
CD22_l61_nonint_3136,HLA-A1101,0,1,52,de novo,False
CD22_l61_nonint_3136,HLA-A2301,0,1,52,de novo,False
CD22_l61_nonint_3136,HLA-A2402,1,0,52,de novo,False
CD22_l61_nonint_3136,HLA-A2403,1,2,50,de novo,False
CD22_l61_nonint_3136,HLA-A2501,0,1,52,de novo,False
CD22_l61_nonint_3136,HLA-A0219,1,0,52,de novo,False
CD22_l61_nonint_3136,HLA-B0803,3,4,46,de novo,False
CD22_l61_nonint_3136,HLA-B1402,0,3,50,de novo,False
CD22_l61_nonint_3136,HLA-B1501,0,0,53,de novo,False
CD22_l61_nonint_3136,HLA-B5101,0,0,53,de novo,False
CD22_l61_nonint_3136,HLA-B5301,0,0,53,de novo,False
CD22_l61_nonint_3136,HLA-B5401,0,0,53,de novo,False
CD22_l61_nonint_3136,HLA-B5701,0,0,53,de novo,False
CD22_l61_nonint_3136,HLA-B5801,0,0,53,de novo,False
CD22_l61_nonint_3136,HLA-B5802,0,1,52,de novo,False
CD22_l61_nonint_3136,HLA-B7301,1,1,51,de novo,False
CD22_l61_nonint_3136,HLA-B4801,0,4,49,de novo,False
CD22_l61_nonint_3136,HLA-B8301,0,0,53,de novo,False
CD22_l61_nonint_3136,HLA-C0401,0,3,50,de novo,False
CD22_l61_nonint_3136,HLA-C0501,0,1,52,de novo,False
CD22_l61_nonint_3136,HLA-C0602,1,1,51,de novo,False
CD22_l61_nonint_3136,HLA-C0701,1,2,50,de novo,True
CD22_l61_nonint_3136,HLA-C0702,1,1,51,de novo,False
CD22_l61_nonint_3136,HLA-C0802,0,2,51,de novo,False
CD22_l61_nonint_3136,HLA-C1203,0,2,51,de novo,False
CD22_l61_nonint_3136,HLA-C0303,0,3,50,de novo,False
CD22_l61_nonint_3136,HLA-C1502,0,2,51,de novo,False
CD22_l61_nonint_3136,HLA-B4601,0,0,53,de novo,False
CD22_l61_nonint_3136,HLA-B4403,2,3,48,de novo,False
CD22_l61_nonint_3136,HLA-B1502,1,3,49,de novo,False
CD22_l61_nonint_3136,HLA-B1503,2,5,46,de novo,False
CD22_l61_nonint_3136,HLA-B1509,1,3,49,de novo,False
CD22_l61_nonint_3136,HLA-B1517,0,1,52,de novo,False
CD22_l61_nonint_3136,HLA-B1801,0,3,50,de novo,False
CD22_l61_nonint_3136,HLA-B2705,0,0,53,de novo,False
CD22_l61_nonint_3136,HLA-B2720,2,1,50,de novo,False
CD22_l61_nonint_3136,HLA-B4501,0,1,52,de novo,False
CD22_l61_nonint_3136,HLA-B3501,0,0,53,de novo,False
CD22_l61_nonint_3136,HLA-B3801,0,2,51,de novo,False
CD22_l61_nonint_3136,HLA-B3901,1,1,51,de novo,False
CD22_l61_nonint_3136,HLA-B4001,2,3,48,de novo,False
CD22_l61_nonint_3136,HLA-B4002,1,1,51,de novo,False
CD22_l61_nonint_3136,HLA-B4013,1,2,50,de novo,False
CD22_l61_nonint_3136,HLA-B4201,0,0,53,de novo,False
CD22_l61_nonint_3136,HLA-B4402,0,4,49,de novo,False
CD22_l61_nonint_3136,HLA-B3503,0,1,52,de novo,False
CD22_l61_nonint_3136,HLA-A0201,0,0,53,de novo,True
CD22_l61_nonint_3278,HLA-B1402,1,7,45,de novo,False
CD22_l61_nonint_3278,HLA-C1402,2,3,48,de novo,False
CD22_l61_nonint_3278,HLA-B4201,0,0,53,de novo,False
CD22_l61_nonint_3278,HLA-B4013,0,3,50,de novo,False
CD22_l61_nonint_3278,HLA-B4002,1,3,49,de novo,False
CD22_l61_nonint_3278,HLA-B4001,2,2,49,de novo,False
CD22_l61_nonint_3278,HLA-B3901,1,2,50,de novo,False
CD22_l61_nonint_3278,HLA-B3801,1,1,51,de novo,False
CD22_l61_nonint_3278,HLA-B3503,0,2,51,de novo,False
CD22_l61_nonint_3278,HLA-B4402,2,3,48,de novo,False
CD22_l61_nonint_3278,HLA-B3501,0,2,51,de novo,False
CD22_l61_nonint_3278,HLA-B2705,0,1,52,de novo,False
CD22_l61_nonint_3278,HLA-B1801,2,2,49,de novo,False
CD22_l61_nonint_3278,HLA-B1517,0,2,51,de novo,False
CD22_l61_nonint_3278,HLA-B1509,1,4,48,de novo,False
CD22_l61_nonint_3278,HLA-B1503,0,6,47,de novo,False
CD22_l61_nonint_3278,HLA-B1502,1,2,50,de novo,False
CD22_l61_nonint_3278,HLA-B1501,0,0,53,de novo,False
CD22_l61_nonint_3278,HLA-B2720,1,2,50,de novo,False
CD22_l61_nonint_3278,HLA-B0803,1,7,45,de novo,False
CD22_l61_nonint_3278,HLA-B4403,2,3,48,de novo,False
CD22_l61_nonint_3278,HLA-B4601,0,0,53,de novo,False
CD22_l61_nonint_3278,HLA-C0802,0,1,52,de novo,False
CD22_l61_nonint_3278,HLA-C0702,1,4,48,de novo,False
CD22_l61_nonint_3278,HLA-C0701,1,3,49,de novo,True
CD22_l61_nonint_3278,HLA-C0602,2,2,49,de novo,False
CD22_l61_nonint_3278,HLA-C0501,0,1,52,de novo,False
CD22_l61_nonint_3278,HLA-C0401,1,8,44,de novo,False
CD22_l61_nonint_3278,HLA-C0303,0,2,51,de novo,False
CD22_l61_nonint_3278,HLA-B4501,0,2,51,de novo,False
CD22_l61_nonint_3278,HLA-B8301,0,2,51,de novo,False
CD22_l61_nonint_3278,HLA-B5802,0,0,53,de novo,False
CD22_l61_nonint_3278,HLA-B5801,0,0,53,de novo,False
CD22_l61_nonint_3278,HLA-B5701,0,0,53,de novo,False
CD22_l61_nonint_3278,HLA-B5401,0,0,53,de novo,False
CD22_l61_nonint_3278,HLA-B5301,0,0,53,de novo,False
CD22_l61_nonint_3278,HLA-B5101,0,0,53,de novo,False
CD22_l61_nonint_3278,HLA-B4801,0,4,49,de novo,False
CD22_l61_nonint_3278,HLA-B7301,1,0,52,de novo,False
CD22_l61_nonint_3278,HLA-C1203,0,2,51,de novo,False
CD22_l61_nonint_3278,HLA-B0802,1,5,47,de novo,False
CD22_l61_nonint_3278,HLA-B0702,0,0,53,de novo,True
CD22_l61_nonint_3278,HLA-A2301,0,3,50,de novo,False
CD22_l61_nonint_3278,HLA-A1101,0,2,51,de novo,False
CD22_l61_nonint_3278,HLA-A0301,0,1,52,de novo,True
CD22_l61_nonint_3278,HLA-A0250,1,2,50,de novo,False
CD22_l61_nonint_3278,HLA-A0219,1,1,51,de novo,False
CD22_l61_nonint_3278,HLA-A0217,0,1,52,de novo,False
CD22_l61_nonint_3278,HLA-A0216,2,2,49,de novo,False
CD22_l61_nonint_3278,HLA-A2402,2,0,51,de novo,False
CD22_l61_nonint_3278,HLA-A0212,1,1,51,de novo,False
CD22_l61_nonint_3278,HLA-A0207,0,0,53,de novo,False
CD22_l61_nonint_3278,HLA-A0206,0,1,52,de novo,False
CD22_l61_nonint_3278,HLA-A0205,0,1,52,de novo,False
CD22_l61_nonint_3278,HLA-A0203,0,1,52,de novo,False
CD22_l61_nonint_3278,HLA-A0202,0,2,51,de novo,False
CD22_l61_nonint_3278,HLA-A0201,0,2,51,de novo,True
CD22_l61_nonint_3278,HLA-A0101,0,1,52,de novo,True
CD22_l61_nonint_3278,HLA-A0211,2,0,51,de novo,False
CD22_l61_nonint_3278,HLA-B0801,0,1,52,de novo,False
CD22_l61_nonint_3278,HLA-A2403,2,2,49,de novo,False
CD22_l61_nonint_3278,HLA-A2601,0,2,51,de novo,False
CD22_l61_nonint_3278,HLA-A8001,1,3,49,de novo,False
CD22_l61_nonint_3278,HLA-A6901,0,4,49,de novo,False
CD22_l61_nonint_3278,HLA-A6823,1,2,50,de novo,False
CD22_l61_nonint_3278,HLA-A6802,0,2,51,de novo,False
CD22_l61_nonint_3278,HLA-A6801,1,4,48,de novo,False
CD22_l61_nonint_3278,HLA-A6601,2,4,47,de novo,False
CD22_l61_nonint_3278,HLA-A3301,1,2,50,de novo,False
CD22_l61_nonint_3278,HLA-A2501,0,2,51,de novo,False
CD22_l61_nonint_3278,HLA-A3215,0,5,48,de novo,False
CD22_l61_nonint_3278,HLA-A3201,1,2,50,de novo,False
CD22_l61_nonint_3278,HLA-A3101,1,3,49,de novo,False
CD22_l61_nonint_3278,HLA-A3002,0,1,52,de novo,False
CD22_l61_nonint_3278,HLA-A3001,1,4,48,de novo,False
CD22_l61_nonint_3278,HLA-A2902,0,1,52,de novo,False
CD22_l61_nonint_3278,HLA-A2603,1,2,50,de novo,False
CD22_l61_nonint_3278,HLA-A2602,1,3,49,de novo,False
CD22_l61_nonint_3278,HLA-A3207,0,4,49,de novo,False
CD22_l61_nonint_3278,HLA-C1502,0,1,52,de novo,False
CD22_l61_nonint_2695,HLA-A0201,0,1,52,de novo,True
CD22_l61_nonint_2695,HLA-C1402,2,4,47,de novo,False
CD22_l61_nonint_2695,HLA-A2902,1,0,52,de novo,False
CD22_l61_nonint_2695,HLA-A3001,0,3,50,de novo,False
CD22_l61_nonint_2695,HLA-A3002,0,2,51,de novo,False
CD22_l61_nonint_2695,HLA-A3101,0,0,53,de novo,False
CD22_l61_nonint_2695,HLA-A3201,1,2,50,de novo,False
CD22_l61_nonint_2695,HLA-A3207,1,4,48,de novo,False
CD22_l61_nonint_2695,HLA-A3215,1,3,49,de novo,False
CD22_l61_nonint_2695,HLA-A2603,0,3,50,de novo,False
CD22_l61_nonint_2695,HLA-A3301,0,1,52,de novo,False
CD22_l61_nonint_2695,HLA-A6801,0,1,52,de novo,False
CD22_l61_nonint_2695,HLA-A6802,1,3,49,de novo,False
CD22_l61_nonint_2695,HLA-A6823,2,4,47,de novo,False
CD22_l61_nonint_2695,HLA-A6901,1,3,49,de novo,False
CD22_l61_nonint_2695,HLA-A8001,1,1,51,de novo,False
CD22_l61_nonint_2695,HLA-B0702,0,0,53,de novo,True
CD22_l61_nonint_2695,HLA-B0801,0,2,51,de novo,False
CD22_l61_nonint_2695,HLA-A6601,2,4,47,de novo,False
CD22_l61_nonint_2695,HLA-B0802,0,6,47,de novo,False
CD22_l61_nonint_2695,HLA-A2602,0,6,47,de novo,False
CD22_l61_nonint_2695,HLA-A2501,0,2,51,de novo,False
CD22_l61_nonint_2695,HLA-A0202,0,1,52,de novo,False
CD22_l61_nonint_2695,HLA-A0203,0,0,53,de novo,False
CD22_l61_nonint_2695,HLA-A0205,0,1,52,de novo,False
CD22_l61_nonint_2695,HLA-A0206,1,1,51,de novo,False
CD22_l61_nonint_2695,HLA-A0207,0,0,53,de novo,False
CD22_l61_nonint_2695,HLA-A0211,0,4,49,de novo,False
CD22_l61_nonint_2695,HLA-A0212,1,4,48,de novo,False
CD22_l61_nonint_2695,HLA-A2601,0,1,52,de novo,False
CD22_l61_nonint_2695,HLA-A0216,1,3,49,de novo,False
CD22_l61_nonint_2695,HLA-A0219,2,1,50,de novo,False
CD22_l61_nonint_2695,HLA-A0250,0,2,51,de novo,False
CD22_l61_nonint_2695,HLA-A0301,0,1,52,de novo,True
CD22_l61_nonint_2695,HLA-A1101,0,1,52,de novo,False
CD22_l61_nonint_2695,HLA-A2301,0,2,51,de novo,False
CD22_l61_nonint_2695,HLA-A2402,1,0,52,de novo,False
CD22_l61_nonint_2695,HLA-A2403,1,3,49,de novo,False
CD22_l61_nonint_2695,HLA-A0217,0,1,52,de novo,False
CD22_l61_nonint_2695,HLA-C1502,0,4,49,de novo,False
CD22_l61_nonint_2695,HLA-B0803,2,9,42,de novo,False
CD22_l61_nonint_2695,HLA-B1501,1,1,51,de novo,False
CD22_l61_nonint_2695,HLA-B5101,0,0,53,de novo,False
CD22_l61_nonint_2695,HLA-B5301,0,0,53,de novo,False
CD22_l61_nonint_2695,HLA-B5401,0,0,53,de novo,False
CD22_l61_nonint_2695,HLA-B5701,0,0,53,de novo,False
CD22_l61_nonint_2695,HLA-B5801,0,0,53,de novo,False
CD22_l61_nonint_2695,HLA-B5802,0,0,53,de novo,False
CD22_l61_nonint_2695,HLA-B7301,1,1,51,de novo,False
CD22_l61_nonint_2695,HLA-B4801,0,3,50,de novo,False
CD22_l61_nonint_2695,HLA-B8301,0,2,51,de novo,False
CD22_l61_nonint_2695,HLA-C0401,2,4,47,de novo,False
CD22_l61_nonint_2695,HLA-C0501,0,2,51,de novo,False
CD22_l61_nonint_2695,HLA-C0602,1,2,50,de novo,False
CD22_l61_nonint_2695,HLA-C0701,1,2,50,de novo,True
CD22_l61_nonint_2695,HLA-C0702,1,1,51,de novo,False
CD22_l61_nonint_2695,HLA-C0802,0,1,52,de novo,False
CD22_l61_nonint_2695,HLA-C1203,0,2,51,de novo,False
CD22_l61_nonint_2695,HLA-C0303,0,5,48,de novo,False
CD22_l61_nonint_2695,HLA-B1402,0,4,49,de novo,False
CD22_l61_nonint_2695,HLA-B4601,0,0,53,de novo,False
CD22_l61_nonint_2695,HLA-B4403,2,3,48,de novo,False
CD22_l61_nonint_2695,HLA-B1502,1,3,49,de novo,False
CD22_l61_nonint_2695,HLA-B1503,2,4,47,de novo,False
CD22_l61_nonint_2695,HLA-B1509,0,6,47,de novo,False
CD22_l61_nonint_2695,HLA-B1517,2,3,48,de novo,False
CD22_l61_nonint_2695,HLA-B1801,2,2,49,de novo,False
CD22_l61_nonint_2695,HLA-B2705,0,1,52,de novo,False
CD22_l61_nonint_2695,HLA-B2720,2,3,48,de novo,False
CD22_l61_nonint_2695,HLA-B4501,0,1,52,de novo,False
CD22_l61_nonint_2695,HLA-B3501,0,0,53,de novo,False
CD22_l61_nonint_2695,HLA-B3801,0,1,52,de novo,False
CD22_l61_nonint_2695,HLA-B3901,1,3,49,de novo,False
CD22_l61_nonint_2695,HLA-B4001,2,2,49,de novo,False
CD22_l61_nonint_2695,HLA-B4002,1,2,50,de novo,False
CD22_l61_nonint_2695,HLA-B4013,1,4,48,de novo,False
CD22_l61_nonint_2695,HLA-B4201,0,0,53,de novo,False
CD22_l61_nonint_2695,HLA-B4402,1,3,49,de novo,False
CD22_l61_nonint_2695,HLA-B3503,0,3,50,de novo,False
CD22_l61_nonint_2695,HLA-A0101,0,1,52,de novo,True
